unit,cycle,anomaly_score
1,1,-0.07296974123667244
1,2,-0.09003176339894847
1,3,-0.04420799322382796
1,4,-0.0478152117174277
1,5,-0.10099116043751227
1,6,-0.05029162401019999
1,7,-0.08144778746903014
1,8,-0.04761127977345536
1,9,-0.06326177099265895
1,10,-0.054432229519613795
1,11,-0.05614505694753458
1,12,-0.056286278756834285
1,13,-0.07280806762822795
1,14,-0.05556734787512713
1,15,-0.06252848362095798
1,16,-0.08606510511046789
1,17,-0.09515088688888901
1,18,-0.0833853876884082
1,19,-0.061537755710194486
1,20,-0.0396162248842033
1,21,-0.06549920001070814
1,22,-0.09979682994161315
1,23,-0.060908400692537
1,24,-0.07745599825424515
1,25,-0.05698023905662253
1,26,-0.07803292073013757
1,27,-0.07622208240795741
1,28,-0.01545466329118872
1,29,-0.08319456335443615
1,30,-0.04612303701298753
1,31,-0.06867182266054883
1,32,-0.06539400896151043
1,33,-0.05613936432541017
1,34,-0.08884063354873273
1,35,-0.07346483207033966
1,36,-0.08269415184594736
1,37,-0.077097782120495
1,38,-0.062234305992478145
1,39,-0.0733553035865317
1,40,-0.06852907843957168
1,41,-0.059188023026408354
1,42,-0.08903091093511695
1,43,-0.060150280693130165
1,44,-0.0734265879076545
1,45,-0.09874370671703181
1,46,-0.10374819308480726
1,47,-0.05183133898283071
1,48,-0.08916580641847127
1,49,-0.060744894431241814
1,50,-0.09184541836151938
1,51,-0.0842276848669864
1,52,-0.05442738538405206
1,53,-0.08876055315671894
1,54,-0.07176082009777235
1,55,-0.09148646967796548
1,56,-0.06013306169200755
1,57,-0.09949527241413875
1,58,-0.05203296149433001
1,59,-0.07347986324791633
1,60,-0.08103607609240343
1,61,-0.06348196251097638
1,62,-0.05578425085965444
1,63,-0.08878705201282289
1,64,-0.07621854751115181
1,65,-0.07873718436533428
1,66,-0.07296945190545895
1,67,-0.06971476038979679
1,68,-0.10581317557196279
1,69,-0.0697758506640011
1,70,-0.0957357369717593
1,71,-0.06757420556189109
1,72,-0.07105673581598482
1,73,-0.07211133730485353
1,74,-0.06917040933025498
1,75,-0.052858825180164826
1,76,-0.0630358078447335
1,77,-0.08278848196620492
1,78,-0.0471737125850451
1,79,-0.08712626008150298
1,80,-0.06966807279775428
1,81,-0.09009519981916414
1,82,-0.0827387974874289
1,83,-0.07919831276272254
1,84,-0.10769400256907158
1,85,-0.0855158819073627
1,86,-0.08326165744866576
1,87,-0.06998222194911696
1,88,-0.06223984598502397
1,89,-0.11261665707851248
1,90,-0.06451012712357307
1,91,-0.06039895392921957
1,92,-0.08645900445167709
1,93,-0.09335019531134986
1,94,-0.09300162276647012
1,95,-0.066867237041913
1,96,-0.08063429382073123
1,97,-0.07032638327997925
1,98,-0.05762560721740184
1,99,-0.11302005209545718
1,100,-0.08152969654106612
1,101,-0.07761850263644132
1,102,-0.08656869642430565
1,103,-0.07755164527068159
1,104,-0.09216337614384451
1,105,-0.0915242342632116
1,106,-0.09747883828071141
1,107,-0.08024238084966723
1,108,-0.06785535406728466
1,109,-0.07986684480016676
1,110,-0.08290469435953085
1,111,-0.08793089176304025
1,112,-0.0968894987017011
1,113,-0.11043194798793698
1,114,-0.08661363419536844
1,115,-0.09121619990551744
1,116,-0.059358828783345974
1,117,-0.0600392840618687
1,118,-0.09362089975173393
1,119,-0.07660268846664853
1,120,-0.08687337320623317
1,121,-0.06776878160165889
1,122,-0.09198995806652799
1,123,-0.06494969387010552
1,124,-0.09377432512733502
1,125,-0.06610829663477624
1,126,-0.08568197046614856
1,127,-0.09820863149464854
1,128,-0.09595314391500404
1,129,-0.08229786013417378
1,130,-0.08053577607221735
1,131,-0.0796972104754673
1,132,-0.06284347720564964
1,133,-0.09816171053697692
1,134,-0.08887365559436744
1,135,-0.09450361317751083
1,136,-0.07140833191298185
1,137,-0.08399216769912438
1,138,-0.08050563007775752
1,139,-0.07507800826762523
1,140,-0.08662468966430109
1,141,-0.057656968463079994
1,142,-0.06655606037419431
1,143,-0.10970956591170933
1,144,-0.0800855421725119
1,145,-0.09488825083272068
1,146,-0.09559441365661353
1,147,-0.07187137088360879
1,148,-0.08440940934658736
1,149,-0.08058879576474043
1,150,-0.06902851333225807
1,151,-0.07027303921325828
1,152,-0.05672952606885856
1,153,-0.07743279151611071
1,154,-0.0819191919872444
1,155,-0.07852326307224478
1,156,-0.033921316123405876
1,157,-0.059412475820091015
1,158,-0.06002212562744719
1,159,-0.06506527153634606
1,160,-0.007992366609339052
1,161,-0.07707835439224808
1,162,-0.037690863128058694
1,163,-0.02375739845209296
1,164,-0.04130861057363866
1,165,-0.02584365105838271
1,166,-0.014979673487477307
1,167,-0.05350529777948243
1,168,-0.02221201550982521
1,169,-0.03832063231764532
1,170,-0.02395042398922803
1,171,-0.034966260375342895
1,172,0.0008954461107867351
1,173,0.00939232160276715
1,174,0.006162812032414311
1,175,-0.013025566825373258
1,176,-0.0216629133406388
1,177,0.02425651955549446
1,178,0.0009073061026850793
1,179,0.0068322535506899484
1,180,0.03627972733245077
1,181,0.04179444291540024
1,182,0.05692219340372928
1,183,-0.002848584492179118
1,184,0.0944647527857384
1,185,0.038999627023631134
1,186,0.03305429365088053
1,187,0.09186001096369589
1,188,0.08582738957661384
1,189,0.08573560340218378
1,190,0.09369327520548154
1,191,0.06890752132814604
1,192,0.06973319353906204
2,1,0.06918440972429063
2,2,-0.00452410532406794
2,3,0.05936184795173238
2,4,0.009282179455461725
2,5,0.07567787689698446
2,6,0.017504905147636474
2,7,-0.057877030322507794
2,8,-0.02109641804867035
2,9,0.049755604262281206
2,10,0.0608449033921189
2,11,-0.05464359977026512
2,12,-0.019634358199257462
2,13,-0.00846344747611133
2,14,-0.011490134644565886
2,15,-0.06857328588730183
2,16,-0.021554057589922293
2,17,-0.01754594096078327
2,18,-0.051706475446730904
2,19,-0.02174661598481864
2,20,-0.008041101179512955
2,21,0.0022729560500930335
2,22,-0.023979318066030708
2,23,0.0066170631521838
2,24,-0.03110195823121098
2,25,-0.023742799541396242
2,26,0.021682001705205067
2,27,-0.05801234760508894
2,28,0.027538736831072663
2,29,-0.029463097440921737
2,30,-0.044681792025697165
2,31,0.015344062863684393
2,32,0.010821572912579236
2,33,-0.03284861772761455
2,34,-0.007518004635527709
2,35,-0.002525943123674046
2,36,-0.014983666727781009
2,37,0.006335565451141445
2,38,-0.041595741012417475
2,39,-0.006761692620068038
2,40,-0.05524175094108774
2,41,-0.05303492066641413
2,42,0.018817034526243503
2,43,-0.028058446735198084
2,44,-0.0677615731163117
2,45,-0.057202108746714775
2,46,-0.021716054264329654
2,47,-0.018399211879268906
2,48,-0.033674967474873974
2,49,0.003423404091600357
2,50,-0.04314738123376727
2,51,-0.02584618905314706
2,52,0.033909984706373075
2,53,-0.04245091798208611
2,54,-0.03586012020352103
2,55,0.061381759323138274
2,56,0.0025462602060907225
2,57,-0.022628264045356117
2,58,-0.01319593374677569
2,59,-0.044099091860461515
2,60,-0.07574940713564848
2,61,-0.020310899826016582
2,62,-0.0183228297790613
2,63,-0.022729287532758657
2,64,-0.046725134047349626
2,65,0.027204402052029786
2,66,-0.06524088666788863
2,67,-0.020086801617420103
2,68,-0.05847035435023501
2,69,-0.08875745200636531
2,70,-0.05643152608313723
2,71,-0.06182175414289004
2,72,-0.06621422898617008
2,73,-0.03267978107112823
2,74,0.012047276222184933
2,75,0.0938270924540966
2,76,-0.045917162498617936
2,77,-0.05997745586829961
2,78,-0.03734401587466285
2,79,-0.0007473606105731223
2,80,-0.01465192841777846
2,81,0.004131561071973433
2,82,-0.02164045170967549
2,83,-0.01515890775929174
2,84,-0.03272571935727181
2,85,0.05453894491879807
2,86,-0.05593152455411082
2,87,-0.022469925803602853
2,88,0.02200488965909031
2,89,-0.030306890596333125
2,90,-0.03479316258411447
2,91,-0.05862880048606217
2,92,0.017668179791192284
2,93,-0.043816542944270453
2,94,-0.03798899129932315
2,95,-0.04993144269124267
2,96,-0.006041732107002429
2,97,-0.08406098253886973
2,98,-0.03034954755209407
2,99,-0.034602475801696286
2,100,-0.03029479594683382
2,101,-0.048119278735723914
2,102,-0.011461837525025609
2,103,-0.04030209709246879
2,104,-0.042265417162796914
2,105,-0.04508899112105158
2,106,-0.05578155680523622
2,107,-0.04422366732768929
2,108,-0.04078776216185381
2,109,-0.05576531383636235
2,110,-0.06403685556398103
2,111,-0.020541464055970182
2,112,-0.08136461334533168
2,113,-0.050589900014463285
2,114,-0.04324289422945682
2,115,-0.04632259545221401
2,116,-0.012484047854871727
2,117,-0.06287875973359641
2,118,-0.055780646539834944
2,119,-0.08326486609542588
2,120,-0.029178462300735286
2,121,-0.013657005172089287
2,122,-0.07562964903061098
2,123,-0.06470360755846899
2,124,-0.04862649448714046
2,125,-0.06525605933799655
2,126,-0.06865174766332743
2,127,-0.05946214483910828
2,128,0.009940608544536933
2,129,0.014966800093774602
2,130,-0.05483919493580869
2,131,-0.07257740371152388
2,132,-0.02613475235936108
2,133,-0.05784433279000001
2,134,0.010408450209475895
2,135,-0.07825767856064031
2,136,-0.04251122491204706
2,137,-0.03605676943843544
2,138,-0.06594846700669321
2,139,-0.06057720611131795
2,140,-0.06010681437327314
2,141,-0.07123316309948707
2,142,-0.06091638439056679
2,143,-0.102423481335919
2,144,-0.07087686996243836
2,145,-0.0708355830376684
2,146,-0.07934425619100344
2,147,-0.08753462487319397
2,148,-0.06007579092733545
2,149,-0.08250556646151475
2,150,-0.0546955313436957
2,151,-0.032278339612480944
2,152,-0.09432374155516882
2,153,-0.07362951864857542
2,154,0.0023064705239379535
2,155,-0.08202170636870543
2,156,-0.03614875108686477
2,157,-0.08120935562437992
2,158,-0.08347107644091384
2,159,-0.07657972898067311
2,160,-0.07186152831261977
2,161,-0.07449065387424325
2,162,-0.0515875589736034
2,163,-0.07667187856955471
2,164,-0.0643810521252291
2,165,-0.0609452058533862
2,166,-0.048813509248303244
2,167,-0.09537999263810171
2,168,-0.07992701178702555
2,169,-0.09006295052684754
2,170,-0.06212318288002805
2,171,-0.08583608937516296
2,172,-0.06375836073675856
2,173,-0.09845449161772002
2,174,-0.09566498869145146
2,175,-0.07952159752848431
2,176,-0.07901802444717376
2,177,-0.09852938181961363
2,178,-0.07973391262037527
2,179,-0.07856820381731822
2,180,-0.09572572188568579
2,181,-0.0936970805562784
2,182,-0.08827982283783181
2,183,-0.10462959929525384
2,184,-0.06972647187923547
2,185,-0.06508306405302983
2,186,-0.08359812045706283
2,187,-0.09958885620067992
2,188,-0.09133520540914519
2,189,-0.09967288084484438
2,190,-0.07625280413760455
2,191,-0.09558679468551196
2,192,-0.041241363649487384
2,193,-0.09189176086282752
2,194,-0.0961843316984754
2,195,-0.06676065811622128
2,196,-0.07300135824187898
2,197,-0.06492455749887371
2,198,-0.05866799464194444
2,199,-0.09179196057583572
2,200,-0.10584615118280682
2,201,-0.09378155321244974
2,202,-0.06909715168567637
2,203,-0.06634736836460059
2,204,-0.09482194042633668
2,205,-0.10191726894253628
2,206,-0.08256667979789939
2,207,-0.09676704501498656
2,208,-0.10633327257650449
2,209,-0.06726185059993639
2,210,-0.0766915836611527
2,211,-0.09994100303349168
2,212,-0.057083963523817616
2,213,-0.09659062160988618
2,214,-0.08073114599380371
2,215,-0.06263751107200705
2,216,-0.07910577451324735
2,217,-0.05677394751162973
2,218,-0.0892769905883446
2,219,-0.08273463599352132
2,220,-0.06201100723916825
2,221,-0.09467819248286563
2,222,-0.11320247431990504
2,223,-0.07199859110366452
2,224,-0.10557574919924284
2,225,-0.09918676782554398
2,226,-0.07076625144571391
2,227,-0.10336254822186536
2,228,-0.11410622432596923
2,229,-0.10366677432356464
2,230,-0.09549012925470013
2,231,-0.10097949974659809
2,232,-0.08846958426936391
2,233,-0.05525173685764628
2,234,-0.09077488887918223
2,235,-0.0830997927551389
2,236,-0.06495801988325983
2,237,-0.07149222653726717
2,238,-0.08041908011611953
2,239,-0.07249194446077584
2,240,-0.0806842835711864
2,241,-0.0512494589238679
2,242,-0.06605763502867507
2,243,-0.07198059919600353
2,244,-0.05053780923316897
2,245,-0.06330361807619034
2,246,-0.07737783551167432
2,247,-0.06825763702943227
2,248,-0.0179197976224324
2,249,-0.025158115831552308
2,250,-0.04380244194859001
2,251,-0.05481952853866201
2,252,-0.024861528869293492
2,253,-0.08679661279505246
2,254,-0.022654499291011432
2,255,-0.0537624107099694
2,256,-0.014146844178437645
2,257,-0.05245724483710218
2,258,-0.039811085361136145
2,259,-0.024589550889887013
2,260,-0.007774313384870057
2,261,-0.013094384646628876
2,262,-0.006434536652035749
2,263,-0.029868259774101846
2,264,0.02557101557957464
2,265,0.003941234006720529
2,266,-0.015203595566893047
2,267,-0.023792156806079268
2,268,-0.03756655724584046
2,269,0.009079616663813517
2,270,-0.0121628144587686
2,271,0.040687721147075084
2,272,-0.02412077779382582
2,273,0.002172251494768629
2,274,0.037791744875407374
2,275,-0.02014071932140965
2,276,0.05322466637044021
2,277,0.030124482111853035
2,278,0.021097157120439247
2,279,0.06056940252914289
2,280,0.024092524880272026
2,281,0.05472834632346546
2,282,0.036756524427069115
2,283,0.07441894635997892
2,284,0.03515277729306787
2,285,0.06459162506470761
2,286,0.051324442879367105
2,287,0.10451626802941305
3,1,-0.06110659379091332
3,2,-0.05934547147040947
3,3,-0.04967146465086253
3,4,-0.058434859833026875
3,5,-0.054281112669825715
3,6,-0.03861508946886949
3,7,-0.08657158933050368
3,8,-0.05925644661039903
3,9,-0.06242118467506552
3,10,-0.07323731816251622
3,11,-0.07075342183503658
3,12,-0.07264857262187846
3,13,-0.024270673318412928
3,14,-0.07424150312193945
3,15,-0.05208299172842712
3,16,-0.027413015535922847
3,17,-0.06338342945275993
3,18,-0.053158580281966794
3,19,-0.046857735609516615
3,20,-0.043842479063614825
3,21,-0.057722576036975726
3,22,-0.05228119791374625
3,23,-0.06788960056124765
3,24,-0.04825740212509877
3,25,-0.02134911557411584
3,26,-0.04484336778861081
3,27,-0.08657216335542023
3,28,-0.0728862478959289
3,29,-0.026830761846811546
3,30,-0.07611216294628875
3,31,-0.06358910699451625
3,32,-0.08136786540209728
3,33,-0.07376107892052519
3,34,-0.06493629871911011
3,35,-0.0756978745595937
3,36,-0.0655727934194873
3,37,-0.00648123654970445
3,38,-0.06948154340398222
3,39,-0.053462493541170386
3,40,-0.04733563193496848
3,41,-0.04662954526254237
3,42,0.025683526729352035
3,43,-0.08060421548099972
3,44,-0.02846087331006264
3,45,-0.02581909188000142
3,46,-0.09286540716579167
3,47,-0.06523814324339638
3,48,-0.08110839835242117
3,49,-0.08338289671793703
3,50,-0.081067400778429
3,51,-0.05445174383287299
3,52,-0.04947473258391255
3,53,-0.06704747053527205
3,54,-0.0801288730173319
3,55,-0.09312173272415414
3,56,-0.06718077507569353
3,57,-0.0751907437108868
3,58,-0.05209280119366483
3,59,-0.04223521754901033
3,60,-0.07668047096783859
3,61,-0.08220445025212664
3,62,-0.10444899147423597
3,63,-0.06416621273674433
3,64,-0.09775045122553039
3,65,-0.03931413043850457
3,66,-0.07756558491048571
3,67,-0.05555361934659753
3,68,-0.06734710330027499
3,69,-0.04466133561676833
3,70,-0.06520451369103858
3,71,-0.07498183855454338
3,72,-0.05976673992881487
3,73,0.005513240479056547
3,74,-0.09309227660935837
3,75,-0.08138031223334613
3,76,-0.08725161113592983
3,77,-0.07971317920453524
3,78,-0.0470803505693127
3,79,-0.06505125920651716
3,80,-0.056347576359368046
3,81,-0.07320152106357058
3,82,-0.08370795010873244
3,83,-0.06795172757141754
3,84,-0.07629888663267587
3,85,-0.05744611663638738
3,86,-0.09311831024357964
3,87,-0.0945453573569408
3,88,-0.08194905903376937
3,89,-0.0710198349534244
3,90,-0.06864184720826139
3,91,-0.0557526390762742
3,92,-0.04453453554024989
3,93,-0.05623420835464993
3,94,0.010433317534673137
3,95,-0.09616671165421531
3,96,-0.08854813342043888
3,97,-0.06813957717174135
3,98,-0.10271549387420792
3,99,-0.10463528417944495
3,100,-0.03146343751002162
3,101,-0.08085184237008208
3,102,-0.08550427574238678
3,103,-0.061747558792492385
3,104,-0.08125084560245177
3,105,-0.07913232138979492
3,106,-0.09595223343879511
3,107,-0.10590595246650525
3,108,-0.09661594229819187
3,109,-0.015193776378381818
3,110,-0.09595680493339259
3,111,-0.06144002908697177
3,112,-0.09621010530671775
3,113,-0.09629806853635581
3,114,-0.06439005440715789
3,115,-0.09562230310074005
3,116,-0.09628164679426138
3,117,-0.08080610543152661
3,118,-0.0906856130172859
3,119,-0.08426180214029527
3,120,-0.0637539542664689
3,121,-0.049022976637348115
3,122,-0.07590089360319457
3,123,-0.06341922852662812
3,124,-0.046139062554582555
3,125,-0.07405945862949403
3,126,-0.06336863858895797
3,127,-0.06374078120844778
3,128,-0.07054955619551223
3,129,-0.034674977416656316
3,130,-0.0885848016413861
3,131,-0.06586304200362292
3,132,-0.07264037253108602
3,133,-0.07420451935164862
3,134,-0.053980484444280274
3,135,-0.0900016463770274
3,136,-0.07886373580415618
3,137,-0.029375309186133514
3,138,-0.05755599399604383
3,139,-0.043230049330568954
3,140,-0.05693428903820408
3,141,-0.04772261324143784
3,142,-0.04042768487751697
3,143,-0.04650878805195047
3,144,-0.030825629590089387
3,145,-0.05087300496949909
3,146,-0.025670344456772243
3,147,-0.027539491120128656
3,148,-0.040431701792462416
3,149,-0.0627647792124873
3,150,-0.03398616724454667
3,151,-0.045423464642026345
3,152,-0.0018738903678656715
3,153,-0.02404851797515306
3,154,-0.017029314869527634
3,155,-0.031245699259710547
3,156,-0.013107295181582934
3,157,-0.0014406999457557967
3,158,-0.016103878109921088
3,159,-0.01986350730045372
3,160,-0.01686001197123632
3,161,-0.001776966882243769
3,162,0.009655695492053362
3,163,-0.016857726112105675
3,164,0.015919932862895614
3,165,0.021222025397754196
3,166,0.02007467614670111
3,167,0.04984313156759779
3,168,0.02962810462400922
3,169,0.0258302525381634
3,170,0.06349601852567399
3,171,0.04505814273056774
3,172,0.0788542196456864
3,173,0.05619624982329585
3,174,0.09459244468492245
3,175,0.11566962455755614
3,176,0.09601519538694836
3,177,0.12778009675810054
3,178,0.12703537776070928
3,179,0.11737649848783827
4,1,-0.07816116207498247
4,2,-0.049253550752815844
4,3,-0.08544014678073414
4,4,-0.08562219751869027
4,5,-0.08665244679189399
4,6,-0.08121733681549842
4,7,-0.10287054477836766
4,8,-0.08863690209794362
4,9,-0.03900679888849512
4,10,-0.09849748145023335
4,11,-0.04026709107963755
4,12,-0.1012964039458829
4,13,-0.0775870348657367
4,14,-0.08998285357572655
4,15,-0.08991969518652715
4,16,-0.07337706089020202
4,17,-0.08107481567421732
4,18,-0.10317135369977892
4,19,-0.06423981702144849
4,20,-0.08426666840471886
4,21,-0.09901614126554098
4,22,-0.02227845861203903
4,23,-0.05011174959178477
4,24,-0.06584700533510335
4,25,-0.053613866302986424
4,26,-0.0983876687965804
4,27,-0.08959703939096719
4,28,-0.06835503080586319
4,29,-0.11126165623462159
4,30,-0.09375640928738183
4,31,-0.09288885619410758
4,32,-0.09186960606641353
4,33,-0.0882260737645113
4,34,-0.10038043886562559
4,35,-0.1077659273308465
4,36,-0.09947360395739091
4,37,-0.07418811303255773
4,38,-0.08855980668816665
4,39,-0.09985177686719254
4,40,-0.057627639015298215
4,41,-0.06778583753390849
4,42,-0.06354679598880408
4,43,-0.10135788170610333
4,44,-0.04724142222794159
4,45,-0.10921312640438435
4,46,-0.025508005176403725
4,47,-0.0794894553125014
4,48,-0.07085452446597801
4,49,-0.09699797082624934
4,50,-0.05747666814801994
4,51,-0.07795893809738064
4,52,-0.09887155643083484
4,53,-0.07833199589699053
4,54,-0.10893902747324474
4,55,-0.10082893929054998
4,56,-0.0586498471666434
4,57,-0.09829159331554027
4,58,-0.11472493526466132
4,59,-0.03937212616436303
4,60,-0.07276925461714051
4,61,-0.11063725110912331
4,62,-0.08457332186581334
4,63,-0.10811129252630741
4,64,-0.09561732845203663
4,65,-0.06628361602756977
4,66,-0.09437599364285731
4,67,-0.06929711206576378
4,68,-0.06270158509811713
4,69,-0.09618431776321074
4,70,-0.10929425675953769
4,71,-0.09663371748214261
4,72,-0.09968564905429955
4,73,-0.07717411167014832
4,74,-0.0931064762135484
4,75,-0.0940264296372132
4,76,-0.07342545766260938
4,77,-0.07803410937035782
4,78,-0.10895256974503686
4,79,-0.08362599665622578
4,80,-0.08375058011250303
4,81,-0.10717655350782346
4,82,-0.08609902597385966
4,83,-0.09081727006422119
4,84,-0.06863624427837761
4,85,-0.08120083075452378
4,86,-0.11263204794095705
4,87,-0.10376457764063757
4,88,-0.06431500984445887
4,89,-0.0714282321843216
4,90,-0.08831156145631103
4,91,-0.10063977497644638
4,92,-0.09494300831383745
4,93,-0.060069650499139704
4,94,-0.07808613223228472
4,95,-0.06931794641723882
4,96,-0.0896438873999259
4,97,-0.08718066436339328
4,98,-0.09687001977631465
4,99,-0.067147158854868
4,100,-0.11289680850745526
4,101,-0.10365146179160861
4,102,-0.11031350284422153
4,103,-0.09167388254124148
4,104,-0.07157497513267602
4,105,-0.1142520622124425
4,106,-0.1041887467375659
4,107,-0.0993377147868813
4,108,-0.08959682521019813
4,109,-0.09463533444795202
4,110,-0.09236802491418722
4,111,-0.0987332672107405
4,112,-0.0768274263239005
4,113,-0.09237779430897264
4,114,-0.09586607974025674
4,115,-0.08925697620041206
4,116,-0.10985205595065978
4,117,-0.07402373989104133
4,118,-0.0896548082750035
4,119,-0.09848425720761961
4,120,-0.0931450364133613
4,121,-0.07420798886699409
4,122,-0.10434585520146766
4,123,-0.10963377848710792
4,124,-0.09568364946402302
4,125,-0.06996239295159662
4,126,-0.09837519074558965
4,127,-0.08772721707434272
4,128,-0.06034842324299877
4,129,-0.09835775848287265
4,130,-0.09562806428551096
4,131,-0.0737671949508919
4,132,-0.07829470161893914
4,133,-0.100626380908023
4,134,-0.07978329043242899
4,135,-0.06956724380930618
4,136,-0.08433084096387261
4,137,-0.06741068741015965
4,138,-0.09047475416071199
4,139,-0.07874956099896863
4,140,-0.07522842555333836
4,141,-0.056150412671171546
4,142,-0.08458541409116055
4,143,-0.07577094011966556
4,144,-0.058385385536627254
4,145,-0.07426027992272388
4,146,-0.055805812677602984
4,147,-0.0658205532806922
4,148,-0.0650759012921428
4,149,-0.034466161501541526
4,150,-0.029464814441384157
4,151,-0.05935547710084388
4,152,-0.050755726228955134
4,153,-0.0721602866944307
4,154,-0.042528524193588824
4,155,-0.06019196752526257
4,156,-0.06706360793760785
4,157,-0.045999771458407834
4,158,-0.03732564379299513
4,159,-0.022581905157582405
4,160,-0.02700612949333009
4,161,-0.022702724293602095
4,162,-0.0008363772893930643
4,163,-0.014318638240104875
4,164,-0.018219227782398206
4,165,-0.020160290752984478
4,166,-0.011138529061328617
4,167,-0.027934757395012833
4,168,-0.01258130940601243
4,169,0.005214661422437317
4,170,-0.009021178245535832
4,171,-0.007223231109123152
4,172,0.0016515002082232444
4,173,0.004888692720021237
4,174,0.018334251855523953
4,175,0.022432760494361936
4,176,0.022467583880462105
4,177,0.02725559368263919
4,178,0.059279931956499055
4,179,0.0568238807555258
4,180,0.08839070201753696
4,181,0.0488175536250407
4,182,0.07211748925560091
4,183,0.11993924405036915
4,184,0.09255783400498818
4,185,0.1245841908045886
4,186,0.09384638146959434
4,187,0.1161216681734395
4,188,0.1092125183916639
4,189,0.14897131774439454
5,1,-0.04044141426123765
5,2,-0.02618790562084311
5,3,-0.008088832432427973
5,4,0.009159699450888459
5,5,0.004269021600177725
5,6,-0.042272712811919466
5,7,0.053354137953249836
5,8,-0.024472291607256613
5,9,-0.01777115528002038
5,10,0.046730560583779224
5,11,-0.02405802198661644
5,12,0.02243585021536998
5,13,0.004727246779635319
5,14,-0.02863180634661433
5,15,-0.03838541131644729
5,16,0.037669703140836175
5,17,-0.044683103462184404
5,18,-0.015488786881324157
5,19,-0.018870058862094752
5,20,-0.03652314044274607
5,21,0.0098958606230366
5,22,-0.04873963752875193
5,23,0.08158995730312968
5,24,-0.05038619888998497
5,25,0.0012397395950525247
5,26,-0.0160531899812823
5,27,0.03372799838016605
5,28,-0.02339075464825341
5,29,0.044820209406268297
5,30,0.06498659782394112
5,31,-0.02982350407378742
5,32,-0.02561009372298062
5,33,-0.052368883314304226
5,34,0.03179596571268428
5,35,-0.02267614612000729
5,36,-0.01750125681218162
5,37,-0.029166851448806874
5,38,-0.06242788323532422
5,39,-0.02334651595876963
5,40,-0.046546224053051866
5,41,0.002175611901227281
5,42,-0.02195180893154658
5,43,-0.0107072376522368
5,44,-0.026571497887510676
5,45,0.011998309468257085
5,46,-0.0712372603305832
5,47,0.03157273671868166
5,48,0.0003960746553689498
5,49,-0.02759284347466634
5,50,-0.03002114691021962
5,51,-0.01133529544429207
5,52,0.016324672437698418
5,53,-0.03879761749619315
5,54,-0.03408652808637469
5,55,0.0010279386888402131
5,56,-0.014470188779897142
5,57,-0.03810229250116548
5,58,-0.05972432097428404
5,59,0.034005580526614065
5,60,-0.02100157227955829
5,61,-0.046358148015254674
5,62,-0.04029851368117049
5,63,-0.03906551146021475
5,64,-0.058589057935491407
5,65,0.007603819361605257
5,66,-0.017363794566426394
5,67,0.0015372979200327652
5,68,0.012748986265542772
5,69,-0.020271711811947368
5,70,0.021230427950216568
5,71,0.018932359331837012
5,72,-0.013926510953428173
5,73,-0.03764484997161288
5,74,-0.006643521550125542
5,75,0.0014510216731357106
5,76,-0.04397218093892524
5,77,-0.04588619198557309
5,78,-0.007255789402253354
5,79,-0.0575933661107752
5,80,-0.03694640357341661
5,81,-0.03971288039460197
5,82,-0.05096516763495379
5,83,-0.0457486550610659
5,84,-0.07943391809629252
5,85,-0.03941544958054077
5,86,-0.007265133048116379
5,87,0.037533042054231136
5,88,-0.03963516650381277
5,89,-0.03341474010357409
5,90,-0.02441693692065222
5,91,-0.0329209135189687
5,92,-0.007500135320225809
5,93,-0.030007543122464952
5,94,-0.05944194787716933
5,95,-0.05069948126612306
5,96,-0.07275964017713088
5,97,-0.019333089170600393
5,98,-0.03624273767844305
5,99,-0.006766236757425548
5,100,0.03974420574067783
5,101,-0.05304703305892128
5,102,-0.03295065458756735
5,103,-0.04459392651753824
5,104,-0.05788248404563695
5,105,-0.045467474639868055
5,106,-0.03292011601106243
5,107,-0.02963314454808752
5,108,-0.051482583865158194
5,109,-0.04099749341114878
5,110,-0.019333887214788514
5,111,-0.05382282556188178
5,112,-0.04509406494950763
5,113,-0.02534635685189257
5,114,-0.04119541585319547
5,115,-0.024607929278947782
5,116,-0.02360453680284541
5,117,-0.048456146926592225
5,118,-0.0411030561530944
5,119,-0.052445870432859754
5,120,-0.07024271490134482
5,121,-0.06572719491329565
5,122,-0.019472288815622296
5,123,0.0013318880242325637
5,124,-0.060761166869255645
5,125,-0.03723113756152102
5,126,-0.06531784508014182
5,127,-0.05133799877279832
5,128,-0.07608837879810265
5,129,-0.010709718255160927
5,130,-0.07985025877393653
5,131,-0.04498983763164499
5,132,-0.0544242103943538
5,133,-0.048461452713816355
5,134,-0.03002575223510201
5,135,-0.07732144648713402
5,136,-0.01612166649451241
5,137,-0.05317583658260666
5,138,-0.04955746741939898
5,139,-0.06857247529079896
5,140,-0.07484020787791118
5,141,-0.0457484029752121
5,142,-0.0651154270901258
5,143,-0.033985261109095555
5,144,-0.05358678490484453
5,145,-0.05749175162767428
5,146,-0.0791158724931767
5,147,-0.01581036763397159
5,148,-0.041140909965696026
5,149,-0.08489703339825155
5,150,-0.08309212528246596
5,151,-0.09049605595847304
5,152,-0.0400243285995181
5,153,-0.07006374331659448
5,154,-0.04097192217605472
5,155,-0.06391787756559203
5,156,-0.06983068066015163
5,157,-0.08803893631139803
5,158,-0.04119683922146211
5,159,-0.06670464806907478
5,160,-0.06115031714317354
5,161,-0.04517115077818934
5,162,-0.06551478754527068
5,163,-0.07093395946709913
5,164,-0.08515158059874
5,165,-0.07204824013574929
5,166,-0.06698594367658978
5,167,-0.06972291386688234
5,168,-0.06648548449036157
5,169,-0.06426570007408927
5,170,-0.03909257662058324
5,171,-0.06339167544084467
5,172,-0.05311540662960723
5,173,-0.026262600930657576
5,174,-0.06466883417750091
5,175,-0.07293301435058397
5,176,-0.0814368572856492
5,177,-0.05644908436355944
5,178,-0.07233937708651733
5,179,-0.09302309147401111
5,180,-0.03558379156668534
5,181,-0.00015952125762314084
5,182,-0.07875222605380888
5,183,-0.07171049351419817
5,184,-0.06382537715440467
5,185,-0.0559310304714955
5,186,-0.06556577920359541
5,187,-0.07299110421167265
5,188,-0.07967497509902965
5,189,-0.042943191262509284
5,190,-0.03236836569764895
5,191,-0.04615193062745715
5,192,-0.07135101722939569
5,193,-0.07141878834031978
5,194,-0.06260062099637115
5,195,-0.052759965870601555
5,196,-0.07040899510841386
5,197,-0.07989287593500505
5,198,-0.0691797767331005
5,199,-0.046390530782729256
5,200,-0.050437811829585066
5,201,-0.06371383625041466
5,202,-0.07399274017943841
5,203,-0.05871018162160091
5,204,-0.057531694921514276
5,205,-0.05111819957873753
5,206,-0.08097171462034419
5,207,-0.06458011449085121
5,208,-0.04848072340406845
5,209,-0.0490403026913252
5,210,-0.027572380712431732
5,211,-0.0663992544679376
5,212,-0.04932901673360718
5,213,-0.054465249865267795
5,214,-0.043374328677229124
5,215,-0.020959958210711727
5,216,-0.03438132838600433
5,217,-0.052442858408708215
5,218,-0.051093477333470416
5,219,-0.049230116354065656
5,220,-0.06589115389818179
5,221,-0.04043451733322351
5,222,-0.05106079829610083
5,223,-0.02264463371816383
5,224,-0.022581109599325022
5,225,-0.04546454042317016
5,226,-0.05683143102140353
5,227,-0.03983639852593179
5,228,-0.06190835525762117
5,229,-0.032737590497696756
5,230,-0.03272299465273387
5,231,-0.027362505079246313
5,232,-0.02264948136113254
5,233,-0.019480224017283165
5,234,-0.024552084103280525
5,235,-0.04777303742490857
5,236,-0.042383420145308326
5,237,-0.0025940630764078043
5,238,-0.018596927278511366
5,239,-0.013974858910938748
5,240,-0.01056519980521653
5,241,-0.031873783996245963
5,242,0.023606210046949405
5,243,-0.005502402246877813
5,244,0.005630224278934004
5,245,-0.02465550639523223
5,246,-0.020252335464759297
5,247,-0.006431066584857759
5,248,-0.007012231647524125
5,249,0.01725302979526755
5,250,0.011296838076410132
5,251,0.021977346501878325
5,252,0.00015115166930346202
5,253,0.042688922335866075
5,254,0.0732514165308471
5,255,0.027228718091280024
5,256,0.0648582205877134
5,257,0.05656443865284466
5,258,0.02211958116696866
5,259,0.10818121863802732
5,260,0.05001697235592628
5,261,0.014989581232880744
5,262,0.016310743697224628
5,263,0.0854109895780133
5,264,0.10602774527692771
5,265,0.083331653146553
5,266,0.07505904995009172
5,267,0.09482909005094708
5,268,0.0932906250592811
5,269,0.0897597786532377
6,1,-0.07108597374297104
6,2,-0.08480825670872338
6,3,-0.07764322190784789
6,4,-0.0735210273143101
6,5,-0.0680240255233791
6,6,-0.054969007541393
6,7,-0.07568797739622218
6,8,-0.05793085475154802
6,9,-0.06911875247764754
6,10,-0.05843650044395016
6,11,-0.021997257220228328
6,12,-0.060629933234001065
6,13,-0.08545354259636151
6,14,-0.07549460665474356
6,15,-0.06805305640320175
6,16,-0.09810981741463631
6,17,-0.07363723364278468
6,18,-0.03597810117550937
6,19,-0.08825262028573527
6,20,-0.10038516371720868
6,21,-0.07144829450770274
6,22,-0.08411310377850117
6,23,-0.06427484268188621
6,24,-0.10077574027541009
6,25,-0.060688215552725855
6,26,-0.06488373513478024
6,27,-0.09388481693038658
6,28,-0.10268427863623497
6,29,-0.05157179769374237
6,30,-0.06594914587648198
6,31,-0.09477698860744499
6,32,-0.06274356716996848
6,33,-0.060666127443832485
6,34,-0.04783518731996472
6,35,-0.05322344370177223
6,36,-0.06774811550399401
6,37,-0.08385993409634723
6,38,-0.10717611914858871
6,39,-0.05831296418667875
6,40,-0.08281424876568261
6,41,-0.04338687207580588
6,42,-0.06746154526597142
6,43,-0.05137525999113857
6,44,-0.07209490559923404
6,45,-0.08570118149036904
6,46,-0.05257513837320382
6,47,-0.06797785612571972
6,48,-0.08160780409038626
6,49,-0.06833385745139464
6,50,-0.09429794404748798
6,51,-0.08886525536442885
6,52,-0.09024369774241464
6,53,-0.07968425549759811
6,54,-0.0773766011689373
6,55,-0.10103474196641132
6,56,-0.06615039048811366
6,57,-0.08417715955988997
6,58,-0.04696186630177446
6,59,-0.08614763177069829
6,60,-0.07599953310952046
6,61,-0.07332125741940737
6,62,-0.09511640424204254
6,63,-0.03383084223530092
6,64,-0.0863394603874798
6,65,-0.08302681653006982
6,66,-0.07488847099037343
6,67,-0.06009827895164682
6,68,-0.08523517187904045
6,69,-0.07844217500011685
6,70,-0.05799378345977546
6,71,-0.06114716466832132
6,72,-0.08708047317415779
6,73,-0.07381642905047309
6,74,-0.08805189438149136
6,75,-0.022344114968043893
6,76,-0.05908272073976617
6,77,-0.0338788865785461
6,78,-0.07294843238188387
6,79,-0.07369124990944032
6,80,-0.10015674480072329
6,81,-0.09029583754504583
6,82,-0.08364446325646008
6,83,-0.08913079340127128
6,84,-0.058408838502237825
6,85,-0.055267119117825725
6,86,-0.06947320682070263
6,87,-0.04268500451268897
6,88,-0.04844345844398934
6,89,-0.05732366837870856
6,90,-0.09135275373497798
6,91,-0.07205498917561465
6,92,-0.05910907097010859
6,93,-0.06186440137418131
6,94,-0.06447262391366876
6,95,-0.09323697770129324
6,96,-0.05021165225539059
6,97,-0.06679007352054112
6,98,-0.040281361817297745
6,99,-0.0500132594733092
6,100,-0.07449232421431107
6,101,-0.04607385481406012
6,102,-0.049345800304622545
6,103,-0.06294108533481346
6,104,-0.06952843976006523
6,105,-0.036174691638224454
6,106,-0.058748189482563495
6,107,-0.07397154219923158
6,108,-0.06810538868012189
6,109,-0.09589287495507787
6,110,-0.06474722038558384
6,111,-0.07083259397375391
6,112,-0.03716564187477295
6,113,-0.056975177378294106
6,114,-0.04704487712643707
6,115,-0.04849024047512879
6,116,-0.07317279727428516
6,117,-0.02160383200278604
6,118,-0.02972834931238877
6,119,-0.017441422810334117
6,120,-0.04243057274556683
6,121,-0.06928989825964166
6,122,-0.06281523679856166
6,123,-0.06310265877975335
6,124,-0.037383449829657855
6,125,-0.0339464291888788
6,126,0.0010419977829924099
6,127,-0.02681449738256808
6,128,-0.030620412254086515
6,129,-0.030614927288871607
6,130,-0.034220980515330235
6,131,-0.054092176256745506
6,132,-0.05259958574571966
6,133,-0.04927797246449733
6,134,-0.01714501017291542
6,135,-0.06781097950053505
6,136,-0.04823024909861012
6,137,-0.048182694014868965
6,138,-0.03198247363589318
6,139,-0.028858389678338203
6,140,-0.03390646435423794
6,141,-0.03370794839527319
6,142,-0.0031412923418768224
6,143,-0.05002759816560032
6,144,-0.002891660257993145
6,145,-0.036260462830516316
6,146,-0.012980104809916182
6,147,-0.00023735810141101155
6,148,0.03149329579956606
6,149,-0.007045869067966948
6,150,-0.008554303621112869
6,151,-0.024174412630640796
6,152,-0.01985260357535601
6,153,0.008625735857032857
6,154,-0.019248091532222567
6,155,0.030555996417371722
6,156,0.007753133494745601
6,157,0.007954496303427039
6,158,0.007880306485146371
6,159,-0.02008264940658061
6,160,0.015213722982166944
6,161,0.013355341681106525
6,162,0.004684335903870851
6,163,0.023694918223238215
6,164,0.012499672720968524
6,165,0.06728909911520564
6,166,0.061559364183743526
6,167,0.03188886285698511
6,168,0.04635678252697384
6,169,0.021096303348511314
6,170,0.0650990612721658
6,171,0.04768908743091971
6,172,0.064305120235298
6,173,0.03214165979992434
6,174,0.017045407506752097
6,175,0.07135945553155965
6,176,0.04945452753824742
6,177,0.060149837122673855
6,178,0.09420107772329833
6,179,0.1039537140388559
6,180,0.07311120372379099
6,181,0.07221304759197744
6,182,0.10135452120780819
6,183,0.11039555633570575
6,184,0.09491224643407536
6,185,0.0859954771000373
6,186,0.14403917386551823
6,187,0.1003213704993311
6,188,0.14004155585993294
7,1,-0.02874978000932804
7,2,-0.04676999244388347
7,3,-0.03624653864017757
7,4,-0.06676154289846703
7,5,-0.08332335549359648
7,6,-0.0656368938426255
7,7,-0.01782020833816378
7,8,-0.07245425640859088
7,9,-0.057408397668728794
7,10,-0.05215319224521059
7,11,-0.04487091674640509
7,12,-0.03895547089870227
7,13,-0.029876634888951203
7,14,-0.017649282980648884
7,15,-0.047012597840932535
7,16,-0.03667867965752636
7,17,-0.030319892150139582
7,18,-0.052960125637612265
7,19,-0.08495636049162636
7,20,-0.05572179024697943
7,21,-0.05325925649659796
7,22,0.005704695157124684
7,23,-0.03208676125928428
7,24,-0.03250797735510641
7,25,-0.03724627393679519
7,26,0.037178557587130956
7,27,-0.062267231127384026
7,28,-0.08725187384954297
7,29,-0.02190589050972641
7,30,0.02034986813094619
7,31,-0.0616449886375145
7,32,-0.019932639162545007
7,33,-0.046351986797157074
7,34,-0.0561443573797753
7,35,-0.020151989184849117
7,36,-0.0356698080761465
7,37,-0.0197482023219816
7,38,-0.0327827855317781
7,39,-0.03235899608769133
7,40,-0.015150047299358038
7,41,-0.05235212125607275
7,42,-0.037533176569824245
7,43,-0.019069815625200326
7,44,-0.05542032855647033
7,45,-0.05950836277330496
7,46,-0.0388714130744473
7,47,-0.061306051417979124
7,48,-0.07547288849391903
7,49,-0.05378209675314005
7,50,-0.0570388356061427
7,51,-0.06927959886096619
7,52,0.03904441396059877
7,53,-0.07480834224067984
7,54,-0.06094965087320925
7,55,-0.0529215122942478
7,56,-0.0639384174819424
7,57,-0.04837433996651208
7,58,0.047090865000183446
7,59,-0.01949778800897828
7,60,-0.008438681766320622
7,61,-0.059945044765546296
7,62,-0.016965515394931907
7,63,0.03470476851549986
7,64,-0.08483153559753503
7,65,-0.011078897671873034
7,66,-0.04303790848244515
7,67,-0.07352554257992339
7,68,-0.025552110211690682
7,69,-0.012319210258772861
7,70,-0.03270723477463644
7,71,0.0031723663150450276
7,72,-0.022471266587424987
7,73,-0.05965429414765255
7,74,-0.06835850518041586
7,75,-0.06473703490911054
7,76,-0.050658048898815755
7,77,-0.058410443133295575
7,78,-0.08376836662453768
7,79,-0.09293686562057157
7,80,-0.08849766624473487
7,81,-0.03359808154351618
7,82,-0.05492179121129548
7,83,-0.05536232113096479
7,84,-0.07194236977472646
7,85,-0.05884652398377954
7,86,0.03358468692527816
7,87,-0.04910265542494091
7,88,-0.07223955882162131
7,89,-0.06169798238770097
7,90,-0.055650005861710705
7,91,-0.029481141066238836
7,92,-0.06594802394219318
7,93,-0.10352100081952459
7,94,-0.058570711555195554
7,95,-0.06153800406130944
7,96,-0.03614753858862818
7,97,-0.07827191520302995
7,98,-0.06532141511777162
7,99,-0.07340298651066685
7,100,-0.06070283964878548
7,101,-0.06313648990058507
7,102,-0.05562180965405361
7,103,-0.06485071862313424
7,104,-0.06841212754136111
7,105,-0.05504903919308518
7,106,-0.029049121619955487
7,107,-0.07582817656373037
7,108,-0.015665381718595328
7,109,-0.02901938852324898
7,110,-0.028626961945031615
7,111,-0.024030227047073582
7,112,-0.040732391759395026
7,113,-0.059744835239669614
7,114,-0.07323005925264103
7,115,-0.06009331694902026
7,116,-0.08387981507936348
7,117,-0.07085669322815868
7,118,-0.03997093849488781
7,119,-0.04465371353497655
7,120,-0.05616861593343214
7,121,-0.045571826905047075
7,122,-0.07345297412590862
7,123,-0.09640071964029051
7,124,-0.09406349828514138
7,125,-0.05863573972101421
7,126,-0.042070908622041936
7,127,-0.09882103062154679
7,128,-0.08630902614440739
7,129,-0.07301715289151
7,130,-0.059404514391220464
7,131,-0.07462304373191814
7,132,-0.0732496328405472
7,133,-0.0825059285282761
7,134,-0.0798001773287283
7,135,-0.06593230381687132
7,136,-0.08280577371681691
7,137,-0.08196040236781765
7,138,-0.09702811617574053
7,139,-0.058948228350060805
7,140,-0.05755580595159909
7,141,-0.07909642589796873
7,142,-0.06907734732903964
7,143,-0.0943305316326753
7,144,-0.10048171479526674
7,145,-0.06173334644821038
7,146,-0.1027891821955556
7,147,-0.10379491520379602
7,148,-0.07991599753683531
7,149,-0.11215038544508499
7,150,-0.09345156702769847
7,151,-0.09451080874651857
7,152,-0.06653435572848532
7,153,-0.09039748333078179
7,154,-0.0760625152515268
7,155,-0.09086871721040685
7,156,-0.08413313754302754
7,157,-0.07527361556858048
7,158,-0.10592722227243373
7,159,-0.10752436068314908
7,160,-0.09377458197469735
7,161,-0.09188324740075565
7,162,-0.06774568607587084
7,163,-0.0982983106495135
7,164,-0.053399020892036686
7,165,-0.08627277610354955
7,166,-0.08015562265464604
7,167,-0.07094279210973459
7,168,-0.10806048033355542
7,169,-0.021172343658749204
7,170,-0.10107709022637806
7,171,-0.0936179573458063
7,172,-0.09038658834865276
7,173,-0.07774198022718493
7,174,-0.06172991028341518
7,175,-0.0730243372499087
7,176,-0.06561598475747615
7,177,-0.10340791245190217
7,178,-0.05929455915831089
7,179,-0.06962477248644228
7,180,-0.07561894997533353
7,181,-0.10774065397096688
7,182,-0.1008634134149336
7,183,-0.09577061315327168
7,184,-0.08173879013698826
7,185,-0.09994216068554196
7,186,-0.10208825778915726
7,187,-0.09141397315948163
7,188,-0.10846677715118791
7,189,-0.06255010784059006
7,190,-0.09415240228047966
7,191,-0.06746618114714759
7,192,-0.09746202104022628
7,193,-0.06888271536042312
7,194,-0.08724192284056981
7,195,-0.07929972934178597
7,196,-0.08633169476918467
7,197,-0.08968531701824145
7,198,-0.09018887640573536
7,199,-0.08643113326689156
7,200,-0.07402415040668875
7,201,-0.06007769547192948
7,202,-0.048523069823443565
7,203,-0.07970592586910907
7,204,-0.06637285828730527
7,205,-0.10233947278132477
7,206,-0.07019365625820817
7,207,-0.07535694610705868
7,208,-0.09896094458353466
7,209,-0.05076684371153861
7,210,-0.08546100802019507
7,211,-0.065587148985917
7,212,-0.08238120972164714
7,213,-0.06240795595345566
7,214,-0.0808530520936746
7,215,-0.06658082289559542
7,216,-0.044598041284672485
7,217,-0.03625501491551153
7,218,-0.04386805529614857
7,219,-0.08284707581292261
7,220,-0.07203887021546163
7,221,-0.046182668839488406
7,222,-0.041451129449362856
7,223,-0.045722533872944116
7,224,-0.018224451475424452
7,225,-0.03568682407392665
7,226,-0.06992018477582118
7,227,-0.05072101167241244
7,228,-0.04049839394578142
7,229,-0.03941753749547788
7,230,-0.03144549565738436
7,231,-0.03890934110018085
7,232,-0.03622883895005646
7,233,-0.004552086185222071
7,234,-0.023385391305109804
7,235,-0.06483940649849873
7,236,-0.06652070119059722
7,237,0.005271687992870144
7,238,-0.026552779149642824
7,239,-0.016949039823309586
7,240,-0.001263254969486427
7,241,0.010386402782078141
7,242,-0.0070651486208317404
7,243,0.03219702628275434
7,244,0.006128404683563238
7,245,-0.0004054674318842433
7,246,-0.0007924502905605202
7,247,-0.0035190348382284076
7,248,0.06353739064046138
7,249,-0.0006360146360754881
7,250,0.04172225514647798
7,251,0.01346164200529365
7,252,0.06667689852630865
7,253,0.032086806433195614
7,254,0.07517976140984806
7,255,0.05639581369820357
7,256,-0.0007862744840890779
7,257,0.08863165146586438
7,258,0.04643223295876464
7,259,0.06788021543967593
8,1,-0.06205731049292801
8,2,-0.07545395451116405
8,3,-0.1019303747219717
8,4,-0.06917789859880108
8,5,-0.050202281186460196
8,6,-0.06345009035881699
8,7,-0.0705531063759347
8,8,-0.06190747158866322
8,9,-0.07335086164282278
8,10,-0.0677686993584532
8,11,-0.044515603048144725
8,12,-0.08024821152727951
8,13,-0.07194438383843865
8,14,-0.09340482783451859
8,15,-0.024702561145791113
8,16,-0.03234462681808459
8,17,-0.08907178115816516
8,18,-0.07394068342957194
8,19,-0.056457253337115376
8,20,-0.07590902210751543
8,21,-0.05828368580866716
8,22,-0.08971937962611365
8,23,-0.06247145205146426
8,24,-0.07142619594623584
8,25,-0.09174674281030576
8,26,-0.08201686810325914
8,27,-0.04774118017093126
8,28,-0.09901259529628914
8,29,-0.08824349241147733
8,30,-0.07447950332222514
8,31,-0.08854884075346736
8,32,-0.09521297150595609
8,33,-0.06916607700921812
8,34,-0.06824459851528736
8,35,-0.08879726930850135
8,36,-0.09830148253513504
8,37,-0.07543714989368155
8,38,-0.10224214821162891
8,39,-0.07548989726591654
8,40,-0.08027665399156936
8,41,-0.035564619388168406
8,42,-0.0878143310025929
8,43,-0.09004767245790019
8,44,-0.08725074119988813
8,45,-0.05548701111484772
8,46,-0.06701441202463482
8,47,-0.08272331202262823
8,48,-0.08736633835853258
8,49,-0.0782629634061005
8,50,-0.07260330621337396
8,51,-0.06311017576375283
8,52,-0.06869393327837314
8,53,-0.07886737389888726
8,54,-0.08857929081629651
8,55,-0.09117931841781857
8,56,-0.07408509857980738
8,57,-0.05924046710117248
8,58,-0.05959914136626465
8,59,-0.06849134868216411
8,60,-0.08924651069916817
8,61,-0.07362650259820108
8,62,-0.056750637834596385
8,63,-0.08250996550704165
8,64,-0.08554144425548782
8,65,-0.0882499977526015
8,66,-0.07340264504464772
8,67,-0.05593333156691255
8,68,-0.08904633916143823
8,69,-0.06485661177124757
8,70,-0.08042739683571487
8,71,-0.046980342895440175
8,72,-0.08634582767473109
8,73,-0.07889190590927786
8,74,-0.09041059249259464
8,75,-0.054660410627902056
8,76,-0.09825165656497181
8,77,-0.09819618689214271
8,78,-0.08459229261921192
8,79,-0.04461525591394233
8,80,-0.04121600930343183
8,81,-0.05997617304875841
8,82,-0.0608036102083932
8,83,-0.052051289429757064
8,84,-0.06185960155098269
8,85,-0.0415354219185336
8,86,-0.05158896469206409
8,87,-0.056480284751358634
8,88,-0.08194533250667252
8,89,-0.06411836379028685
8,90,-0.026136108726195595
8,91,-0.05579153743403842
8,92,-0.042258740766135505
8,93,-0.08355561298305103
8,94,-0.07500168567426069
8,95,-0.06360970358935608
8,96,-0.049610570598574044
8,97,-0.05607682298195932
8,98,-0.05667825590795378
8,99,-0.05538420914778386
8,100,-0.041551556469615336
8,101,-0.0669236017258566
8,102,-0.05065995995320749
8,103,-0.05797550431574827
8,104,-0.04225337940550483
8,105,-0.06009981684312937
8,106,-0.006690489514876274
8,107,-0.06330827319744736
8,108,-0.045083536515397094
8,109,-0.008272782221626362
8,110,-0.04647720474547956
8,111,-0.05727446041602674
8,112,-0.026620713009012975
8,113,-0.016832687001813673
8,114,-0.03695277155911281
8,115,-0.058830869812484754
8,116,-0.06671231264264244
8,117,0.0038648788095249076
8,118,-0.036059747197429215
8,119,-0.047075789993843875
8,120,-0.0436315024243627
8,121,-0.03097253829590596
8,122,0.003927758711079532
8,123,-0.02309124104406929
8,124,-0.0011735309939362448
8,125,-0.02566507349572722
8,126,-0.0032032642407537337
8,127,-0.024612709423168677
8,128,-0.011340678477904653
8,129,0.011452694180556056
8,130,0.021395868346311464
8,131,0.008038777441179645
8,132,0.015455192080560232
8,133,0.019467459578310864
8,134,0.02314402766379897
8,135,-0.003333851414319189
8,136,0.0069148721373373245
8,137,0.037396487478503104
8,138,0.0060685766201493685
8,139,0.0242954744986007
8,140,0.011274102153011167
8,141,0.015221994293409202
8,142,0.03856779408983124
8,143,0.07947865299501533
8,144,0.0592337066290769
8,145,0.05744766530098999
8,146,0.0691995463746552
8,147,0.07539359955463987
8,148,0.04322447985583078
8,149,0.09637779817397207
8,150,0.10953242190164791
9,1,-0.015689203039506272
9,2,0.00011973472984982969
9,3,-0.04933555029914971
9,4,-0.024509543151322588
9,5,0.007635443261265862
9,6,-0.01652193957127196
9,7,-0.045362994236504806
9,8,0.01226443727410842
9,9,0.03840529243109925
9,10,-0.03415009496632898
9,11,-0.041452776831992444
9,12,-0.05000341076889642
9,13,-0.043152910801127486
9,14,-0.059297208901257004
9,15,0.0060808765218972605
9,16,-0.023122928543901855
9,17,-0.0027262624645482125
9,18,-0.04489046633066285
9,19,-0.03652860173943412
9,20,-0.003115615508133218
9,21,-0.024394898204306126
9,22,-0.021182179442480964
9,23,-0.016183513346740508
9,24,-0.009352855091095236
9,25,-0.03562634923384905
9,26,-0.03021203327846228
9,27,0.004629160192569537
9,28,0.013263205096179509
9,29,-0.029703818016798222
9,30,-0.02511258438236158
9,31,-0.038822489856373876
9,32,-0.02383220651988155
9,33,0.02890957994994514
9,34,-0.03845705762259061
9,35,-0.03351520810515196
9,36,-0.018503832126675224
9,37,-0.064714295409526
9,38,-0.00407268391337734
9,39,-0.0395928188441117
9,40,0.007040661683459515
9,41,-0.05085608028132316
9,42,-0.062409110721401595
9,43,0.0032810342963499606
9,44,0.0002929835702117911
9,45,-0.03440701268956503
9,46,-0.017531015807255468
9,47,-0.02815262950979952
9,48,-0.016774632917537724
9,49,-0.04327060156803075
9,50,-0.05494744082553277
9,51,-0.022648978049954527
9,52,0.06430249746192163
9,53,-0.030608238792639852
9,54,0.002335589427393314
9,55,-0.04992893960247902
9,56,-0.04893916314650798
9,57,-0.04260729110870326
9,58,-0.05915904635571001
9,59,-0.019992424477701498
9,60,-0.0902373135651155
9,61,-0.019962485643018335
9,62,-0.04309535578734003
9,63,-0.05842183978511023
9,64,-0.02599859274900168
9,65,-0.045577440844590755
9,66,-0.07020755010370244
9,67,-0.050481269816043506
9,68,-0.058238517399725076
9,69,-0.06883955278511589
9,70,-0.024835620264328895
9,71,-0.05027180863200931
9,72,0.032369685698884654
9,73,-0.0700309383737564
9,74,0.023301951027257073
9,75,0.009851053242529106
9,76,-0.04388624509198691
9,77,-0.023462129768502482
9,78,-0.0382123077531385
9,79,-0.008021901035492995
9,80,-0.006449207555342673
9,81,-0.07614998803881512
9,82,-0.05755288380483836
9,83,-0.04638728540708287
9,84,0.00245641110598549
9,85,0.009070608483246922
9,86,0.027113874170899277
9,87,-0.03902452606970169
9,88,-0.027163255879872283
9,89,-0.04324393028270407
9,90,-0.059046344141901796
9,91,-0.05021773736318125
9,92,0.03547485984784904
9,93,-0.03489511993362421
9,94,-0.027757932463306545
9,95,-0.04510247012565838
9,96,-0.05817348324563143
9,97,-0.05138145842246383
9,98,-0.060095291758013036
9,99,-0.038131589100832086
9,100,-0.04406557628254487
9,101,-0.05288785378611699
9,102,-0.051410070206609704
9,103,-0.02914051909922022
9,104,-0.061090708738734234
9,105,-0.027956216905732523
9,106,-0.048822963472364866
9,107,-0.03197914150404535
9,108,0.03356629113132481
9,109,-0.07001614751664176
9,110,-0.03905980853268276
9,111,0.04782225946841889
9,112,-0.060491599899708925
9,113,-0.022456205222854186
9,114,-0.046652266411951804
9,115,-0.04502669116838676
9,116,-0.028185805221288718
9,117,-0.04104161894443453
9,118,-0.04436892759050459
9,119,-0.05111562600624153
9,120,0.026642030097659752
9,121,-0.050408573072082796
9,122,-0.05235200190128125
9,123,-0.02856058438010095
9,124,-0.050515033770634765
9,125,0.03137737143400032
9,126,-0.054344765915847915
9,127,-0.01667742245940873
9,128,-0.041913505023775055
9,129,-0.04778617212612407
9,130,-0.040328243347372394
9,131,-0.01855990166917948
9,132,-0.04470482000106052
9,133,-0.025335911130668354
9,134,-0.022587165190406988
9,135,-0.04584775531026836
9,136,-0.06620325217170908
9,137,-0.03089287443004246
9,138,0.0023367097022629624
9,139,-0.006795838469950688
9,140,-0.02819654678431499
9,141,-0.02436071541917345
9,142,-0.04196644404439748
9,143,-0.04284951485116012
9,144,-0.028896327197682037
9,145,-0.013717711117745501
9,146,-0.022317984054956497
9,147,-0.018844049565583942
9,148,-0.04241963846154084
9,149,-0.02004749912135667
9,150,-0.03525471617488618
9,151,-0.0022200632919686103
9,152,0.009039094001198955
9,153,-0.05020073272815345
9,154,-0.029466621085196043
9,155,-0.05649968601616234
9,156,-0.04249321133142153
9,157,-0.04105594628149151
9,158,0.0647691934579363
9,159,-0.03209791591313932
9,160,0.020179511658750204
9,161,-0.021905596103538705
9,162,-0.01441949157027722
9,163,-0.044816899507940655
9,164,-0.01188734772777994
9,165,-0.03088447244926501
9,166,-0.024353871727088305
9,167,-0.017105798734192268
9,168,-0.02695983536827612
9,169,-0.002867114543131599
9,170,-0.025759256739817493
9,171,0.012177791360556522
9,172,-0.011232223234810434
9,173,-0.011668523784703289
9,174,-0.014917452734727221
9,175,-0.035655232057491715
9,176,-0.0064651720217914765
9,177,0.0200071057113258
9,178,-0.011651061621060277
9,179,0.006022464154106233
9,180,0.027454115207056762
9,181,0.04548344699771334
9,182,-0.0008033432454117584
9,183,-0.0009447549762935936
9,184,0.03516871137926325
9,185,0.02892646380265762
9,186,0.01296350509231392
9,187,0.051511999711390755
9,188,0.06297752222925423
9,189,0.058766928585744616
9,190,0.06466706147020096
9,191,0.04771541983572525
9,192,0.06143741258326263
9,193,0.08518023637318728
9,194,0.07588952467507581
9,195,0.0771489058727044
9,196,0.08002405593667317
9,197,0.07755193912899727
9,198,0.10325515199591528
9,199,0.11725948487990678
9,200,0.13697448995149475
9,201,0.1669784177993081
10,1,-0.015046356280507212
10,2,-0.000956465005622853
10,3,-0.05819232041136879
10,4,-0.015702829895225312
10,5,0.02678337649061635
10,6,-0.01657498927290102
10,7,-0.04232991308101963
10,8,-0.016556778739991895
10,9,-0.03564353722604546
10,10,-0.040504419909108136
10,11,-0.03998789221624299
10,12,-0.030705076525955888
10,13,0.04364296622040298
10,14,-0.04500381165716233
10,15,-0.02423306964251981
10,16,0.02961330679033669
10,17,-0.046441589888188084
10,18,-0.047104921922315135
10,19,0.030661809263790807
10,20,-0.05944984692408367
10,21,-0.03834773624250459
10,22,-0.04621910544612817
10,23,-0.053607470842669036
10,24,-0.0007384792852675459
10,25,-0.024847348140841607
10,26,0.018664965003488465
10,27,-0.05570889957870734
10,28,-0.00036802241569461325
10,29,0.009492711524722641
10,30,-0.018624921523985927
10,31,-0.03635632015077639
10,32,-0.0365438024137803
10,33,-0.0526848191587419
10,34,-0.054396831284544034
10,35,0.013559787247158006
10,36,-0.04122062317701897
10,37,-0.027878419698658508
10,38,-0.021796480759873005
10,39,0.009025308317192615
10,40,-0.0277833570344046
10,41,-0.031390606591552905
10,42,-0.028379565965791054
10,43,0.05250840396759715
10,44,-0.053725064353284446
10,45,-0.026539387473106857
10,46,-0.041367032008211624
10,47,-0.00325330414524716
10,48,-0.030751990766848536
10,49,0.025940039929953307
10,50,-0.03526173298323243
10,51,-0.04103455992191801
10,52,-0.0647644900399647
10,53,-0.05045139773697682
10,54,-0.048736482731865205
10,55,-0.004904838255058552
10,56,-0.030463756001001818
10,57,-0.02560525994339591
10,58,-0.04809068837826874
10,59,-0.01858845530062231
10,60,-0.044229342612835565
10,61,0.04318292063674134
10,62,-0.08520750457563803
10,63,-0.06248695774828261
10,64,-0.03523233714387053
10,65,-0.04766789078023698
10,66,-0.05226043257256674
10,67,0.051871476528522975
10,68,-0.05647957793633335
10,69,-0.06453819194274912
10,70,-0.05952898688881464
10,71,-0.04756143176680144
10,72,-0.04454479905235037
10,73,-0.06493505206916239
10,74,-0.05012863613101215
10,75,0.030575322718390363
10,76,-0.07788917782023969
10,77,-0.03467459903504938
10,78,-0.05651856743213696
10,79,-0.06366592177561714
10,80,-0.0440132168697242
10,81,-0.04182043590275719
10,82,-0.07329843201675545
10,83,-0.055841166901986594
10,84,-0.04163662718076372
10,85,-0.05311491260491891
10,86,-0.0688877342996429
10,87,-0.08669240252694527
10,88,-0.06325404703293086
10,89,-0.01984090090302476
10,90,0.03449838164874819
10,91,-0.06627780159991914
10,92,-0.03352394793949531
10,93,-0.0584776838568572
10,94,-0.029171507114592432
10,95,-0.08460743103808427
10,96,-0.05849753191684676
10,97,-0.05239426194715907
10,98,-0.06937449205329699
10,99,-0.03490157371202307
10,100,-0.07537291600799118
10,101,-0.04738661287319873
10,102,-0.055664999442985086
10,103,0.0119865040060112
10,104,-0.07781326404438954
10,105,-0.06329319583270165
10,106,-0.08370224433960788
10,107,-0.07687183861402025
10,108,-0.07275808527754934
10,109,-0.05660889643406125
10,110,-0.04223990786944243
10,111,-0.07206523627758904
10,112,-0.06944861668180441
10,113,-0.07666351049883241
10,114,-0.055406180804864924
10,115,-0.08796304377993897
10,116,-0.05496015688262845
10,117,-0.08141348346334881
10,118,-0.06781083164669216
10,119,-0.09387856957269175
10,120,-0.09009550877120498
10,121,-0.06704812423561479
10,122,-0.10633043860636687
10,123,-0.08925240393490375
10,124,-0.06580571511884492
10,125,-0.08351071204757055
10,126,-0.08249727573023025
10,127,-0.09797825909741403
10,128,-0.08224141929060791
10,129,-0.093292796345475
10,130,-0.09203505142173041
10,131,-0.09605635307777144
10,132,-0.08467828278377576
10,133,-0.07969956087564944
10,134,-0.06889125958346998
10,135,-0.07982195768492872
10,136,-0.08578951982397093
10,137,-0.0853215220306966
10,138,-0.09865357304883704
10,139,-0.07829782170149935
10,140,-0.09480831887531099
10,141,-0.07221685574805314
10,142,-0.06629365917408409
10,143,-0.06474408352230943
10,144,-0.09826580832450343
10,145,-0.06564708131674662
10,146,-0.0990163442332681
10,147,-0.09306690281474861
10,148,-0.09361339500144988
10,149,-0.0773655823164271
10,150,-0.0979819648007057
10,151,-0.09711247969357456
10,152,-0.08040336965243639
10,153,-0.06903509104430527
10,154,-0.06175289697826947
10,155,-0.0490959548442374
10,156,-0.07629103443552937
10,157,-0.08099537019200109
10,158,-0.055407685793705475
10,159,-0.09879821249373605
10,160,-0.08576809615558889
10,161,-0.11498150356057019
10,162,-0.09137265406357875
10,163,-0.09963968258243239
10,164,-0.09431665162891228
10,165,-0.0351042643808015
10,166,-0.07417361442473536
10,167,-0.0829839916581192
10,168,-0.08437888998016957
10,169,-0.062464465077129216
10,170,-0.08946588743335843
10,171,-0.06565980131978949
10,172,-0.10220507394005979
10,173,-0.03787194983443498
10,174,-0.1016034676151572
10,175,-0.08899644652900429
10,176,-0.08998047599282738
10,177,-0.06626920466338981
10,178,-0.06602936168939127
10,179,-0.10612920007345983
10,180,-0.06633735368648808
10,181,-0.08405793682396395
10,182,-0.03185725400082795
10,183,-0.07352275421078658
10,184,-0.07241699194642565
10,185,-0.06725291773533404
10,186,-0.08386581419990208
10,187,-0.051867058793943044
10,188,-0.08572644639370042
10,189,-0.033808233398332055
10,190,-0.05518135211374642
10,191,-0.06063061953285631
10,192,-0.049168019216724146
10,193,-0.01775337553019868
10,194,-0.013667806858109033
10,195,-0.05476117674555986
10,196,-0.04304224060900946
10,197,-0.04766711404014906
10,198,-0.03126642128897583
10,199,-0.046472935735995424
10,200,-0.029655392372301415
10,201,-0.05607794640946273
10,202,-0.040657523119851824
10,203,-0.018831133627384977
10,204,-0.025405905839621157
10,205,-0.053114736099405924
10,206,-0.029172630322651327
10,207,-0.02218750251464663
10,208,0.003821157360518135
10,209,-0.04474473618783631
10,210,0.015573441830586732
10,211,-0.0050209505132073895
10,212,0.0016885855440087472
10,213,0.040302543903555255
10,214,0.023591602469004047
10,215,0.01814361354951599
10,216,-0.003494282647458935
10,217,0.03579731525418439
10,218,0.04384931150822602
10,219,0.04076709642778076
10,220,0.03351841117449883
10,221,0.08413067039616462
10,222,0.04969899584701465
11,1,-0.044649999224047
11,2,0.06962613543081742
11,3,-0.009491894528153522
11,4,0.029504632370793038
11,5,-0.04795205437260658
11,6,-0.04922660923420186
11,7,-0.0730740562941794
11,8,-0.03041483047916932
11,9,0.029163884131842677
11,10,-0.01650786696537393
11,11,-0.057876777618266095
11,12,-0.04722553525654444
11,13,0.016956590866759935
11,14,0.04155719783518419
11,15,-0.05257416524580344
11,16,-0.07750048814554689
11,17,-0.04552233960103502
11,18,-0.04710163033887127
11,19,-0.03234631896061818
11,20,0.01244062187384487
11,21,-0.034040710283093856
11,22,-0.05762702294773997
11,23,-0.06783205755858002
11,24,-0.0952699217338342
11,25,-0.00022440220661018584
11,26,-0.04234958538078676
11,27,-0.08355960767555398
11,28,-0.013797294457189191
11,29,-0.04982764831891234
11,30,-0.030171033056804353
11,31,-0.03388960540609609
11,32,-0.05280683134926378
11,33,-0.028068797839736426
11,34,-0.057645050080534777
11,35,0.04184587618593916
11,36,-0.06768041561859639
11,37,-0.06802766585490772
11,38,-0.031143482562243696
11,39,0.027868577329195343
11,40,-0.07393387178578781
11,41,-0.05892003757483055
11,42,-0.07671435532025284
11,43,0.02312543151105162
11,44,-0.0436797121211539
11,45,0.0016150661671844313
11,46,-0.02729401236065565
11,47,-0.09038777937661274
11,48,-0.07313669083802249
11,49,-0.0339898688552584
11,50,-0.008684386111757925
11,51,-0.05323414133948601
11,52,-0.03712850446868865
11,53,-0.05737343488548313
11,54,-0.047927228086021845
11,55,-0.0493433919128935
11,56,-0.03557402681861754
11,57,-0.04079369896405449
11,58,-0.05298815733898515
11,59,-0.05275391998126999
11,60,-0.05610114708826475
11,61,-0.05193749239652734
11,62,-0.02758497796632209
11,63,-0.06261940044110237
11,64,-0.03106668033362392
11,65,-0.06669175907499042
11,66,-0.04969012722353089
11,67,-0.029357614960693224
11,68,-0.09463800638305975
11,69,-0.08662777707308089
11,70,-0.06875384657545702
11,71,-0.06751308568482822
11,72,-0.08335966902182879
11,73,-0.03723836561011162
11,74,-0.08609186063933838
11,75,-0.04604598266189419
11,76,-0.06134602263418193
11,77,-0.0533575557773347
11,78,-0.06822939336422423
11,79,-0.08319973210353737
11,80,-0.06791711679509449
11,81,-0.06819685840658846
11,82,-0.05996231004509489
11,83,-0.07642483468503902
11,84,-0.08788330403372568
11,85,-0.07738013278237899
11,86,-0.05606864801984657
11,87,-0.03465262971131994
11,88,-0.06718335664991626
11,89,-0.08650387065740744
11,90,-0.0749021657012734
11,91,-0.09189854556359595
11,92,-0.06960661438777749
11,93,-0.0706071478423409
11,94,-0.04502460234674943
11,95,-0.05140403004925581
11,96,-0.07659361435921203
11,97,-0.06489194647387819
11,98,-0.08360954144792876
11,99,-0.06664640191002374
11,100,-0.0843542088445362
11,101,-0.06425811838371714
11,102,-0.06659802443960522
11,103,-0.08928690511925985
11,104,-0.06012723003620096
11,105,-0.06115515272424027
11,106,-0.05716683552582813
11,107,-0.031548903691767105
11,108,-0.057469524534731864
11,109,-0.02769052972951319
11,110,-0.0596857088419423
11,111,-0.03966726080249022
11,112,-0.06091686417854064
11,113,0.01950842157442889
11,114,-0.10052821349987245
11,115,-0.06923816993829346
11,116,-0.07678003385260673
11,117,-0.07490470117493048
11,118,-0.057160494625439706
11,119,-0.08563247162109622
11,120,-0.04074567560039005
11,121,-0.10558145722118034
11,122,-0.09441000223667778
11,123,-0.07427934380315193
11,124,-0.10225638908882673
11,125,-0.05050769875378697
11,126,-0.07446581002172054
11,127,-0.08359108590751674
11,128,-0.06200457732805237
11,129,-0.06802043312732281
11,130,-0.07320848225514731
11,131,-0.07090773870284295
11,132,-0.08755811243496142
11,133,-0.059973597132997936
11,134,-0.05298766267951588
11,135,-0.10557598645485522
11,136,-0.05659929788895879
11,137,-0.06766539508178016
11,138,-0.0381692116313842
11,139,-0.057066050943802404
11,140,-0.07056117159447745
11,141,-0.0917847880913174
11,142,-0.06127554920555861
11,143,-0.047495222138314586
11,144,-0.05236738792002332
11,145,-0.08731020506349074
11,146,-0.06748731855659279
11,147,-0.0909245260055731
11,148,-0.07916511583314856
11,149,-0.07946493861535231
11,150,-0.09029828884142199
11,151,-0.09344188244495011
11,152,-0.09188163959520862
11,153,-0.08600196629682028
11,154,-0.08994179399536095
11,155,-0.10019177200590351
11,156,-0.09166695946254988
11,157,-0.05247092671144726
11,158,-0.09020626735884485
11,159,-0.0021543037881039395
11,160,-0.09995448304635962
11,161,-0.08178621645420264
11,162,-0.07532008570249155
11,163,-0.08754812984839183
11,164,-0.08310699238163705
11,165,-0.10057509350787586
11,166,-0.07947872778085907
11,167,-0.10136760870665829
11,168,-0.08726521343963206
11,169,-0.08258788361220604
11,170,-0.0756776040984331
11,171,-0.06853149604540526
11,172,-0.07142261918127751
11,173,-0.06495135531089008
11,174,-0.07528110523522602
11,175,-0.08507303524364701
11,176,-0.05937829866398908
11,177,-0.0931692207987051
11,178,-0.06717805576778407
11,179,-0.08314562576635054
11,180,-0.1073685098700739
11,181,-0.09160824934045747
11,182,-0.08424905271056637
11,183,-0.08719425057802588
11,184,-0.05685024804802696
11,185,-0.09857956617374819
11,186,-0.08327043020809632
11,187,-0.06374123968542122
11,188,-0.062134810445024724
11,189,-0.07523706912342365
11,190,-0.06988306040930303
11,191,-0.08073069925206217
11,192,-0.029702882542843145
11,193,-0.07946712239948095
11,194,-0.05114879633922337
11,195,-0.05565720184645018
11,196,-0.05786250247636898
11,197,-0.05455595237237992
11,198,-0.06144049195854273
11,199,-0.06074984196127481
11,200,-0.058479770200215664
11,201,-0.04460272358175149
11,202,-0.057823369949843606
11,203,-0.058483448083568035
11,204,-0.03656350489628318
11,205,-0.031611391400519606
11,206,-0.05004603752395875
11,207,-0.046321159515205046
11,208,-0.05030621200277324
11,209,-0.00563863076324278
11,210,-0.019661456466807226
11,211,-0.013590111795540205
11,212,-0.01997140473215664
11,213,-0.01304478283562438
11,214,-0.025640818943647614
11,215,-0.04257320820029881
11,216,-0.03261396121772847
11,217,-0.01819116723803238
11,218,-0.005730271093908834
11,219,-0.009283017919130387
11,220,0.0016491918752848944
11,221,-0.0035892992934211665
11,222,-0.010304128063435669
11,223,-0.008638327085176145
11,224,0.009446768281654139
11,225,0.023605725560579716
11,226,-0.007045231677722308
11,227,0.03909170868731082
11,228,0.023017613807857606
11,229,0.012444955791183432
11,230,0.04402984584909331
11,231,0.07146515245226703
11,232,0.04512208125086081
11,233,0.002335592691730004
11,234,0.041493708393153805
11,235,0.06071787906107917
11,236,0.09020443370325149
11,237,0.041295448908593047
11,238,0.08668592547943588
11,239,0.07472407660787994
11,240,0.07828973002541084
12,1,-0.07922136412130942
12,2,-0.08951943046737443
12,3,-0.10695961905526574
12,4,-0.059575369376747234
12,5,-0.05287750847509848
12,6,-0.11244337537963539
12,7,-0.09685668344294529
12,8,-0.07795508874513524
12,9,-0.09097476448789837
12,10,-0.10201180471005805
12,11,-0.061693619895436314
12,12,-0.06834732694428097
12,13,-0.09653893502428657
12,14,-0.1064722254141936
12,15,-0.05825444912423039
12,16,-0.07433314004983288
12,17,-0.09766032278139475
12,18,-0.05412851576784533
12,19,-0.08635903836197883
12,20,-0.094377665597138
12,21,-0.08568944804594864
12,22,-0.0621299675126572
12,23,-0.06051001393723354
12,24,-0.10070990683296188
12,25,-0.07471818968244859
12,26,-0.08204344075694991
12,27,-0.07395853700661792
12,28,-0.07868923276905782
12,29,-0.08629818080015339
12,30,-0.09772168280516802
12,31,-0.09808880631384642
12,32,-0.0928423485214554
12,33,-0.10593177797106368
12,34,-0.08229329025173027
12,35,-0.08265455311434033
12,36,-0.06667539509196252
12,37,-0.10424639750642728
12,38,-0.08826182860048232
12,39,-0.10109476299088699
12,40,-0.0796036914369429
12,41,-0.08894288396714584
12,42,-0.06401432581467942
12,43,-0.1068884640296629
12,44,-0.0787827690438504
12,45,-0.08872011697681109
12,46,-0.0875702370116877
12,47,-0.09475352520398245
12,48,-0.09580467626925049
12,49,-0.08295794148821284
12,50,-0.05085208481525755
12,51,-0.06941368141165166
12,52,-0.087690794140176
12,53,-0.06697390773771145
12,54,-0.07314706205160676
12,55,-0.08442115234710967
12,56,-0.09139560403083746
12,57,-0.08851041987151825
12,58,-0.0899861129981564
12,59,-0.06615075866216286
12,60,-0.0799569023295929
12,61,-0.08667050757663869
12,62,-0.07753227539070479
12,63,-0.09440040365869568
12,64,-0.08976519819312356
12,65,-0.0900955878822336
12,66,-0.09398911700265583
12,67,-0.09698786103361756
12,68,-0.08270566879177232
12,69,-0.09152457515007917
12,70,-0.08261908026940656
12,71,-0.09280549828295775
12,72,-0.08906911599058226
12,73,-0.0813436360580419
12,74,-0.08427551022538005
12,75,-0.09252870463216956
12,76,-0.09040244728764707
12,77,-0.072014108141295
12,78,-0.09528490542635648
12,79,-0.09063604533652436
12,80,-0.0602677703728659
12,81,-0.08621394040943092
12,82,-0.029066262678998145
12,83,-0.04748004799594341
12,84,-0.08225022609833105
12,85,-0.07724063001133025
12,86,-0.05129678330037207
12,87,-0.08396177515393743
12,88,-0.06857169872466118
12,89,-0.036236032159679854
12,90,-0.07691256755336867
12,91,-0.08677599622280241
12,92,-0.06669901727073257
12,93,-0.08316683307107064
12,94,-0.07161127482675056
12,95,-0.0826038636545558
12,96,-0.05025526880937409
12,97,-0.08207386489616697
12,98,-0.0861195974803532
12,99,-0.09831920330701016
12,100,-0.0701392961287936
12,101,-0.08238800951422454
12,102,-0.08645505638601997
12,103,-0.08133901429497847
12,104,-0.07505332673183984
12,105,-0.07122973489020346
12,106,-0.0658847585474523
12,107,-0.08026041794108596
12,108,-0.0961586716305246
12,109,-0.048609833434481886
12,110,-0.08140423605666308
12,111,-0.07772470647880464
12,112,-0.07105965952402965
12,113,-0.07847735844353454
12,114,-0.023494295002562393
12,115,-0.08409710208379712
12,116,-0.05137020076653981
12,117,-0.0725342733162635
12,118,-0.04938489670329793
12,119,-0.0651518792297005
12,120,-0.05170523350391265
12,121,-0.07575691316622152
12,122,-0.020689564861294363
12,123,-0.08037603901933044
12,124,-0.03793737749330084
12,125,0.002404960011079149
12,126,-0.053258508194997445
12,127,-0.042695487900208384
12,128,-0.05310955661321559
12,129,-0.016547295471347145
12,130,-0.03245982605131581
12,131,-0.015396687639039008
12,132,-0.023065006327190052
12,133,-0.06160329152392918
12,134,-0.03698754554443162
12,135,-0.0166195735725832
12,136,-0.03502160339099808
12,137,-0.03272223140495567
12,138,-0.016461937692326456
12,139,-0.013551204566433273
12,140,-0.03900020265691073
12,141,0.0028255108477655
12,142,-0.026788693844987943
12,143,-0.019382686252695902
12,144,-0.0055624346993681795
12,145,-0.0013631770065233861
12,146,-0.024351102925657342
12,147,-0.014672275427561055
12,148,-0.0003427009800858194
12,149,-0.012786823539094605
12,150,0.003094721271303169
12,151,0.019251177220666604
12,152,0.008686997732749835
12,153,0.007436759920939395
12,154,-0.008663850433533626
12,155,0.016662065676528837
12,156,0.015695373137146418
12,157,0.0083000866855244
12,158,0.038434791511025135
12,159,0.03882284689518034
12,160,0.07422491540809462
12,161,0.02619361666297515
12,162,0.05062726161298847
12,163,0.0891622442421709
12,164,0.0465558957213793
12,165,0.04002594058125819
12,166,0.05500108450331098
12,167,0.04900765746493785
12,168,0.05174961029323932
12,169,0.07711654120095468
12,170,0.07564530419454574
13,1,-0.07687434237039104
13,2,-0.10640980712277881
13,3,-0.10646394650608926
13,4,-0.07313859859530913
13,5,-0.05949260985367033
13,6,-0.10586875141550983
13,7,-0.1084918775264645
13,8,-0.06374496950591196
13,9,-0.07987271292868886
13,10,-0.07039876548702717
13,11,-0.09741637137322623
13,12,-0.10150079099124526
13,13,-0.08659107614875927
13,14,-0.09704667115789428
13,15,-0.05644166712817372
13,16,-0.08978742196149653
13,17,-0.10377868807289192
13,18,-0.0821596248205706
13,19,-0.10529032870955263
13,20,-0.0920552493935749
13,21,-0.0841000066617722
13,22,-0.1139457456102948
13,23,-0.09077891866709503
13,24,-0.08299094226877496
13,25,-0.07945191850792604
13,26,-0.09327946189976427
13,27,-0.11551222837214464
13,28,-0.11108912033252166
13,29,-0.11821030717181547
13,30,-0.08926353294230543
13,31,-0.11206517821794704
13,32,-0.12178347159078473
13,33,-0.11422051552373486
13,34,-0.1104579248683985
13,35,-0.10693989873108295
13,36,-0.09259747499406956
13,37,-0.06686707826326954
13,38,-0.08519246147207932
13,39,-0.0975243531549349
13,40,-0.07354743029803212
13,41,-0.10178757976514169
13,42,-0.10393251092317918
13,43,-0.11911733158713234
13,44,-0.09575312767014477
13,45,-0.08905632556515092
13,46,-0.08711421820053428
13,47,-0.08270495758245955
13,48,-0.10090784763160177
13,49,-0.07927425207146205
13,50,-0.1147637261667318
13,51,-0.09810658713995596
13,52,-0.07639547006498049
13,53,-0.09495109456635825
13,54,-0.08646648953738345
13,55,-0.10136479513563412
13,56,-0.09252255890122052
13,57,-0.087803919457077
13,58,-0.08888952257227634
13,59,-0.09249959892639703
13,60,-0.09545596195098044
13,61,-0.07812714135751231
13,62,-0.09496684131931454
13,63,-0.0976162144745158
13,64,-0.10844107312357759
13,65,-0.08731571040126151
13,66,-0.09529307664420272
13,67,-0.05853181712298455
13,68,-0.0915596260489368
13,69,-0.10879639869673585
13,70,-0.07737246852439272
13,71,-0.08192472801870498
13,72,-0.08407663157347861
13,73,-0.09733872309175556
13,74,-0.09012039811587458
13,75,-0.10971814976311767
13,76,-0.10622205772431376
13,77,-0.06420499307825572
13,78,-0.09614967662195806
13,79,-0.08532225397304727
13,80,-0.10127642020465782
13,81,-0.08116010520798267
13,82,-0.07601076213308505
13,83,-0.11184398734957296
13,84,-0.10420341157129526
13,85,-0.06860154782708339
13,86,-0.06986387980176617
13,87,-0.10347526384696626
13,88,-0.08557949311877006
13,89,-0.09302478392229507
13,90,-0.07704531976367629
13,91,-0.08886342112531387
13,92,-0.06143376351513408
13,93,-0.09768240269070355
13,94,-0.11015569210557408
13,95,-0.08114268470517527
13,96,-0.0788042071259733
13,97,-0.10038590158606858
13,98,-0.08583360993453432
13,99,-0.05999008229176939
13,100,-0.08263638033938087
13,101,-0.08260111225130756
13,102,-0.10218251286231228
13,103,-0.09663842240505882
13,104,-0.07585309756210995
13,105,-0.1055173352802315
13,106,-0.06774465659592527
13,107,-0.0813203779890932
13,108,-0.09933068172421544
13,109,-0.0693673282114301
13,110,-0.09092185383193951
13,111,-0.05668886856756766
13,112,-0.08283638227317025
13,113,-0.09871594353269758
13,114,-0.07337190688055767
13,115,-0.0902072734739019
13,116,-0.08209685736107314
13,117,-0.06056694511336724
13,118,-0.08677538314271516
13,119,-0.08085975837238607
13,120,-0.07896831949607569
13,121,-0.06753209857979958
13,122,-0.07831401834848772
13,123,-0.0398361228428184
13,124,-0.05754702043093851
13,125,-0.07121786106599115
13,126,-0.0561134766511322
13,127,-0.06704160929282171
13,128,-0.06386004008028284
13,129,-0.056739550617302015
13,130,-0.024920327823861
13,131,-0.030262231129798978
13,132,-0.0347190210697097
13,133,-0.052482191065221784
13,134,-0.05928262967149017
13,135,-0.05898950850205048
13,136,-0.041616572349088665
13,137,-0.06303470644638798
13,138,-0.047550631500896945
13,139,-0.04095763998327673
13,140,-0.011656895857553473
13,141,-0.020934680879873824
13,142,-0.037571761961785244
13,143,0.015349841194342462
13,144,-0.00711957071548186
13,145,-0.0217282114291934
13,146,0.0036432993004446024
13,147,-0.013371127683002915
13,148,-0.014804355971120786
13,149,-0.0015889358105175
13,150,0.005694580652677361
13,151,0.03339328032337252
13,152,-0.006835490089765861
13,153,0.031289678104215124
13,154,0.008726092199183189
13,155,0.030794031712213288
13,156,0.020339151230684527
13,157,0.05173881144363235
13,158,0.037768533003635585
13,159,0.1036778666850241
13,160,0.05780042995482959
13,161,0.08450480942323757
13,162,0.10550461544160061
13,163,0.1197095813954705
14,1,-0.08351977346744943
14,2,-0.11205150442946044
14,3,-0.10184606594803797
14,4,-0.1132799125822212
14,5,-0.09709040244390493
14,6,-0.09497520620330546
14,7,-0.0933656780867852
14,8,-0.0893261966342388
14,9,-0.08449982863202221
14,10,-0.07006349974981418
14,11,-0.08772468419353768
14,12,-0.05587504773847046
14,13,-0.0863631536349811
14,14,-0.09212865564335126
14,15,-0.09056749898376976
14,16,-0.09141775718620371
14,17,-0.05614077225801717
14,18,-0.10756329024481076
14,19,-0.08226231158152386
14,20,-0.11202521944916743
14,21,-0.06362544187549074
14,22,-0.07070468043957778
14,23,-0.10951917409797618
14,24,-0.10502106503869835
14,25,-0.10620422458834078
14,26,-0.0948552301474706
14,27,-0.10488565602712069
14,28,-0.08445779466393416
14,29,-0.06760818602466834
14,30,-0.09482495956450737
14,31,-0.059832543828437335
14,32,-0.08036739005016474
14,33,-0.09475893253863382
14,34,-0.11629600197729628
14,35,-0.08383851263094533
14,36,-0.09745376332504835
14,37,-0.0864421285133804
14,38,-0.08197346922897952
14,39,-0.10100663008375876
14,40,-0.11186089559428358
14,41,-0.08069155161704827
14,42,-0.09929448658392348
14,43,-0.0940938242616507
14,44,-0.10855024699800969
14,45,-0.08656867797072809
14,46,-0.09394979415359606
14,47,-0.09347430092502462
14,48,-0.09535135395112787
14,49,-0.1082561154439613
14,50,-0.08926329162739582
14,51,-0.07714557487601842
14,52,-0.11170436318604315
14,53,-0.10349926458185221
14,54,-0.06691384894971164
14,55,-0.07330062035130658
14,56,-0.10740641361766429
14,57,-0.08492315177751752
14,58,-0.08996348032988372
14,59,-0.09568125599165833
14,60,-0.08802213930448927
14,61,-0.08080915044747633
14,62,-0.07255480982957652
14,63,-0.08281867810097149
14,64,-0.10779937048521332
14,65,-0.08981988135769364
14,66,-0.1004177549586397
14,67,-0.09583705394003417
14,68,-0.10922560847197349
14,69,-0.11280630299845251
14,70,-0.09935144173492161
14,71,-0.11217615856459795
14,72,-0.07555567046165074
14,73,-0.11123362874930603
14,74,-0.09539575563932928
14,75,-0.09514637180923347
14,76,-0.09592285069213785
14,77,-0.09160705561960308
14,78,-0.09839882377815501
14,79,-0.12102560001816892
14,80,-0.09682834570523408
14,81,-0.09132773276546052
14,82,-0.08914289699512135
14,83,-0.11346685110262628
14,84,-0.11189691678293245
14,85,-0.11218169153302104
14,86,-0.10027793553494863
14,87,-0.08545482694850781
14,88,-0.0774101518169803
14,89,-0.10740727105630732
14,90,-0.08928276257258827
14,91,-0.06163745933176651
14,92,-0.06940046094748553
14,93,-0.08158091007351864
14,94,-0.09121136938456692
14,95,-0.09075912137948944
14,96,-0.08640820447703557
14,97,-0.10828653607881916
14,98,-0.0856409696959256
14,99,-0.076117246978183
14,100,-0.1059620820427501
14,101,-0.06605508584981268
14,102,-0.053704831247561036
14,103,-0.09785989104516635
14,104,-0.08786020031646091
14,105,-0.09957480861343121
14,106,-0.09002411539796651
14,107,-0.06070023646082762
14,108,-0.08334984784899652
14,109,-0.09768272083989515
14,110,-0.09733805079897473
14,111,-0.0967755866688762
14,112,-0.059408003502952555
14,113,-0.08825530599349035
14,114,-0.08703893392076972
14,115,-0.07465383721832425
14,116,-0.0843522842646568
14,117,-0.0978969355355433
14,118,-0.06768568872330244
14,119,-0.08784571343474185
14,120,-0.08811226868523603
14,121,-0.0735535399517645
14,122,-0.08144172049527848
14,123,-0.06783017357219245
14,124,-0.09300572004560403
14,125,-0.08651996020041297
14,126,-0.05758934343185945
14,127,-0.07045548391643097
14,128,-0.05846670723323588
14,129,-0.08453732772047773
14,130,-0.0695402631929461
14,131,-0.08311664058441742
14,132,-0.054379202515271674
14,133,-0.0743057304705978
14,134,-0.07290845949370861
14,135,-0.061414257303577635
14,136,-0.06695176426406613
14,137,-0.031342529894004045
14,138,-0.07665050226169828
14,139,-0.06722451217375597
14,140,-0.07283277815472533
14,141,-0.07563528114555262
14,142,-0.041221120606977524
14,143,0.002329320663127854
14,144,-0.05048932574409848
14,145,-0.06276508881974258
14,146,-0.057871226476005344
14,147,-0.04017291132312706
14,148,-0.002379899938396879
14,149,-0.059642836030842306
14,150,-0.04279538732571625
14,151,-0.015784990925809594
14,152,0.006304324864618183
14,153,-0.03771854498700572
14,154,-0.028915430179518697
14,155,0.005386557535392633
14,156,-0.0237942584133235
14,157,-0.02973371541040193
14,158,-0.04513792549852219
14,159,-0.010844328958528882
14,160,-0.00037137651319657516
14,161,-0.006479909739114276
14,162,0.0065505388405521225
14,163,-0.019965749526384302
14,164,0.0166596732879587
14,165,-0.014671928930758249
14,166,-0.012085475978332705
14,167,0.02252430467788813
14,168,0.02428579741908632
14,169,0.0075225417443858245
14,170,0.03560689757375013
14,171,0.07060492418527786
14,172,0.0546188434896514
14,173,0.05346296746249579
14,174,0.05212648944758436
14,175,0.03615065791491423
14,176,0.0282569951232855
14,177,0.06503981512689738
14,178,0.06105779867053218
14,179,0.086341712353039
14,180,0.07870270218522757
15,1,-0.007920193636383965
15,2,-0.03977880750398466
15,3,-0.05757734554909871
15,4,-0.014787587043029349
15,5,0.04932280713566728
15,6,-0.013237474547191042
15,7,-0.016318097879007454
15,8,-0.04681172235064118
15,9,0.06346882961820577
15,10,-0.0375918891775705
15,11,0.012213266928165822
15,12,0.051673183269895895
15,13,0.011382476009150433
15,14,-0.029757034364863766
15,15,-0.03625633343814755
15,16,0.0011849347981621738
15,17,-0.01866911268061139
15,18,0.026031656737176112
15,19,0.0024817669522743113
15,20,-0.016681521586888237
15,21,0.03229905374261477
15,22,-0.05248073846853235
15,23,-0.045656471850506364
15,24,0.04062989484533719
15,25,-0.04027054623777282
15,26,-0.04221883804502563
15,27,-0.06063314228397293
15,28,-0.004882940599500396
15,29,0.018803491407501594
15,30,0.0108241478998653
15,31,-0.0587296856618158
15,32,-0.08575937768359687
15,33,-0.08204076548399114
15,34,0.014447091766579545
15,35,-0.07611997287173589
15,36,-0.007232199397239736
15,37,-0.047175330615083944
15,38,0.034044625666714845
15,39,-0.05625246609547624
15,40,-0.060157798155401954
15,41,-0.05760998305636095
15,42,-0.016825897935273726
15,43,-0.038012203166058856
15,44,-0.03727477213322533
15,45,-0.05646594755749457
15,46,-0.041534943074029385
15,47,-0.02582820500279659
15,48,0.023521733082577878
15,49,-0.0304052892578201
15,50,-0.060988285502550865
15,51,0.0013501122096832852
15,52,-0.05949555899557851
15,53,-0.017161763071547043
15,54,-0.051757321696020764
15,55,-0.064540722202724
15,56,-0.03295080352098195
15,57,-0.05614714215490457
15,58,-0.06223959194518608
15,59,-0.008289249417686995
15,60,-0.04275762907905517
15,61,-0.030621014267712965
15,62,-0.06414041659395953
15,63,-0.08822943830760677
15,64,-0.08048786226106669
15,65,-0.02704194748310068
15,66,-0.05526964913996191
15,67,-0.046489673131135056
15,68,-0.06614815128866919
15,69,-0.01612558048759094
15,70,-0.08044856243016107
15,71,-0.061548320431488945
15,72,-0.05199565174226728
15,73,-0.025011009432173548
15,74,-0.07039335770606314
15,75,-0.04159768404833669
15,76,-0.0524276113372501
15,77,-0.07920112936916113
15,78,-0.004948330306935866
15,79,-0.06470753119640071
15,80,-0.04130548963960712
15,81,-0.03233455587553202
15,82,-0.056444571542267896
15,83,-0.07378925299332656
15,84,-0.05028072175278653
15,85,-0.04330386993584745
15,86,0.00942395737858881
15,87,-0.08473681190022991
15,88,-0.06780470596978871
15,89,-0.07608823100694123
15,90,-0.06530342008501133
15,91,-0.0778898596919314
15,92,-0.08590743405738682
15,93,-0.0669087731705334
15,94,-0.06349150288927824
15,95,-0.07687796138201447
15,96,-0.0743614897046232
15,97,-0.06386311777139336
15,98,-0.07563050923132075
15,99,-0.09216206345009292
15,100,-0.037441936989130675
15,101,-0.05717681994493856
15,102,-0.06524178898136695
15,103,-0.10975661272305287
15,104,-0.06660682541131818
15,105,-0.0761872917295
15,106,-0.0899694460280911
15,107,-0.058257487041153466
15,108,-0.09111237502410252
15,109,-0.07868878505455701
15,110,-0.06819064865761082
15,111,-0.09801232438815582
15,112,-0.06238196447217054
15,113,-0.06574654646796801
15,114,-0.07001155991583607
15,115,-0.09604105782222289
15,116,-0.09139906448271862
15,117,-0.09988289373922726
15,118,-0.07571953204002196
15,119,-0.0506935929708619
15,120,-0.06516085392560617
15,121,-0.07269560351080057
15,122,-0.054101916146516604
15,123,-0.10330829723686125
15,124,-0.03776226531990834
15,125,-0.08404648249833624
15,126,-0.07948032298553659
15,127,-0.06974061102145906
15,128,-0.06970289355024256
15,129,-0.06629215408353911
15,130,-0.10642708676146106
15,131,-0.1044431771217626
15,132,-0.08350805729752336
15,133,-0.07340284035920569
15,134,-0.10586982665572653
15,135,-0.08536201751886935
15,136,-0.07567241844193623
15,137,-0.09275850164796484
15,138,-0.10736627775535534
15,139,-0.11176713744153066
15,140,-0.08555332980493413
15,141,-0.11099919815464959
15,142,-0.11602477442447223
15,143,-0.10291002964903623
15,144,-0.06514872509177161
15,145,-0.08890986932226419
15,146,-0.09775083505232335
15,147,-0.09657618499252235
15,148,-0.106770000188176
15,149,-0.10433938078721106
15,150,-0.09374124376751358
15,151,-0.10204475909103972
15,152,-0.08108736915431602
15,153,-0.06678894969112836
15,154,-0.0851074909124383
15,155,-0.07800814862587846
15,156,-0.10558764959177341
15,157,-0.10549980372366097
15,158,-0.0919063477621595
15,159,-0.09249981108487393
15,160,-0.10910974356546976
15,161,-0.07457604425068459
15,162,-0.11316226539122987
15,163,-0.0981256222528587
15,164,-0.08345610015329608
15,165,-0.10607973528391318
15,166,-0.09449842804120817
15,167,-0.08850219845743573
15,168,-0.06523888139823636
15,169,-0.09343342745593053
15,170,-0.020682893288195392
15,171,-0.05503105293062077
15,172,-0.0950634626798475
15,173,-0.04684262764762526
15,174,-0.08676174890010702
15,175,-0.023391566265094477
15,176,-0.08899501697114481
15,177,-0.07206882071655157
15,178,-0.04789556272194706
15,179,-0.045786264899459694
15,180,-0.04451202739951099
15,181,-0.06619941631001763
15,182,-0.05100898760215078
15,183,-0.007390973242077492
15,184,-0.04795219563524444
15,185,-0.030447957588175534
15,186,-0.05727014668282365
15,187,-0.05544278239726774
15,188,-0.029677840947193335
15,189,0.004139742808922819
15,190,-0.004171200404691711
15,191,0.002455113614409754
15,192,-0.010765698116990408
15,193,0.021877157590630802
15,194,0.01322051967271698
15,195,-0.021491797416861802
15,196,0.019806502467514697
15,197,0.030795809310256828
15,198,0.014852235275560899
15,199,0.02524517599541809
15,200,0.03758164764130867
15,201,0.02199911799734333
15,202,0.06971956714289895
15,203,0.09122057601505051
15,204,0.061561244524413916
15,205,0.1045267039687845
15,206,0.10714070650926588
15,207,0.08123570408305336
16,1,-0.09532706645159067
16,2,-0.08449190685728508
16,3,-0.11018118804097848
16,4,-0.06962883013445859
16,5,-0.09383878125397488
16,6,-0.0780129389256638
16,7,-0.05130958872218644
16,8,-0.08651103876104349
16,9,-0.08708572979554824
16,10,-0.09333058124956872
16,11,-0.09702539573661273
16,12,-0.10363817149087662
16,13,-0.07318581853580147
16,14,-0.07879349677545827
16,15,-0.0801812178438564
16,16,-0.09256746986827052
16,17,-0.0699522941299493
16,18,-0.08989243920787804
16,19,-0.09195700241674198
16,20,-0.1051062529777802
16,21,-0.0827359518913321
16,22,-0.08285156231001767
16,23,-0.08135444480567688
16,24,-0.09746327325561294
16,25,-0.11133993103375062
16,26,-0.09585362965611727
16,27,-0.08253831149895613
16,28,-0.05101770236042702
16,29,-0.10657149944786176
16,30,-0.08513125434084468
16,31,-0.0999556588198608
16,32,-0.10424582575709596
16,33,-0.09636587001101099
16,34,-0.08556489333479439
16,35,-0.0795135887815559
16,36,-0.09628397507954178
16,37,-0.11760505249620357
16,38,-0.07760474501425335
16,39,-0.08749869859497406
16,40,-0.10477699417081687
16,41,-0.08145562044809629
16,42,-0.07698259919175154
16,43,-0.07259453392751525
16,44,-0.09860580290039705
16,45,-0.08056890010952167
16,46,-0.07814215024446669
16,47,-0.08697624233086493
16,48,-0.08177315059649148
16,49,-0.06775004419023767
16,50,-0.09157898511299734
16,51,-0.09873999344868611
16,52,-0.08320990330914163
16,53,-0.07622084328421735
16,54,-0.11081414331472883
16,55,-0.07452304191662551
16,56,-0.07082645993657483
16,57,-0.08188346950637898
16,58,-0.07983512621961653
16,59,-0.07507485012357712
16,60,-0.10728997070409241
16,61,-0.0976987885365222
16,62,-0.06422007495804621
16,63,-0.08810702723962782
16,64,-0.07747420902894514
16,65,-0.09824236453092222
16,66,-0.09074536295984637
16,67,-0.08788900476355055
16,68,-0.08398241695579067
16,69,-0.0923040711607862
16,70,-0.05562691837439265
16,71,-0.07588891862741032
16,72,-0.06260629293537645
16,73,-0.0624827019014787
16,74,-0.09805549126924157
16,75,-0.09122945666982418
16,76,-0.06546467777325893
16,77,-0.08594607154868411
16,78,-0.06674763969175768
16,79,-0.08813608645337967
16,80,-0.08270070398657087
16,81,-0.08778375357213358
16,82,-0.10238785696466002
16,83,-0.04440611599916838
16,84,-0.08554212823836083
16,85,-0.09201619652870552
16,86,-0.09356461614520539
16,87,-0.09546481751746233
16,88,-0.06537816921742984
16,89,-0.0843041225185735
16,90,-0.09440402907000167
16,91,-0.08021533729611463
16,92,-0.09403918956456236
16,93,-0.06948152580049322
16,94,-0.07475364161333636
16,95,-0.09445893124047755
16,96,-0.10880095867279682
16,97,-0.06907583226893732
16,98,-0.08499744336272669
16,99,-0.09190631227530333
16,100,-0.06475290489161878
16,101,-0.06568004758430906
16,102,-0.08170449736649904
16,103,-0.06786661613891398
16,104,-0.049752824518702776
16,105,-0.03914823268129003
16,106,-0.09437376200046199
16,107,-0.0711277679216803
16,108,-0.06997209660789483
16,109,-0.06983451029900734
16,110,-0.06951154402174892
16,111,-0.07262409872612424
16,112,-0.07341714158979257
16,113,-0.09361039032965851
16,114,-0.09995140655284751
16,115,-0.0905074705484038
16,116,-0.06705461640829469
16,117,-0.04628272765248731
16,118,-0.0704171222520385
16,119,-0.07965363125918606
16,120,-0.04411761171124756
16,121,-0.06998112113010124
16,122,-0.03037623479339574
16,123,-0.07088308829882223
16,124,-0.07600391547486096
16,125,-0.07777694007196911
16,126,-0.043775178184693564
16,127,-0.08741167622756141
16,128,-0.056600003645032815
16,129,-0.06577308415528055
16,130,-0.07794886769042908
16,131,-0.031878307140220774
16,132,-0.03255164231166641
16,133,-0.04519011659863642
16,134,-0.06247314254294184
16,135,-0.04246861134017038
16,136,-0.05459837256651795
16,137,-0.04763379205980223
16,138,-0.04047772938917149
16,139,-0.06699082323190453
16,140,-0.03545711068179236
16,141,-0.07450679416414557
16,142,-0.053566952921076716
16,143,-0.051083662889878034
16,144,-0.08077434041748777
16,145,-0.08886298342721505
16,146,-0.04844322544316171
16,147,-0.02470220156171138
16,148,-0.040234433237540945
16,149,-0.07713039099124758
16,150,-0.03567433234763995
16,151,-0.0622280996580174
16,152,-0.06612361916580539
16,153,-0.06369727453039353
16,154,-0.047142564958926825
16,155,-0.08015220836156073
16,156,-0.036035174208904286
16,157,-0.03456108289131793
16,158,-0.07441011390676583
16,159,-0.042378063260422816
16,160,-0.030741290033751312
16,161,-0.007565609482136859
16,162,-0.07535942283293345
16,163,-0.03196136340766825
16,164,-0.026090721491983104
16,165,-0.03423678206438063
16,166,0.004788377287486156
16,167,-0.04163921630695239
16,168,-0.052010816571172125
16,169,-0.008622988837890921
16,170,-0.02139849535391758
16,171,-0.022212793377834494
16,172,-0.03359897606312978
16,173,-0.0425641747749812
16,174,-0.027721604587331194
16,175,-0.01756819364180623
16,176,-0.028152722232511584
16,177,-0.035999762516955025
16,178,-0.016214099500461154
16,179,-0.0102968249768155
16,180,-0.012507258158163725
16,181,-0.018721628875129515
16,182,-0.008846684629676749
16,183,0.016046636123584035
16,184,-0.0386080625816716
16,185,0.028695482730830446
16,186,0.03409130508388636
16,187,-0.009788380004335184
16,188,0.007548283104099496
16,189,0.028207609090053265
16,190,0.02574743704234217
16,191,0.0036806323912403904
16,192,0.06317294563449516
16,193,0.03971680726364957
16,194,0.03653831695586929
16,195,0.04673839607515595
16,196,0.048388996302187626
16,197,0.04686237389058523
16,198,0.0898578341043933
16,199,0.04213546971885451
16,200,0.0664714604529576
16,201,0.046832395366714685
16,202,0.05787480451209581
16,203,0.07812582656827083
16,204,0.055241774795836474
16,205,0.08377506629704978
16,206,0.0433684652242593
16,207,0.11759970785081619
16,208,0.10546356155804815
16,209,0.07307613918254485
17,1,0.01700758757590659
17,2,-0.02375138148122674
17,3,-0.020497793114794327
17,4,-0.04628931224443683
17,5,-0.04382283550652066
17,6,-0.08157864469735593
17,7,-0.05810594270416103
17,8,0.033413593360923644
17,9,-0.03620329369934594
17,10,-0.020670098636806133
17,11,-0.038016149520752995
17,12,-0.0047829862910698795
17,13,0.02129384613219243
17,14,0.01369081617752721
17,15,-0.028258156956356695
17,16,0.05177629988683763
17,17,-0.09323475841882628
17,18,-0.058030066643342204
17,19,-0.03565176931958186
17,20,0.039246860931958616
17,21,0.008501761408320263
17,22,-0.07274426317388405
17,23,-0.027214009858080257
17,24,-0.018004456611473207
17,25,-0.07336901593834882
17,26,-0.05593431882398203
17,27,-0.052886905049584876
17,28,-0.04484842179254922
17,29,-0.05009702179363773
17,30,-0.051208926538050925
17,31,-0.06431641269919786
17,32,-0.06503849065652656
17,33,-0.03116695036947753
17,34,-0.053378740296573524
17,35,-0.07466311046137897
17,36,-0.06604229925635813
17,37,-0.04523964112935425
17,38,-0.05701841308612837
17,39,-0.02842569020672181
17,40,-0.05430142284214862
17,41,-0.0055306915480435315
17,42,-0.03597107539483674
17,43,-0.009764267033877116
17,44,-0.025474875250723228
17,45,-0.05041433671401435
17,46,-0.029125481218708005
17,47,-0.06307721994538823
17,48,-0.04503476420897773
17,49,-0.05240181304773556
17,50,-0.07249079336473702
17,51,-0.00040784119433417976
17,52,-0.047417767034310276
17,53,0.021128067537887207
17,54,-0.07146900859382999
17,55,-0.06860984189172581
17,56,-0.04702344060113017
17,57,-0.05628162792358715
17,58,-0.06354256974365519
17,59,-0.09209176586353729
17,60,-0.07927382947221595
17,61,-0.05835869728767229
17,62,-0.0581049600782752
17,63,-0.02387562851398667
17,64,-0.009080352259082325
17,65,-0.08371788256171647
17,66,-0.048830310465611815
17,67,-0.08288485124047479
17,68,-0.04504797892091905
17,69,-0.07906815816628182
17,70,-0.08227541592241983
17,71,-0.07092431182568104
17,72,-0.06115688545751402
17,73,-0.04355723277448459
17,74,-0.06158649948565953
17,75,-0.061765168626266465
17,76,-0.08393108054677628
17,77,-0.030536005018382884
17,78,-0.02933509613054508
17,79,-0.09259735206746128
17,80,-0.08342048511409689
17,81,-0.07503579729928112
17,82,-0.0696661126844283
17,83,-0.04823709451337982
17,84,-0.06248594026009846
17,85,-0.050925302917870896
17,86,-0.06643558139283767
17,87,-0.04303783118986182
17,88,-0.05395833911038267
17,89,-0.031727042557120555
17,90,-0.02277404075689421
17,91,-0.03176150723825316
17,92,-0.08309903539564056
17,93,-0.08083468428366664
17,94,-0.06306534427243887
17,95,-0.029607842221864633
17,96,-0.05398194311125226
17,97,-0.029563270333176572
17,98,-0.09781252551696706
17,99,-0.055446689774052205
17,100,-0.048268357715171684
17,101,-0.060100466965305965
17,102,-0.06655134984259342
17,103,-0.04973708180980463
17,104,-0.056253993986611905
17,105,0.002899697727640982
17,106,-0.06615279598566376
17,107,-0.021006107185160494
17,108,-0.07019320811935337
17,109,-0.05684419217457881
17,110,-0.07573764448464171
17,111,-0.07625902987171651
17,112,-0.069525247437355
17,113,-0.0719559249684194
17,114,-0.07073086219975339
17,115,-0.052525815086064076
17,116,-0.04794225527409762
17,117,-0.04498563798746813
17,118,-0.06967465606762085
17,119,-0.04555314170819158
17,120,-0.07064561979401501
17,121,-0.07472164459627961
17,122,-0.08866369811923747
17,123,-0.05394182754887544
17,124,-0.054870763122903454
17,125,-0.053001888125222274
17,126,-0.07665015082370175
17,127,-0.09633983337127056
17,128,-0.08822718770297067
17,129,-0.07296607647669423
17,130,-0.07341775504027165
17,131,-0.07275592262228564
17,132,-0.03897469499659473
17,133,-0.026625271084730118
17,134,-0.04387030611894244
17,135,-0.04838042070367693
17,136,-0.08027719829078123
17,137,-0.06736075478115527
17,138,-0.07325935049395432
17,139,-0.05584026427401456
17,140,-0.061574839672015325
17,141,-0.08884182518684536
17,142,-0.08353432386082071
17,143,-0.09200363166990028
17,144,-0.0847135349167828
17,145,-0.08355682133069942
17,146,-0.008551886945552811
17,147,-0.0515364365613592
17,148,-0.09398666304871994
17,149,-0.08131129544871535
17,150,-0.06838509694464295
17,151,-0.06254542865469637
17,152,-0.04114297058439442
17,153,-0.0673958657615869
17,154,-0.07286721889585357
17,155,-0.08327896070481222
17,156,-0.07543167447652893
17,157,-0.08568973663150214
17,158,0.007485064041631073
17,159,-0.053779731468719005
17,160,-0.07694301224222427
17,161,-0.08524934486272756
17,162,-0.061083038106094556
17,163,-0.050798649493774106
17,164,-0.04314257723162673
17,165,-0.07573215098450897
17,166,-0.08347777776501614
17,167,-0.08728044942002272
17,168,-0.0737995316212941
17,169,-0.06780982450626277
17,170,-0.06999775894231752
17,171,-0.07328928480222546
17,172,-0.06568447278688955
17,173,-0.05579768552171854
17,174,-0.054525338669319134
17,175,-0.06854956994684508
17,176,-0.08311346070660963
17,177,-0.09316088923306837
17,178,-0.08750980503258743
17,179,-0.04617692835613296
17,180,-0.09382591944547042
17,181,-0.060352046423424566
17,182,-0.06168152902287938
17,183,-0.02990927630298046
17,184,-0.08149092469015984
17,185,-0.07235146737473885
17,186,-0.07226300552606191
17,187,-0.03906532247286926
17,188,-0.08214711846532813
17,189,-0.03947020304595805
17,190,-0.033905931553792845
17,191,-0.020361687195930067
17,192,0.012629880536035976
17,193,-0.07115372401264264
17,194,-0.06668267171993753
17,195,-0.041018259066931906
17,196,-0.05750677531406162
17,197,-0.06918775490626111
17,198,-0.08505242257723616
17,199,-0.06187842455428555
17,200,-0.07910534459205992
17,201,-0.0769668463782257
17,202,-0.07724633754873228
17,203,-0.0522093121257477
17,204,-0.07851828646469355
17,205,-0.03100613234410987
17,206,-0.009317665784433493
17,207,-0.06419620888159605
17,208,-0.0728985976735051
17,209,-0.055905642305345615
17,210,-0.05304335991052028
17,211,-0.06718227725241327
17,212,-0.05585238449384078
17,213,-0.04573661835162196
17,214,-0.05703030859384317
17,215,-0.059924689440255086
17,216,-0.05973397756833698
17,217,-0.06193410938681637
17,218,-0.03515488254705301
17,219,-0.0497825221598463
17,220,-0.05803913494697438
17,221,-0.0637086714653789
17,222,-0.029310682991200154
17,223,-0.06227793643514801
17,224,-0.034880874864602396
17,225,-0.0391747795214481
17,226,-0.03713498370424034
17,227,-0.05853775499174074
17,228,-0.05277311276891766
17,229,-0.05313448355341849
17,230,-0.05156261554781738
17,231,-0.0380712993980426
17,232,-0.012886645247531414
17,233,-0.02830241300940345
17,234,-0.04004609754756594
17,235,-0.03270533231758782
17,236,-0.02581874602549572
17,237,-0.04264766450841495
17,238,-0.03994142320154942
17,239,-0.02202473226060403
17,240,-0.02597091064086654
17,241,-0.03972212886419241
17,242,-0.036154853788743724
17,243,-0.004294551736120589
17,244,-0.02797314740274054
17,245,-0.002318697740792852
17,246,-0.034680023877058486
17,247,-0.02673224744293573
17,248,-0.011477599916298209
17,249,0.03899048983939146
17,250,-0.016896139147815292
17,251,0.0006458593990995576
17,252,-0.030092925006647453
17,253,-0.0015455077118624594
17,254,0.005157979014814296
17,255,-0.006076436719892164
17,256,0.024173478516185454
17,257,0.028831434909138864
17,258,0.028884285176487334
17,259,0.026199731957032846
17,260,0.02427151457107113
17,261,0.06676186482489321
17,262,0.05937761003759923
17,263,0.047207712386823975
17,264,0.04614858859255011
17,265,0.042471817027703085
17,266,0.059639920579751204
17,267,0.07010049812128294
17,268,0.10124033451504721
17,269,0.08263627735524892
17,270,0.05048969648534063
17,271,0.09582571849241306
17,272,0.07759877006256977
17,273,0.09919850863488067
17,274,0.07595824054769484
17,275,0.1243073295069057
17,276,0.1138842284003233
18,1,-0.03174423826176748
18,2,-0.04013595085692323
18,3,-0.05113114020907955
18,4,-0.00032369502357210145
18,5,-0.061653294305035466
18,6,-0.058347102524122674
18,7,-0.008243853050767136
18,8,0.016617217689172792
18,9,-0.05272964043551476
18,10,-0.05076859255565069
18,11,-0.0847844185270486
18,12,-0.0572554023176855
18,13,-0.03183487358547504
18,14,-0.047915575114997166
18,15,-0.01054299541294168
18,16,-0.08523225644839344
18,17,-0.021832512925035075
18,18,-0.03930531120819991
18,19,-0.02507832706785834
18,20,-0.07832579252989619
18,21,-0.04285899295296186
18,22,-0.03519486953586287
18,23,-0.05874082375037126
18,24,-0.039884930450327705
18,25,-0.041328523599700295
18,26,-0.051626326046587845
18,27,-0.043932036600548674
18,28,-0.0361367471187814
18,29,-0.05452801489852693
18,30,-0.0457929020589517
18,31,-0.07222762152766121
18,32,-0.04808025047866271
18,33,-0.06474550462815487
18,34,-0.044613151461438905
18,35,-0.037443867122911256
18,36,-0.04279037072437464
18,37,-0.05333877846813273
18,38,0.054050228627274266
18,39,-0.07039035156474588
18,40,-0.06339607217280646
18,41,-0.07392735947048773
18,42,0.0010414826751546924
18,43,-0.042644689286400916
18,44,-0.05465824644135747
18,45,-0.05131998281402117
18,46,-0.07850276637411857
18,47,-0.07027988281838932
18,48,-0.05726530583934858
18,49,-0.07383208939457342
18,50,-0.0313627068833951
18,51,-0.06866361544664723
18,52,-0.05100171076209142
18,53,-0.07394891493579925
18,54,-0.04791366681498793
18,55,-0.057875404378469775
18,56,-0.06489020736464762
18,57,-0.055989475742456385
18,58,-0.040988501334886296
18,59,-0.059291520847508106
18,60,-0.042418795819749056
18,61,-0.06660910440655166
18,62,-0.05158783060462402
18,63,-0.04791620397326546
18,64,-0.0645438573728494
18,65,-0.06073303020822002
18,66,-0.07608574508268678
18,67,-0.05946812390458106
18,68,-0.04686859964581924
18,69,-0.06417541099976731
18,70,-0.05754177918200831
18,71,-0.06983084318527955
18,72,-0.018591779652746554
18,73,-0.017083465954892962
18,74,-0.057548814788131286
18,75,-0.05305204504499533
18,76,-0.06463906432540328
18,77,-0.04289582029483996
18,78,-0.06469371573151134
18,79,-0.04193212859116463
18,80,-0.07113751267685547
18,81,-0.06396461273469933
18,82,-0.044241514966027295
18,83,-0.07072668445152791
18,84,-0.07064056083442383
18,85,-0.05266508377963164
18,86,-0.058374734533973904
18,87,-0.04717427140016678
18,88,-0.07951726948297494
18,89,-0.06942473377227842
18,90,-0.0519759283373219
18,91,-0.07370958019734847
18,92,-0.06198303153310536
18,93,-0.06949826344606275
18,94,-0.04459651281333277
18,95,-0.06049326125090354
18,96,-0.05747601477386288
18,97,-0.06434255136399092
18,98,-0.07429573850150839
18,99,-0.052584933674142076
18,100,-0.07577345457897466
18,101,-0.1013489062574689
18,102,-0.04676195429975355
18,103,-0.07074644099424127
18,104,-0.06441682563904738
18,105,-0.05568882260503216
18,106,-0.09599061742883735
18,107,-0.06674985978706482
18,108,-0.06889476696246116
18,109,-0.030267822459527194
18,110,-0.06549985012092635
18,111,-0.0468122349885744
18,112,-0.06895415663199927
18,113,-0.08960172980322545
18,114,-0.08337210472232481
18,115,-0.06570436546539882
18,116,-0.05264672392146452
18,117,-0.05028177989563043
18,118,-0.047813057550388116
18,119,-0.06632740491556083
18,120,-0.05998242663206316
18,121,0.009328825251101791
18,122,-0.0693881921619926
18,123,-0.043531391374133366
18,124,-0.06622503440846872
18,125,-0.06890961082804803
18,126,-0.05319932493942786
18,127,-0.03209236050383907
18,128,0.006967551576620434
18,129,-0.04527051325707043
18,130,-0.07005043890409485
18,131,-0.06238510984312812
18,132,-0.033364793087937605
18,133,-0.05784835380506881
18,134,-0.06200448487822657
18,135,-0.09349239227610556
18,136,-0.052976487821490115
18,137,-0.07530304065657145
18,138,-0.053394532374789694
18,139,-0.06829992976615201
18,140,-0.06331517320975655
18,141,-0.04662589042904974
18,142,-0.06079009110639222
18,143,-0.03114676589586729
18,144,-0.045755929297507436
18,145,-0.06096064151864955
18,146,-0.020679409911237567
18,147,-0.05458397953956423
18,148,-0.05460554546687041
18,149,-0.03609963223518958
18,150,-0.015764664715812837
18,151,-0.044905436936502785
18,152,-0.04656035452324614
18,153,-0.029424373753465627
18,154,-0.022969650371558015
18,155,-0.0168457612483775
18,156,-0.025727499981823887
18,157,-0.037923741611263995
18,158,-0.013228234115332027
18,159,-0.047662117833677464
18,160,-0.012092238450376769
18,161,-0.023139554668461515
18,162,-0.044326651366121794
18,163,-6.528331271710153e-05
18,164,-0.010659236919544235
18,165,-0.001132590827107427
18,166,0.008228398420001448
18,167,-0.014087176843797178
18,168,-0.03139871448603637
18,169,-0.011904614956616377
18,170,-0.003696016184875084
18,171,-0.030492839739502176
18,172,0.04110199591685093
18,173,-0.022406614343500775
18,174,0.02827947740973047
18,175,0.008720744805475245
18,176,0.003764148377874643
18,177,0.02744202798512796
18,178,0.03150817538010253
18,179,0.023642572549933072
18,180,0.04066047267524797
18,181,0.03131479498666678
18,182,0.0463972979826931
18,183,0.05634398869617163
18,184,0.06880715233989443
18,185,0.029351935182084787
18,186,0.08340225833036496
18,187,0.07783246747920636
18,188,0.052170694761852876
18,189,0.07716874335077539
18,190,0.11990460328695207
18,191,0.09660967997468972
18,192,0.12638687306675533
18,193,0.11560110379179189
18,194,0.14053528124741133
18,195,0.1642891123025455
19,1,-0.07080133100818958
19,2,-0.09013646124705871
19,3,-0.05489363533407987
19,4,-0.10837540086940789
19,5,-0.09085916523856119
19,6,-0.0771170990875803
19,7,-0.05698059261256999
19,8,-0.11413347669400803
19,9,-0.08278688804919287
19,10,-0.07673484239877465
19,11,-0.07474129716103856
19,12,-0.07592535632953984
19,13,-0.06998493108323217
19,14,-0.07248960728003379
19,15,-0.08190740447156902
19,16,-0.08556643511957263
19,17,-0.09735069940858554
19,18,-0.062050582762421425
19,19,-0.06937915684545937
19,20,-0.09188045430812847
19,21,-0.09749543438437969
19,22,-0.09446642768443397
19,23,-0.08294425362451147
19,24,-0.07390343401398158
19,25,-0.08926970936112805
19,26,-0.08967305353035254
19,27,-0.09710946636225809
19,28,-0.07593950826562318
19,29,-0.06685865585518591
19,30,-0.07969734616920493
19,31,-0.09148471458173757
19,32,-0.09292376874678326
19,33,-0.09959573778045955
19,34,-0.07629788264438753
19,35,-0.09515082765752286
19,36,-0.06748770020079814
19,37,-0.10433967018891288
19,38,-0.10695690372990352
19,39,-0.08605699868728672
19,40,-0.09251544235004461
19,41,-0.08472168591363721
19,42,-0.11659053332872321
19,43,-0.09112390647221008
19,44,-0.07858558615259498
19,45,-0.08208014480645698
19,46,-0.08120047640709227
19,47,-0.08505672473368053
19,48,-0.07546180011721448
19,49,-0.059846142477837094
19,50,-0.05249020797382231
19,51,-0.09744786368080943
19,52,-0.07179366914478336
19,53,-0.07995371888016645
19,54,-0.07769952764495314
19,55,-0.07348593351678223
19,56,-0.09815115898294824
19,57,-0.0808346896841563
19,58,-0.0779367713747931
19,59,-0.1031980530445249
19,60,-0.05343710897113324
19,61,-0.07990046207830853
19,62,-0.06630887383047496
19,63,-0.08940444596004571
19,64,-0.06498510405377561
19,65,-0.08279345090505041
19,66,-0.07968866025290205
19,67,-0.07442641711086884
19,68,-0.07601195904615665
19,69,-0.06642869507359583
19,70,-0.08313740708198958
19,71,-0.09530999990066952
19,72,-0.07587129424565331
19,73,-0.07806820020289462
19,74,-0.07351149988019012
19,75,-0.07045351498697683
19,76,-0.07144853186145289
19,77,-0.06175472609890359
19,78,-0.06250939239404041
19,79,-0.06837345093772068
19,80,-0.0656670812881488
19,81,-0.028102043571099355
19,82,-0.07740066630434689
19,83,-0.04404373879998513
19,84,-0.0808068830847124
19,85,-0.055400888116645786
19,86,-0.07412761993675532
19,87,-0.06088089567470478
19,88,-0.08523472991206366
19,89,-0.06390354937242321
19,90,-0.0836386015428025
19,91,-0.07339216465535597
19,92,-0.06555440058335155
19,93,-0.06197842224669642
19,94,-0.0317567215754786
19,95,-0.06391492111691977
19,96,-0.053311515990627056
19,97,-0.021775096761539325
19,98,-0.06080621671954034
19,99,-0.08894962630567715
19,100,-0.04452123101547334
19,101,-0.04861585459198786
19,102,-0.08168920439018801
19,103,-0.07401340019183694
19,104,-0.026987441982013916
19,105,-0.04044669452255273
19,106,-0.04030168695779285
19,107,-0.07636414021761534
19,108,-0.07147197637596142
19,109,-0.04591747131472551
19,110,-0.05278307430102763
19,111,-0.03352939729302418
19,112,-0.020880972751981308
19,113,-0.0180885383805216
19,114,-0.033113185670747614
19,115,-0.04608276979421633
19,116,-0.06129835713341658
19,117,-0.0410197018193853
19,118,-0.04179231686427126
19,119,-0.023539643155381595
19,120,0.0014798242829375807
19,121,-0.03607632181413173
19,122,0.004741445916781162
19,123,-0.026325635838536365
19,124,-0.013352743559211344
19,125,-0.042185999782984374
19,126,-0.05112918903073299
19,127,-0.05044538892088979
19,128,-0.003503163787136332
19,129,-0.024740312926388397
19,130,-0.0033095609463779097
19,131,-0.010678300822105913
19,132,-0.008330032683446342
19,133,0.008883658167444297
19,134,0.027295332908887304
19,135,0.009655765908757163
19,136,0.026696176732671772
19,137,0.02326756984313383
19,138,0.024195486333032035
19,139,0.06019747878676207
19,140,0.0004829705015574337
19,141,0.02111041997740093
19,142,0.02478101009225142
19,143,0.04440985319734547
19,144,0.04891213835873953
19,145,0.020504014761129064
19,146,0.08990638302409903
19,147,0.03731817390807046
19,148,0.0620660089176156
19,149,0.08020609616426966
19,150,0.04617552504476896
19,151,0.0813632021783387
19,152,0.04621515578921165
19,153,0.06678091747521253
19,154,0.09499675356632054
19,155,0.08372604159359909
19,156,0.075099598433509
19,157,0.07063905285921901
19,158,0.13622763364262502
20,1,-0.08824686621193806
20,2,-0.10567788551529494
20,3,-0.10149707796144458
20,4,-0.09368459706380439
20,5,-0.10763564944472742
20,6,-0.09925207668316477
20,7,-0.08409274650476145
20,8,-0.09274998902280945
20,9,-0.0798542347203628
20,10,-0.06558523887792878
20,11,-0.10691823096956193
20,12,-0.07884772898109604
20,13,-0.09059089689407779
20,14,-0.08692853614098939
20,15,-0.04264345197816061
20,16,-0.0925836240252747
20,17,-0.07626989767712133
20,18,-0.0877239450447288
20,19,-0.05893132654751998
20,20,-0.11647436849356352
20,21,-0.07847788395703909
20,22,-0.10533211053444141
20,23,-0.06621386278298641
20,24,-0.0851406624106365
20,25,-0.09471437856062404
20,26,-0.09840638428005122
20,27,-0.09744037765200486
20,28,-0.08714937322657262
20,29,-0.09866501635724029
20,30,-0.07076618989149946
20,31,-0.08394896856021677
20,32,-0.10315405431313074
20,33,-0.11565919579467504
20,34,-0.10314775458062281
20,35,-0.1158868666251342
20,36,-0.07110798455727241
20,37,-0.09166225552022733
20,38,-0.10075866965740227
20,39,-0.08916687362586512
20,40,-0.10050325685569739
20,41,-0.07085755057182375
20,42,-0.09426397852704071
20,43,-0.05983273966053371
20,44,-0.06482941929882763
20,45,-0.09236237352597532
20,46,-0.07305004995449621
20,47,-0.0888680132784912
20,48,-0.10240318723527853
20,49,-0.11272574302165062
20,50,-0.1190023552189805
20,51,-0.10557139570014129
20,52,-0.06735236554059748
20,53,-0.0780665158975965
20,54,-0.079567698881997
20,55,-0.10734179821083889
20,56,-0.10708993485407509
20,57,-0.07582682133333557
20,58,-0.08578617046523762
20,59,-0.10658374063443393
20,60,-0.09182225574705094
20,61,-0.06483641781008409
20,62,-0.05135763049545411
20,63,-0.09814111487923377
20,64,-0.10646628272953484
20,65,-0.08019540500043043
20,66,-0.03540644511851859
20,67,-0.1128955383287687
20,68,-0.0797932321077745
20,69,-0.120980987986744
20,70,-0.11109464511568662
20,71,-0.0995260310503972
20,72,-0.08097594952349457
20,73,-0.07687341006528814
20,74,-0.08900412964625182
20,75,-0.0999608099796111
20,76,-0.07630002668216046
20,77,-0.10996451085101
20,78,-0.09255866521197942
20,79,-0.10617452563881064
20,80,-0.11056467502624129
20,81,-0.10348534543114418
20,82,-0.06691788692744655
20,83,-0.0381046936175769
20,84,-0.10926845402051405
20,85,-0.09262016844101739
20,86,-0.11092847853107446
20,87,-0.10678715961239665
20,88,-0.0565222643643587
20,89,-0.10740640174279598
20,90,-0.09167361012748698
20,91,-0.10074782301383661
20,92,-0.0685379432911366
20,93,-0.07498694950287998
20,94,-0.10789173479529851
20,95,-0.08757988123361304
20,96,-0.1054473090284126
20,97,-0.07118601814935344
20,98,-0.09474304061485944
20,99,-0.09812342200015534
20,100,-0.09407201528604142
20,101,-0.091706430792521
20,102,-0.11889532820828452
20,103,-0.10477119784876515
20,104,-0.05072219619936885
20,105,-0.06954546735698974
20,106,-0.10321417431065522
20,107,-0.10358301223370342
20,108,-0.11814268717020426
20,109,-0.09162608270984374
20,110,-0.07555296559082064
20,111,-0.10098457138034839
20,112,-0.06740085563899739
20,113,-0.09335895002324157
20,114,-0.08760262671151808
20,115,-0.12205293757058511
20,116,-0.09200790437452278
20,117,-0.07906595908369118
20,118,-0.0764356433483091
20,119,-0.11387782428783161
20,120,-0.0888777873525739
20,121,-0.09824883556086028
20,122,-0.09406954232451198
20,123,-0.10329583728150077
20,124,-0.09312195515205451
20,125,-0.0697577421640459
20,126,-0.10452979180163924
20,127,-0.11343741649844374
20,128,-0.0937428510902345
20,129,-0.06350284294196618
20,130,-0.10275007099523631
20,131,-0.09978071899379554
20,132,-0.07188738898877817
20,133,-0.1142243435640235
20,134,-0.10462432148426576
20,135,-0.07434937453926249
20,136,-0.06357902121433567
20,137,-0.07791545331004596
20,138,-0.09314622831701974
20,139,-0.09178854645006779
20,140,-0.09935328412742667
20,141,-0.030166970029069373
20,142,-0.07132999886291219
20,143,-0.08519636953592741
20,144,-0.07305365908426509
20,145,-0.050936407664899264
20,146,-0.0861641206421685
20,147,-0.09077197526371944
20,148,-0.11906355929243129
20,149,-0.05993159510070156
20,150,-0.07292681965398873
20,151,-0.08185970672596876
20,152,-0.04412525655075583
20,153,-0.08727732679778599
20,154,-0.09317058706654147
20,155,-0.06868523368885965
20,156,-0.07497804907341565
20,157,-0.06881947873273647
20,158,-0.06441890015758478
20,159,-0.06212254492149327
20,160,-0.04018952063584086
20,161,-0.0656985010561646
20,162,-0.08185290978562665
20,163,-0.07145387115413504
20,164,-0.06356975663913533
20,165,-0.05155742308215677
20,166,-0.07042661431973019
20,167,-0.08643897885895402
20,168,-0.060070362271901934
20,169,-0.05457376557857763
20,170,-0.0725155741167452
20,171,-0.047169910692403894
20,172,-0.08685362895946291
20,173,-0.049234818051738016
20,174,-0.06703418398801553
20,175,-0.051318781057548835
20,176,-0.0788336768809001
20,177,-0.05662518063377081
20,178,-0.06382481004344509
20,179,-0.047687065663519046
20,180,-0.045912459642672876
20,181,-0.07021785495356542
20,182,-0.02227085984808863
20,183,-0.07839276847921411
20,184,-0.0645188726975226
20,185,-0.053856574479282604
20,186,-0.053519458331145964
20,187,-0.06994909009605599
20,188,-0.0286476147989691
20,189,-0.05936160349318115
20,190,-0.03410162758827756
20,191,-0.04097156963510856
20,192,-0.04836755896907535
20,193,-0.048940527624599495
20,194,-0.04100711935428247
20,195,-0.0666029133355544
20,196,-0.009150412922805884
20,197,-0.02471430551681214
20,198,-0.028551172094467947
20,199,-0.02373978036815383
20,200,-0.06753006348631113
20,201,-0.00974487276775915
20,202,-0.037261833565264746
20,203,-0.0036013134622371323
20,204,0.020966578562911065
20,205,-0.025327701166667382
20,206,-0.025894689925517245
20,207,-0.0326450755852567
20,208,0.005445079871574499
20,209,-0.01278576136818066
20,210,-0.03523106549141236
20,211,-0.00034800829280706713
20,212,0.007501441397589237
20,213,0.002337117726069371
20,214,0.03697425891162687
20,215,0.03740724720062105
20,216,6.191269243127628e-05
20,217,0.01354435159551337
20,218,0.01971630085557252
20,219,-0.008189803227434178
20,220,0.016052591437132113
20,221,0.007831422748984962
20,222,0.0213247979235891
20,223,0.019846476443216465
20,224,0.008163902092862774
20,225,0.03644101955457468
20,226,-0.010925620805154523
20,227,0.026017636441425407
20,228,0.03713101105849925
20,229,0.04721859977079723
20,230,0.019589051689109627
20,231,0.08968258782517657
20,232,0.1121277521781262
20,233,0.05399510267898944
20,234,0.08236751091850847
21,1,-0.0642983729212463
21,2,-0.05420188565578338
21,3,-0.10039893793757304
21,4,-0.0864639702264427
21,5,-0.08576078472072823
21,6,-0.04604806348178947
21,7,-0.07999797475914283
21,8,-0.09311138523262324
21,9,-0.06166871811078262
21,10,-0.06635612790057727
21,11,-0.08561617139036548
21,12,-0.061106270562198584
21,13,-0.09134807997278022
21,14,-0.0728828382110362
21,15,-0.10622858167734872
21,16,-0.08035039668183835
21,17,-0.027572583049562616
21,18,-0.09426383605795968
21,19,-0.08828470756595891
21,20,-0.07335681353688583
21,21,-0.1018470122731786
21,22,-0.03823613362375089
21,23,-0.08653064697905849
21,24,-0.08623992450059459
21,25,-0.06836556973592417
21,26,-0.10233661751603251
21,27,-0.09457080764775766
21,28,-0.07051729160176279
21,29,-0.07623859999701277
21,30,-0.0926356955314751
21,31,-0.10206147934641452
21,32,-0.07502729297472638
21,33,-0.06590628903708717
21,34,-0.09502611728706356
21,35,-0.11275691753790074
21,36,-0.07347450003842304
21,37,-0.05611028877337948
21,38,-0.08384633009937165
21,39,-0.07193839502010346
21,40,-0.0815963035888973
21,41,-0.10061471308653736
21,42,-0.07237675586485959
21,43,-0.09758820200421242
21,44,-0.08832787917780299
21,45,-0.10212893083842683
21,46,-0.08373130025607323
21,47,-0.0873810511282021
21,48,-0.07335394273330725
21,49,-0.08586780493859247
21,50,-0.09719669763606076
21,51,-0.07109177280302109
21,52,-0.07780538838711892
21,53,-0.07053178269988064
21,54,-0.0870359311855598
21,55,-0.09471619974420259
21,56,-0.07059119404414066
21,57,-0.10119434299972113
21,58,-0.10626377050195351
21,59,-0.06798897559551059
21,60,-0.08098620414582186
21,61,-0.049101712860654234
21,62,-0.10884678876952875
21,63,-0.11582818428299152
21,64,-0.08796757498183999
21,65,-0.08725955274296976
21,66,-0.09314231852997207
21,67,-0.0726914693384027
21,68,-0.05491072376889922
21,69,-0.0380846335394977
21,70,-0.09035241416259121
21,71,-0.09380325859212735
21,72,-0.10558858990522851
21,73,-0.0928048366242325
21,74,-0.06688635143948912
21,75,-0.08829313030707309
21,76,-0.07445305322225648
21,77,-0.08380566816211904
21,78,-0.10044309668391571
21,79,-0.09814337264156775
21,80,-0.1005507643827977
21,81,-0.06937768303437702
21,82,-0.0725050510935783
21,83,-0.08742805280118426
21,84,-0.10402316962723662
21,85,-0.06338188569173642
21,86,-0.08088152171216029
21,87,-0.0650593703546612
21,88,-0.09445563477844193
21,89,-0.05532761088488497
21,90,-0.08340810890038547
21,91,-0.10702630629673726
21,92,-0.050747371007131115
21,93,-0.10584469033383809
21,94,-0.07599000787019233
21,95,-0.08446695766390411
21,96,-0.11497014884332529
21,97,-0.08219530867469882
21,98,-0.10868546578558197
21,99,-0.032846270654929066
21,100,-0.11368584689377859
21,101,-0.09997005390881525
21,102,-0.0708096916890843
21,103,-0.09332660171118962
21,104,-0.11532917423752892
21,105,-0.07468233276434944
21,106,-0.08495388733320514
21,107,-0.09697180719447529
21,108,-0.10390841682120017
21,109,-0.09010926737402825
21,110,-0.08685978815361034
21,111,-0.0744241237927632
21,112,-0.09882266483420499
21,113,-0.0778951316926465
21,114,-0.06676316336243038
21,115,-0.0764098934212199
21,116,-0.07310017137041952
21,117,-0.11248274950483778
21,118,-0.10063725768249893
21,119,-0.09817948602954352
21,120,-0.09293413030531755
21,121,-0.035131588109988454
21,122,-0.08864751541317573
21,123,-0.06921835055459791
21,124,-0.06158909107109867
21,125,-0.10483540259949559
21,126,-0.10000008456754439
21,127,-0.11438617637922138
21,128,-0.06207035176540737
21,129,-0.08724643442427765
21,130,-0.08064470144205238
21,131,-0.0843657494005905
21,132,-0.10014232618604085
21,133,-0.027220953005921034
21,134,-0.074941478150437
21,135,-0.10102633257798838
21,136,-0.08889425541803586
21,137,-0.07507855298599875
21,138,-0.0952112602897045
21,139,-0.06962259134970417
21,140,-0.07940742095880443
21,141,-0.08450229712581059
21,142,-0.1115293907656224
21,143,-0.05047001061843892
21,144,-0.06914752218118847
21,145,-0.06776983519210628
21,146,-0.07397434963632432
21,147,-0.03459659625087763
21,148,-0.09474490010787068
21,149,-0.07232008279129115
21,150,-0.07102168751184856
21,151,-0.07220673374704628
21,152,-0.050367464869466916
21,153,-0.03913777630248888
21,154,-0.052757316682496835
21,155,-0.07165212627653761
21,156,-0.02310767220351012
21,157,-0.030018425178989838
21,158,-0.07140584555441898
21,159,-0.06728886994662431
21,160,-0.05713539079931945
21,161,-0.0486248512719607
21,162,-0.06631307482062881
21,163,-0.05218206552375787
21,164,-0.03759301260512149
21,165,-0.025273887282589225
21,166,-0.04185133685610454
21,167,-0.05160473223427209
21,168,-0.0366247091485713
21,169,-0.04378859869519014
21,170,-0.03480040322328992
21,171,-0.06410994042353246
21,172,-0.03587622860060774
21,173,-0.006136601389411023
21,174,-0.018155487383047342
21,175,-0.009417605933659479
21,176,-0.01268435565621856
21,177,-0.010824888519758158
21,178,-0.021424244771563294
21,179,-0.019461426247332658
21,180,0.030274439093069816
21,181,0.011727884127591737
21,182,0.06378542770631512
21,183,-0.01231688003577841
21,184,0.043133665357421025
21,185,-0.00467976651516433
21,186,0.012796784295642016
21,187,0.06932411340828792
21,188,0.019297531441924365
21,189,0.0330327823544323
21,190,0.06315602879871585
21,191,0.05217439767668142
21,192,0.08106677564326015
21,193,0.07512402344235014
21,194,0.12902666426888965
21,195,0.10814701199058252
22,1,-0.09169602365005713
22,2,-0.09241785254089674
22,3,-0.0881154670187897
22,4,-0.08824966694903907
22,5,-0.0661037539207529
22,6,-0.09991027714253298
22,7,-0.08643300754126032
22,8,-0.06817618803869097
22,9,-0.06130034337242757
22,10,-0.08947101619245712
22,11,-0.059103336852428856
22,12,-0.07512758425503036
22,13,-0.0673555696411412
22,14,-0.0693019090769818
22,15,-0.06335752856278021
22,16,-0.09130900367071193
22,17,-0.06966719899679663
22,18,-0.08346171331925217
22,19,-0.08054921310218605
22,20,-0.07987538163080499
22,21,-0.0971651344226559
22,22,-0.08287477627901046
22,23,-0.09242552828416678
22,24,-0.0810429831915826
22,25,-0.08397600363827495
22,26,-0.0822010037068619
22,27,-0.10296075199915661
22,28,-0.0649768854568093
22,29,-0.1095009742037627
22,30,-0.07794190346611302
22,31,-0.08676944034557338
22,32,-0.09612503256387323
22,33,-0.07312348758315368
22,34,-0.07168951830905973
22,35,-0.10537062821083204
22,36,-0.08892288247479818
22,37,-0.08775997527938156
22,38,-0.09869613285889012
22,39,-0.07177301744870412
22,40,-0.08436136111850201
22,41,-0.09268173867191726
22,42,-0.074423326650297
22,43,-0.09320797778767864
22,44,-0.04748539249853956
22,45,-0.08598260144638115
22,46,-0.07439583895046736
22,47,-0.0859858835016713
22,48,-0.06478328205271783
22,49,-0.08073274058073965
22,50,-0.08806150443518812
22,51,-0.07097126719436386
22,52,-0.0594989786774901
22,53,-0.09127020162307714
22,54,-0.07125136248571867
22,55,-0.06616766145868397
22,56,-0.05227659302244314
22,57,-0.08879484302489282
22,58,-0.0070361680093150025
22,59,-0.07866795210914918
22,60,-0.06812426904282087
22,61,-0.02601560268952874
22,62,-0.06427887932401866
22,63,-0.07314555161711572
22,64,-0.08897127043329173
22,65,-0.08999695066901897
22,66,-0.06905858836437362
22,67,-0.0776791609793201
22,68,-0.09072863327614178
22,69,-0.046072723105351654
22,70,-0.08624330109563516
22,71,-0.08464438861519075
22,72,-0.09452137608114863
22,73,-0.050882846643538204
22,74,-0.07270107344475951
22,75,-0.08495462431602702
22,76,-0.08367147102321909
22,77,-0.07765810300823467
22,78,-0.07502391212407916
22,79,-0.07972271500942191
22,80,-0.0800766704452136
22,81,-0.0639787043583227
22,82,-0.07792072755728002
22,83,-0.0993560568128059
22,84,-0.075041050138903
22,85,-0.09339124123717751
22,86,-0.08978591805948588
22,87,-0.08480644231957002
22,88,-0.07472779455982248
22,89,-0.07953412158805795
22,90,-0.059262029885784495
22,91,-0.08467756689295769
22,92,-0.058634871541808686
22,93,-0.06369053469083258
22,94,-0.07786241630194363
22,95,-0.08934598084622808
22,96,-0.05492612272710479
22,97,-0.09906917184780661
22,98,-0.08187939950592715
22,99,-0.07361210211184238
22,100,-0.05149435268661018
22,101,-0.0922964116921669
22,102,-0.0701508013300513
22,103,-0.07638195450498991
22,104,-0.06446962381240101
22,105,-0.09065759098405896
22,106,-0.09594470264659766
22,107,-0.048905208775404885
22,108,-0.0622334167858159
22,109,-0.05696554883404337
22,110,-0.09663334932421935
22,111,-0.062256115393998224
22,112,-0.03866077993613293
22,113,-0.02925460331995411
22,114,-0.07949586205197134
22,115,-0.056258756424758194
22,116,-0.06686469503025338
22,117,-0.0764684282736815
22,118,-0.031202371096265502
22,119,-0.054899568534305776
22,120,-0.06753974412270625
22,121,-0.08126909294335333
22,122,-0.04949869245392624
22,123,-0.06623429179023299
22,124,-0.04491745778824424
22,125,-0.08218694110046793
22,126,-0.055148455262272744
22,127,-0.03904006877354427
22,128,-0.08085325924114539
22,129,-0.06040720942004907
22,130,-0.06291591185602963
22,131,-0.024779916895007637
22,132,-0.049297002643806986
22,133,-0.052929607830003056
22,134,-0.04014732283355493
22,135,-0.04700027843635651
22,136,-0.057471861059959606
22,137,-0.05179683965579296
22,138,-0.05563652104895672
22,139,-0.03394618881817202
22,140,-0.061987038114887816
22,141,-0.029642459463002258
22,142,-0.0630582070215625
22,143,-0.02986036830979283
22,144,-0.042074780917932264
22,145,-0.0730515858991242
22,146,-0.03825957252533513
22,147,-0.019428324632732308
22,148,-0.022116013403134627
22,149,-0.01664983724486202
22,150,-0.03992840573642126
22,151,-0.05474331074596167
22,152,-0.028624742722298258
22,153,-0.04958758419686898
22,154,-0.021768988797932765
22,155,-0.001670251760985897
22,156,-0.02269742794524543
22,157,-0.03765211831418214
22,158,-0.018363333367057144
22,159,0.009339247714620913
22,160,-0.034862302479822804
22,161,4.7211641716060626e-05
22,162,-0.02378838193835764
22,163,-0.023180293786057515
22,164,-0.014642469211709697
22,165,-0.046736444301674784
22,166,-0.024835141461362953
22,167,-0.020708370448736524
22,168,-0.016052220106124504
22,169,0.0014059892534229457
22,170,-0.009197660988600032
22,171,0.00948905079080753
22,172,0.022052091129442064
22,173,0.028239312254852766
22,174,-0.02088957996113211
22,175,-0.031214586642113573
22,176,-0.015563223291687522
22,177,0.027486527046978293
22,178,0.04531085736292906
22,179,0.016646868022992645
22,180,0.004830301119801317
22,181,0.007951683769504614
22,182,-0.014963054692310351
22,183,0.03717000930612713
22,184,-0.01300046677461858
22,185,0.05275656960344599
22,186,-0.006506933537235637
22,187,0.03902603004497618
22,188,0.03916166036386293
22,189,0.07527540880073147
22,190,0.0008323061189975389
22,191,0.04011076081903797
22,192,0.05826804317824308
22,193,0.07832052365248898
22,194,0.055030901001758115
22,195,0.10056993927226276
22,196,0.020365252276019485
22,197,0.06844651357990472
22,198,0.04840846209530536
22,199,0.06695986087339623
22,200,0.04039518489443317
22,201,0.08374984382969275
22,202,0.11598516956324734
23,1,-0.07902487754188742
23,2,-0.1043058521417129
23,3,-0.08690915116199388
23,4,-0.08393191662943944
23,5,-0.10959196525481857
23,6,-0.1033716088569851
23,7,-0.07160820928444034
23,8,-0.11395509244624386
23,9,-0.08556730725759404
23,10,-0.08988181937243755
23,11,-0.08177214171100372
23,12,-0.06995121221554407
23,13,-0.10314999207461129
23,14,-0.09213710929800839
23,15,-0.10198653149385328
23,16,-0.09022814132413698
23,17,-0.09657356524275684
23,18,-0.08346892541144169
23,19,-0.10757596009399578
23,20,-0.10075991939742823
23,21,-0.09279478049354994
23,22,-0.10698790695316118
23,23,-0.10833308710591699
23,24,-0.07147266946181646
23,25,-0.08172184063766214
23,26,-0.08706848854688043
23,27,-0.0868817280103849
23,28,-0.07387758223103436
23,29,-0.0664081740318474
23,30,-0.06880520910734467
23,31,-0.09489243968276234
23,32,-0.08415558583965982
23,33,-0.06953227729448169
23,34,-0.09091875296829327
23,35,-0.0992102655861058
23,36,-0.09304936627829052
23,37,-0.10024952370694373
23,38,-0.08898983641791347
23,39,-0.070718544557141
23,40,-0.0857462820545209
23,41,-0.0933260948729635
23,42,-0.07854221825955637
23,43,-0.09801503514550691
23,44,-0.07431199211600481
23,45,-0.0902949408253283
23,46,-0.09262691325069394
23,47,-0.10630474484142127
23,48,-0.10692894010194764
23,49,-0.09728007406964528
23,50,-0.07789993654755167
23,51,-0.10672677474665121
23,52,-0.08395644188927276
23,53,-0.04973327837393876
23,54,-0.10285199819731033
23,55,-0.0605960042722945
23,56,-0.0998285464616156
23,57,-0.059682069384409675
23,58,-0.06821607297603732
23,59,-0.09221324581024815
23,60,-0.09491890933276859
23,61,-0.07105861091810378
23,62,-0.08817334610269129
23,63,-0.041964294434195804
23,64,-0.08505879586450354
23,65,-0.10215712369712776
23,66,-0.08120351586080982
23,67,-0.08012213012396158
23,68,-0.07629864193781005
23,69,-0.10460697636113375
23,70,-0.09416913139192101
23,71,-0.07499993039726233
23,72,-0.10566136203424464
23,73,-0.08814292051760825
23,74,-0.05471727160102885
23,75,-0.10681149338532758
23,76,-0.06720288332877328
23,77,-0.08142308248886232
23,78,-0.07742769748923889
23,79,-0.09950366944622024
23,80,-0.09980704171465227
23,81,-0.06250309421241523
23,82,-0.11674012973328157
23,83,-0.099966723114296
23,84,-0.09755554575046071
23,85,-0.08892993318406933
23,86,-0.06636256669067497
23,87,-0.09277146552894311
23,88,-0.05676715033533014
23,89,-0.10031412102193926
23,90,-0.0962269434566998
23,91,-0.09836732830127942
23,92,-0.09128847478319957
23,93,-0.09434078752589448
23,94,-0.08910012594533068
23,95,-0.09237287253485243
23,96,-0.10372281938854139
23,97,-0.09870209007461189
23,98,-0.10394211249201174
23,99,-0.07623964877111816
23,100,-0.07685538522900642
23,101,-0.08371658627500456
23,102,-0.07002826657850542
23,103,-0.09239137363834693
23,104,-0.065191693625198
23,105,-0.08320015854711038
23,106,-0.093249967066938
23,107,-0.03737023425947744
23,108,-0.0938966226931296
23,109,-0.08289544031694496
23,110,-0.08535037032921838
23,111,-0.08640083553020883
23,112,-0.07393883969804965
23,113,-0.06163457541668654
23,114,-0.046863999777259524
23,115,-0.07468022183007067
23,116,-0.05871476023892491
23,117,-0.06029418435672185
23,118,-0.047538585007433576
23,119,-0.08543160448606224
23,120,-0.06973968429430372
23,121,-0.0803568170751141
23,122,-0.016737245175031668
23,123,-0.07052934458088744
23,124,-0.058021439526576346
23,125,-0.06670376431746866
23,126,-0.048714459152448875
23,127,-0.06073010816678859
23,128,-0.047622820249818454
23,129,-0.03695759023569867
23,130,-0.03163706817464784
23,131,-0.04379877647727398
23,132,-0.020689062342518993
23,133,-0.04042313703130762
23,134,-0.0635805080231881
23,135,-0.0627631040878614
23,136,-0.05139272073996165
23,137,-0.03470409563365384
23,138,-0.025017589964123788
23,139,-0.03375075353380824
23,140,-0.034661369257148744
23,141,-0.016071225991051485
23,142,-0.04358483113970846
23,143,-0.02295746859138953
23,144,-0.03328539872666442
23,145,-0.03933030014936034
23,146,0.004385915074258895
23,147,-0.042111994120318796
23,148,-0.024303819317659237
23,149,-0.0012923387869369085
23,150,0.04711021643990354
23,151,-0.013373050082995774
23,152,-0.0030566082531246486
23,153,0.011143631607964055
23,154,0.004802505954847214
23,155,-0.02626228063410363
23,156,0.007397350896986898
23,157,0.049998667469854596
23,158,0.018042720761946907
23,159,0.04708950450006255
23,160,0.021418968695202323
23,161,0.03649094773060513
23,162,0.07053300985410471
23,163,0.0394040555774996
23,164,0.05096659000723236
23,165,0.05410059309140414
23,166,0.08094184207131239
23,167,0.08920082620082348
23,168,0.10406988178476861
24,1,-0.0626011889373187
24,2,-0.056329504041148115
24,3,-0.0638677772496471
24,4,-0.07212283490709681
24,5,-0.07641225776739435
24,6,-0.06684071366234556
24,7,-0.06334418678491749
24,8,-0.05906366482986153
24,9,-0.07934711108557801
24,10,-0.016445307409753973
24,11,-0.067884192023073
24,12,-0.05741109150515916
24,13,-0.08231123593742373
24,14,-0.07318491652105774
24,15,-0.07542728709982466
24,16,-0.06335587506770768
24,17,-0.06746146759083677
24,18,-0.07978629985609226
24,19,-0.00867113310296197
24,20,-0.07760039913522082
24,21,-0.07533717880099589
24,22,-0.06766599623752739
24,23,-0.08274245662244922
24,24,-0.06953233418602417
24,25,-0.06578782533705047
24,26,-0.06854735256788363
24,27,-0.09647878353908479
24,28,-0.07052839228331087
24,29,-0.06442185508725412
24,30,-0.08968722754851832
24,31,-0.09725720356702561
24,32,-0.06884804397332123
24,33,-0.07550227962191086
24,34,-0.0730178254785423
24,35,-0.07544055536566757
24,36,-0.08466185815827404
24,37,-0.052253777694350245
24,38,-0.08810848310138181
24,39,-0.08436479380920647
24,40,-0.05718427094424794
24,41,-0.07192168674821015
24,42,-0.07387721196527691
24,43,-0.07291379693210731
24,44,-0.04870791368352473
24,45,-0.1030105004308664
24,46,-0.08103243881749467
24,47,-0.07294599768322202
24,48,-0.0683424948264919
24,49,-0.09545641221201717
24,50,-0.08258363794791651
24,51,-0.07789278475122058
24,52,-0.06493834104517543
24,53,-0.10000242151246408
24,54,-0.07893687656492704
24,55,-0.05091275902524184
24,56,-0.0622579737592312
24,57,-0.07348317388085651
24,58,-0.082644525125744
24,59,-0.09706696469945691
24,60,-0.08154074564953329
24,61,-0.08574334515142173
24,62,-0.1041149304764728
24,63,-0.06488514107285775
24,64,-0.06817436717925479
24,65,-0.10603911543164801
24,66,-0.08060562044988134
24,67,-0.08534139069075697
24,68,-0.10192637074827299
24,69,-0.08770387657717038
24,70,-0.048014078808606864
24,71,-0.10731382381982602
24,72,-0.08011946512215823
24,73,-0.06462829100591244
24,74,-0.10679054559261775
24,75,-0.06238779986046877
24,76,-0.09698937649632472
24,77,-0.09405813995415152
24,78,-0.0922787138346356
24,79,-0.07949440618489118
24,80,-0.07746452616132055
24,81,-0.08665749622917784
24,82,-0.09335392383910929
24,83,-0.09934043221235439
24,84,-0.11255556633526126
24,85,-0.09040286874158593
24,86,-0.11428947580448379
24,87,-0.10930446016607615
24,88,-0.09658329654930226
24,89,-0.07760673795233125
24,90,-0.09278065187860929
24,91,-0.09027395111342934
24,92,-0.08691930635777356
24,93,-0.09301340822908966
24,94,-0.11256950405463828
24,95,-0.0848985567695747
24,96,-0.10372322839733128
24,97,-0.1090065423121866
24,98,-0.08943757230664767
24,99,-0.07982912669280973
24,100,-0.10690433702991997
24,101,-0.10731441198554453
24,102,-0.09061843071824
24,103,-0.11215001398909191
24,104,-0.0889340073921604
24,105,-0.11096802195089478
24,106,-0.11121928790527408
24,107,-0.09389277763262638
24,108,-0.10451135553860308
24,109,-0.09486054792685017
24,110,-0.053577646983443306
24,111,-0.0839232644919995
24,112,-0.06296749437274407
24,113,-0.055423026158795574
24,114,-0.08610156225243254
24,115,-0.08452971197175219
24,116,-0.04733080304695825
24,117,-0.034485048183793054
24,118,-0.08228788509444995
24,119,-0.09841515975797055
24,120,-0.07884539773169169
24,121,-0.04273931069911818
24,122,-0.04643792457075191
24,123,-0.045240122514563996
24,124,-0.04176687099881449
24,125,-0.04916984689282544
24,126,-0.04917636080165122
24,127,-0.028802161272494187
24,128,-0.05179019071481572
24,129,-0.045487004027910116
24,130,-0.060195258177855815
24,131,-0.053527955849685616
24,132,-0.030079856191990384
24,133,0.0018160828630124914
24,134,0.02460324694012017
24,135,-0.0007920941397302483
24,136,0.005592063577938067
24,137,0.024118222553912605
24,138,-0.008173724611240718
24,139,0.009139767597598825
24,140,0.033188405231209694
24,141,0.026707304473454707
24,142,0.08119176540185402
24,143,0.08631767607141261
24,144,0.12293239254330834
24,145,0.10138360301914828
24,146,0.10910497749518511
24,147,0.11468876673422512
25,1,-0.06762260871098352
25,2,-0.07570773292590355
25,3,-0.09850305557452266
25,4,-0.08353653564906077
25,5,-0.08060153127893555
25,6,-0.08344859099570134
25,7,-0.0573657995312159
25,8,-0.05221817600315931
25,9,-0.08005467414814593
25,10,-0.10277564847550102
25,11,-0.07107149016187786
25,12,-0.07149964852341406
25,13,-0.1014600931420288
25,14,-0.07353174492530534
25,15,-0.07467895593996693
25,16,-0.05268112668484265
25,17,-0.0628138224437716
25,18,-0.08819552368004463
25,19,-0.09701444799575659
25,20,-0.08232530180408165
25,21,-0.08927743270227462
25,22,-0.07241476306710043
25,23,-0.053450699252635236
25,24,-0.09871762106922854
25,25,-0.0642259414852474
25,26,-0.052145055805203344
25,27,-0.051941869017102404
25,28,-0.09591822579291842
25,29,-0.10206347261569237
25,30,-0.03491094770578096
25,31,-0.09036879931936603
25,32,-0.08790992277363407
25,33,-0.08318957056368242
25,34,-0.0735206356587862
25,35,-0.058279129701546084
25,36,-0.09848416412906308
25,37,-0.07394084309256743
25,38,-0.07875550519703683
25,39,-0.0542674588269671
25,40,-0.07186039520165144
25,41,-0.07665842601800021
25,42,-0.08819420951861312
25,43,-0.09902417305049172
25,44,-0.10054784368235553
25,45,-0.09535635384731378
25,46,-0.08392760843768104
25,47,-0.08218856234374483
25,48,-0.09153558275327306
25,49,-0.044612511856963466
25,50,-0.08234085586992629
25,51,-0.0713484121583991
25,52,-0.0867492487408641
25,53,-0.0678925178606033
25,54,-0.07971238751535686
25,55,-0.1065801921338162
25,56,-0.08248847899204653
25,57,-0.061502510900462715
25,58,-0.1123200194273904
25,59,-0.10382618327756438
25,60,-0.10005180315472995
25,61,-0.07778700014709916
25,62,-0.10213123468626423
25,63,-0.07144793249630105
25,64,-0.06345466145416606
25,65,-0.09769541890100553
25,66,-0.07060899597874537
25,67,-0.10653423432938774
25,68,-0.07402255467197183
25,69,-0.07588488623430745
25,70,-0.0880637239593145
25,71,-0.0760733340412788
25,72,-0.09871575001552568
25,73,-0.0917453420532271
25,74,-0.08860039941414716
25,75,-0.0798705479342956
25,76,-0.10085788279167235
25,77,-0.10546182073043908
25,78,-0.09871949419947573
25,79,-0.0695131256987227
25,80,-0.06391066940080087
25,81,-0.07060152378156315
25,82,-0.06854144999448086
25,83,-0.056649056782195895
25,84,-0.07372660271620607
25,85,-0.09763230767642178
25,86,-0.10384430908683623
25,87,-0.10305520755583036
25,88,-0.05834983260087173
25,89,-0.10201468834136906
25,90,-0.10426187613693777
25,91,-0.11143503612107342
25,92,-0.10207915877471735
25,93,-0.09148599627125015
25,94,-0.08966431651842965
25,95,-0.11845751028324436
25,96,-0.11340321397795655
25,97,-0.1059265247971034
25,98,-0.08847140250460156
25,99,-0.09808698416368533
25,100,-0.09205409255642533
25,101,-0.10207622810409628
25,102,-0.09197605175565515
25,103,-0.06152609886253374
25,104,-0.10446404297198941
25,105,-0.09744116502269062
25,106,-0.09117514076628613
25,107,-0.09395306441782314
25,108,-0.047681787110681384
25,109,-0.07370269199728574
25,110,-0.0996339525656334
25,111,-0.10609947733680253
25,112,-0.09046597708970255
25,113,-0.08073012320505313
25,114,-0.1093583915028381
25,115,-0.06826923817487568
25,116,-0.11058033506871906
25,117,-0.07214134821135748
25,118,-0.06355534285301417
25,119,-0.09396507907126911
25,120,-0.10171386631244317
25,121,-0.09275938688476848
25,122,-0.05858538872830338
25,123,-0.11159472445365703
25,124,-0.09670096845044124
25,125,-0.0877558131689612
25,126,-0.09389269839155834
25,127,-0.07523739749337088
25,128,-0.10653185825837913
25,129,-0.09361735299862556
25,130,-0.08799214727933208
25,131,-0.09125427676074971
25,132,-0.08357655652535145
25,133,-0.061610429200913086
25,134,-0.10717602943203436
25,135,-0.09853205429030099
25,136,-0.0954605894233096
25,137,-0.09336603093757478
25,138,-0.06254052808889715
25,139,-0.09624061229193975
25,140,-0.10281745201698195
25,141,-0.10203954086074002
25,142,-0.07981181590398939
25,143,-0.10798683781004875
25,144,-0.08679550399418462
25,145,-0.07670329861807162
25,146,-0.07629496900073912
25,147,-0.10470594171610059
25,148,-0.1005113662120854
25,149,-0.06994563316663882
25,150,-0.05999789882209616
25,151,-0.09156603189505697
25,152,-0.08955530888050117
25,153,-0.07028850597566277
25,154,-0.09247709147902133
25,155,-0.05916173646157574
25,156,-0.08203123632167508
25,157,-0.09644335292759693
25,158,-0.08384439137863031
25,159,-0.08336155839148451
25,160,-0.0924518903158868
25,161,-0.09487267707802649
25,162,-0.08464332359900234
25,163,-0.08499051640357846
25,164,-0.07692918520682662
25,165,-0.07506679421627427
25,166,-0.03182591421204872
25,167,-0.0645938171046802
25,168,-0.05735002468249345
25,169,-0.08263405449564515
25,170,-0.07510898435990876
25,171,-0.08269319992435642
25,172,-0.07572152495735507
25,173,-0.08283400824222037
25,174,-0.08073359983999306
25,175,-0.061088256486673376
25,176,-0.08690347156427924
25,177,-0.01868294290983835
25,178,-0.08285559326525638
25,179,-0.07672583329279797
25,180,-0.056069609489619976
25,181,-0.04810311581703097
25,182,-0.056487506213845795
25,183,-0.07572819071876002
25,184,-0.06583615420242
25,185,-0.044628140224601265
25,186,-0.07698674304482445
25,187,-0.03741225138710086
25,188,-0.047537198434325856
25,189,-0.05646210554779346
25,190,-0.061913511547298905
25,191,-0.059488873784321494
25,192,-0.031975725757935114
25,193,-0.04804259015706147
25,194,-0.05011425949745035
25,195,-0.040425542381477275
25,196,0.007887181485661032
25,197,-0.07953261674872458
25,198,-0.04255559851173418
25,199,-0.03425597908909234
25,200,-0.01845403290579606
25,201,-0.013863321368412063
25,202,-0.023454291447415287
25,203,-0.035582187387846353
25,204,0.00614219351693257
25,205,-0.0023131968491394983
25,206,-0.042427565221018815
25,207,0.012207940856925337
25,208,0.011763626906942992
25,209,0.000265272068240896
25,210,0.007642047454223699
25,211,-0.005213457252757625
25,212,0.01155879364343626
25,213,0.01775359143353561
25,214,0.014928248835493596
25,215,0.015129994467556473
25,216,0.026853646577036483
25,217,0.03940534416094421
25,218,0.01738144720018553
25,219,0.030174703913795398
25,220,0.03444154290651469
25,221,0.019283012818538725
25,222,0.060034043124632896
25,223,0.04810646731393531
25,224,0.0886886978405903
25,225,0.05881660547943157
25,226,0.05020484994624619
25,227,0.07914129854619567
25,228,0.09900197895462148
25,229,0.06253619491379203
25,230,0.10721664517953178
26,1,-0.10958385271139776
26,2,-0.09696308166091383
26,3,-0.08611246436318687
26,4,-0.1090575913734314
26,5,-0.0768216717311187
26,6,-0.08457770887096921
26,7,-0.07672210279034658
26,8,-0.07875423023329026
26,9,-0.07135293593003339
26,10,-0.05518764686659566
26,11,-0.0960143594117327
26,12,-0.1066326271137506
26,13,-0.10099283579257945
26,14,-0.07918496376005829
26,15,-0.08059992422524914
26,16,-0.08381341496229106
26,17,-0.07571985392605923
26,18,-0.10328605673155716
26,19,-0.08257656884129438
26,20,-0.07149191346620154
26,21,-0.05757272777149086
26,22,-0.08522339802289203
26,23,-0.08371112086806143
26,24,-0.07510240417959496
26,25,-0.10384904997698335
26,26,-0.08255307612730867
26,27,-0.06122905689535063
26,28,-0.1015630474181215
26,29,-0.09940640048443034
26,30,-0.1000580623214179
26,31,-0.08545080576461572
26,32,-0.116277252048476
26,33,-0.05331351224998232
26,34,-0.06986121191464534
26,35,-0.03467508910360151
26,36,-0.09733272758431438
26,37,-0.07399580126081601
26,38,-0.08740253721756613
26,39,-0.08115684809425944
26,40,-0.07459672242021625
26,41,-0.08967474210012977
26,42,-0.10048565038881341
26,43,-0.0724325840258393
26,44,-0.09364514854786782
26,45,-0.07551691833581609
26,46,-0.06790464758583836
26,47,-0.06588989686886065
26,48,-0.08700752654358956
26,49,-0.09539476860002466
26,50,-0.08827060785056884
26,51,-0.096682763967467
26,52,-0.06920692141038842
26,53,-0.07300105071452767
26,54,-0.06773837014812101
26,55,-0.09296196725819833
26,56,-0.09800580140844273
26,57,-0.04410647496880388
26,58,-0.09707898347452598
26,59,-0.08494914968209893
26,60,-0.0725067914099995
26,61,-0.10560119593829337
26,62,-0.05746931346497047
26,63,-0.07617909712797077
26,64,-0.08770893619350112
26,65,-0.06416108985410335
26,66,-0.1012795399668196
26,67,-0.09538067079437323
26,68,-0.09532430824190646
26,69,-0.09173985428297632
26,70,-0.10723778991024902
26,71,-0.09807746884885388
26,72,-0.08735257036102367
26,73,-0.09583743819451118
26,74,-0.09617844367159456
26,75,-0.10741594543668415
26,76,-0.07663290835031672
26,77,-0.08767904705784774
26,78,-0.06936829350210372
26,79,-0.06256406581191964
26,80,-0.0377344808804565
26,81,-0.04990005192701169
26,82,-0.0937492219684507
26,83,-0.07424229706915841
26,84,-0.07575962347839488
26,85,-0.07374794758219994
26,86,-0.1044808803269821
26,87,-0.07788032146594626
26,88,-0.08118577797042464
26,89,-0.08536641504782388
26,90,-0.0811521180152458
26,91,-0.09153948749543034
26,92,-0.08560870981447377
26,93,-0.08819921782223872
26,94,-0.08197854617384331
26,95,-0.09183468832464847
26,96,-0.08843295358614683
26,97,-0.06897295689085914
26,98,-0.097687125456346
26,99,-0.09783522360777169
26,100,-0.08214564816997172
26,101,-0.09553143506677542
26,102,-0.10336498944480271
26,103,-0.10718857004326038
26,104,-0.0978159583578419
26,105,-0.08324724181879345
26,106,-0.08799716842481048
26,107,-0.07186334140083328
26,108,-0.10908883082716081
26,109,-0.10398153435429097
26,110,-0.07005717805062417
26,111,-0.09265360800168648
26,112,-0.10796241519109884
26,113,-0.08936152692119731
26,114,-0.0645003032592737
26,115,-0.09289971819691617
26,116,-0.07629791757324172
26,117,-0.09959133278795235
26,118,-0.11450780197219657
26,119,-0.09954695636021343
26,120,-0.07409704410545426
26,121,-0.0567621351999365
26,122,-0.07397252622799438
26,123,-0.08620527679819417
26,124,-0.10338116954840948
26,125,-0.06312326013734099
26,126,-0.08659825312780078
26,127,-0.11579275982246118
26,128,-0.09076598966643185
26,129,-0.09938671715898051
26,130,-0.08958959775000153
26,131,-0.11407434686054024
26,132,-0.10384184483973319
26,133,-0.04870602282161335
26,134,-0.03675839792356239
26,135,-0.09470533825019722
26,136,-0.08548882585925849
26,137,-0.09889477893680287
26,138,-0.08972788929662262
26,139,-0.03757011688582973
26,140,-0.05220239671344823
26,141,-0.07034586257890563
26,142,-0.062073796564081074
26,143,-0.07532270713527744
26,144,-0.04919132914183266
26,145,-0.0722820211052348
26,146,-0.05794212087461509
26,147,-0.08279019175941155
26,148,-0.05062952594672909
26,149,-0.09383690502721409
26,150,-0.03924690443253481
26,151,-0.06507821221962146
26,152,-0.057636338075716276
26,153,-0.07415293513761984
26,154,-0.06292984163507698
26,155,-0.07943199490153119
26,156,-0.05900325706118997
26,157,-0.04867739862577264
26,158,-0.07658947293968216
26,159,-0.018967283786332445
26,160,-0.038253801115836095
26,161,-0.02312211537265807
26,162,-0.01632796629270461
26,163,-0.03662478106590178
26,164,-0.028401711626306392
26,165,-0.009702371669241427
26,166,-0.04561744161514375
26,167,-0.04754571032392885
26,168,-0.021003530926779423
26,169,-0.03613465329516363
26,170,-0.010028989797681909
26,171,-0.018774462233337397
26,172,-0.01776620426511738
26,173,-0.022854573714134574
26,174,-0.040054453922275635
26,175,-0.038039058500377254
26,176,-0.009182452549537257
26,177,-0.0011904640932142718
26,178,-0.0037171459463630208
26,179,0.025279385826640022
26,180,0.005530129180685295
26,181,0.017702429610696013
26,182,-0.017912048438780415
26,183,0.018068847095881413
26,184,0.0026927378965660997
26,185,0.005310265244645618
26,186,0.03233797082589507
26,187,0.030004846582968425
26,188,0.014517731601549344
26,189,0.0046172554211196815
26,190,0.005971309319903084
26,191,0.07857953139711182
26,192,0.05035108960152945
26,193,0.02670586654468965
26,194,0.05947051978714468
26,195,0.04170349511295568
26,196,0.0648732993187936
26,197,0.08259046678518145
26,198,0.0533254054343788
26,199,0.11843692575494169
27,1,-0.07523325436439876
27,2,-0.06834297740996631
27,3,-0.0835035207199486
27,4,-0.11083320212212766
27,5,-0.06050300380598589
27,6,-0.09078056521804168
27,7,-0.09474799621468893
27,8,-0.08956794483792768
27,9,-0.0899000231817868
27,10,-0.09673709286778481
27,11,-0.0650926218882481
27,12,-0.1070335828746013
27,13,-0.06263148915201516
27,14,-0.09654945305418172
27,15,-0.10878368295799917
27,16,-0.09269463045242304
27,17,-0.08175762436986211
27,18,-0.09736648264954084
27,19,-0.09122524793505343
27,20,-0.1133983668654498
27,21,-0.09389232668931852
27,22,-0.100730578945043
27,23,-0.07936455318994184
27,24,-0.06548254690829253
27,25,-0.06307537531346513
27,26,-0.08876804301904401
27,27,-0.07682617756131216
27,28,-0.08267531695448493
27,29,-0.06662427059593656
27,30,-0.0875016934855945
27,31,-0.10591439849757489
27,32,-0.10696624360546697
27,33,-0.09364222759846391
27,34,-0.0693645070786571
27,35,-0.10487473027333649
27,36,-0.06576793633082212
27,37,-0.08744140237824916
27,38,-0.09748176056984115
27,39,-0.10241470863495278
27,40,-0.09786864851066734
27,41,-0.09380242074581363
27,42,-0.06563767780859953
27,43,-0.09146285201919258
27,44,-0.08701754357044539
27,45,-0.08114317659959708
27,46,-0.08575696918182857
27,47,-0.10645511892018589
27,48,-0.09547336832648928
27,49,-0.0968222407635147
27,50,-0.09391277243779872
27,51,-0.09825454732184385
27,52,-0.018932117455114528
27,53,-0.08278251968504657
27,54,-0.09953674697997822
27,55,-0.08856172798606182
27,56,-0.07732860613810305
27,57,-0.09553872524117951
27,58,-0.09986998982799833
27,59,-0.07864601075767208
27,60,-0.09506539773850947
27,61,-0.09049142068950738
27,62,-0.09562179791296016
27,63,-0.0950329045177255
27,64,-0.07819070658975119
27,65,-0.11010198145817024
27,66,-0.08446614704557087
27,67,-0.09678434779836681
27,68,-0.09752890425861199
27,69,-0.07000808251269136
27,70,-0.10546357850613636
27,71,-0.09535342904214905
27,72,-0.07992071092946673
27,73,-0.08735544168061643
27,74,-0.10191397895390897
27,75,-0.09045654566834438
27,76,-0.116627555390235
27,77,-0.08601217142878248
27,78,-0.09424455519550823
27,79,-0.10001516761868517
27,80,-0.0545638742640549
27,81,-0.10731945480591998
27,82,-0.06886181600993951
27,83,-0.08367546227613354
27,84,-0.09133237514945042
27,85,-0.06378075275456374
27,86,-0.08210556582603529
27,87,-0.07328966458536668
27,88,-0.05929044868766159
27,89,-0.08155532723979741
27,90,-0.09119352685460119
27,91,-0.07965855206245936
27,92,-0.07531875368492041
27,93,-0.08820182202764626
27,94,-0.07909508416460181
27,95,-0.06675714882259093
27,96,-0.07722150798127575
27,97,-0.06688178461923672
27,98,-0.05860311641147459
27,99,-0.07836686872715581
27,100,-0.09154664128643747
27,101,-0.1107139448126076
27,102,-0.07797719432629341
27,103,-0.036982894308765224
27,104,-0.09715442611261943
27,105,-0.0937727389507273
27,106,-0.052232061213084546
27,107,-0.07957704590445153
27,108,-0.09045497805788927
27,109,-0.06666034260958204
27,110,-0.06159371396074881
27,111,-0.0805465291811342
27,112,-0.0634911827538171
27,113,-0.058923957177593966
27,114,-0.08534408526472886
27,115,-0.06985795671360373
27,116,-0.05732182285547044
27,117,-0.07424482903139784
27,118,-0.07392717000157673
27,119,-0.05371123144839324
27,120,-0.03526494213365089
27,121,-0.06534742078544659
27,122,-0.09459897970369924
27,123,-0.042645336894532204
27,124,-0.06946954703321206
27,125,-0.04971677823211851
27,126,-0.03047680924787255
27,127,-0.05705210731734017
27,128,-0.04310635719405925
27,129,-0.05878147750914359
27,130,-0.05487495611525889
27,131,-0.03425806718589697
27,132,-0.034102784796039176
27,133,-0.02543786630208189
27,134,-0.012232151225400056
27,135,-0.02750451810618537
27,136,-0.009085531745298747
27,137,0.013299668624417338
27,138,0.02967286675694114
27,139,-0.002030921172748168
27,140,-0.0003885696888801804
27,141,-0.00924862581031527
27,142,-0.029128399008865602
27,143,-0.012602013318266714
27,144,0.00622703612646569
27,145,0.027708118979186125
27,146,0.041964702907998586
27,147,0.022752687961590135
27,148,0.021265744578543022
27,149,0.022760656760685616
27,150,0.049856315447464494
27,151,0.06997343218068108
27,152,0.039211966800099196
27,153,0.03292591983477722
27,154,0.07661081615630616
27,155,0.0807697015168869
27,156,0.09533763844936438
28,1,-0.019830481309223713
28,2,0.019815916378415732
28,3,0.027496991432366835
28,4,-0.018972221207140705
28,5,-0.010802879311705982
28,6,-0.03862549847811464
28,7,-0.013021631489487762
28,8,-0.03874669456653812
28,9,-0.040382185387131286
28,10,-0.034527295159781146
28,11,-0.04546798147582698
28,12,-0.033164916022602964
28,13,-0.02520686843467501
28,14,-0.027750660141011407
28,15,-0.005678665641528191
28,16,-0.037482177683958506
28,17,-0.0302763191004356
28,18,-0.03440528898410666
28,19,-0.002219232661625714
28,20,0.0005171532943133439
28,21,-0.03773212773827295
28,22,-0.021542739649059506
28,23,0.009214220325917899
28,24,-0.034379065168074985
28,25,-0.03916009348630667
28,26,0.021850795595285022
28,27,-0.020111400498358578
28,28,0.020000987183331653
28,29,-0.018690703571505873
28,30,-0.015758457840274187
28,31,-0.06258511251935645
28,32,0.007907816209562823
28,33,-0.02921192768929254
28,34,-0.026379605356777136
28,35,-0.03266893792539177
28,36,-0.01672234631904762
28,37,0.006586061756616357
28,38,-0.028625333037606282
28,39,-0.022989600211530015
28,40,-0.047314433537008815
28,41,0.02105030448376688
28,42,-0.023735114333192087
28,43,-0.05979184611245941
28,44,-0.029731856634915677
28,45,0.0029631531809906075
28,46,-0.035747700122556236
28,47,-0.007026538713739372
28,48,-0.007774497218507537
28,49,-0.03875118346095402
28,50,-0.013977426713073393
28,51,-0.005900255520514319
28,52,-0.030321688120861223
28,53,-0.02709667060381854
28,54,-0.05833377999002659
28,55,-0.08467312524484583
28,56,-0.008029356006790112
28,57,-0.08272695514349904
28,58,0.022991665121344984
28,59,-0.028247637098781753
28,60,-0.041147110066978965
28,61,-0.054040243754185924
28,62,-0.0566194447063012
28,63,-0.02877316542096353
28,64,-0.04586923116287417
28,65,-0.06631711550567204
28,66,-0.0629839469468127
28,67,-0.08505028675390558
28,68,-0.04043024110846388
28,69,-0.028582890487470036
28,70,0.0269710251858164
28,71,-0.0393264736665323
28,72,-0.02427894079140458
28,73,-0.04738996145747948
28,74,-0.06054437891490977
28,75,-0.06121841963446595
28,76,-0.06107075698633685
28,77,-0.011066418977587145
28,78,-0.07016858831320144
28,79,-0.0790543019223221
28,80,-0.043976730504705464
28,81,-0.07567283429115856
28,82,-0.045329353224280666
28,83,-0.07248350780974544
28,84,-0.08047637531981006
28,85,-0.05141694464858171
28,86,-0.06067412900781716
28,87,-0.08449197178983214
28,88,-0.07833256973050268
28,89,-0.09302836525791858
28,90,-0.06859242909488594
28,91,-0.09380563809989029
28,92,0.025916695691497016
28,93,-0.01683737045319733
28,94,-0.01746292103164565
28,95,-0.10907596648243584
28,96,-0.08065015570826367
28,97,-0.07846378712660707
28,98,-0.07678552172883191
28,99,-0.08028827748718281
28,100,-0.07841050450494103
28,101,-0.09148569733508444
28,102,-0.0905685894899233
28,103,-0.06528674362804449
28,104,-0.07586263448760544
28,105,-0.09274430867909439
28,106,-0.1051679106939622
28,107,-0.10148477617125473
28,108,-0.01940657033841281
28,109,-0.0901382507268077
28,110,-0.07781958136084427
28,111,-0.07989487620381619
28,112,-0.10125453343182333
28,113,-0.0939838844050031
28,114,-0.10265616783804227
28,115,-0.10414848793653497
28,116,-0.06743296592321146
28,117,-0.08423895632181744
28,118,-0.11047174955084937
28,119,-0.1074457185314705
28,120,-0.1091222000503495
28,121,-0.06634130652127779
28,122,-0.0706082953964352
28,123,-0.09964163015967187
28,124,-0.08257893551514206
28,125,-0.0957779067046085
28,126,-0.08635327687640065
28,127,-0.06271888031872597
28,128,-0.08735592098582501
28,129,-0.08869031376547826
28,130,-0.0741457298447209
28,131,-0.08824697997630326
28,132,-0.07675150398166791
28,133,-0.06389966186044965
28,134,-0.07745634151777281
28,135,-0.06874784950202123
28,136,-0.061483500090676824
28,137,-0.06543538258849357
28,138,-0.03840926430363323
28,139,-0.06990585384852555
28,140,-0.09311751413660063
28,141,-0.08376251002612745
28,142,-0.043665879945281816
28,143,-0.07531149963790523
28,144,-0.08947149652126835
28,145,-0.05431663840433437
28,146,-0.03193571049570837
28,147,-0.045514549734604726
28,148,-0.023243206405114958
28,149,-0.032666177595414236
28,150,-0.0420231710352178
28,151,-0.03343980657266754
28,152,-0.02560821223623294
28,153,-0.036935604310795234
28,154,-0.023229573696506634
28,155,-0.037563770458141466
28,156,-0.04437242307491246
28,157,-0.006201167058681123
28,158,0.000978741173082942
28,159,0.041659221913724065
28,160,0.009506170244361511
28,161,0.024416090052425177
28,162,0.05744386607140439
28,163,0.039198137497008956
28,164,0.052755495904517224
28,165,0.07202983055661827
29,1,-0.07820482414041974
29,2,-0.1017075949350224
29,3,-0.10209982852229205
29,4,-0.05929141309014463
29,5,-0.10256587533120876
29,6,-0.09698177782647344
29,7,-0.087944371052741
29,8,-0.08804045761298057
29,9,-0.09214925922618422
29,10,-0.10782109004629647
29,11,-0.11704686077037468
29,12,-0.10136287339001204
29,13,-0.08736337563726404
29,14,-0.08973665771127093
29,15,-0.10471068553348445
29,16,-0.0902618356235132
29,17,-0.07895783851127303
29,18,-0.09012051939136445
29,19,-0.1173030491995643
29,20,-0.061396637951858346
29,21,-0.0846037210070501
29,22,-0.0702560723412004
29,23,-0.09822833879376441
29,24,-0.10189190893734723
29,25,-0.08595331583859583
29,26,-0.09727795117415006
29,27,-0.07285841382890484
29,28,-0.0930135381902858
29,29,-0.06986622070601128
29,30,-0.07847670914716837
29,31,-0.08047368682299105
29,32,-0.11201076148823846
29,33,-0.08565516726023836
29,34,-0.07077968879087104
29,35,-0.06880412342126452
29,36,-0.08661985657015764
29,37,-0.08211236621142765
29,38,-0.09244391794999857
29,39,-0.08052870413894359
29,40,-0.07836835747291326
29,41,-0.09579827938326652
29,42,-0.08142085907029994
29,43,-0.05624251248688805
29,44,-0.10287610605648034
29,45,-0.062332981051824
29,46,-0.0957563608918593
29,47,-0.11057411772080811
29,48,-0.1010810772036228
29,49,-0.0956356892029136
29,50,-0.09848188242146477
29,51,-0.10905906032219354
29,52,-0.09660476646982846
29,53,-0.09664504781803274
29,54,-0.10616948994283848
29,55,-0.10769247749913902
29,56,-0.10571080113311121
29,57,-0.09189148604600517
29,58,-0.10523285757648115
29,59,-0.09644265691226417
29,60,-0.07907664205992182
29,61,-0.09798175586719537
29,62,-0.064547484015053
29,63,-0.0981128224923013
29,64,-0.10185675551746864
29,65,-0.10092979578832867
29,66,-0.1016445568235449
29,67,-0.08317475477453828
29,68,-0.10973388990558441
29,69,-0.08619707736673027
29,70,-0.06823046720053366
29,71,-0.09053433902642632
29,72,-0.06443007415962565
29,73,-0.0916892940293379
29,74,-0.06323769848912947
29,75,-0.10955677827807847
29,76,-0.09488551419530938
29,77,-0.07524623447624201
29,78,-0.09225518269941452
29,79,-0.0922165802364654
29,80,-0.0825327258853557
29,81,-0.1048651020531517
29,82,-0.0927061945867414
29,83,-0.0816483805876434
29,84,-0.09654889797692612
29,85,-0.09348750715215726
29,86,-0.1004824256838856
29,87,-0.08784227483332346
29,88,-0.08650709195015455
29,89,-0.09318369262466886
29,90,-0.0984784514943271
29,91,-0.10612684128299593
29,92,-0.060817042065299476
29,93,-0.06762185698622286
29,94,-0.09355917397896257
29,95,-0.07494841365858301
29,96,-0.10782120046370369
29,97,-0.09542546621805847
29,98,-0.07573459491268608
29,99,-0.09993009775400263
29,100,-0.08574884349129658
29,101,-0.08646644606613069
29,102,-0.06128458806018933
29,103,-0.10373283354399282
29,104,-0.09966075051406093
29,105,-0.06647697493845989
29,106,-0.07028187024429794
29,107,-0.10337408474111154
29,108,-0.06301731466913207
29,109,-0.08278796214142753
29,110,-0.054974286539061945
29,111,-0.08117164582918845
29,112,-0.09155835856933614
29,113,-0.053810479996564964
29,114,-0.08069560726350083
29,115,-0.07767849190163462
29,116,-0.08657850870261996
29,117,-0.05658646586273536
29,118,-0.09179486501921486
29,119,-0.07976911820161575
29,120,-0.06746629251250053
29,121,-0.03754563107756409
29,122,-0.09612803387325225
29,123,-0.051403298424833765
29,124,-0.0781831098536726
29,125,-0.046481658564377415
29,126,-0.07102812785704127
29,127,-0.08571256127655719
29,128,-0.08559180861789767
29,129,-0.08013639698151437
29,130,-0.04704822870230535
29,131,-0.04173353812238706
29,132,-0.02664946527058415
29,133,-0.03887824419515268
29,134,-0.07809714084769204
29,135,-0.05137230623979966
29,136,-0.03508743572408907
29,137,-0.07585737871670539
29,138,-0.03295065757273108
29,139,-0.037136394994395305
29,140,-0.07215102169951298
29,141,0.007254368062681205
29,142,-0.01997464948118699
29,143,-0.046363286460330055
29,144,-0.018574393179527138
29,145,0.002638031263265228
29,146,-0.03430512226136867
29,147,0.02650425406507817
29,148,-0.02024534076445761
29,149,0.013655800784942107
29,150,0.04785481523236368
29,151,0.007991262510228192
29,152,0.021851876915541912
29,153,0.027762726878996946
29,154,0.06980603401967167
29,155,0.036604368236095586
29,156,0.05289861691660391
29,157,0.026640373692788266
29,158,0.07848044710182978
29,159,0.07434361465526396
29,160,0.06095372325194204
29,161,0.08381436974703693
29,162,0.07993493510288296
29,163,0.07849426221017741
30,1,-0.02379723608207407
30,2,-0.009489311331928096
30,3,-0.056876641288470475
30,4,-0.031450664200013134
30,5,-0.04098160809707929
30,6,0.0040229821581407865
30,7,-0.04208770520269389
30,8,-0.04164332448355201
30,9,0.0011161334008805701
30,10,0.04167327458582448
30,11,0.015527895196710162
30,12,0.04204509449217764
30,13,-0.03861946107289299
30,14,0.057619000903485484
30,15,-0.029213801411829
30,16,-0.031210888614523424
30,17,-0.04597500609390148
30,18,-0.030102028023969107
30,19,0.053498801121160344
30,20,-0.02910043902025261
30,21,0.00377656256428327
30,22,0.0038374272316181735
30,23,-0.019663967713725583
30,24,0.020600136955423398
30,25,0.027067609366130063
30,26,-0.06281921066437718
30,27,0.008533809045127905
30,28,-0.030466833144618732
30,29,-0.04236264348771068
30,30,-0.017859543912383036
30,31,-0.02084122970531227
30,32,-0.016207639232942772
30,33,-0.052662031602758064
30,34,-0.04372340397203195
30,35,-0.046722740990546796
30,36,-0.021200845118166445
30,37,-0.047527419282633654
30,38,-0.03689325596023957
30,39,0.046258515004848455
30,40,-0.044249208141502405
30,41,-0.01867893648587199
30,42,-0.02771186281865795
30,43,-0.026160921561782957
30,44,-0.05178450000867951
30,45,-0.061819769839537575
30,46,-0.022653869521563674
30,47,-0.000496295478889186
30,48,-0.05853149473345698
30,49,-0.033126466805989685
30,50,-0.04141456340805827
30,51,-0.012461397205530689
30,52,-0.037683290278832604
30,53,0.01097313097645558
30,54,-0.05755886239321889
30,55,0.07579177372873847
30,56,-0.05402178524264484
30,57,-0.05485267005490424
30,58,-0.03866200092216332
30,59,0.004279215460558428
30,60,-0.03554020660556023
30,61,-0.036538685859649755
30,62,0.03246707345444644
30,63,-0.025560046606195597
30,64,-0.026189405605964222
30,65,-0.0700752068844343
30,66,-0.04494386822859958
30,67,-0.009155966123387094
30,68,-0.021118001369687722
30,69,-0.03721271408775373
30,70,-0.04295615487730026
30,71,-0.013876794717033514
30,72,-0.06689634816258844
30,73,-0.043697898514988176
30,74,-0.05231542411709972
30,75,-0.0453834730123841
30,76,-0.049561037793403595
30,77,-0.07809098368203382
30,78,0.03251431969671659
30,79,-0.08870430158866466
30,80,-0.05474054670395523
30,81,-0.05932014314220013
30,82,-0.0009666001434396887
30,83,-0.044467075303857795
30,84,-0.06856567297382854
30,85,-0.07909946401976392
30,86,-0.004838404448176459
30,87,-0.028604569092735677
30,88,0.010332446183700106
30,89,-0.05047502059438713
30,90,-0.07180205713717075
30,91,-0.05843919807517861
30,92,-0.06333064539062339
30,93,-0.02844313019303618
30,94,-0.06604136342717865
30,95,-0.021494199171560424
30,96,-0.08741080699190107
30,97,-0.10414149391690397
30,98,-0.07511824276560292
30,99,-0.07183695772709764
30,100,-0.09177677973207299
30,101,-0.06280161515148874
30,102,-0.05395218243601524
30,103,-0.07123962142356172
30,104,-0.08456060366954438
30,105,-0.08223579937483089
30,106,-0.1043679755339636
30,107,-0.08035997874170442
30,108,-0.0650368060448428
30,109,-0.10247713888051613
30,110,-0.07639977813971527
30,111,-0.08051366950857475
30,112,-0.08367400118352553
30,113,-0.061398749179969236
30,114,-0.0809390739937007
30,115,-0.07471083306519355
30,116,-0.07936862082410368
30,117,-0.07885796182544841
30,118,-0.05922082616535018
30,119,-0.08231861425699044
30,120,-0.0995017970228147
30,121,-0.07978247473287337
30,122,-0.08884950471745834
30,123,-0.10198261199247155
30,124,-0.07606630389600438
30,125,-0.06461500438832013
30,126,-0.0750870698285146
30,127,-0.11063085091421504
30,128,-0.08297846308847523
30,129,-0.0907430919214241
30,130,-0.0784643911492991
30,131,-0.11323798792369799
30,132,-0.08725615103249362
30,133,-0.09951054867301717
30,134,-0.09715428089225087
30,135,-0.09439657774479038
30,136,-0.07023276922623678
30,137,-0.08493494446639177
30,138,-0.09388674226441701
30,139,-0.10189078475217933
30,140,-0.10165176778656404
30,141,-0.10910586447205523
30,142,-0.09624388301648512
30,143,-0.1017162435401241
30,144,-0.09604081088079525
30,145,-0.10304642699788191
30,146,-0.10663243888125357
30,147,-0.093801031830831
30,148,-0.10100326067722254
30,149,-0.10439465476124654
30,150,-0.0929731229960149
30,151,-0.10084599855585574
30,152,-0.10443853866159925
30,153,-0.08433646838683484
30,154,-0.11229010823661278
30,155,-0.07961732590303
30,156,-0.08449266341918449
30,157,-0.09521878661864897
30,158,-0.0881095425604344
30,159,-0.07922345748022569
30,160,-0.06639994425531015
30,161,-0.06799872940643475
30,162,-0.06064820822043099
30,163,-0.06097782540286428
30,164,-0.09214006196903807
30,165,-0.08210580024790154
30,166,-0.07065986882983383
30,167,-0.06591548590898011
30,168,-0.06229020275583419
30,169,-0.02660225409794542
30,170,-0.05098176215765071
30,171,-0.05391166516137691
30,172,-0.07048887518772118
30,173,-0.03123682839902786
30,174,-0.03147704620024644
30,175,-0.05512548945680873
30,176,-0.024970313515352838
30,177,-0.037778645661588006
30,178,-0.055748907365247125
30,179,-0.029303704053758484
30,180,-0.007847635380490159
30,181,-0.021310642184408868
30,182,0.0032654184045135537
30,183,-0.0033002012717089357
30,184,-0.0037181453571919487
30,185,0.009925572964035623
30,186,-0.009820098201272498
30,187,0.046115040305816035
30,188,0.024793802691008837
30,189,0.04360186973119362
30,190,0.04017672105819836
30,191,0.06144520494096639
30,192,0.06099130082197013
30,193,0.08217392017857006
30,194,0.11529712879095577
31,1,-0.07428895476732583
31,2,-0.0688547929711415
31,3,-0.050337119270630504
31,4,-0.005950096180398823
31,5,-0.023577820925495596
31,6,-0.04861914921049365
31,7,-0.018449966478722823
31,8,-0.05032788979258224
31,9,-0.027504681995428548
31,10,-0.014211458601985694
31,11,-0.05107450846466127
31,12,-0.03669203410598071
31,13,-0.04671461572858909
31,14,-0.031252133178665265
31,15,-0.04680971624341618
31,16,-0.05236987007140281
31,17,-0.04868427360536931
31,18,-0.01708838854628153
31,19,-0.06670804377878903
31,20,-0.059152649990044937
31,21,-0.06062647562785073
31,22,-0.010477163836058123
31,23,-0.07158000248361984
31,24,-0.035776013476906676
31,25,-0.05103772395539974
31,26,-0.03413493530998918
31,27,-0.0263604093882448
31,28,-0.04759572471870116
31,29,0.045931919099421625
31,30,-0.06569413356301546
31,31,-0.0464128755170366
31,32,0.01889272949876153
31,33,-0.0652751591835839
31,34,-0.03917044497001976
31,35,-0.07986994447508244
31,36,-0.03591671400598284
31,37,-0.034123754194825606
31,38,-0.03380900366386441
31,39,-0.0718159463990502
31,40,0.028175413729403687
31,41,0.009366369423558174
31,42,-0.03149629402387644
31,43,-0.007281189679336331
31,44,-0.028020642747864588
31,45,-0.03517765463861239
31,46,-0.007533829305169826
31,47,0.011431352376906734
31,48,0.012522025923434321
31,49,-0.01618372389402195
31,50,0.010632591351199872
31,51,-0.05977051755074142
31,52,0.01414694900749136
31,53,-0.07379229598713405
31,54,-0.05643162442095717
31,55,-0.05944395971558469
31,56,-0.045580790308485664
31,57,-0.021457119062133545
31,58,-0.055508316298176597
31,59,-0.06504579691100643
31,60,-0.03577884729968955
31,61,0.008317399574636508
31,62,-0.07818404086562614
31,63,-0.06287005601614987
31,64,0.01710193265372162
31,65,-0.06554491743328128
31,66,-0.06206896870481349
31,67,-0.037492692830258245
31,68,-0.03733706333480308
31,69,-0.029019117215723422
31,70,-0.024014638249579445
31,71,-0.010026388558683763
31,72,-0.07022711104982232
31,73,-0.057043182641977275
31,74,-0.06325666334706942
31,75,-0.027260641789398077
31,76,-0.08744583409895657
31,77,-0.08275908132110099
31,78,-0.06735144191204023
31,79,-0.05345949733518668
31,80,-0.06916843119405053
31,81,-0.04990246418714345
31,82,0.0037319609701619294
31,83,-0.08394798112512653
31,84,-0.07010185031593352
31,85,-0.05154331545315022
31,86,-0.04490698792192582
31,87,-0.07618710080973029
31,88,-0.05103368971821015
31,89,-0.06761845757558005
31,90,-0.059162033636810774
31,91,-0.07739564394126491
31,92,-0.0473520461680495
31,93,-0.04370478149059753
31,94,-0.068381468423384
31,95,-0.08010773109797537
31,96,-0.06637713123679073
31,97,-0.08490613208653269
31,98,-0.05963842152987098
31,99,-0.07039711446096825
31,100,-0.06770854353524791
31,101,0.0030768270683348975
31,102,-0.058666818681661015
31,103,-0.08431677701007373
31,104,-0.03775993846981879
31,105,0.0002322505753884485
31,106,-0.06758984598124085
31,107,-0.07251765947467259
31,108,-0.04945252301916292
31,109,-0.05690628426405703
31,110,-0.06352876526868562
31,111,-0.10607033738055749
31,112,-0.06043290746296409
31,113,-0.050647185728349586
31,114,-0.021938038411777994
31,115,-0.08130962296645156
31,116,-0.06586809294368451
31,117,-0.09379747730816734
31,118,-0.0904384041404771
31,119,-0.058832750884287244
31,120,-0.07393663887801083
31,121,-0.0380339010268575
31,122,-0.0559180096153617
31,123,-0.08628750958486459
31,124,-0.09562481781509202
31,125,-0.07211611515241129
31,126,-0.06278297500808033
31,127,-0.10617302157210357
31,128,-0.08866359441504235
31,129,-0.02044019413828957
31,130,-0.0073557026583095375
31,131,-0.09606337775689155
31,132,-0.08606311869932154
31,133,-0.10335756712799993
31,134,-0.07824819280905387
31,135,-0.02831297517019632
31,136,-0.0862058745674979
31,137,-0.06730039541747984
31,138,-0.09620730279907541
31,139,-0.07597392746616288
31,140,-0.06898429064301353
31,141,-0.06497408820520378
31,142,-0.10358148395440636
31,143,-0.10719348695978015
31,144,-0.07531952004473258
31,145,-0.10464915471061065
31,146,-0.06527677279510485
31,147,-0.10477324209816502
31,148,-0.09904281445826946
31,149,-0.06741381029096954
31,150,-0.09618965274717389
31,151,-0.03312727134015209
31,152,-0.10759696329001278
31,153,-0.09564887881055717
31,154,-0.10332372718390775
31,155,-0.10439886925647651
31,156,-0.09842128393229288
31,157,-0.08638449694145639
31,158,-0.10308481693836241
31,159,-0.11108878227971075
31,160,-0.0966979601667996
31,161,-0.09548612348421764
31,162,-0.0711766039953654
31,163,-0.10972797014215202
31,164,-0.0902046450982586
31,165,-0.08306077429635611
31,166,-0.10029337457087956
31,167,-0.060273028452550004
31,168,-0.09561662072101101
31,169,-0.07396842442041318
31,170,-0.09328938374568763
31,171,-0.07751526076358123
31,172,-0.08294500350979434
31,173,-0.09862803553690269
31,174,-0.0941834942181094
31,175,-0.09107897468636128
31,176,-0.07865714363890308
31,177,-0.09893659473177069
31,178,-0.0671135554119231
31,179,-0.0765506113271403
31,180,-0.11324885604138535
31,181,-0.07720600871406336
31,182,-0.08269586810318663
31,183,-0.07833752197566862
31,184,-0.09357214325816432
31,185,-0.0630994895882826
31,186,-0.10359180999398898
31,187,-0.0745643803365641
31,188,-0.06045502709153233
31,189,-0.06563145255790609
31,190,-0.08349125275672548
31,191,-0.09662603344739473
31,192,-0.08869449768449628
31,193,-0.08200032232790311
31,194,-0.08262826220503394
31,195,-0.08209460104522615
31,196,-0.06836209370632712
31,197,-0.0796407321651022
31,198,-0.06579172402278644
31,199,-0.03877409347458216
31,200,-0.06499046367237654
31,201,-0.0482102519676092
31,202,-0.0606004435137521
31,203,-0.05498600625805783
31,204,-0.0363742905061773
31,205,-0.00981876802244458
31,206,-0.030656437249424295
31,207,-0.044014190005795206
31,208,-0.03554888575546494
31,209,-0.05946942229720814
31,210,-0.012298380192127145
31,211,0.006608252315697061
31,212,-0.025238339444666302
31,213,-0.03150721969886211
31,214,-0.009144100562250679
31,215,0.012315309243893457
31,216,-0.01921766683309034
31,217,-0.018280150975775122
31,218,-0.02219169810805871
31,219,-0.004291326657804184
31,220,0.030189279480198672
31,221,0.018470440468675076
31,222,-0.026717984607612155
31,223,0.05988588386360394
31,224,0.031502637767988895
31,225,0.05452655062346956
31,226,0.05278438265863816
31,227,0.03789160453854279
31,228,0.031182029564205904
31,229,0.10418031398024119
31,230,0.04368434122819731
31,231,0.0720740191026682
31,232,0.07710658499860146
31,233,0.052657773161875476
31,234,0.09603461853020145
32,1,-0.08565001966498914
32,2,-0.09770994033183156
32,3,-0.10412145722507099
32,4,-0.09154184860891451
32,5,-0.10229266726394748
32,6,-0.11469735478919724
32,7,-0.08877563983857484
32,8,-0.06647279340523132
32,9,-0.08255145118290863
32,10,-0.07079180283074754
32,11,-0.07653750941600623
32,12,-0.08367576984813219
32,13,-0.09169700898281768
32,14,-0.09373253135059584
32,15,-0.08708894225618663
32,16,-0.06925185571292564
32,17,-0.09566972618209918
32,18,-0.10563232331474215
32,19,-0.08220770006299838
32,20,-0.07487539898014772
32,21,-0.06495328976322595
32,22,-0.08068374848570509
32,23,-0.08328693700305712
32,24,-0.11150796233049676
32,25,-0.11010554957679186
32,26,-0.059687842514969
32,27,-0.08606554747614636
32,28,-0.09511670055093457
32,29,-0.11378609807140966
32,30,-0.07735483170921581
32,31,-0.09943426880766598
32,32,-0.07484608240328561
32,33,-0.07917586648016595
32,34,-0.11461079765504706
32,35,-0.09230305573764763
32,36,-0.06177772469461451
32,37,-0.08534966117509213
32,38,-0.06547418012138762
32,39,-0.06052468435837072
32,40,-0.09370917920145022
32,41,-0.11825858518743126
32,42,-0.09599246307296877
32,43,-0.10435356322062461
32,44,-0.07528648454145048
32,45,-0.0890371021009847
32,46,-0.10346240320029149
32,47,-0.09673299219540549
32,48,-0.09895442191075293
32,49,-0.09316785372853559
32,50,-0.06861047773452605
32,51,-0.08505525401692188
32,52,-0.09038415084669005
32,53,-0.06916139175478225
32,54,-0.11051583845600738
32,55,-0.08361961576465188
32,56,-0.07678453224761816
32,57,-0.1012230773239643
32,58,-0.10386213422622581
32,59,-0.08517365579539132
32,60,-0.1071825883036771
32,61,-0.08366567168434302
32,62,-0.06738759616991458
32,63,-0.09922593323219936
32,64,-0.048068577341363494
32,65,-0.07605035747429967
32,66,-0.06272100286070903
32,67,-0.08319221694769235
32,68,-0.07846592135143654
32,69,-0.06730910486191899
32,70,-0.0973015161897744
32,71,-0.07819933858678801
32,72,-0.04316852959966183
32,73,-0.09262752966113469
32,74,-0.08554305768715054
32,75,-0.10042208842051537
32,76,-0.10325023553887636
32,77,-0.10029424166365447
32,78,-0.08366427742631538
32,79,-0.08718679677456265
32,80,-0.07973716292540223
32,81,-0.10487050392640201
32,82,-0.09296515095185415
32,83,-0.06549705635240266
32,84,-0.06699659142466746
32,85,-0.09578143868896777
32,86,-0.0667141385827823
32,87,-0.0745593423560727
32,88,-0.08993688666563437
32,89,-0.07029818846032099
32,90,-0.09759158595142275
32,91,-0.08678330142149338
32,92,-0.07823959581309886
32,93,-0.07375671363154851
32,94,-0.09510255334005918
32,95,-0.10439792453300212
32,96,-0.07762286092119902
32,97,-0.1001187628854166
32,98,-0.04886103535419972
32,99,-0.09123921896536058
32,100,-0.09976016767024098
32,101,-0.08848869878229271
32,102,-0.07235679820322599
32,103,-0.08115663648664562
32,104,-0.052120856546012506
32,105,-0.08505558955878273
32,106,-0.09687958399058905
32,107,-0.07418094518591106
32,108,-0.07231622062031479
32,109,-0.07367552092365026
32,110,-0.0683968715820184
32,111,-0.06317502432196564
32,112,-0.10494353671088746
32,113,-0.10490007967975529
32,114,-0.09328836680936803
32,115,-0.0598608805809408
32,116,-0.0790660210920705
32,117,-0.08128820258852304
32,118,-0.043901913100324264
32,119,-0.09136799453135863
32,120,-0.07213726914588114
32,121,-0.03625233557551244
32,122,-0.06080548478662717
32,123,-0.06648335778080589
32,124,-0.09413649755939074
32,125,-0.0827909241974219
32,126,-0.09285467470268649
32,127,-0.0878020536808563
32,128,-0.05829470585368296
32,129,-0.05119448073402061
32,130,-0.09128342740955486
32,131,-0.042751926353204184
32,132,-0.06540414075938933
32,133,-0.06369473546696347
32,134,-0.04892876812716329
32,135,-0.05599201593482073
32,136,-0.05100574455904722
32,137,-0.09039105961075267
32,138,-0.05336914825324407
32,139,-0.07373269279350858
32,140,-0.07028739065347467
32,141,-0.05242978633383094
32,142,-0.018432430456559734
32,143,-0.05977632231660274
32,144,-0.031051164386502017
32,145,-0.04198641433362116
32,146,-0.03319273255020527
32,147,-0.05837354366112968
32,148,-0.08398703485125092
32,149,-0.06222571934026372
32,150,-0.06859047553812114
32,151,-0.054818259171858175
32,152,-0.057569873955888085
32,153,-0.0109322494443031
32,154,-0.04168563873251829
32,155,-0.053521785464468286
32,156,-0.028595952137117797
32,157,-0.06808274418216459
32,158,-0.024827709860149316
32,159,0.00108063030915162
32,160,-0.035387949500829075
32,161,0.0055910916099527475
32,162,-0.03694596492499319
32,163,0.012839599646770838
32,164,-0.031220483405764554
32,165,-0.027270709052580167
32,166,-0.014466183053687576
32,167,-0.0025563407794059745
32,168,-0.01465744892905746
32,169,0.003073476084746063
32,170,-0.037135202515761634
32,171,0.0003152058868866048
32,172,0.0032207121283012174
32,173,0.021902178395799776
32,174,0.008058248548226343
32,175,0.004932833368811007
32,176,0.002185038775839865
32,177,0.018524990871802816
32,178,0.036945232883365264
32,179,0.05455400927147658
32,180,0.0013027069870799046
32,181,0.06295658255284253
32,182,0.01240623675641117
32,183,-0.0017833495267833288
32,184,0.033992745220994935
32,185,0.04283796566611975
32,186,0.04042132610041371
32,187,0.03276321747209299
32,188,0.04590620468719142
32,189,0.03164374583188101
32,190,0.07856625819624785
32,191,0.07547780374533608
33,1,-0.0377504131332817
33,2,0.06089694343466123
33,3,-0.034722769294455114
33,4,-0.01999526686434827
33,5,-0.01921962554227874
33,6,-0.0012214659992781374
33,7,0.041231187453215856
33,8,-0.02808706243213127
33,9,-0.03991600907184045
33,10,-0.040630834147472206
33,11,0.020115116345650552
33,12,-0.051477940745204065
33,13,-0.047329983610625015
33,14,-0.033910309744488776
33,15,0.0675643662580675
33,16,0.024613836041348036
33,17,0.03835473151121138
33,18,0.0676919825302269
33,19,0.023932538860181873
33,20,0.04262918923596459
33,21,-0.017597553917906072
33,22,-0.05053180512092509
33,23,-0.045531508773615004
33,24,0.011521548077003674
33,25,-0.04665155211485489
33,26,-0.05448656419418141
33,27,0.08097370484936905
33,28,-0.027527516291495913
33,29,0.04168716538246986
33,30,-0.02900432052590951
33,31,0.001636096353628269
33,32,-0.008094495815716474
33,33,0.038125519559011
33,34,-0.019564911350045233
33,35,-0.047746394662436464
33,36,-0.022260483339440695
33,37,-0.017782192171140687
33,38,-0.015195924025701357
33,39,0.004754463816297738
33,40,-0.02020845982614805
33,41,-0.017862502734241892
33,42,-0.04627373860295253
33,43,-0.02045268585804022
33,44,-0.030379470861175206
33,45,-0.039065988451559175
33,46,0.05227336680061445
33,47,-0.030761286310470926
33,48,-0.04848329301716664
33,49,-0.037494923170172556
33,50,-0.05298247917838633
33,51,-0.024497923159125634
33,52,-0.056882930799562526
33,53,-0.002899620939536718
33,54,0.008129898146695291
33,55,-0.03959910372760006
33,56,-0.015541346997354877
33,57,0.010282711968950142
33,58,-0.023694251549488565
33,59,-0.01802610311631414
33,60,-0.056878286756601004
33,61,-0.05506867796061521
33,62,-0.028991842693765757
33,63,0.021929674125392373
33,64,-0.06829598222705269
33,65,-0.06004830047937526
33,66,-0.04907915995184642
33,67,-0.06811079048820479
33,68,-0.0021276839419339666
33,69,-0.0345587505015737
33,70,-0.04786566178040319
33,71,-0.06560680259610274
33,72,-0.03577933774747305
33,73,-0.06440170579323196
33,74,-0.06714079072297863
33,75,-0.05091709769276642
33,76,-0.031974637449946997
33,77,0.07260391068751626
33,78,-0.0467889448699248
33,79,-0.08566109982194031
33,80,-0.040835770224545875
33,81,-0.050817477411433776
33,82,-0.02942713336150171
33,83,-0.006214735421179174
33,84,-0.03355760302264449
33,85,-0.07844156781413475
33,86,-0.0327251113121213
33,87,-0.044823955702310014
33,88,-0.06390601703543447
33,89,-0.07360004763506311
33,90,-0.07599898646248898
33,91,-0.07359337146579575
33,92,-0.06250346266388235
33,93,-0.0473253763837409
33,94,-0.08354216006010512
33,95,-0.08521783863282756
33,96,-0.05933474940050382
33,97,-0.0576141621821627
33,98,-0.07010748927222993
33,99,-0.08136586160836079
33,100,-0.062242944070731
33,101,-0.09507501695991688
33,102,-0.05190034946910488
33,103,0.05842633623760263
33,104,-0.08725654263133509
33,105,-0.052645984681947755
33,106,0.03110151020206775
33,107,-0.09231742945630139
33,108,-0.06553175267169281
33,109,-0.049142455793836526
33,110,-0.0924523248778043
33,111,-0.10071548196807123
33,112,-0.06671494822548785
33,113,-0.06748806011850472
33,114,-0.0778683000933656
33,115,-0.09995164578173377
33,116,-0.09357804828932809
33,117,-0.060409632777154
33,118,-0.0712403371696263
33,119,-0.10465773252698635
33,120,-0.0939613552186368
33,121,-0.07725117975112483
33,122,-0.06926984974418082
33,123,-0.10000470519656257
33,124,-0.07093886780645275
33,125,-0.10140525131891054
33,126,-0.06148586741315348
33,127,-0.11974367042774625
33,128,-0.0800414972605416
33,129,-0.05961951772267082
33,130,-0.0714573935261108
33,131,-0.06703689432590892
33,132,-0.035487618408357124
33,133,-0.08449401788187288
33,134,-0.09931755049450525
33,135,-0.11246785468013043
33,136,-0.09511122546175144
33,137,-0.09704735251834412
33,138,-0.06046209989434698
33,139,-0.07501590010532794
33,140,-0.1113436769640001
33,141,-0.06222236201466341
33,142,-0.07456943931616872
33,143,-0.10524010459280908
33,144,-0.024850598427956117
33,145,-0.1208845262072607
33,146,-0.10595858626318977
33,147,-0.06851530885647611
33,148,-0.08708077760633615
33,149,-0.06411023138270566
33,150,-0.10144442892955641
33,151,-0.09998867242948367
33,152,-0.07031893138064271
33,153,-0.11644013613686421
33,154,-0.10444936308114577
33,155,-0.0625618020523484
33,156,-0.11581203042732269
33,157,-0.09753724491249982
33,158,-0.07659272375889697
33,159,-0.07518602312430772
33,160,-0.10591311067708342
33,161,-0.10529515864212668
33,162,-0.08856455306431538
33,163,-0.06894071503665594
33,164,-0.07755376343084647
33,165,-0.07863872693025303
33,166,-0.06735353894784257
33,167,-0.052464958365613434
33,168,-0.05647623479381614
33,169,-0.09084919971719391
33,170,-0.0439713630568922
33,171,-0.063585805907448
33,172,-0.05560210645981789
33,173,-0.099275345191154
33,174,-0.07178543525324049
33,175,-0.04858471328194641
33,176,-0.030522809778660065
33,177,-0.02299002119366572
33,178,-0.07157964091811692
33,179,-0.060744114849290376
33,180,-0.055501798178842265
33,181,-0.0318677989764829
33,182,-0.05089841728652833
33,183,-0.028737667499303454
33,184,-0.04864828464397658
33,185,-0.043265700631192505
33,186,-0.019335164011826
33,187,-0.01815208543932717
33,188,-0.016031511280680366
33,189,0.020536545868692024
33,190,0.014246739277892884
33,191,0.0222705211005938
33,192,0.017379854795766092
33,193,0.026285232293595362
33,194,0.0835156481243362
33,195,0.017630923344653993
33,196,0.061183002764509054
33,197,0.07968904705254498
33,198,0.058449427020692446
33,199,0.08667539113421152
33,200,0.10628232536343907
34,1,-0.09804175006523952
34,2,-0.07423901362807817
34,3,-0.07769168489295608
34,4,-0.08341535071786738
34,5,-0.07471583159941886
34,6,-0.09524993510347335
34,7,-0.09153217751921489
34,8,-0.038451572691234503
34,9,-0.10639723135495083
34,10,-0.09015093942482783
34,11,-0.10348469783462877
34,12,-0.062451309579955094
34,13,-0.09078870162871566
34,14,-0.10512346550178958
34,15,-0.07461242192741063
34,16,-0.07491677762620158
34,17,-0.08075414263460207
34,18,-0.09811195692747016
34,19,-0.1065631419260849
34,20,-0.07451448826467777
34,21,-0.1083502847779581
34,22,-0.07004012354080436
34,23,-0.09193319797960298
34,24,-0.09531957723846901
34,25,-0.058869716923055815
34,26,-0.05042306323640566
34,27,-0.0887061763883647
34,28,-0.11815821031033902
34,29,-0.06394417084389425
34,30,-0.08201780644069673
34,31,-0.09100444155284526
34,32,-0.09084002965795834
34,33,-0.09659304792838674
34,34,-0.09882803498128934
34,35,-0.10529687836229973
34,36,-0.061152708090237484
34,37,-0.08363124064473437
34,38,-0.08760721601335864
34,39,-0.07243294997790811
34,40,-0.11138284491514278
34,41,-0.08552131609945024
34,42,-0.06683616348322963
34,43,-0.09320395742374321
34,44,-0.08103723880135782
34,45,-0.05528817583799278
34,46,-0.07877988297168959
34,47,-0.10692332340145094
34,48,-0.05102721728416654
34,49,-0.02956074097951905
34,50,-0.11081566069614901
34,51,-0.09727880803499306
34,52,-0.09644660974216834
34,53,-0.10527026890228197
34,54,-0.09270827703335405
34,55,-0.11423289547001975
34,56,-0.09645128090892441
34,57,-0.08769731190858687
34,58,-0.10879295693521929
34,59,-0.0772904130508823
34,60,-0.09210193703398994
34,61,-0.09643658817295664
34,62,-0.10009212687894914
34,63,-0.09718198898032371
34,64,-0.08262175669656491
34,65,-0.0996824076675571
34,66,-0.0998908663665034
34,67,-0.08367620874053533
34,68,-0.1096299453926376
34,69,-0.10077667148154928
34,70,-0.08499237924782405
34,71,-0.09630431566967429
34,72,-0.09854606361673163
34,73,-0.10630732011217675
34,74,-0.10289526985072572
34,75,-0.08299236747392846
34,76,-0.07792404924409313
34,77,-0.08206681786644943
34,78,-0.11121821102961621
34,79,-0.09879398134371853
34,80,-0.07265844470862287
34,81,-0.08161659953816436
34,82,-0.10338898376076922
34,83,-0.06061747501070913
34,84,-0.0879561312089488
34,85,-0.09722104918235841
34,86,-0.11169759582182598
34,87,-0.11020742133788664
34,88,-0.0650111694346534
34,89,-0.09756291842309228
34,90,-0.10067243640695989
34,91,-0.08348160231386376
34,92,-0.0687053321264901
34,93,-0.03650572349648079
34,94,-0.08295436751983593
34,95,-0.10337992660935974
34,96,-0.08781629612902109
34,97,-0.09842537217024006
34,98,-0.10863665150574325
34,99,-0.10328818330617567
34,100,-0.07746285931660402
34,101,-0.08722510856788457
34,102,-0.06044389169716813
34,103,-0.09837452199671481
34,104,-0.10962562578250162
34,105,-0.11326739776692635
34,106,-0.06250402318428017
34,107,-0.08963437751580222
34,108,-0.07514463274427946
34,109,-0.08585166751995371
34,110,-0.09696865691014889
34,111,-0.09029697921072732
34,112,-0.08522254778717048
34,113,-0.07340276219462255
34,114,-0.08596406609064583
34,115,-0.09349100547987049
34,116,-0.08978536023568462
34,117,-0.10360872237446822
34,118,-0.09326952097324093
34,119,-0.09635241731835259
34,120,-0.10001675822807687
34,121,-0.07172391807101058
34,122,-0.0849422659419915
34,123,-0.057120027552430785
34,124,-0.049091203397345684
34,125,-0.07576746531997408
34,126,-0.07285024246090743
34,127,-0.06534066151769691
34,128,-0.08057330822874181
34,129,-0.08943774569992502
34,130,-0.07174944268950334
34,131,-0.08259886154588453
34,132,-0.06669474639026829
34,133,-0.08243562812775118
34,134,-0.08232799930455204
34,135,-0.08715373123309766
34,136,-0.0619165420336088
34,137,-0.09675848093788675
34,138,-0.092669964823685
34,139,-0.07546680029975417
34,140,-0.04198355659446673
34,141,-0.04362424198967574
34,142,-0.04920335860534447
34,143,-0.08345102342863236
34,144,-0.05839530393770287
34,145,-0.05577377252280352
34,146,-0.05789036687231397
34,147,-0.05393269973367132
34,148,-0.04090557494840358
34,149,-0.0814567468122776
34,150,-0.034429166038559944
34,151,-0.03615763345411738
34,152,-0.0972301109086689
34,153,-0.04742323464834641
34,154,-0.04700174797852885
34,155,-0.038091997760061336
34,156,-0.062354224133366054
34,157,-0.055286076025820086
34,158,-0.017142119637242992
34,159,-0.017779698092084073
34,160,-0.026763740609119402
34,161,-0.0629004518010039
34,162,-0.03771599467170528
34,163,-0.04951501079711218
34,164,-0.010195653713739927
34,165,-0.02311769414195064
34,166,-0.022553247864859072
34,167,0.001008807163981662
34,168,-0.02774591994005554
34,169,-0.032642160390301767
34,170,-0.011008045824870749
34,171,-0.02271285210913626
34,172,0.0075862767063480385
34,173,0.006986450062845262
34,174,-0.015798069767007705
34,175,-0.011036654028108661
34,176,-0.010323864040697683
34,177,-0.013047106114004448
34,178,0.010944020929364195
34,179,-0.030317712790764784
34,180,-0.0001594672442911116
34,181,0.0025982175592329515
34,182,0.006217808026878879
34,183,0.03395393730928453
34,184,0.022896241510257598
34,185,0.032027349338562994
34,186,0.05302646909794895
34,187,0.05036848278684225
34,188,0.04517430399118372
34,189,0.05484843832424657
34,190,0.08009123587804212
34,191,0.07380835271347308
34,192,0.09724104094122499
34,193,0.04866723583510457
34,194,0.08633957074742438
34,195,0.14156145560344235
35,1,-0.10286497820202972
35,2,-0.09579438569941612
35,3,-0.08480720429521338
35,4,-0.05990935662820196
35,5,-0.06561719834013269
35,6,-0.10610574514041238
35,7,-0.1137002699051719
35,8,-0.07092063942840426
35,9,-0.1026409153817569
35,10,-0.06796998926837805
35,11,-0.10240566946080454
35,12,-0.07703319686990673
35,13,-0.07629430443709695
35,14,-0.08019081837089481
35,15,-0.0776161685104465
35,16,-0.07126316728835025
35,17,-0.07333269198272824
35,18,-0.054407818500025074
35,19,-0.08476902371607925
35,20,-0.0643851993780385
35,21,-0.07507894809351184
35,22,-0.08795471157193341
35,23,-0.11584172687458716
35,24,-0.08251631629979161
35,25,-0.10367843714750985
35,26,-0.09405880600008326
35,27,-0.07791622048603386
35,28,-0.09597420605141449
35,29,-0.07986485168441038
35,30,-0.09604238747769467
35,31,-0.0870698543118229
35,32,-0.0894957613970937
35,33,-0.09139306083953025
35,34,-0.09572637336749668
35,35,-0.08761800540995268
35,36,-0.08584146255687258
35,37,-0.08793844688213476
35,38,-0.07562881623238527
35,39,-0.05633100035048233
35,40,-0.055002245778280834
35,41,-0.07358864437062113
35,42,-0.07903452072320771
35,43,-0.1039015989262359
35,44,-0.08997976844125705
35,45,-0.10748207121766029
35,46,-0.10821028451373699
35,47,-0.05708478860086147
35,48,-0.08827250366049122
35,49,-0.0697986144255976
35,50,-0.08498204332079556
35,51,-0.07456002496093528
35,52,-0.092654297422116
35,53,-0.07763244295604199
35,54,-0.08886461627640846
35,55,-0.07785806872716483
35,56,-0.06858078212881269
35,57,-0.06261146450868627
35,58,-0.053344616547336465
35,59,-0.0860773893580506
35,60,-0.09537829129702752
35,61,-0.09755311356691604
35,62,-0.09630132970083372
35,63,-0.07571479912064294
35,64,-0.08660155179420659
35,65,-0.08311861975628543
35,66,-0.08400446368477865
35,67,-0.108018530401017
35,68,-0.07874618643834136
35,69,-0.08252763347963676
35,70,-0.09917865258296404
35,71,-0.1000528630474623
35,72,-0.08365848455798497
35,73,-0.05105974107557376
35,74,-0.0960812557767336
35,75,-0.11097668369234853
35,76,-0.10639974076008979
35,77,-0.06860339767832319
35,78,-0.12305935044897437
35,79,-0.06353765609312734
35,80,-0.06925935712214887
35,81,-0.0968619892853037
35,82,-0.09517876731751884
35,83,-0.0815946504744609
35,84,-0.08129270851977172
35,85,-0.09893853973089156
35,86,-0.10099911527456834
35,87,-0.0967527183075313
35,88,-0.08132304512096067
35,89,-0.07991190133773918
35,90,-0.0954012320323932
35,91,-0.06898534389244537
35,92,-0.11507696877876283
35,93,-0.06193924320820687
35,94,-0.08931105593856964
35,95,-0.08462796157021996
35,96,-0.09839536437097518
35,97,-0.09653221282383595
35,98,-0.09380871046615197
35,99,-0.09833946514123831
35,100,-0.10532156295446826
35,101,-0.07468712682507683
35,102,-0.09516631432925865
35,103,-0.10741946850480572
35,104,-0.08950625995653338
35,105,-0.09954407494527279
35,106,-0.06738464988575144
35,107,-0.09902038374731803
35,108,-0.11118220770676096
35,109,-0.08388260261401254
35,110,-0.09242224660539083
35,111,-0.11220502977335245
35,112,-0.08995408183838077
35,113,-0.11231750322438833
35,114,-0.10705487835488098
35,115,-0.07647602438946755
35,116,-0.1069834903914012
35,117,-0.09499642333528885
35,118,-0.08587990219738523
35,119,-0.058300924118993014
35,120,-0.09494608188425208
35,121,-0.08544959543540959
35,122,-0.09764559441373533
35,123,-0.0543634069233177
35,124,-0.09282275817425045
35,125,-0.09499939023237142
35,126,-0.07541056952848063
35,127,-0.10392673178883233
35,128,-0.09189149348149611
35,129,-0.09159510891514028
35,130,-0.06303366641494312
35,131,-0.07260593570643958
35,132,-0.047773091104886645
35,133,-0.06681249879947992
35,134,-0.0738400211720962
35,135,-0.08569600766568547
35,136,-0.08026712743728315
35,137,-0.07329300731535648
35,138,-0.06654887327513531
35,139,-0.060542943476213085
35,140,-0.08275770680570549
35,141,-0.08245431154368416
35,142,-0.06800144491302612
35,143,-0.056920668025851995
35,144,-0.06910972475578314
35,145,-0.086720761197707
35,146,-0.06533690701209122
35,147,-0.04903142867842203
35,148,-0.04952297597071775
35,149,-0.05187266053605999
35,150,-0.08159048403097507
35,151,-0.0653700800551073
35,152,-0.009206091751421619
35,153,-0.055401504117128075
35,154,-0.07651350045172595
35,155,-0.02174993873152059
35,156,-0.05590311066075915
35,157,-0.0519584836607514
35,158,-0.014353024446524698
35,159,0.006660451390302247
35,160,0.005772430259637584
35,161,-0.036877951924402796
35,162,-0.03600867857343176
35,163,-0.007391502098644032
35,164,0.00444252219802499
35,165,0.016601735226390302
35,166,-0.008554501280292004
35,167,0.027574579055523074
35,168,0.0020634513951011124
35,169,-0.028670199289267062
35,170,-0.013746044716620831
35,171,0.011019267274957834
35,172,0.05869267861821614
35,173,0.029618501245647022
35,174,0.035538536033446255
35,175,0.016126491213485528
35,176,0.05767087104564228
35,177,0.033446392680224535
35,178,0.026536072055873605
35,179,0.056540759639059024
35,180,0.036121574199747264
35,181,0.05710475511217061
36,1,-0.09783353081473134
36,2,-0.08888652500575106
36,3,-0.1102855586711266
36,4,-0.10083474108587487
36,5,-0.09657880645627903
36,6,-0.11266846589285778
36,7,-0.07773170951678793
36,8,-0.09598823889134578
36,9,-0.10001001039412427
36,10,-0.07278148421650343
36,11,-0.10389461857141752
36,12,-0.09548773828808388
36,13,-0.1084343553617193
36,14,-0.08445348014154863
36,15,-0.10677527766054934
36,16,-0.09831967745656972
36,17,-0.06760747274237894
36,18,-0.08041576470562373
36,19,-0.12195689395042114
36,20,-0.11392452110202095
36,21,-0.09972666341929148
36,22,-0.09567737168281476
36,23,-0.08716507624540676
36,24,-0.06960153141449532
36,25,-0.11160414233691829
36,26,-0.10995957508155746
36,27,-0.09138077363274577
36,28,-0.0710120047414568
36,29,-0.09720705255811507
36,30,-0.08627384945220046
36,31,-0.09376897734452372
36,32,-0.07420784074932707
36,33,-0.10059136738099461
36,34,-0.09358104489329233
36,35,-0.098073476481702
36,36,-0.103202044366901
36,37,-0.08180609276482309
36,38,-0.109045437937421
36,39,-0.09684852385978227
36,40,-0.10379789556799052
36,41,-0.09093047062225973
36,42,-0.10878232572917701
36,43,-0.10006703624668184
36,44,-0.10302817740682652
36,45,-0.09209163771505474
36,46,-0.09343675791314898
36,47,-0.10281787956666721
36,48,-0.1163421430179481
36,49,-0.11357092884509384
36,50,-0.09590811165314572
36,51,-0.10292117163154918
36,52,-0.09472133589836917
36,53,-0.09810952878736995
36,54,-0.10183208053842346
36,55,-0.05900199878602047
36,56,-0.10594961591263269
36,57,-0.08651002277579833
36,58,-0.08646575862711225
36,59,-0.10278372386184476
36,60,-0.09878755042516985
36,61,-0.10792529010287588
36,62,-0.10776611294556576
36,63,-0.08640310596129136
36,64,-0.08357119005011954
36,65,-0.09158569285339646
36,66,-0.09394920976876914
36,67,-0.08758266689840438
36,68,-0.08948719263592791
36,69,-0.07881820668324807
36,70,-0.0866313536770073
36,71,-0.08555311978735414
36,72,-0.022121457233077235
36,73,-0.09600837439295229
36,74,-0.10700629752573593
36,75,-0.07387909470238568
36,76,-0.09040906076782518
36,77,-0.0815477733844096
36,78,-0.053869844569002845
36,79,-0.06042745494797058
36,80,-0.08224058896622222
36,81,-0.08319977652148602
36,82,-0.09406303973427993
36,83,-0.06714703385517712
36,84,-0.096242925006708
36,85,-0.09870554158994577
36,86,-0.0700791852464413
36,87,-0.09967768808130473
36,88,-0.08229763155856296
36,89,-0.09353683056790008
36,90,-0.0983215075179863
36,91,-0.09362046830383752
36,92,-0.09799912195222515
36,93,-0.09929177930360866
36,94,-0.04737799531241349
36,95,-0.09120716757536068
36,96,-0.09410772654781291
36,97,-0.05886595714004761
36,98,-0.06374935760613687
36,99,-0.08986523834328469
36,100,-0.08337949737291767
36,101,-0.08787800744903779
36,102,-0.07251047646515019
36,103,-0.09394496386196072
36,104,-0.07884760908449656
36,105,-0.09191109469603298
36,106,-0.052753315274613244
36,107,-0.08996900763934551
36,108,-0.07963529778982925
36,109,-0.05215112281401024
36,110,-0.07553569588141895
36,111,-0.06545414075459749
36,112,-0.038924841022935364
36,113,-0.055511568834941016
36,114,-0.08347300989051426
36,115,-0.06115568994042142
36,116,-0.07926560448308556
36,117,-0.07791952777140221
36,118,-0.0646062392214306
36,119,-0.09166039580018537
36,120,-0.0704690149652758
36,121,-0.028793179619667264
36,122,-0.04738455264345248
36,123,-0.0037535739253111156
36,124,-0.05788614873009329
36,125,-0.027648148551755902
36,126,-0.06795450322784818
36,127,-0.04322410249262615
36,128,-0.028065800502055094
36,129,-0.04325823429023434
36,130,-0.035062492856410554
36,131,-0.018940174438063617
36,132,-0.04603087803869954
36,133,-0.03636559485440383
36,134,0.011075429550719273
36,135,0.019999761183939757
36,136,-0.013140528461873746
36,137,-0.029293959457511343
36,138,-0.006630400450033824
36,139,-0.015223576149951457
36,140,0.03301326804983251
36,141,-0.017548390925454904
36,142,-0.04158617541380594
36,143,-0.011220228718515968
36,144,0.01877703178191048
36,145,0.003816984581525573
36,146,0.006242233029846389
36,147,0.022033247839330694
36,148,-0.003928592027930833
36,149,0.02124062356059353
36,150,0.030936794159075798
36,151,0.06609461961186625
36,152,0.02937119857123094
36,153,0.014866458682364025
36,154,0.0661267463344063
36,155,0.07797697935551129
36,156,0.06219309662930239
36,157,0.047062812765740425
36,158,0.08861188964590216
37,1,-0.07191650433861779
37,2,-0.09333941609444507
37,3,-0.09074220366769192
37,4,-0.05606929764896246
37,5,-0.07753257420864629
37,6,-0.06979779107023404
37,7,-0.07348948569347685
37,8,-0.05434135688088748
37,9,-0.05211962753127708
37,10,-0.06331330420810699
37,11,-0.034654183795449545
37,12,-0.07533313218985477
37,13,-0.08068673918622099
37,14,-0.08125416013817494
37,15,-0.08656367812145155
37,16,-0.06857792753550407
37,17,-0.08300188578914242
37,18,-0.09580427938077607
37,19,-0.1096167667479453
37,20,-0.06739881901391781
37,21,-0.0918743555969691
37,22,-0.09690598842217674
37,23,-0.07733177841404143
37,24,-0.08254198593361789
37,25,-0.09119384428427241
37,26,-0.07762229559250322
37,27,-0.10475802378936366
37,28,-0.0771357563766642
37,29,-0.09132877240118131
37,30,-0.08235189759255324
37,31,-0.08923906366396778
37,32,-0.061755285733716414
37,33,-0.0884051821061394
37,34,-0.08648693216702108
37,35,-0.06631725313689446
37,36,-0.07558589058626297
37,37,-0.09211324668953064
37,38,-0.11576583120078021
37,39,-0.07035295723735097
37,40,-0.05802494388497098
37,41,-0.08309714554087849
37,42,-0.09245233477806458
37,43,-0.09033078784310944
37,44,-0.07369077347656011
37,45,-0.08126647372433793
37,46,-0.08583480490544981
37,47,-0.031131040344342498
37,48,-0.0866714918032726
37,49,-0.08929691250849842
37,50,-0.06489067421078237
37,51,-0.09853514653928358
37,52,-0.09907666175607799
37,53,-0.08309314043998628
37,54,-0.07725001645344848
37,55,-0.0733599324537948
37,56,-0.0835162824226573
37,57,-0.06629701535369237
37,58,-0.07930937010041578
37,59,-0.07629416170033049
37,60,-0.06253045473293406
37,61,-0.07297215766081605
37,62,-0.059661596183978705
37,63,-0.10783938667199428
37,64,-0.07012077462774746
37,65,-0.09474311792840678
37,66,-0.0884624262270352
37,67,-0.10001371222874761
37,68,-0.05880673116923735
37,69,-0.0923720451700542
37,70,-0.07008539263934277
37,71,-0.08022577261276609
37,72,-0.09014084247852966
37,73,-0.08974636168547134
37,74,-0.06691206598830768
37,75,-0.08676244255159071
37,76,-0.08153200107832081
37,77,-0.06787516563849283
37,78,-0.05261595156429161
37,79,-0.10158302956242155
37,80,-0.08842465934749288
37,81,-0.10744510308474459
37,82,-0.09274232701775426
37,83,-0.0751613407434773
37,84,-0.07080774161048448
37,85,-0.08227478609210981
37,86,-0.0826325532321151
37,87,-0.0661321511852987
37,88,-0.03997241230759485
37,89,-0.06289378207033397
37,90,-0.06827164098462457
37,91,-0.07499620464089457
37,92,-0.09801536938861966
37,93,-0.07707349425628929
37,94,-0.04632545490178602
37,95,-0.09726818738791454
37,96,-0.060401853771346214
37,97,-0.07147375163497788
37,98,-0.06432306274493332
37,99,-0.04908661334297282
37,100,-0.07711865402135892
37,101,-0.06361276678418742
37,102,-0.06953118186625057
37,103,-0.06730189104251055
37,104,-0.10094657520907707
37,105,-0.0603784849204847
37,106,-0.01627580602987838
37,107,-0.04122001546835541
37,108,-0.05821058655655742
37,109,-0.05727632427001805
37,110,-0.07335336736358794
37,111,-0.07850985620423939
37,112,-0.07794074854347571
37,113,-0.08328202082880998
37,114,-0.07091243746964804
37,115,-0.049201453941427165
37,116,-0.07049896259865324
37,117,-0.07130661365512886
37,118,-0.04379010207348816
37,119,-0.0615067773893575
37,120,-0.06249947472920503
37,121,-0.06155638621005172
37,122,-0.04469563694062417
37,123,-0.07518766698957507
37,124,-0.026452922360436282
37,125,-0.02777155658558572
37,126,-0.017309734261111875
37,127,-0.052866766584368285
37,128,-0.049284426783140656
37,129,-0.057815812711697
37,130,-0.049697472274716104
37,131,-0.024854906304053237
37,132,-0.0138500329762416
37,133,-0.04618908782422343
37,134,-0.061775675693814425
37,135,-0.026178780633252186
37,136,-0.06506649287745947
37,137,-0.003080579956301732
37,138,-0.006167304517241179
37,139,-0.03099451983889623
37,140,-0.010670700468185024
37,141,-0.0019605130279937155
37,142,-0.002572003048355531
37,143,0.0018630068628225915
37,144,-0.0378949434994727
37,145,0.013911683568810895
37,146,0.010383704115389802
37,147,-0.03540895796432231
37,148,0.013520476846939355
37,149,-0.007320442392597104
37,150,0.023724531696494355
37,151,-0.022125266422779455
37,152,0.025567876486576435
37,153,-0.008851905991541509
37,154,-0.00995337995871709
37,155,0.05236446005762441
37,156,0.014424404449522643
37,157,0.04013821534644724
37,158,0.0006027090707475535
37,159,0.01282508513380487
37,160,0.020984709168814897
37,161,0.07696901230836917
37,162,0.051365926375778526
37,163,0.04599377047739173
37,164,0.08585665791493002
37,165,0.07246150404080398
37,166,0.05458809655535124
37,167,0.08902014055396523
37,168,0.08242833849959896
37,169,0.07056894135226233
37,170,0.11391283129813612
38,1,-0.07614113669677153
38,2,-0.09737623655250038
38,3,-0.08842278793064712
38,4,-0.10657144883787706
38,5,-0.05354695745557303
38,6,-0.09850879139907248
38,7,-0.08254991958862384
38,8,-0.06341943300336017
38,9,-0.06416798563266773
38,10,-0.09712815270678937
38,11,-0.09051186197680916
38,12,-0.06603828054644867
38,13,-0.08848736976652233
38,14,-0.06724497154633269
38,15,-0.0859594123306579
38,16,-0.06851325025563709
38,17,-0.09097432983556136
38,18,-0.08150476141127527
38,19,-0.09442494058369094
38,20,-0.10207380165022772
38,21,-0.0754970363178738
38,22,-0.08001577976774915
38,23,-0.08558256739896725
38,24,-0.10013668839152756
38,25,-0.05480837520207288
38,26,-0.06076159812886345
38,27,-0.1015454953008934
38,28,-0.10347470791530095
38,29,-0.09644554164996388
38,30,-0.0972546186389705
38,31,-0.08998921763320361
38,32,-0.07939201679429886
38,33,-0.09616604290212277
38,34,-0.06499811167389791
38,35,-0.07712125212978244
38,36,-0.08667703076602373
38,37,-0.11756543620193122
38,38,-0.08546789634724533
38,39,-0.11194888057556857
38,40,-0.08559015509256479
38,41,-0.05831308887630732
38,42,-0.10546251097127612
38,43,-0.07617246627771451
38,44,-0.07137767193063688
38,45,-0.09899380713097083
38,46,-0.0775304037360135
38,47,-0.10197214181986486
38,48,-0.0941033211091925
38,49,-0.0515139895502722
38,50,-0.09958381046577058
38,51,-0.11076781747939313
38,52,-0.09513372398749143
38,53,-0.09133197700594803
38,54,-0.09749352762324476
38,55,-0.08701976765819996
38,56,-0.09541522025797067
38,57,-0.08251160132436614
38,58,-0.05852091088149197
38,59,-0.10958594396075272
38,60,-0.058045789313611096
38,61,-0.09515229035933842
38,62,-0.08547970828629081
38,63,-0.09060647697320301
38,64,-0.10893798841632618
38,65,-0.07323259300915153
38,66,-0.1070193573710223
38,67,-0.07328174671490933
38,68,-0.11175947395449315
38,69,-0.08172726907331374
38,70,-0.10368456818968796
38,71,-0.07789553490633133
38,72,-0.06485371000784107
38,73,-0.1065544277505382
38,74,-0.08655719279613605
38,75,-0.11510282334414318
38,76,-0.06545757241949746
38,77,-0.11276261043145208
38,78,-0.1026235239001001
38,79,-0.07044263740036638
38,80,-0.1007960091100415
38,81,-0.08455953185643617
38,82,-0.09342027748859766
38,83,-0.06919658761900904
38,84,-0.09983520746515129
38,85,-0.09414541942860649
38,86,-0.08814384741012615
38,87,-0.0878041832395175
38,88,-0.0942461538695129
38,89,-0.10506747856379223
38,90,-0.09442633494196373
38,91,-0.09490444629427702
38,92,-0.10447584563720796
38,93,-0.10145107347562471
38,94,-0.1088361121284615
38,95,-0.10676869058916616
38,96,-0.09378578688382422
38,97,-0.09340281797696853
38,98,-0.09800337864323905
38,99,-0.09014192379763308
38,100,-0.09720905202484831
38,101,-0.07538299343671473
38,102,-0.09391108801315012
38,103,-0.11000005089476578
38,104,-0.06307473780608708
38,105,-0.07864146161799052
38,106,-0.0780048746764585
38,107,-0.07721270071960895
38,108,-0.06752866634147292
38,109,-0.11347357613395298
38,110,-0.11109202837317339
38,111,-0.06877981935599153
38,112,-0.056390765991501335
38,113,-0.08705559334748186
38,114,-0.09442717697751929
38,115,-0.07479915728100112
38,116,-0.10226250283998356
38,117,-0.07792056714374163
38,118,-0.06932127487539147
38,119,-0.0735976609451563
38,120,-0.07588720713946051
38,121,-0.09128023928417972
38,122,-0.11011955374840743
38,123,-0.09985539823950357
38,124,-0.09190737444325481
38,125,-0.09937994740904604
38,126,-0.07245481825159311
38,127,-0.09150747760169631
38,128,-0.045277019412679365
38,129,-0.0671346776384763
38,130,-0.1021680550753778
38,131,-0.041118488671729014
38,132,-0.09667681996200295
38,133,-0.0960281733625169
38,134,-0.08304222708785447
38,135,-0.04304947888860189
38,136,-0.07248319848915996
38,137,-0.08649885792592216
38,138,-0.03017919577028849
38,139,-0.09208388368570547
38,140,-0.08916400991453688
38,141,-0.07444424903114594
38,142,-0.06730201590627605
38,143,-0.01685540904521332
38,144,-0.08398447663264014
38,145,-0.015461087118909478
38,146,-0.05281856814525859
38,147,-0.008722603253235872
38,148,-0.05631344674643657
38,149,-0.06772147403558526
38,150,-0.05640943250868102
38,151,-0.0680568088760442
38,152,-0.053166548658820256
38,153,-0.04605003114694489
38,154,-0.06985777251009306
38,155,-0.012349681063143492
38,156,-0.013765698846240182
38,157,-0.06139129128153664
38,158,-0.04319783282967471
38,159,-0.03932646470817569
38,160,-0.051133766524452895
38,161,-0.024194018376252402
38,162,-0.05391660482636129
38,163,-0.0500911723744058
38,164,-0.05088565762058339
38,165,-0.0206870924548736
38,166,-0.006969613508219674
38,167,-0.04322421079182942
38,168,-0.02146447316086475
38,169,0.009307455942694776
38,170,-0.0022188766452315156
38,171,-0.036790947429368115
38,172,-0.0016668208913507843
38,173,-0.008915401035684944
38,174,0.012879966628238204
38,175,-0.020362640145548394
38,176,-0.00893350421406336
38,177,0.006938596300646305
38,178,0.034204445641398684
38,179,0.03291310993358487
38,180,0.015611599158297795
38,181,-0.000558640780596753
38,182,0.003243100917325825
38,183,0.01771136524985384
38,184,0.02772010736753827
38,185,0.07328580322185252
38,186,0.020747990213641154
38,187,0.0525652824877626
38,188,0.033937035606837695
38,189,0.07175733089688607
38,190,0.08849208068930636
38,191,0.07844871560812972
38,192,0.10202895268362178
38,193,0.09824975507034939
38,194,0.13900554646012708
39,1,-0.10407403692720102
39,2,-0.06047643870226088
39,3,-0.07792090500333826
39,4,-0.06152977955583672
39,5,-0.09703847948245742
39,6,-0.07792966142260904
39,7,-0.11021159596722835
39,8,-0.06562010410187685
39,9,-0.0846313939814537
39,10,-0.08392192375960161
39,11,-0.09540986958389525
39,12,-0.08710803506338105
39,13,-0.06651736077811504
39,14,-0.033568961391033825
39,15,-0.07848694956555274
39,16,-0.09876798902914397
39,17,-0.09944176681395611
39,18,-0.04082539221055298
39,19,-0.0620888468990381
39,20,-0.11165218150988226
39,21,-0.09581485003283369
39,22,-0.06719798200107618
39,23,-0.08457373728782674
39,24,-0.10588590773959089
39,25,-0.10503870528753306
39,26,-0.07290328140073521
39,27,-0.08400706023688553
39,28,-0.07681898734149645
39,29,-0.08454028975131056
39,30,-0.08870690267713777
39,31,-0.062032005481783004
39,32,-0.07945610084026311
39,33,-0.08727000861259604
39,34,-0.08773059029127911
39,35,-0.08893773844981451
39,36,-0.0765999252664889
39,37,-0.08418785965082204
39,38,-0.08194085401524731
39,39,-0.1038847040604095
39,40,-0.0940313019086696
39,41,-0.08539504749855337
39,42,-0.09676332265071763
39,43,-0.0754396907797002
39,44,-0.08715052541531854
39,45,-0.06887658608905134
39,46,-0.07258920095606702
39,47,-0.1026677009539409
39,48,-0.0664689515088347
39,49,-0.07238061027326259
39,50,-0.06152579575187245
39,51,-0.07766365264281605
39,52,-0.06975497404421649
39,53,-0.08451799112488334
39,54,-0.07809748920731713
39,55,-0.09822832894748851
39,56,-0.07690653909749956
39,57,-0.08966057214314066
39,58,-0.07574924758766383
39,59,-0.09029309095321869
39,60,-0.08882225420023993
39,61,-0.04243252992465957
39,62,-0.09219790339810835
39,63,-0.06190770830218478
39,64,-0.0779326573476749
39,65,-0.08473147215912674
39,66,-0.06690319877189382
39,67,-0.08149200540251861
39,68,-0.049564963905430526
39,69,-0.02457883317536319
39,70,-0.05199955273832002
39,71,-0.08199566676409831
39,72,-0.07743640209690211
39,73,-0.06330110480891848
39,74,-0.0493675513729559
39,75,-0.08467486497584031
39,76,-0.04683187704915537
39,77,-0.04863452601187118
39,78,-0.014409417358003163
39,79,-0.08101492434039503
39,80,-0.07347512302069875
39,81,-0.06695848466753496
39,82,-0.05155293460534033
39,83,-0.06096196976505136
39,84,-0.06158681290211959
39,85,-0.08263028379692622
39,86,-0.06465473812664019
39,87,-0.053706317850307494
39,88,-0.06906294299355176
39,89,-0.0702140628230769
39,90,-0.06062085653014221
39,91,-0.04674003099729984
39,92,-0.011831706081389892
39,93,-0.0565350859373735
39,94,-0.020106597568851803
39,95,-0.05244551564565286
39,96,-0.018181084229536126
39,97,-0.045383960811385016
39,98,-0.03326824565336706
39,99,-0.05431617276288919
39,100,-0.03054026402468374
39,101,-0.0275319947521267
39,102,-0.020084444666322143
39,103,-0.010889134029887837
39,104,-0.03103377307682892
39,105,-0.023911610847538456
39,106,0.07471150992666076
39,107,-0.04438389439488388
39,108,-0.051477138057285377
39,109,-0.022397158235299364
39,110,0.013532957108365773
39,111,-0.005813519397913358
39,112,0.03576651034860501
39,113,0.0013481612712699098
39,114,0.06175065561543569
39,115,0.03324797044326644
39,116,0.08773919822747178
39,117,0.04411340869172442
39,118,0.09857499453549168
39,119,0.040322592672075275
39,120,0.05609237701661873
39,121,0.062279669684274896
39,122,0.06305137374339231
39,123,0.04952859782932162
39,124,0.0906755381118054
39,125,0.1288300094490904
39,126,0.09747297676721389
39,127,0.1089517404337369
39,128,0.11519241403337965
40,1,-0.10088311088427854
40,2,-0.0950666142104532
40,3,-0.09639076949689801
40,4,-0.07762632138956888
40,5,-0.10157840425487119
40,6,-0.10618218906723664
40,7,-0.09082992414471597
40,8,-0.09884900665580415
40,9,-0.07438450319673257
40,10,-0.09005069044432934
40,11,-0.08625468028089567
40,12,-0.0809951771721173
40,13,-0.10363301858338436
40,14,-0.09499611108196343
40,15,-0.10228236624739079
40,16,-0.10207905500460496
40,17,-0.08529310666313433
40,18,-0.09518558282070716
40,19,-0.06567304623993547
40,20,-0.08619413979798868
40,21,-0.08975177477629204
40,22,-0.06594366478315383
40,23,-0.07893061974850574
40,24,-0.09456349310290407
40,25,-0.0937346092978677
40,26,-0.06283816424320837
40,27,-0.08067860419288442
40,28,-0.1157153955139889
40,29,-0.09857997979098065
40,30,-0.10908222921525151
40,31,-0.10164673372748778
40,32,-0.0956943878077463
40,33,-0.08140182314067168
40,34,-0.08299914060004587
40,35,-0.11097869940901828
40,36,-0.06383633883091938
40,37,-0.10493372503199438
40,38,-0.09168259025902836
40,39,-0.05240574333587433
40,40,-0.08306534542961319
40,41,-0.08689177260976394
40,42,-0.10906111460320167
40,43,-0.10589965232187115
40,44,-0.09818491043751243
40,45,-0.09354522905392548
40,46,-0.09152613690245798
40,47,-0.09394359383305023
40,48,-0.08985552059475033
40,49,-0.11453768394161512
40,50,-0.07749988411022901
40,51,-0.10195513962175962
40,52,-0.0806059966112968
40,53,-0.09365269408866328
40,54,-0.08811612967531501
40,55,-0.07018213911077048
40,56,-0.09340043669364745
40,57,-0.09905266261544338
40,58,-0.09406233048849194
40,59,-0.11346612484431645
40,60,-0.08734184148774216
40,61,-0.102983728160152
40,62,-0.05828061806969265
40,63,-0.10634310876711811
40,64,-0.09285909775497941
40,65,-0.0816151112210512
40,66,-0.1028226651051401
40,67,-0.1140026178203955
40,68,-0.050890298622951524
40,69,-0.0716615726330101
40,70,-0.06991469793706506
40,71,-0.05627240094547936
40,72,-0.10169300255025976
40,73,-0.08036865961337569
40,74,-0.09995076800646052
40,75,-0.10823655176919011
40,76,-0.08500492291771772
40,77,-0.07307837920765703
40,78,-0.08098513620697023
40,79,-0.09780179766740005
40,80,-0.11183567894177371
40,81,-0.0676851194625751
40,82,-0.09190678948948311
40,83,-0.09148791862839784
40,84,-0.08265532171703927
40,85,-0.07871397836502664
40,86,-0.049896337694791626
40,87,-0.059313342637422495
40,88,-0.06842623009866888
40,89,-0.08902724915696142
40,90,-0.102355807159899
40,91,-0.07721412148302947
40,92,-0.083092902299155
40,93,-0.0660205336326895
40,94,-0.09060557815228354
40,95,-0.06257984088282009
40,96,-0.08206152519323084
40,97,-0.09972112020266982
40,98,-0.06234271385863949
40,99,-0.10176783071115864
40,100,-0.07623639358864087
40,101,-0.055803042969027494
40,102,-0.07818308493920101
40,103,-0.06079159644781401
40,104,-0.08293683688797093
40,105,-0.10191860653146378
40,106,-0.07065283748406942
40,107,-0.058809691555798516
40,108,-0.06495565918028223
40,109,-0.10140224238937234
40,110,-0.06403141986275301
40,111,-0.09147543507145178
40,112,-0.09851497059626563
40,113,-0.09639776969802943
40,114,-0.07861421330336849
40,115,-0.09036971023343537
40,116,-0.07239789783785372
40,117,-0.06951399996816304
40,118,-0.06478242104861731
40,119,-0.06401375050337016
40,120,-0.07506672494765232
40,121,-0.07869745763332336
40,122,-0.058130292590778676
40,123,-0.09261107621088083
40,124,-0.07646899227658527
40,125,-0.08446054365228162
40,126,-0.04534217684006947
40,127,-0.06309847424488468
40,128,-0.06446671337720072
40,129,-0.06653378169797441
40,130,-0.03631795213561634
40,131,-0.02892384978030388
40,132,-0.05346642301769977
40,133,-0.04617277603109177
40,134,-0.06316931690440797
40,135,-0.037604743553537545
40,136,-0.07441305019177646
40,137,-0.06986256702650717
40,138,-0.047845913018473574
40,139,-0.08941858070970055
40,140,-0.029753019697178085
40,141,-0.023982870772702947
40,142,-0.05808068269952815
40,143,-0.0436772322122983
40,144,-0.05699294550007583
40,145,-0.026521243651472015
40,146,-0.037650106895427915
40,147,-0.07093135109084248
40,148,-0.04046463211363055
40,149,-0.0536141360486701
40,150,-0.030732090414640645
40,151,-0.05886218708209462
40,152,-0.014916897284507957
40,153,-0.02684527761809058
40,154,-0.007557652207048848
40,155,-0.018208297735915646
40,156,-0.019297330089403597
40,157,-0.03894489315793159
40,158,-0.009282683369182643
40,159,-0.026920184646355927
40,160,-0.01762109022481645
40,161,0.010740591227538343
40,162,0.02863990785821946
40,163,-0.05656538789725746
40,164,-0.021037967230735866
40,165,-0.01874015588208039
40,166,-0.006438337922898052
40,167,-0.01949998154205429
40,168,0.035227476507283195
40,169,0.007887383731866593
40,170,0.015165302882033105
40,171,0.020782011592706096
40,172,0.012845490388572967
40,173,0.03218517558220546
40,174,0.049731226193705846
40,175,0.005655676768922868
40,176,0.06215456020792798
40,177,0.04216373534150464
40,178,0.05457148543668833
40,179,0.04164104104085031
40,180,0.08026455086161055
40,181,0.033080717556051686
40,182,0.11928492688507975
40,183,0.05877980102798053
40,184,0.03171901933634402
40,185,0.060939313745146606
40,186,0.07504886181532922
40,187,0.08478415951275242
40,188,0.11600833980536296
41,1,-0.04141025389145664
41,2,-0.06205665333901189
41,3,-0.04240134590320793
41,4,-0.02710052526399742
41,5,-0.041486034620547674
41,6,-0.03782038042005842
41,7,-0.04801657233736928
41,8,-0.08459262545654461
41,9,-0.07385391327768237
41,10,-0.029441946422318732
41,11,-0.0010632520837968729
41,12,-0.04850163517340511
41,13,-0.03773112051380939
41,14,-0.0820809299020196
41,15,-0.024078485662737348
41,16,0.009193605635070545
41,17,0.010415942866000782
41,18,-0.021468987603014245
41,19,-0.021341344330715606
41,20,-0.08032815042020264
41,21,-0.009240544242174742
41,22,-0.03203305166341258
41,23,-0.06812647938665445
41,24,-0.04113768852451738
41,25,-0.05827551413593518
41,26,-0.056927735573610916
41,27,-0.058950049283031325
41,28,-0.08925693670651519
41,29,-0.0725450295821915
41,30,-0.08518867779736355
41,31,-0.060362081587110206
41,32,-0.09493198818689164
41,33,-0.06618838623600926
41,34,-0.05791156785760532
41,35,0.022841523995682622
41,36,-0.04129889462221403
41,37,-0.025122009996435157
41,38,-0.06375033899770899
41,39,-0.06864350757459842
41,40,0.03297657397708453
41,41,-0.05063888356340268
41,42,-0.03691444685079709
41,43,-0.024486620752455
41,44,-0.015021677258540311
41,45,-0.04000905465698529
41,46,-0.05748792135900721
41,47,-0.047803752227689955
41,48,-0.055746400468048074
41,49,-0.06432010001535016
41,50,-0.0635822773121264
41,51,-0.06984031006668884
41,52,-0.06605225531660741
41,53,-0.07959535262020401
41,54,-0.015005849472915334
41,55,-0.09135334353111402
41,56,-0.032602800010337885
41,57,-0.05464476177432459
41,58,-0.07314414416815862
41,59,-0.06837761027359673
41,60,-0.08043305872308648
41,61,-0.027321449025461908
41,62,-0.09399278255073185
41,63,-0.07626285954517814
41,64,-0.07236398498324864
41,65,-0.071214213467518
41,66,-0.06987440304650472
41,67,-0.0708229231591525
41,68,-0.0377588954884448
41,69,-0.05281442932716873
41,70,-0.08140570558798732
41,71,-0.07110215259729935
41,72,-0.056833608108252165
41,73,-0.06901679378724151
41,74,-0.06967380470561896
41,75,-0.05794242346880557
41,76,-0.05378226015510501
41,77,-0.07248321202705865
41,78,-0.06541146594722741
41,79,-0.07537509947944715
41,80,-0.06058130396934264
41,81,-0.07093222393314264
41,82,-0.08511551307260473
41,83,-0.08331261817558527
41,84,-0.01904692122463758
41,85,-0.08333719428792025
41,86,-0.05850457872528492
41,87,-0.007746424691359999
41,88,-0.06681427543763985
41,89,-0.03051492168994352
41,90,-0.04695956310390953
41,91,-0.0606283607572799
41,92,-0.04957659547475579
41,93,-0.05320684785872515
41,94,-0.03560218602142562
41,95,-0.07928109930166216
41,96,-0.07181446113128448
41,97,-0.09945868599227092
41,98,-0.08038505462495171
41,99,-0.05116199648754893
41,100,-0.05507759963700798
41,101,-0.04960886834465611
41,102,-0.09382677725228583
41,103,-0.05886067876837131
41,104,-0.06538451867568507
41,105,-0.08875510142631726
41,106,-0.05083003669945152
41,107,-0.0792523065911015
41,108,-0.07852140677210923
41,109,-0.07982525032625726
41,110,-0.07911704928222796
41,111,-0.06142492146299905
41,112,-0.004401227199994695
41,113,-0.08118232449391355
41,114,-0.06812777796312058
41,115,-0.04746919219551554
41,116,-0.07910462927493356
41,117,-0.07688043627125835
41,118,-0.0747418877213582
41,119,-0.07164763300173554
41,120,-0.029987862517930397
41,121,-0.07793098599852183
41,122,-0.06939193280542688
41,123,-0.07965103436536308
41,124,-0.09776516373443317
41,125,-0.07577321111086838
41,126,-0.08020900732803454
41,127,-0.09235902317096628
41,128,-0.07300967318976381
41,129,-0.06484757279006581
41,130,-0.08044769112689171
41,131,-0.05715303580703207
41,132,-0.03779168948822231
41,133,-0.08423497210477693
41,134,-0.08903013678265764
41,135,-0.09039979508938689
41,136,-0.08561055735018985
41,137,-0.09465017608518095
41,138,-0.10324066921497921
41,139,-0.07425057276989949
41,140,-0.0742097562747881
41,141,-0.04929077635226964
41,142,-0.08399053043997862
41,143,-0.08854454607788009
41,144,-0.06559005326696604
41,145,-0.09428154779772868
41,146,-0.07552956580575676
41,147,-0.09229127095113082
41,148,-0.08369125846049391
41,149,-0.07119446920873185
41,150,-0.08931528705074299
41,151,-0.050984886262838314
41,152,-0.09158002489045819
41,153,-0.06805980672676781
41,154,-0.06603520893937964
41,155,-0.06986729891040844
41,156,-0.04723847626807881
41,157,-0.050341243082314135
41,158,-0.07429907165406158
41,159,-0.07887119561798595
41,160,-0.043816622309497955
41,161,-0.08450195242375014
41,162,-0.06744385868100372
41,163,-0.028560186099224505
41,164,-0.05585593907241443
41,165,-0.07749476566192087
41,166,-0.04458066947934047
41,167,-0.07370184752598519
41,168,-0.06187170565364608
41,169,-0.05558725649225721
41,170,-0.04008594648742603
41,171,-0.08022664266972285
41,172,-0.06659359216930039
41,173,-0.047923973020659094
41,174,-0.01279064868370039
41,175,-0.031198670981281762
41,176,-0.059885631448918786
41,177,-0.032976074099134
41,178,-0.06443797617071267
41,179,-0.05873544434025957
41,180,-0.029221677981135064
41,181,-0.038669724978039555
41,182,-0.02126194671783621
41,183,-0.05967845738073191
41,184,-0.03988760814520248
41,185,-0.03235326265848082
41,186,-0.040520109369694135
41,187,-0.03099423558265646
41,188,-0.022259380453179378
41,189,-0.006585590832623445
41,190,-0.033199752291250384
41,191,-0.029383143235182374
41,192,-0.02610289391388193
41,193,-0.02395506277027576
41,194,-0.008876969260737444
41,195,0.022882107674400576
41,196,-0.01552049055901572
41,197,-0.009028005293442332
41,198,-0.01826386517349149
41,199,-0.009746434637180224
41,200,0.0026878525485739546
41,201,0.015729611015538048
41,202,0.018194858212342346
41,203,-0.011707412767010594
41,204,-0.011078033175365098
41,205,0.01220503107273141
41,206,0.022997296339953288
41,207,0.03564137753620211
41,208,0.041716244508747224
41,209,0.03907079805099245
41,210,0.05835262442740341
41,211,0.08356148129687091
41,212,0.09374270364680803
41,213,0.09182110085253703
41,214,0.12043208086193768
41,215,0.09966049219583872
41,216,0.09046930344743298
42,1,-0.06861727358760572
42,2,-0.061013486103812464
42,3,-0.050530629438686414
42,4,0.008813018953493845
42,5,-0.08430941648361329
42,6,-0.06802397922159525
42,7,-0.04293241896012345
42,8,-0.06510839971292448
42,9,-0.09899241675988524
42,10,-0.08902758557156737
42,11,-0.07170293551268137
42,12,-0.06497307895262183
42,13,-0.07036837040363192
42,14,-0.04343763352420166
42,15,-0.06048272860623116
42,16,-0.08448406760363919
42,17,-0.06268731493450547
42,18,-0.07325559706017704
42,19,-0.07634438055416459
42,20,-0.09375140599611026
42,21,-0.052620499134301224
42,22,-0.08280781765841971
42,23,-0.05791370892703385
42,24,-0.06975881120861493
42,25,-0.08392004936603087
42,26,-0.10300520781060712
42,27,-0.08294622840456467
42,28,-0.04749358511203866
42,29,-0.07396346002789517
42,30,-0.07125075893548605
42,31,-0.0019089493872015417
42,32,-0.0776359378511467
42,33,-0.09935616685655319
42,34,-0.07804926577091698
42,35,-0.07774500458666872
42,36,-0.07151413862133305
42,37,-0.09924329056634063
42,38,0.00927162401818793
42,39,-0.08412721295084691
42,40,-0.07364294015824552
42,41,-0.07322992039014725
42,42,-0.05188750000742037
42,43,-0.08446082902952723
42,44,-0.09991504402280177
42,45,-0.07291762532642637
42,46,-0.06715156022070562
42,47,-0.08150095306732874
42,48,-0.05716946150213287
42,49,-0.10053235099620211
42,50,-0.09072755008487116
42,51,-0.016586702151594634
42,52,-0.06490789581738327
42,53,-0.06515367831546953
42,54,-0.05213550640410053
42,55,-0.07925473963668112
42,56,-0.06287693825072843
42,57,-0.07841189514412272
42,58,-0.10691206325685687
42,59,-0.10664530842660497
42,60,-0.05364788576663504
42,61,-0.043656933545845045
42,62,-0.08508526680326817
42,63,-0.10560603211435787
42,64,-0.07123531531539501
42,65,-0.044091727867702823
42,66,-0.0990825253410062
42,67,-0.08872081545777794
42,68,-0.09285437810635588
42,69,-0.061293471378721875
42,70,-0.10445638351330855
42,71,-0.08957388721638837
42,72,-0.09035668681259834
42,73,-0.09308081494790721
42,74,-0.09481345167008959
42,75,-0.08105117375844428
42,76,-0.10413417446565087
42,77,-0.0672203521427322
42,78,-0.10156096361748346
42,79,-0.06758075710021816
42,80,-0.08904208839011651
42,81,-0.09438408732004705
42,82,-0.10632816283971896
42,83,-0.08811584459816879
42,84,-0.0764567112294845
42,85,-0.06684354741794135
42,86,-0.09346571468854442
42,87,-0.09445505140832505
42,88,-0.09034826097910037
42,89,-0.10378353652997169
42,90,-0.03733069381017323
42,91,-0.09448740576652187
42,92,-0.09491102593280032
42,93,-0.07479910614140489
42,94,-0.09391760355297996
42,95,-0.10919640804871544
42,96,-0.10415305477346232
42,97,-0.10251758001546318
42,98,-0.10196472188846295
42,99,-0.08579800589333375
42,100,-0.08768116713472712
42,101,-0.08023921547806456
42,102,-0.11684601186752258
42,103,-0.09531312020178018
42,104,-0.0775281525479602
42,105,-0.09103004959024974
42,106,-0.10264027859418356
42,107,-0.11583803059043252
42,108,-0.10084443278100785
42,109,-0.08040848606280904
42,110,-0.11577373897227056
42,111,-0.08301403952607861
42,112,-0.08556540663440315
42,113,-0.10579946743684371
42,114,-0.0899032195311083
42,115,-0.09455602830065862
42,116,-0.09286137184876653
42,117,-0.09548425379066927
42,118,-0.09903195442465673
42,119,-0.10074276171594465
42,120,-0.08335081020722107
42,121,-0.0949143564871523
42,122,-0.10827680233962428
42,123,-0.09131444910418857
42,124,-0.08094070089445388
42,125,-0.08879345269574207
42,126,-0.1113039274654149
42,127,-0.10321839012011252
42,128,-0.08215546601803086
42,129,-0.07595177896370858
42,130,-0.08077440958568421
42,131,-0.11823125429761011
42,132,-0.0944909183073645
42,133,-0.08578316654005885
42,134,-0.07679008488421174
42,135,-0.10460206278564621
42,136,-0.09177685293498866
42,137,-0.0686050688610077
42,138,-0.08001703001864807
42,139,-0.09857698841193047
42,140,-0.0703590453282733
42,141,-0.11101792973192448
42,142,-0.0789847436008988
42,143,-0.06053576363746699
42,144,-0.07789939434762327
42,145,-0.08674915542766776
42,146,-0.07349973673772636
42,147,-0.10988109312999661
42,148,-0.08808539355498385
42,149,-0.09202494253142862
42,150,-0.05290301873880082
42,151,-0.09710956755271538
42,152,-0.07696024403585511
42,153,-0.04285355009811115
42,154,-0.09678655819189924
42,155,-0.07813293571122032
42,156,-0.0737401125006879
42,157,-0.07390767319840741
42,158,-0.04890063189144245
42,159,-0.11265139443141253
42,160,-0.082131394250747
42,161,-0.051981375344240466
42,162,-0.06349187876958734
42,163,-0.06358384338378198
42,164,-0.04598640582383923
42,165,-0.030579378067271235
42,166,-0.0720949383773708
42,167,-0.061707362472031124
42,168,0.005350615862882435
42,169,-0.038895015842880964
42,170,-0.03605687135730856
42,171,-0.044023608462144426
42,172,-0.057234058611307426
42,173,-0.0460289573298166
42,174,-0.03856006960499647
42,175,-0.03306700495939907
42,176,-0.05149212917208329
42,177,-0.03802890771444439
42,178,0.004135634708016367
42,179,0.014112381976485455
42,180,-0.0015172015750901102
42,181,0.013075737794339792
42,182,-0.005436836872637518
42,183,-0.011317011473114036
42,184,-0.02828845337058966
42,185,-0.014415935670461788
42,186,-0.0006253686611201736
42,187,-0.021183586563553347
42,188,0.014555532493825907
42,189,-0.004966659493613967
42,190,0.022961258453518485
42,191,0.03530170103136321
42,192,-0.0028913197622110753
42,193,0.06402073790110208
42,194,0.04408578385000128
42,195,0.05881169448986101
42,196,0.06003328237658423
43,1,-0.03453840526155871
43,2,-0.015919482509439753
43,3,0.0026367634798710737
43,4,-0.06122356589420497
43,5,-0.028460851666498532
43,6,-0.050555545756914844
43,7,-0.06324769600340946
43,8,-0.034486011202548406
43,9,-0.05660872604764633
43,10,-0.06857912630917606
43,11,-0.02675287898777401
43,12,-0.04466491997726546
43,13,-0.06628695101417065
43,14,-0.009438730789231242
43,15,-0.0650225419953227
43,16,0.02261064471230545
43,17,-0.012158691915730713
43,18,-0.0379113330581467
43,19,-0.01771039994075424
43,20,-0.06888950469540689
43,21,-0.06345124703959937
43,22,-0.0550475030631552
43,23,-0.021459941344317668
43,24,-0.032632281799651
43,25,-0.05015601766134764
43,26,0.010567255549120746
43,27,-0.06841158114528934
43,28,-0.047119913073250586
43,29,-0.07770185363660709
43,30,-0.02383258170777447
43,31,0.014772498954487956
43,32,-0.045058356333337435
43,33,-0.0602581314934903
43,34,-0.028840048421894693
43,35,-0.022176517793174977
43,36,-0.07591883832675989
43,37,-0.0324025016825506
43,38,-0.04696621170222659
43,39,-0.03922058667786599
43,40,-0.05443122744495865
43,41,-0.035189413566762806
43,42,-0.0002699280496377132
43,43,-0.06952206940357869
43,44,-0.03498760298522163
43,45,-0.006532050488583352
43,46,-0.039816621883676295
43,47,-0.046176252311670885
43,48,-0.042352279977659724
43,49,-0.08104132847002626
43,50,-0.07808285985476654
43,51,-0.07138152000501002
43,52,-0.020796140796482843
43,53,-0.0358880817072037
43,54,-0.06635479891627921
43,55,-0.09153859973896261
43,56,-0.08725625542189508
43,57,-0.0037925058341259366
43,58,-0.037868754837395824
43,59,-0.0419647870289504
43,60,-0.08169235696278876
43,61,-0.07613291421310875
43,62,-0.06711591315137266
43,63,-0.05366373350694997
43,64,-0.07693595270587739
43,65,-0.043546746985832274
43,66,-0.06088235017354027
43,67,-0.056127222942963184
43,68,-0.06315417865998546
43,69,-0.08443637191745462
43,70,-0.09586862098155763
43,71,-0.08224884567715013
43,72,-0.09211849752042967
43,73,-0.07739659225424411
43,74,-0.06873320337203637
43,75,-0.0317039973908102
43,76,-0.0735642862863411
43,77,-0.06860966421732229
43,78,-0.06915776911540761
43,79,-0.0901780807759775
43,80,-0.07686400886064393
43,81,-0.04915059372005437
43,82,-0.07733180017806651
43,83,-0.04809411369773442
43,84,-0.08868467708283856
43,85,-0.10718565606715036
43,86,-0.09636490515237545
43,87,-0.07633386180402107
43,88,-0.08382765328384806
43,89,-0.06598860303049525
43,90,-0.05546162303378033
43,91,-0.04200921301033245
43,92,-0.08619050708677045
43,93,-0.06900362204037241
43,94,-0.07409649673554874
43,95,-0.0783891284352482
43,96,-0.08184714055855025
43,97,-0.053857674516604004
43,98,-0.0480228485430495
43,99,-0.06997904344483541
43,100,-0.06113677967166764
43,101,-0.08104776592662338
43,102,-0.08504972273346006
43,103,-0.05623616123640213
43,104,-0.07185419007286586
43,105,-0.06597282160914786
43,106,-0.09257737683942852
43,107,-0.09248490874667675
43,108,-0.07773677222302805
43,109,-0.09078577591153864
43,110,-0.09495691280011803
43,111,-0.08442723924253431
43,112,-0.09272644738051677
43,113,-0.0996538228267872
43,114,-0.10677743791683314
43,115,-0.09768798513787935
43,116,-0.08156108744240137
43,117,-0.08605036188391518
43,118,-0.10046200744056288
43,119,0.0019786007303026487
43,120,-0.0634780188126694
43,121,-0.09218155292784819
43,122,-0.09996058028480415
43,123,-0.08342661001926582
43,124,-0.05729634934679945
43,125,-0.0853506164779686
43,126,-0.06704577489814001
43,127,-0.09104489599165205
43,128,-0.06870125066986299
43,129,-0.1102642773926849
43,130,-0.08292229326857592
43,131,-0.07497646732673441
43,132,-0.09669465624964718
43,133,-0.07004639355240849
43,134,-0.10103555167895362
43,135,-0.09943772366327913
43,136,-0.08447480664742246
43,137,-0.05538843653979536
43,138,-0.1004268619209307
43,139,-0.09341482440593851
43,140,-0.10222301192479982
43,141,-0.06508495820406812
43,142,-0.08430245000259695
43,143,-0.11077114188151482
43,144,-0.11239612608935828
43,145,-0.10061427935438888
43,146,-0.08621212291171942
43,147,-0.11000985503695643
43,148,-0.0948251964969184
43,149,-0.08939761877630059
43,150,-0.06362044760197982
43,151,-0.0873544353055698
43,152,-0.07528982836745385
43,153,-0.0913178050447615
43,154,-0.09024925637453307
43,155,-0.06327541845810358
43,156,-0.07912148969807525
43,157,-0.06385543110207204
43,158,-0.08908877055162034
43,159,-0.08853327105475767
43,160,-0.0936485633970695
43,161,-0.10277742932043515
43,162,-0.06448687125731761
43,163,-0.061342255222606334
43,164,-0.07630531169357213
43,165,-0.09600284796424552
43,166,-0.05703992451309503
43,167,-0.09138930137877871
43,168,-0.049215073707290224
43,169,-0.06336458474867535
43,170,-0.04545392585030672
43,171,-0.05438560030610884
43,172,-0.0687672979826573
43,173,-0.087496090656978
43,174,-0.04511983091322874
43,175,-0.04615950994651963
43,176,-0.05508921268137845
43,177,-0.057787291518687445
43,178,-0.06083801616474571
43,179,-0.05214328420055603
43,180,-0.04762383556506683
43,181,-0.021985805285395232
43,182,-0.048623325072334966
43,183,-0.017012176773590793
43,184,-0.03331618566288114
43,185,-0.01218113506655677
43,186,-0.012127672691279123
43,187,-0.01771206290605848
43,188,-0.002689315127611114
43,189,0.017824749449826927
43,190,-0.025422366290021536
43,191,0.05307568315059852
43,192,0.01754396385866608
43,193,0.03132585686583855
43,194,0.022295903002352624
43,195,0.014561202410763308
43,196,-0.0016202442114635618
43,197,0.06892116825476546
43,198,0.030632560385170926
43,199,0.05654993193024305
43,200,0.024322890460621416
43,201,0.061854361973395
43,202,0.04776739725318968
43,203,0.09200725397581389
43,204,0.05956850880872988
43,205,0.10665529340128277
43,206,0.09941138608174382
43,207,0.10863760781712417
44,1,-0.07886764339083846
44,2,-0.0813803717837926
44,3,-0.0849481895203143
44,4,-0.07306957725343771
44,5,-0.05724468966929264
44,6,-0.05173134158038767
44,7,-0.0190707853018397
44,8,-0.037141956842613066
44,9,-0.07593254105048708
44,10,-0.09910374046739173
44,11,-0.07674574422722286
44,12,-0.0367690473654641
44,13,-0.05007621749365243
44,14,-0.06481154338452255
44,15,-0.03572151200741014
44,16,-0.08293934934575875
44,17,0.007742776042718558
44,18,-0.0802648210113705
44,19,-0.07622772954214035
44,20,-0.029007692292219445
44,21,-0.029670169826125914
44,22,-0.06075065239767308
44,23,-0.05678709939396254
44,24,-0.0016911620143620354
44,25,-0.01676193753542915
44,26,-0.07620877802877829
44,27,-0.04891782839514758
44,28,0.009510532371208469
44,29,-0.032847727995861775
44,30,-0.023259814935301215
44,31,-0.05455221151284034
44,32,-0.07247401605940712
44,33,-0.08754430493562115
44,34,-0.07831855474862259
44,35,-0.07592851508359966
44,36,-0.06393185072322766
44,37,-0.07860724733755442
44,38,-0.053983898920966555
44,39,-0.03356903415758311
44,40,-0.016645402175826773
44,41,-0.04771119776441762
44,42,-0.0860881016548749
44,43,-0.061838872193817285
44,44,-0.05681964419541685
44,45,-0.020240407512186198
44,46,-0.08267081611442201
44,47,-0.08766619568253553
44,48,-0.04577532750643781
44,49,-0.07966245741242772
44,50,-0.0675317159942953
44,51,-0.056681908477101195
44,52,-0.04557174357615784
44,53,-0.058536517548194666
44,54,-0.08913411811704541
44,55,-0.014923035077740787
44,56,-0.06175439248047193
44,57,-0.005709296823707299
44,58,-0.0027845118822990567
44,59,-0.07167438864307046
44,60,-0.0026944673089946414
44,61,-0.06758796214243074
44,62,-0.04178908206113885
44,63,-0.037100846434210244
44,64,-0.004153235462659277
44,65,-0.08185738516231056
44,66,-0.08747490120314833
44,67,-0.08937321360692635
44,68,-0.058777560143019325
44,69,-0.06015827322537198
44,70,-0.07556833804061919
44,71,-0.0648093806988031
44,72,-0.0332241753262289
44,73,-0.08586444280713607
44,74,-0.043402270285040845
44,75,-0.07547616503503823
44,76,-0.0700223920338745
44,77,-0.0674223650060663
44,78,-0.04205990210638505
44,79,-0.06307221435141258
44,80,-0.04932973726483436
44,81,-0.0724033494580043
44,82,-0.08708928736751226
44,83,-0.02027345015428411
44,84,-0.0702502168164128
44,85,-0.06279523806568871
44,86,-0.07507240870010562
44,87,-0.08094282844421213
44,88,-0.07841812103469536
44,89,-0.07030507097714467
44,90,-0.03980814750584655
44,91,-0.09169068928589175
44,92,-0.09050837541863321
44,93,-0.08458637531342972
44,94,-0.08253123549692076
44,95,-0.02034958339587095
44,96,-0.040769489417567195
44,97,-0.060047393672440774
44,98,-0.09411441977401586
44,99,-0.05826132654844751
44,100,-0.0765800632582187
44,101,-0.07070934715629601
44,102,-0.07166789941606849
44,103,-0.08493398003605229
44,104,-0.08752317821600858
44,105,-0.07547598110671327
44,106,-0.09867731142345049
44,107,-0.10060633424608162
44,108,-0.1034929867819907
44,109,-0.07970807378252742
44,110,-0.07087209668675548
44,111,-0.09045678564110549
44,112,-0.0705487207598729
44,113,-0.09117924013680379
44,114,-0.09293922893450546
44,115,-0.07716101913184298
44,116,-0.07941543994596689
44,117,-0.09220768275123148
44,118,-0.10325690343341193
44,119,-0.08525816819970095
44,120,-0.05146578145249037
44,121,-0.09697542988291558
44,122,-0.05954518503561912
44,123,-0.09446523045888816
44,124,-0.08231004783585905
44,125,-0.10378981201849274
44,126,-0.09019362754425286
44,127,-0.0835068004932461
44,128,-0.07533987027465255
44,129,-0.10062561078796578
44,130,-0.07897771085270416
44,131,-0.09014017587383832
44,132,-0.08585097410875625
44,133,-0.08317053365949328
44,134,-0.10238756008248878
44,135,-0.10726988465705695
44,136,-0.07609322609167468
44,137,-0.09267529021517024
44,138,-0.06926810326407201
44,139,-0.10795326801087479
44,140,-0.09545181286544896
44,141,-0.08800826998799127
44,142,-0.08008039510961074
44,143,-0.06993933556496096
44,144,-0.056846448187040544
44,145,-0.0893856171597534
44,146,-0.06518559665825774
44,147,-0.10290149157769268
44,148,-0.08190072031430856
44,149,-0.09979370331089416
44,150,-0.10133881730128758
44,151,-0.07156307530375577
44,152,-0.06099925255738414
44,153,-0.037510833917596076
44,154,-0.09316369668738489
44,155,-0.07583241770463534
44,156,-0.07850637206701716
44,157,-0.06652897452624218
44,158,-0.05659277619281655
44,159,-0.04778997942290725
44,160,-0.07418187239024554
44,161,-0.0632594778273583
44,162,-0.07607649832572327
44,163,-0.04193256652049249
44,164,-0.06115937907721519
44,165,-0.04536330746738798
44,166,-0.0692387609781362
44,167,-0.061090919344576555
44,168,-0.038251520136056205
44,169,-0.05468303756247528
44,170,-0.03373945421155439
44,171,-0.015426904293281085
44,172,-0.03453334624749649
44,173,-0.02127757092446142
44,174,-0.03495493891294038
44,175,-0.04462099347377568
44,176,-0.04592492046363045
44,177,-0.009868339715968122
44,178,-0.035353476666308115
44,179,-0.013543054390884934
44,180,0.010086513142916087
44,181,0.040847815889905714
44,182,0.010174367824923536
44,183,-0.04131703475794096
44,184,0.006627559954582529
44,185,0.04169637762334999
44,186,0.0026580574994569117
44,187,0.027612819752110385
44,188,0.02899070579656593
44,189,0.022407051615150775
44,190,0.040837296299994
44,191,0.0701894544855397
44,192,0.07875077394873697
45,1,-0.016889539528497866
45,2,-0.011007559014373058
45,3,0.0017923845345696465
45,4,-0.033949600638772226
45,5,-0.034300106873285496
45,6,-0.03187738860497419
45,7,-0.025840958233514177
45,8,-0.03312562566848681
45,9,0.06534191293538782
45,10,-0.029585597885291526
45,11,-0.04509719368307574
45,12,-0.029446268493153627
45,13,-0.012144411258124488
45,14,0.0019011706106838444
45,15,-0.056699933955310644
45,16,-0.022220383693658252
45,17,0.04170870416916561
45,18,-0.039673868768705656
45,19,-0.018313300977028657
45,20,-0.04410857328938905
45,21,0.03691474880469159
45,22,-0.020667909955076225
45,23,-0.0061869513282208355
45,24,-0.08162148471865949
45,25,-0.03533362879772445
45,26,-0.03773372915528095
45,27,0.049519627280951384
45,28,-0.03933663865744669
45,29,-0.019805766986413842
45,30,-0.0064997677926706965
45,31,-0.020427153001374154
45,32,-0.01702600210263744
45,33,-0.038054560279196736
45,34,0.0020686868134647263
45,35,-0.050646924771519775
45,36,-0.02337610327924
45,37,-0.01684140907948828
45,38,-0.014025876775746016
45,39,-0.033093473947234164
45,40,-0.04431646682559204
45,41,-0.032054433607199895
45,42,-0.04394283115816888
45,43,-0.0032008944733124545
45,44,-0.04475516108849076
45,45,-0.022557776193353585
45,46,-0.05397630057567282
45,47,0.01596756345138528
45,48,-0.04896642919862998
45,49,-0.08585764713171284
45,50,-0.02580567782259391
45,51,-0.06759005782037286
45,52,-0.017546576204430953
45,53,-0.03871758871471709
45,54,-0.03566812100239891
45,55,-0.03210171707583448
45,56,-0.06070230099465568
45,57,-0.06652193543907947
45,58,-0.05163823509785209
45,59,-0.09338742146368745
45,60,-0.03934115037499136
45,61,-0.012225056063900952
45,62,-0.06709939948916682
45,63,-0.03962230768197983
45,64,-0.04831557438566392
45,65,-0.04656675099989588
45,66,-0.05297752989341531
45,67,-0.027880044436055074
45,68,-0.038118169743893315
45,69,-0.06482128266180093
45,70,-0.04728626342722925
45,71,-0.08105336304746386
45,72,-0.08620828615793114
45,73,-0.011165184317911081
45,74,-0.06461020595424549
45,75,-0.07141783441462568
45,76,-0.07175585022674263
45,77,-0.051543603123500537
45,78,0.0023502716001313484
45,79,-0.07335249322557696
45,80,-0.08599285660397649
45,81,-0.06605092014647229
45,82,-0.06257078601062932
45,83,-0.028973095908362223
45,84,0.0017628876035277186
45,85,-0.06218234592485422
45,86,-0.07203757532317534
45,87,-0.055862767718125594
45,88,-0.05733040704711506
45,89,-0.07022696102127624
45,90,-0.10022429277344497
45,91,-0.0783831351994635
45,92,-0.06299992266119736
45,93,-0.07737397912485328
45,94,-0.05500624780681246
45,95,-0.08915172476774874
45,96,-0.08098261212332974
45,97,-0.04867382303318496
45,98,-0.0773905089509353
45,99,-0.08151081535471166
45,100,-0.06603576704026187
45,101,-0.09329944765892217
45,102,-0.08412852162414614
45,103,-0.06019373085516183
45,104,-0.046658279256792834
45,105,-0.06272782744413641
45,106,-0.08484161603500656
45,107,-0.0718951749696492
45,108,-0.0738938943519925
45,109,-0.09514180591442395
45,110,-0.08815548939065498
45,111,-0.061127197611338
45,112,-0.06419631552128785
45,113,-0.04621497190518353
45,114,-0.07173688504270259
45,115,-0.06899731057417585
45,116,-0.05955074410959266
45,117,-0.07875016053016903
45,118,-0.08146487809593028
45,119,-0.07584394167076713
45,120,-0.09171118382427978
45,121,-0.08342406172302619
45,122,-0.05670258343209328
45,123,-0.0776037545841417
45,124,-0.061458985915866904
45,125,-0.09701834510724333
45,126,-0.0894851960076728
45,127,-0.08543980643879878
45,128,-0.05921850357472358
45,129,-0.05512721019480277
45,130,-0.0829301544703836
45,131,-0.07843308906047614
45,132,-0.049376693407669314
45,133,-0.07209945520231864
45,134,-0.06419835884901953
45,135,-0.060568637504050504
45,136,-0.06783864299098058
45,137,-0.016140407725945938
45,138,-0.06566218819042807
45,139,-0.025407797088877082
45,140,-0.03148833644078347
45,141,-0.00757485394005003
45,142,0.009237594484615697
45,143,-0.05009759468456121
45,144,-0.06000098250898239
45,145,0.005729295563762005
45,146,-0.015577045716888394
45,147,-0.026977689673259864
45,148,0.00615940156957584
45,149,0.009298568025849163
45,150,0.014036349782970525
45,151,-0.013515194298099664
45,152,0.04464758601819874
45,153,0.012067504874303414
45,154,0.02783108678147883
45,155,0.07217160129065658
45,156,0.054130296985019144
45,157,0.08753820024359094
45,158,0.07260991709128028
46,1,0.04028023448404128
46,2,0.012679396975524782
46,3,-0.05610346526071519
46,4,-0.05100689538944575
46,5,-0.05669614603838985
46,6,4.6508783913878915e-05
46,7,-0.03696627337151587
46,8,-0.06452965301173963
46,9,-0.004313555270979597
46,10,-0.06408098128651729
46,11,-0.04926660458349574
46,12,-0.06071099024285087
46,13,-0.022482158106764738
46,14,-0.03696884696020353
46,15,-0.03962458089996229
46,16,-0.04647778336214892
46,17,-0.036471774750686026
46,18,-0.04442073057643603
46,19,-0.04884433207409017
46,20,-0.03106697501510719
46,21,-0.06456137649375965
46,22,0.018800241305427456
46,23,-0.019019000526124097
46,24,-0.04870971867555246
46,25,-0.014314508604071019
46,26,-0.005747863285393062
46,27,-0.051672915754027104
46,28,-0.0011004940758193582
46,29,-0.051718251811071314
46,30,-0.03965802605597918
46,31,0.04276933235762037
46,32,-0.0378029810813858
46,33,-0.05465227009263268
46,34,-0.03648227830217682
46,35,-0.030414275279882053
46,36,-0.052231703056453915
46,37,-0.03607035465984387
46,38,-0.04094604011016045
46,39,-0.06876138912379104
46,40,-0.0641953712347893
46,41,-0.08835070011082125
46,42,-0.05254896598503722
46,43,-0.03210521481780465
46,44,-0.03524420177383841
46,45,-0.02809925680108971
46,46,-0.03331709360892654
46,47,-0.07287949616477757
46,48,-0.02751191196973657
46,49,-0.059089778803688875
46,50,-0.04643088322810024
46,51,-0.05293682003798661
46,52,-0.0688582728309915
46,53,-0.039917970184180196
46,54,-0.057347222935239694
46,55,-0.016978677727438107
46,56,-0.03902878486393713
46,57,0.003659522482009958
46,58,-0.04881194577673531
46,59,-0.05284785087972321
46,60,-0.04187053607133362
46,61,-0.05972724235886079
46,62,-0.041114852023261095
46,63,-0.022734420052541005
46,64,0.03878638894599529
46,65,-0.05763136016325582
46,66,-0.06459734303594039
46,67,-0.0684788855266717
46,68,-0.022106492147572376
46,69,-0.06297488915575161
46,70,-0.032085327612074666
46,71,-0.08916153052269443
46,72,-0.04849818298331049
46,73,-0.0631059351988491
46,74,-0.053718091623370656
46,75,0.021891772838678825
46,76,-0.04156539584443586
46,77,-0.05539223583815556
46,78,-0.05068423728727939
46,79,-0.056015782004988746
46,80,0.013996059353956203
46,81,-0.046328742923219035
46,82,-0.06023203524785148
46,83,-0.07725449783624905
46,84,0.028871922036819653
46,85,-0.054396341062872056
46,86,-0.05861325983210525
46,87,-0.028435791194560966
46,88,-0.03915190538982355
46,89,-0.07645370764078457
46,90,-0.08252597805966233
46,91,-0.06057376186930252
46,92,-0.04075657496109791
46,93,-0.011667409103025161
46,94,-0.06171073428206231
46,95,-0.020183314008659914
46,96,0.019368732181845538
46,97,-0.06625350984446648
46,98,-0.08097001174196
46,99,-0.06314239377701508
46,100,-0.07347113074094375
46,101,-0.06884257803953187
46,102,-0.04462624884283001
46,103,-0.0857212316273045
46,104,-0.031505870959813775
46,105,-0.06605325821487079
46,106,-0.09400042267795838
46,107,-0.08293531869355741
46,108,-0.05209024235228593
46,109,-0.04269108302254582
46,110,-0.04763758686734687
46,111,-0.006397468885275037
46,112,-0.10103029366433386
46,113,-0.0534461123165601
46,114,-0.09596777046547073
46,115,-0.06326864575796137
46,116,-0.04060903838910207
46,117,-0.08177057826464323
46,118,-0.036486952242757
46,119,-0.08279577471524474
46,120,-0.08775018148093389
46,121,-0.050846302560802026
46,122,-0.09024114977827641
46,123,-0.09046608790834099
46,124,-0.06445791225365438
46,125,-0.05102540156637059
46,126,-0.09481113029855426
46,127,-0.05539820268928375
46,128,-0.07821530744971261
46,129,-0.07303565391068817
46,130,-0.06441608348382294
46,131,-0.0861308641445902
46,132,-0.07806518933635159
46,133,-0.08674494943740779
46,134,-0.06494780509382198
46,135,-0.05568578030899657
46,136,-0.07499155944318547
46,137,-0.08772154364434481
46,138,-0.0683322118125525
46,139,-0.06216425946342036
46,140,-0.062374696580171585
46,141,-0.07935520793354933
46,142,-0.08348191394911575
46,143,-0.04210565222094487
46,144,-0.06899231298631814
46,145,-0.09084270299513897
46,146,-0.08936046526922692
46,147,-0.10109914980733858
46,148,-0.06129866657692157
46,149,-0.07917265370798848
46,150,-0.09169268000840886
46,151,-0.07067276939705963
46,152,-0.09068194472691737
46,153,-0.062056599570516624
46,154,-0.09812661266550443
46,155,-0.10599233588455698
46,156,-0.0997151947716976
46,157,-0.09460227709316943
46,158,-0.056642886097442335
46,159,-0.0800078976043111
46,160,-0.10256860049855904
46,161,-0.10520433254608752
46,162,-0.10426513134302978
46,163,-0.09522190701310351
46,164,-0.07758904369647723
46,165,-0.0992007062884519
46,166,-0.0952955869692565
46,167,-0.10088792425420673
46,168,-0.08192183006377413
46,169,-0.10666200230808726
46,170,-0.08690785354610359
46,171,-0.09305607634547292
46,172,-0.08856244040376238
46,173,-0.07181466590342361
46,174,-0.07155435177822184
46,175,-0.09111653038292267
46,176,-0.11009589608395132
46,177,-0.07342735936644906
46,178,-0.09302806110838469
46,179,-0.08573279508599252
46,180,-0.10602709969620105
46,181,-0.08209400786108662
46,182,-0.08937343433137213
46,183,-0.09483136196676806
46,184,-0.08695954448536991
46,185,-0.07914370207597532
46,186,-0.10970107207258012
46,187,-0.09607548725736437
46,188,-0.10979336299257503
46,189,-0.07005810243144783
46,190,-0.06891533139804351
46,191,-0.11268171757288886
46,192,-0.10709162263997313
46,193,-0.07302558976164758
46,194,-0.09357524867256006
46,195,-0.09669777615491437
46,196,-0.0851625932089845
46,197,-0.04112658072706865
46,198,-0.08469786674036045
46,199,-0.08826226524155589
46,200,-0.08123438442462944
46,201,-0.09294208487856054
46,202,-0.06972653125752043
46,203,-0.06747953925584388
46,204,-0.07998191855638143
46,205,-0.08743216304774065
46,206,-0.0986813542461733
46,207,-0.08391757308256548
46,208,-0.08088199019931402
46,209,-0.07073973448534171
46,210,-0.08879835478514614
46,211,-0.05127546079652545
46,212,-0.06611438452008478
46,213,-0.07406688691835778
46,214,-0.07946416289712527
46,215,-0.07914136590063803
46,216,-0.06858896633007694
46,217,-0.06484626668430421
46,218,-0.03738176976484803
46,219,-0.03429527981552377
46,220,-0.01641105089410838
46,221,-0.04907533331118469
46,222,-0.0602703735179872
46,223,-0.07492457227048271
46,224,-0.05750268385087176
46,225,-0.043043348089312206
46,226,-0.0757726006767418
46,227,0.006646607115900149
46,228,-0.043795758048060074
46,229,-0.023625731776395875
46,230,-0.03003758495962311
46,231,-0.02548628975444489
46,232,-0.04929940046235737
46,233,-0.016866201827608562
46,234,-0.0058045732037876885
46,235,-0.019032432621723383
46,236,-0.0009773215443343863
46,237,-0.03351086535506198
46,238,-0.02196904117448134
46,239,-0.011227241641512342
46,240,0.00025917917249262956
46,241,0.006921775759671345
46,242,0.00017998101265526145
46,243,0.014766313187456581
46,244,0.01456363630523394
46,245,0.013401333586278041
46,246,0.0276070880063779
46,247,0.04895980590652671
46,248,0.031785651186262864
46,249,0.05348084367267025
46,250,0.06166988601672452
46,251,0.08478049944366517
46,252,0.07865655823281326
46,253,0.10938290364295045
46,254,0.07326668552663562
46,255,0.06230798323573572
46,256,0.1259917202630021
47,1,-0.0498165538142788
47,2,-0.017958939884686442
47,3,-9.881494494901055e-05
47,4,0.054617207604348184
47,5,-0.03422191618171988
47,6,-0.01272886967560044
47,7,-0.045466589925726
47,8,0.06139295084801122
47,9,-0.025207047646042147
47,10,-0.06209147558102085
47,11,-0.042692411645197215
47,12,-0.06288375428275378
47,13,-0.052019867184625146
47,14,-0.018515518974097978
47,15,-0.03532960541333707
47,16,0.0336949073480981
47,17,-0.019515508791542124
47,18,0.004305906225304024
47,19,0.010826460744629673
47,20,-0.05852430846418849
47,21,-0.03664251933827528
47,22,-0.04727661453411586
47,23,-0.00028021625786656124
47,24,-0.0207428888428432
47,25,-0.011010779125738501
47,26,-0.04358972457007598
47,27,-0.019798745616327607
47,28,-0.05114994037650811
47,29,-0.019629725900284667
47,30,-0.030251909461179893
47,31,-0.033139977594080494
47,32,-0.05453069392890453
47,33,-0.07147527088356403
47,34,-0.019941047722193794
47,35,-0.038807902010939255
47,36,0.008698572517545466
47,37,-0.052527473371180855
47,38,-0.02596763856030304
47,39,-0.048962866925149895
47,40,-0.057247709524910706
47,41,-0.05080529898052233
47,42,-0.06004707266328635
47,43,-0.0681470952622657
47,44,-0.03010654261550222
47,45,-0.03387410772208671
47,46,-0.08572805223126606
47,47,-0.07196245615381547
47,48,-0.08166157690004511
47,49,-0.04073754780577232
47,50,-0.04727982693283239
47,51,-0.02854855751055707
47,52,-0.06679955938886734
47,53,-0.054096241741016904
47,54,-0.07677431615665814
47,55,-0.056243979102309716
47,56,0.034575429263694835
47,57,-0.06223756422460924
47,58,-0.028568199909081937
47,59,-0.02672987545391009
47,60,-0.03888904375344121
47,61,-0.012971171098596412
47,62,-0.032780645038035405
47,63,-0.01660246130560178
47,64,-0.04173039697600289
47,65,-0.0489825262395025
47,66,-0.06426276857099639
47,67,0.04337459078620243
47,68,-0.06655255358508089
47,69,-0.015534102918153048
47,70,-0.06077811988675219
47,71,-0.036814917314352325
47,72,-0.03961582129448349
47,73,-0.048442275305434546
47,74,-0.051335399417675454
47,75,-0.05055049014576185
47,76,-0.03634570116462993
47,77,-0.07105959254916427
47,78,-0.06689943930218983
47,79,-0.03028747697784051
47,80,-0.01439169062566198
47,81,-0.013742658746901004
47,82,-0.048239222144817795
47,83,-0.04672111955949276
47,84,-0.08316220603309604
47,85,-0.0884344140944851
47,86,0.008117381760295972
47,87,-0.053496019720313814
47,88,-0.05956962274453792
47,89,-0.07240664032461647
47,90,-0.07523186975348334
47,91,0.009108670611248981
47,92,-0.047481337255465106
47,93,-0.066244510658578
47,94,-0.06145316896669972
47,95,-0.06342183038057614
47,96,-0.03329748661164844
47,97,-0.08731086755813156
47,98,-0.03910812025899474
47,99,-0.10450648732562917
47,100,-0.05770755727343907
47,101,-0.036336521871786764
47,102,-0.052527747342084596
47,103,-0.059565259167111695
47,104,-0.07165145474537277
47,105,-0.078697766677498
47,106,-0.05952266746734547
47,107,-0.09391663552115026
47,108,-0.09122542793905997
47,109,-0.05254218409297656
47,110,-0.045900726543976644
47,111,-0.06765769825837858
47,112,-0.05547032431910631
47,113,-0.03704129271454637
47,114,-0.04572707426340156
47,115,-0.0766356491068444
47,116,-0.05844822308848585
47,117,-0.08517459144592532
47,118,-0.045777116171771215
47,119,-0.017252119084836037
47,120,-0.05156142856036361
47,121,-0.0970165400687088
47,122,-0.04867628932550433
47,123,-0.04812283257641503
47,124,-0.07294075466081484
47,125,-0.08095546580470853
47,126,-0.06274523056355924
47,127,-0.05348510377830201
47,128,-0.06873727066113694
47,129,-0.08786312817940423
47,130,-0.09554745306325607
47,131,-0.09788942294164993
47,132,-0.03731320170998337
47,133,-0.09762071966883384
47,134,-0.06841961859717755
47,135,-0.04625233055050454
47,136,-0.09200745649835684
47,137,-0.10922993653330826
47,138,-0.09711448014545981
47,139,-0.08746690570490345
47,140,-0.08350856111269028
47,141,-0.06069620945542453
47,142,-0.06667676084767904
47,143,-0.06746856066727525
47,144,-0.08247691623641079
47,145,-0.08596007496545133
47,146,-0.08424001614630172
47,147,-0.08366273591217599
47,148,-0.1022359371605297
47,149,-0.08412797305685443
47,150,-0.0638983267985298
47,151,-0.10141546972913745
47,152,-0.08805016233495905
47,153,-0.08168173237823867
47,154,-0.0782573414342061
47,155,-0.08601348062848246
47,156,-0.10232251764382339
47,157,-0.07786687388838076
47,158,-0.0814858068973045
47,159,-0.09227157928777835
47,160,-0.07859989327790434
47,161,-0.09594614160830667
47,162,-0.04923946674487423
47,163,-0.09515429341222975
47,164,-0.058149860018135935
47,165,-0.08306785763893565
47,166,-0.07330987821429141
47,167,-0.08861905393611441
47,168,-0.07010139491559064
47,169,-0.06626380957705919
47,170,-0.09281716938164403
47,171,-0.08450637639165443
47,172,-0.07898368079282048
47,173,-0.09316297618201902
47,174,-0.05319020195371221
47,175,-0.07708071420311541
47,176,-0.04601215256738056
47,177,-0.0749871919444548
47,178,-0.06946583606025958
47,179,-0.05471369078702376
47,180,-0.06544153859040941
47,181,-0.05242363505306297
47,182,-0.04634167172540671
47,183,-0.05062177588856487
47,184,-0.06176409134803279
47,185,-0.047956927540217964
47,186,-0.06788728465759969
47,187,-0.06711313235153327
47,188,-0.042843457566937915
47,189,-0.054717326420029466
47,190,-0.050476091935588496
47,191,-0.02993349612663143
47,192,-0.02973637230102727
47,193,-0.010337523818084449
47,194,0.015333949540065617
47,195,0.004479766449016487
47,196,-0.03056670010186452
47,197,0.012466675799284177
47,198,-0.016164859229851503
47,199,0.0064991450676715745
47,200,0.002785002472026732
47,201,-0.021975042189475325
47,202,0.02762985412853236
47,203,0.004816260899963454
47,204,0.041693812816940845
47,205,0.03160496275525082
47,206,-0.006111801178521614
47,207,0.056728382615489625
47,208,0.04916732795437151
47,209,0.03639489312760147
47,210,0.03128111344779738
47,211,0.07186938529257958
47,212,0.034548835504443764
47,213,0.0730774861922725
47,214,0.04653790697099136
48,1,-0.06191820975605983
48,2,-0.054370597933983245
48,3,-0.021018116318971936
48,4,-0.04813025862716308
48,5,-0.08015096494245066
48,6,-0.0637914178782919
48,7,-0.05163577738122532
48,8,-0.031345815090314866
48,9,-0.062161216704612776
48,10,-0.01768632345155352
48,11,-0.03833371422472942
48,12,-0.06097514145586186
48,13,-0.06279965506323687
48,14,0.017960729791572594
48,15,0.021831610194729678
48,16,-0.042429100750010884
48,17,-0.023106866401488624
48,18,-0.05344121574268229
48,19,-0.05764942563646186
48,20,-0.05668375306937984
48,21,-0.05385284402204271
48,22,-0.0337677412469084
48,23,0.01538929065376371
48,24,-0.07587031463867816
48,25,-0.033643526210018315
48,26,-0.055209220742918785
48,27,-0.07014066140205671
48,28,-0.053232124271113734
48,29,-0.040269310025772664
48,30,-0.06931121987835276
48,31,-0.022183503239784796
48,32,0.026026222114393205
48,33,-0.07331696315446773
48,34,-0.030637478461674694
48,35,-0.030734245442642916
48,36,-0.04186233534390804
48,37,0.0019935340013989
48,38,-0.07039882809180409
48,39,-0.04837768937642983
48,40,-0.036986395651077864
48,41,0.021105153373001118
48,42,-0.04605267996339224
48,43,-0.07387544722225892
48,44,0.03172034028908344
48,45,-0.07063570839424338
48,46,-0.043505183390074254
48,47,-0.059224107738144904
48,48,-0.05274189252621814
48,49,-0.016909801315175388
48,50,-0.08493916438453358
48,51,-0.033979470662670985
48,52,-0.04681975052361381
48,53,-0.06540131592463583
48,54,-0.024285053728490102
48,55,-0.06379159862464684
48,56,-0.030661342295471017
48,57,-0.06144727124163896
48,58,-0.06899300977602862
48,59,-0.06164983695828241
48,60,0.02461946729219977
48,61,-0.0819384924515475
48,62,-0.04056638889512587
48,63,-0.0490434519070001
48,64,-0.04578992369320978
48,65,-0.018931573842247307
48,66,-0.023282688915722605
48,67,-0.0014843762997435173
48,68,-0.04725856993950617
48,69,-0.06574732120668664
48,70,-0.05926062040399577
48,71,-0.05266966467501322
48,72,0.006986502419678575
48,73,-0.06285952299124103
48,74,-0.04055610686902961
48,75,-0.0778530345241415
48,76,-0.03608475331562755
48,77,-0.05661147164382363
48,78,-0.04219318887534129
48,79,-0.09145125920531932
48,80,-0.03096309897158428
48,81,-0.056812359990478456
48,82,-0.07470840713537241
48,83,-0.07803856935584297
48,84,-0.043981133915143744
48,85,-0.05296686775688242
48,86,-0.06627405369596168
48,87,-0.02945222923154983
48,88,-0.05754980862342751
48,89,-0.07212663108542955
48,90,-0.04664163957732115
48,91,-0.050903760520132346
48,92,-0.045634135261584496
48,93,-0.05996213865332639
48,94,-0.05373951025440171
48,95,-0.047686107143972145
48,96,-0.09834776862314076
48,97,-0.040814165536587454
48,98,-0.06566332909223893
48,99,-0.07869257319974515
48,100,-0.03579419280692392
48,101,-0.0651332104579962
48,102,-0.07336988332031325
48,103,-0.07546261041390301
48,104,-0.03943261381133195
48,105,-0.030596335650572792
48,106,-0.056830705331631315
48,107,-0.059554530470040334
48,108,-0.037952069599099025
48,109,-0.05129784606464827
48,110,-0.08418986313826737
48,111,-0.044460908822349654
48,112,-0.057280116007437265
48,113,-0.07894432646272742
48,114,-0.07298683173438036
48,115,-0.06004275991878766
48,116,-0.0321657865406032
48,117,-0.07105257661799291
48,118,-0.06795554078000998
48,119,-0.03149200839281635
48,120,-0.07717837921104853
48,121,-0.05885471390684843
48,122,-0.05229524420038151
48,123,-0.05656911503018447
48,124,-0.048639210896164076
48,125,-0.022479224679147647
48,126,-0.05166965524474437
48,127,-0.04160321837310921
48,128,-0.05952899022225483
48,129,-0.04480140741655608
48,130,-0.008198010709916659
48,131,-0.045934990381900465
48,132,-0.04590717522622639
48,133,-0.050633045653946496
48,134,-0.06316589296390518
48,135,-0.01134954488700507
48,136,-0.04799909801797264
48,137,-0.06665898161471456
48,138,-0.04934680153383064
48,139,-0.07712114631239253
48,140,-0.08366015709999253
48,141,-0.05235787467469588
48,142,0.06441525011953608
48,143,-0.04190480081134457
48,144,-0.03200499803255402
48,145,-0.06901066006252304
48,146,-0.04344801991807529
48,147,-0.040521243294700915
48,148,-0.03663427197343572
48,149,-0.07161288503980429
48,150,-0.04710533442649967
48,151,-0.03641937952120555
48,152,-0.007545527657836393
48,153,-0.044691864991986074
48,154,-0.04831403419047464
48,155,-0.06389107412227824
48,156,-0.04403511176442659
48,157,-0.051626970407221084
48,158,-0.045629161375045635
48,159,-0.059515979011926845
48,160,-0.043709411987292
48,161,-0.05804604298782473
48,162,-0.03611963551931796
48,163,-0.058425725987712895
48,164,-0.037921830940072954
48,165,-0.01716164198904191
48,166,-0.062280617386198056
48,167,-0.02473713932829613
48,168,-0.057621421850213406
48,169,-0.049453975109584325
48,170,0.008610130760266954
48,171,-0.055220106215197406
48,172,-0.04159986921220232
48,173,-0.038734488464110484
48,174,-0.023306385444382738
48,175,-0.03385911043790879
48,176,-0.04391461607719682
48,177,-0.057663399248974956
48,178,-0.023391989702660543
48,179,-0.043385158377333755
48,180,-0.0283443888476973
48,181,-0.019904674733806027
48,182,-0.03383098952055752
48,183,-0.029262915597640604
48,184,0.03899943481311041
48,185,-0.0161945934039332
48,186,-0.021381933026893063
48,187,-0.027357682802460648
48,188,-0.03240058662262718
48,189,-0.041300695020079936
48,190,-0.005276150859999829
48,191,0.006893516516458642
48,192,-0.030586253600299318
48,193,-0.031012819523312585
48,194,-0.0066195819393189415
48,195,-0.0249493809127862
48,196,-0.038801042326852386
48,197,-0.024762734971258804
48,198,-0.0004489926976477543
48,199,-0.002540618865487121
48,200,0.0034132156728184926
48,201,-0.007049633760674079
48,202,-0.004313815783516806
48,203,0.01463948696105799
48,204,0.009431701255783298
48,205,0.03141611610043904
48,206,-0.007090781463556184
48,207,0.03175607394736968
48,208,0.0011467260173065874
48,209,0.03788567435223966
48,210,0.030524333689672112
48,211,0.04671710948393315
48,212,0.027157492304259567
48,213,0.024898026109300253
48,214,0.01924691932771161
48,215,0.06613194500196051
48,216,0.08235833559248384
48,217,0.057468055305047616
48,218,0.04524506151714902
48,219,0.06909029768708141
48,220,0.07361884396930629
48,221,0.061342194694032126
48,222,0.09114040535437173
48,223,0.07725225038323136
48,224,0.09273696146357491
48,225,0.08735854683889477
48,226,0.10639274293810197
48,227,0.10047225597039111
48,228,0.10902093258374834
48,229,0.11219929269113182
48,230,0.12032529417365945
48,231,0.1848140040973798
49,1,-0.09176866735398687
49,2,-0.07153032639106871
49,3,-0.088796620172445
49,4,-0.08267116704213684
49,5,-0.07982967412339503
49,6,-0.047686402267050454
49,7,-0.09323025288246312
49,8,-0.08390697165978045
49,9,-0.11038063391842279
49,10,-0.08197112428700831
49,11,-0.0909352692434634
49,12,-0.07388319500169321
49,13,-0.02285692653412108
49,14,-0.05299189076028976
49,15,-0.09650333745604917
49,16,-0.08899431608234737
49,17,-0.10236616709834923
49,18,-0.05148934395693433
49,19,-0.05693576381769638
49,20,-0.10124052352644858
49,21,-0.09155611139281628
49,22,-0.08293142855822366
49,23,-0.08593688699593116
49,24,-0.06785426059929783
49,25,-0.07504776643179939
49,26,-0.09769721487176175
49,27,-0.08142754255872425
49,28,-0.10314187828623678
49,29,-0.07306633363872711
49,30,-0.10593147641365974
49,31,-0.08894930301965015
49,32,-0.07152689433806009
49,33,-0.08050966507073537
49,34,-0.09908708424143292
49,35,-0.0590425822514653
49,36,-0.06341227852333392
49,37,-0.0949981681575865
49,38,-0.07870260488211334
49,39,-0.1014953063788463
49,40,-0.08546030034421331
49,41,-0.09187558734394508
49,42,-0.07823162317772353
49,43,-0.08189391459213508
49,44,-0.07173929260491463
49,45,-0.11283854889198286
49,46,-0.08179219870938464
49,47,-0.06677137977984943
49,48,-0.09925243051778182
49,49,-0.06602640304172114
49,50,-0.10155832351935251
49,51,-0.09164498131307452
49,52,-0.08172171317877264
49,53,-0.09181339490021906
49,54,-0.06855735570794319
49,55,-0.09020823731824673
49,56,-0.09523544426539349
49,57,-0.07840790592803393
49,58,-0.10691696436402415
49,59,-0.08028168547435144
49,60,-0.07315569012298173
49,61,-0.07651080212562633
49,62,-0.0952688013864681
49,63,-0.06561177355846681
49,64,-0.05369812793321349
49,65,-0.10795606041359096
49,66,-0.07706198135454279
49,67,-0.08086300300578342
49,68,-0.06852645339621616
49,69,-0.08713867466155778
49,70,-0.08217796526702126
49,71,-0.08408286444794666
49,72,-0.086596863333747
49,73,-0.05179284179909177
49,74,-0.09209880469369403
49,75,-0.0853912529371963
49,76,-0.09365326178084704
49,77,-0.07250067072112565
49,78,-0.0873376911444303
49,79,-0.08252440913249326
49,80,-0.053379122533549705
49,81,-0.09799264141899677
49,82,-0.0901705434454595
49,83,-0.07201656770015658
49,84,-0.08706148291080118
49,85,-0.09508638222098675
49,86,-0.10716042686891436
49,87,-0.08246545680365813
49,88,-0.1023237031851203
49,89,-0.07422654751686741
49,90,-0.057779949951165144
49,91,-0.0857692622390741
49,92,-0.04455634858201235
49,93,-0.09314177381561484
49,94,-0.062057595014582134
49,95,-0.10361965826900194
49,96,-0.10880550148980395
49,97,-0.09795749749083471
49,98,-0.052775721605542114
49,99,-0.05948458305861776
49,100,-0.07036962170556493
49,101,-0.07728362602489242
49,102,-0.07237756643777782
49,103,-0.09650866833518212
49,104,-0.07552369413702065
49,105,-0.08677674642403876
49,106,-0.09325456073187122
49,107,-0.0871469749059206
49,108,-0.07358228265488004
49,109,-0.09359708912842618
49,110,-0.0701397744413505
49,111,-0.08896304830615881
49,112,-0.0870624715142711
49,113,-0.08442804644708785
49,114,-0.09560690918902531
49,115,-0.08278145136433757
49,116,-0.10505780286480126
49,117,-0.09640875169626356
49,118,-0.08089807555193246
49,119,-0.09883773036006888
49,120,-0.0864477442378655
49,121,-0.0866929978607503
49,122,-0.07715049309593602
49,123,-0.07872461588280522
49,124,-0.05688560287681027
49,125,-0.06781005976286614
49,126,-0.09262746438109626
49,127,-0.05787819629255847
49,128,-0.08571193089743911
49,129,-0.08399425880508715
49,130,-0.08313573229762095
49,131,-0.08564699922599173
49,132,-0.06757224099714443
49,133,-0.06262140145602263
49,134,-0.09681947618942444
49,135,-0.08272236482061929
49,136,-0.06484877423495355
49,137,-0.07963460171767806
49,138,-0.0701950285988831
49,139,-0.08555500356617352
49,140,-0.07309856184226243
49,141,-0.08203630399922812
49,142,-0.061901491195004266
49,143,-0.07756522956138845
49,144,-0.0901563511862809
49,145,-0.07502016146512896
49,146,-0.030185102066195235
49,147,-0.08934164045643933
49,148,-0.03662684033807867
49,149,-0.06300111282217569
49,150,-0.06292981004742715
49,151,-0.04934844561880797
49,152,-0.05894862926210842
49,153,-0.07857377056744097
49,154,-0.07003732850172423
49,155,-0.05901894367983995
49,156,-0.06636886294151417
49,157,-0.05341194154297735
49,158,-0.04156176401816736
49,159,-0.05597084384321388
49,160,-0.0276318278159014
49,161,-0.05104340132992524
49,162,-0.017928396217620934
49,163,-0.03367615631574139
49,164,-0.07033727596953715
49,165,-0.04575427677930255
49,166,-0.04840949225759256
49,167,-0.06922798971400318
49,168,-0.033092456672231874
49,169,-0.04940334691790055
49,170,-0.0686425450698474
49,171,-0.0321509508689497
49,172,-0.04056940474660331
49,173,-0.06306321124269054
49,174,-0.034301001908212614
49,175,-0.05180795210179856
49,176,-0.010852397384500834
49,177,-0.04613124583495587
49,178,-0.01143532297116684
49,179,-0.031947687953741366
49,180,-0.04993719600541158
49,181,-0.05437846702166488
49,182,0.0024901035650499725
49,183,-0.013342936170088526
49,184,-0.03970412199210288
49,185,-0.018503413811279457
49,186,0.01290790426219246
49,187,-0.009984476168543421
49,188,0.01221858119735919
49,189,-0.03140834995498748
49,190,-0.006524264581310002
49,191,-0.0020819428497387826
49,192,-0.015293262776453376
49,193,0.009372261901388512
49,194,0.025331843873247606
49,195,0.06163609841772599
49,196,-0.019912005417462353
49,197,0.010831251455789559
49,198,0.030013914364340977
49,199,0.02404060742549652
49,200,0.007915724151846937
49,201,-0.008170616766696503
49,202,0.03479865847808139
49,203,0.037384946061636004
49,204,0.05031986272776767
49,205,0.014342417108342942
49,206,0.05967331458697134
49,207,0.06901834965831233
49,208,0.008071787327438074
49,209,0.07341886753207327
49,210,0.03924638879299869
49,211,0.1057908981431227
49,212,0.037494645624312484
49,213,0.06959315986613135
49,214,0.0703050741005653
49,215,0.12303463023975303
50,1,-0.062074078205170025
50,2,-0.08891589359633317
50,3,-0.08352002560417465
50,4,-0.06816316149715063
50,5,-0.08239657150417407
50,6,-0.08581478966097428
50,7,-0.09304850849021817
50,8,-0.1006401159521122
50,9,-0.09475214035145035
50,10,-0.07354745728516898
50,11,-0.04509452597939745
50,12,-0.07585055833426468
50,13,-0.0660502601298893
50,14,-0.09295915083080575
50,15,-0.08942709021619899
50,16,-0.08282792988784071
50,17,-0.046898417093622635
50,18,-0.09096366734411482
50,19,-0.0751067026985271
50,20,-0.09305083905247352
50,21,-0.09288201144631764
50,22,-0.08032555300271749
50,23,-0.06380420825995542
50,24,-0.06662415623772827
50,25,-0.08918554858314065
50,26,-0.06999959765490787
50,27,-0.10599500532867168
50,28,-0.06942263256559589
50,29,-0.0665268819340798
50,30,-0.08095567096773593
50,31,-0.06695358733643014
50,32,-0.06924232430009408
50,33,-0.08897094854654869
50,34,-0.08112102488193895
50,35,-0.06672319009793465
50,36,-0.08345571239110927
50,37,-0.007615619456377953
50,38,-0.09220067643416785
50,39,-0.08940553431540649
50,40,-0.05429954358354605
50,41,-0.0879590452381932
50,42,-0.06555823141033129
50,43,-0.07426189079516682
50,44,-0.11126663609055742
50,45,-0.06461434555547685
50,46,-0.0944678820370572
50,47,-0.07728751845576542
50,48,-0.09201682572051634
50,49,-0.08611060933965398
50,50,-0.07131887378297946
50,51,-0.0613467524079222
50,52,-0.06431130713023536
50,53,-0.07727690273530713
50,54,-0.08980069415857006
50,55,-0.09256768132795129
50,56,-0.05395414481356897
50,57,-0.08260696374082421
50,58,-0.1029421614418129
50,59,-0.07872103666174035
50,60,-0.08422724157791034
50,61,-0.08581742764647615
50,62,-0.06432896209975236
50,63,-0.10313299955315808
50,64,-0.09958784430034356
50,65,-0.06921038429321502
50,66,-0.09752899222983585
50,67,-0.08728417081548623
50,68,-0.08484613090369891
50,69,-0.08188805978417746
50,70,-0.05902200853891448
50,71,-0.10628639924856242
50,72,-0.08643711787759906
50,73,-0.09686234298848106
50,74,-0.06708387403483629
50,75,-0.04286315104616101
50,76,-0.09327267787560672
50,77,-0.08501816467521645
50,78,-0.060835984468176396
50,79,-0.07780746939674299
50,80,-0.05404591366074024
50,81,-0.08187204672382331
50,82,-0.09014949546967643
50,83,-0.10865778902245465
50,84,-0.08103037703217858
50,85,-0.06746619636067241
50,86,-0.10737450738103027
50,87,-0.10313225774137935
50,88,-0.09067174126830818
50,89,-0.08968561832355171
50,90,-0.09160541831294305
50,91,-0.0719523742069812
50,92,-0.06394806381667012
50,93,-0.07585045159040682
50,94,-0.10059322458169795
50,95,-0.08164590662927879
50,96,-0.09222655068404123
50,97,-0.089122549729438
50,98,-0.09950743893728481
50,99,-0.08243929439814379
50,100,-0.0688885007417046
50,101,-0.09718235060840408
50,102,-0.08894080565183471
50,103,-0.09065011356216707
50,104,-0.03498090728173303
50,105,-0.08072064487758579
50,106,-0.0990425441588908
50,107,-0.088488346548312
50,108,-0.10249974891420793
50,109,-0.0871079933445873
50,110,-0.0691468184268178
50,111,-0.0751047147890086
50,112,-0.07406923897530243
50,113,-0.08909987354440546
50,114,-0.088332638716411
50,115,-0.10676204894781544
50,116,-0.11088975278015117
50,117,-0.06870933424628617
50,118,-0.08799942278509904
50,119,-0.08958674513796855
50,120,-0.08956360671794233
50,121,-0.09904491218653816
50,122,-0.09430286321595399
50,123,-0.06439806729133435
50,124,-0.036525194255482396
50,125,-0.09116302557527484
50,126,-0.07997224173584322
50,127,-0.05476592203442593
50,128,-0.08780460184061667
50,129,-0.08885778577567582
50,130,-0.07707007587846931
50,131,-0.0745734958537016
50,132,-0.10068629680474533
50,133,-0.09644358273209691
50,134,-0.0929874354311559
50,135,-0.07475466837144712
50,136,-0.054275667591037524
50,137,-0.09229971355323269
50,138,-0.06947503272535599
50,139,-0.08840740797093016
50,140,-0.09321680785547315
50,141,-0.06936315973468782
50,142,-0.05281448458426019
50,143,-0.06472296492397972
50,144,-0.05540222402053413
50,145,-0.08851567369735364
50,146,-0.09971217922160847
50,147,-0.061948477961422055
50,148,-0.027924056657862795
50,149,-0.07949623889649216
50,150,-0.06374626362767594
50,151,-0.06675456690224912
50,152,-0.07446188249325747
50,153,-0.06008410825815469
50,154,-0.061329854489617475
50,155,-0.074783099954908
50,156,-0.042421347502273166
50,157,-0.07228098807456257
50,158,-0.04085007489185116
50,159,-0.06673112837367534
50,160,-0.05006883929124495
50,161,-0.050833610864722045
50,162,-0.044957303146769045
50,163,-0.06456242452757449
50,164,-0.03083666491132636
50,165,-0.029297077185894693
50,166,-0.05123699475579857
50,167,-0.03531715499546284
50,168,0.024388160536917947
50,169,-0.024869238936324978
50,170,-0.03608327543871204
50,171,-0.03184665669085085
50,172,-0.0503862428605959
50,173,-0.039956184722465704
50,174,-0.005008127739403068
50,175,-0.02477877079051971
50,176,-0.02483647478564699
50,177,-0.023212527590907583
50,178,-0.001817122365241508
50,179,0.036214936524777586
50,180,-0.002086219042733095
50,181,-0.01297866371613371
50,182,0.025828071041166578
50,183,0.034854675858225104
50,184,0.02821719241698195
50,185,0.003525494335593682
50,186,0.007955948932984569
50,187,0.019317444696241193
50,188,0.044431186935155464
50,189,0.06554549530065523
50,190,0.042146837323146724
50,191,0.040390522285517094
50,192,0.0213442213197087
50,193,0.07353700526175289
50,194,0.06948638194531764
50,195,0.09476466832816255
50,196,0.04407881186250795
50,197,0.08247166008451734
50,198,0.07046296541795016
51,1,-0.030896339234443515
51,2,-0.04599911992149325
51,3,0.018893474953120326
51,4,-0.02270230639767884
51,5,-0.03951088003657194
51,6,-0.01199131305882245
51,7,-0.022072230710964202
51,8,0.013544335565863874
51,9,-0.017038725586457804
51,10,-0.01337474006877648
51,11,-0.05850048197390889
51,12,-0.026782934127923708
51,13,-0.015325572609701299
51,14,-0.029459814812239304
51,15,-0.10049121103076458
51,16,-0.06631227740087509
51,17,-0.028748759953510172
51,18,-0.03550542742247542
51,19,-0.03602322987735468
51,20,-0.07692472273964024
51,21,-0.020585018606865624
51,22,-0.019112277205206807
51,23,-0.04104753690302476
51,24,-0.08517195657775828
51,25,-0.013971471869646146
51,26,-0.02306366059796333
51,27,-0.049418965325672526
51,28,-0.040946944539341334
51,29,-0.06596281063931542
51,30,-0.05798063052540392
51,31,-0.046816857463392425
51,32,-0.06457304482844484
51,33,-0.061333134135845235
51,34,-0.015147689608799364
51,35,-0.0604802669697827
51,36,-0.06288749607209126
51,37,-0.025225866854949153
51,38,-0.008749190893795056
51,39,-0.04977750788832208
51,40,-0.06061555076161035
51,41,-0.06607086396135525
51,42,-0.028797490185937136
51,43,0.07849416645033547
51,44,0.00944661596404639
51,45,-0.06967428094838274
51,46,0.0030468312249628537
51,47,0.03861683382950709
51,48,-0.04283499445511091
51,49,-0.017642341368078962
51,50,-0.07059810539917988
51,51,-0.017383031243268565
51,52,0.041903819375442186
51,53,-0.05152464455380634
51,54,-0.01998507961497048
51,55,-0.044846583128454354
51,56,-0.054716519834271504
51,57,-0.04171612818025183
51,58,-0.009314588884523967
51,59,-0.051889945697589146
51,60,-0.06872064237204994
51,61,-0.052201238437889874
51,62,-0.06556211596450967
51,63,-0.045017603186787436
51,64,-0.023750932942693648
51,65,-0.007713198011579658
51,66,-0.03334058439511184
51,67,0.00859214942326314
51,68,-0.04547673542281794
51,69,-0.0686437139371357
51,70,-0.006349816229778538
51,71,-0.05281976027676022
51,72,-0.04477785851150046
51,73,-0.06044374560324883
51,74,-0.018599095466325155
51,75,-0.029006840120763266
51,76,-0.04005176904415281
51,77,-0.02647591247303216
51,78,-0.034972125689365086
51,79,-0.06690071743120835
51,80,-0.053253736221802794
51,81,-0.020131595253795598
51,82,-0.06764599716411274
51,83,-0.0705090754868069
51,84,-0.030460686017989957
51,85,-0.06402609264050879
51,86,-0.08687405191211922
51,87,0.006764328751663773
51,88,-0.04463174618437693
51,89,-0.01719271241753445
51,90,-0.032330927077959204
51,91,-0.03794787402028893
51,92,-0.05327649200329965
51,93,-0.019682869051463436
51,94,-0.05691717814240038
51,95,-0.052352980844785235
51,96,-0.05421947329425858
51,97,-0.02458626534184577
51,98,-0.09654273753897114
51,99,-0.028655686309396022
51,100,-0.013737253816636041
51,101,-0.036421023685350884
51,102,-0.05389856409994481
51,103,-0.03095675350608529
51,104,-0.08737783533128574
51,105,-0.0696465031986106
51,106,-0.05293755491718377
51,107,-0.052895617826641705
51,108,0.009560678197948258
51,109,-0.03995531449976458
51,110,-0.02523403745312619
51,111,-0.030055966052345062
51,112,-0.0719993017279279
51,113,-0.03366269427997015
51,114,-0.009392506307986104
51,115,-0.04638994869987895
51,116,-0.04966566372869158
51,117,-0.010988655634033784
51,118,-0.037176473925554454
51,119,-0.03811758759552042
51,120,-0.041903587938019626
51,121,-0.038312694540235004
51,122,-0.02273070546444056
51,123,-0.05945981319454713
51,124,-0.0866783632653712
51,125,-0.04893664753513771
51,126,-0.046542567517190325
51,127,-0.03963281899589344
51,128,-0.07080953961795139
51,129,-0.09344338381208989
51,130,-0.06363856026516512
51,131,-0.05503800575465212
51,132,-0.009551007006111834
51,133,-0.048547991403285196
51,134,-0.045382477539791743
51,135,-0.04850080423001091
51,136,-0.039119890378552014
51,137,-0.034394282868657644
51,138,-0.06674268880698875
51,139,-0.06476242528193349
51,140,-0.06285160014394509
51,141,-0.04882882993079629
51,142,0.012858578162694423
51,143,-0.021441795959893872
51,144,-0.03840490707105604
51,145,-0.01757903662384508
51,146,-0.05258270549320604
51,147,-0.03147979700310688
51,148,-0.07421823718685999
51,149,-0.055920785501009374
51,150,-0.03914274426281583
51,151,-0.04745977758330627
51,152,-0.04482181370409999
51,153,-0.02083592866524836
51,154,-0.04160728373897088
51,155,-0.04317561029386596
51,156,-0.04586428728410413
51,157,-0.04930545616490589
51,158,-0.029570036400136612
51,159,-0.034879291784524535
51,160,-0.03786652925663575
51,161,-0.04250545617186907
51,162,-0.04181113404176745
51,163,-0.013673731218417973
51,164,-0.05042969586548912
51,165,-0.057117214887783596
51,166,-0.0296046740264988
51,167,-0.021080079114065786
51,168,-0.04551751851893121
51,169,-0.02695856710596367
51,170,-0.028678184467224477
51,171,-0.023597066612693618
51,172,-0.006315241437323205
51,173,-0.02360380847556942
51,174,-0.02607788720951404
51,175,-0.017378211279500122
51,176,-0.0021502006294525366
51,177,0.012861438169286976
51,178,-0.01808416966968107
51,179,-0.020790775451165255
51,180,-0.02710619097384742
51,181,-0.024720723095078112
51,182,-0.03821825273594165
51,183,-0.01771274636494463
51,184,0.022624026639309736
51,185,-0.014216155571693867
51,186,0.005491437237257091
51,187,-0.008769277739929693
51,188,-0.002537643582649185
51,189,0.004780689839756769
51,190,0.013043015924422585
51,191,0.030183233233787576
51,192,0.02525657443754936
51,193,0.020357591265266928
51,194,0.017179295042698994
51,195,0.03278376967802299
51,196,0.03743596714317887
51,197,0.04096218183570921
51,198,0.042976505851955116
51,199,0.03541320529430492
51,200,0.03597413356371271
51,201,0.05606666863790977
51,202,0.0658356728198406
51,203,0.0798734133459491
51,204,0.07031775920000294
51,205,0.06723051270229019
51,206,0.0965597174290479
51,207,0.0771200374746911
51,208,0.10830719417427837
51,209,0.09730635153834044
51,210,0.10380509070904431
51,211,0.15862873111286768
51,212,0.1567007413945496
51,213,0.16665340939398876
52,1,-0.09937431065857372
52,2,-0.07769021335252907
52,3,-0.09406740504192834
52,4,-0.055563978948562576
52,5,-0.05630545185177949
52,6,-0.08973810868220494
52,7,-0.05939739787315956
52,8,-0.06925131004541724
52,9,-0.08954444366446218
52,10,-0.044472097032287605
52,11,-0.0669953413639452
52,12,-0.07368438863225424
52,13,-0.06806827819244321
52,14,-0.08500034220986252
52,15,-0.09179051511815411
52,16,-0.07373521284822127
52,17,-0.08528912127560029
52,18,-0.09545216840049559
52,19,-0.12007545455118851
52,20,-0.08973020980384833
52,21,-0.0795979117779419
52,22,-0.07020860565686698
52,23,-0.07751722154707918
52,24,-0.07838190157935204
52,25,-0.08363897222441846
52,26,-0.1168395117247289
52,27,-0.07229347293058469
52,28,-0.029324207493490462
52,29,-0.07746094506427942
52,30,-0.09482501499085594
52,31,-0.0844318062899686
52,32,-0.096143230452996
52,33,-0.09434309612071906
52,34,-0.08797961398173165
52,35,-0.09157479801526403
52,36,-0.08159801625780833
52,37,-0.08975113645220678
52,38,-0.07444549815679108
52,39,-0.08189000413562719
52,40,-0.11183105082192962
52,41,-0.0790343642151573
52,42,-0.09300015242683407
52,43,-0.10035859518215523
52,44,-0.0870525033578915
52,45,-0.08906870550348023
52,46,-0.07947256794122282
52,47,-0.09049790675745839
52,48,-0.08427330531130256
52,49,-0.10175300007758703
52,50,-0.08717972258330209
52,51,-0.08502334919000731
52,52,-0.10823900907522638
52,53,-0.10023616680013575
52,54,-0.0926272657700214
52,55,-0.06361222535471028
52,56,-0.09261562831742753
52,57,-0.08316953111239034
52,58,-0.10291116028484132
52,59,-0.07971918781344606
52,60,-0.08579965437110815
52,61,-0.09058386660010359
52,62,-0.09852171601389892
52,63,-0.08325305215873574
52,64,-0.07204452552299628
52,65,-0.08318844042385648
52,66,-0.0849591764848916
52,67,-0.09809988846987111
52,68,-0.08348242619539603
52,69,-0.09566749453012258
52,70,-0.09153765306031081
52,71,-0.10462417070932534
52,72,-0.07660089699256384
52,73,-0.0791848538829546
52,74,-0.08175791208779065
52,75,-0.08952594808153053
52,76,-0.07214896748840038
52,77,-0.08590330000104701
52,78,-0.10182140690084968
52,79,-0.09148751923660015
52,80,-0.06623071469524128
52,81,-0.07683498590940774
52,82,-0.09148578293673659
52,83,-0.07329947995617908
52,84,-0.09858771784465425
52,85,-0.10007072858556304
52,86,-0.09669352171593287
52,87,-0.07216751483799483
52,88,-0.099669989582165
52,89,-0.09070156034932558
52,90,-0.08023438511784453
52,91,-0.10130441780896726
52,92,-0.0743630826324928
52,93,-0.07339982823986801
52,94,-0.08091499854195261
52,95,-0.09765365548867966
52,96,-0.039518317153888816
52,97,-0.08039763026407604
52,98,-0.11007401247245457
52,99,-0.09845644328460124
52,100,-0.07693837337104187
52,101,-0.07299572889393624
52,102,-0.09161052952237536
52,103,-0.09722546353335026
52,104,-0.10058149866963534
52,105,-0.09685991366587765
52,106,-0.09199422756248665
52,107,-0.09977876615480374
52,108,-0.10087730734729422
52,109,-0.0605866054222271
52,110,-0.10372594401516883
52,111,-0.06021429232936065
52,112,-0.09369058961977
52,113,-0.06275100981621634
52,114,-0.07810634668141486
52,115,-0.10100870557367914
52,116,-0.09712372662134144
52,117,-0.07620370782783886
52,118,-0.09259304221471915
52,119,-0.08642868355832223
52,120,-0.06967808045846474
52,121,-0.10185654427604485
52,122,-0.12080649408766764
52,123,-0.06830609606527144
52,124,-0.08969583070399173
52,125,-0.08478145787621788
52,126,-0.09889355273240358
52,127,-0.06936219692386275
52,128,-0.08435322313783161
52,129,-0.07849084000903772
52,130,-0.09425427928210434
52,131,-0.06352612740216734
52,132,-0.0647585789107275
52,133,-0.10869987800906089
52,134,-0.10414027593277947
52,135,-0.08114694147959156
52,136,-0.10342888177063037
52,137,-0.09713010192604327
52,138,-0.09023129603718316
52,139,-0.07941940627523653
52,140,-0.07716489341645971
52,141,-0.08792560649227549
52,142,-0.05996139684891638
52,143,-0.091164449196383
52,144,-0.0833922794673348
52,145,-0.087869443073681
52,146,-0.0945833084962806
52,147,-0.11005496305065265
52,148,-0.0930301000302427
52,149,-0.0989511334568125
52,150,-0.07439207623848088
52,151,-0.056076528659044445
52,152,-0.08508430885417184
52,153,-0.035444226064644424
52,154,-0.04297007986593243
52,155,-0.06753065703588312
52,156,-0.057056765048692226
52,157,-0.04092566327783692
52,158,-0.0750678848978713
52,159,-0.07354176257077666
52,160,-0.08634444811917585
52,161,-0.03399349456273554
52,162,-0.053632662960681865
52,163,-0.05680150011649798
52,164,-0.04212220817394319
52,165,-0.04105511135757994
52,166,-0.07977332131253312
52,167,-0.06721824816632088
52,168,-0.04066033207921699
52,169,-0.013082447315460766
52,170,-0.04673718672466942
52,171,-0.06430527879946957
52,172,-0.05435339359564467
52,173,-0.04348092338261561
52,174,-0.04962653662066213
52,175,-0.032874144812899464
52,176,-0.01611106554644054
52,177,-0.03450597562776331
52,178,-0.030390082682937303
52,179,-0.06755075472894367
52,180,-0.01836908372588164
52,181,-0.04632868453175515
52,182,-0.03575033464698446
52,183,-0.02155058901535556
52,184,-0.01102998052753601
52,185,-0.030925165455670645
52,186,-0.027164060813769764
52,187,-0.004334516843279956
52,188,0.0016829402907326818
52,189,0.0017333307512283902
52,190,-0.004818610459583927
52,191,-0.015613813647389563
52,192,0.007894922680776406
52,193,0.021356179762284766
52,194,-0.007084888791372035
52,195,-0.009933747414822558
52,196,-0.002286415521992269
52,197,0.00058397922935427
52,198,0.0008699942482546241
52,199,0.007116918548351947
52,200,0.0008566588397059816
52,201,-0.007317800029901345
52,202,0.006797341980991467
52,203,0.04530673920420014
52,204,-0.00929373142376172
52,205,0.029924604979108538
52,206,0.07984986024501928
52,207,0.06721342692683885
52,208,0.023223048852948902
52,209,0.0851906223942347
52,210,0.07928804120094646
52,211,0.07207134654888148
52,212,0.07092838234638299
52,213,0.09285139108584939
53,1,-0.08606707416884152
53,2,-0.0908294800285252
53,3,-0.07408837289315029
53,4,-0.10878000651003705
53,5,-0.0985704927276036
53,6,-0.09238255411493146
53,7,-0.09935736937068967
53,8,-0.0967325601032552
53,9,-0.10592940222050617
53,10,-0.10661880559860065
53,11,-0.056006153145664095
53,12,-0.050786614908615135
53,13,-0.07824783930602547
53,14,-0.06600353379994273
53,15,-0.057682181581208414
53,16,-0.09264197262581936
53,17,-0.08667959244591183
53,18,-0.11088885099846085
53,19,-0.11070070604619237
53,20,-0.08012441025665451
53,21,-0.09876773924462867
53,22,-0.08465863970733517
53,23,-0.09891510380141932
53,24,-0.11477670170879306
53,25,-0.09549371259516032
53,26,-0.08276040650177174
53,27,-0.08791130186424001
53,28,-0.09042726363929898
53,29,-0.08571635732182858
53,30,-0.08878290255139187
53,31,-0.029872829849332927
53,32,-0.08883637557560992
53,33,-0.09921732594452448
53,34,-0.06415171721294444
53,35,-0.09684152402595414
53,36,-0.07645504545851733
53,37,-0.08807041923492903
53,38,-0.09024077664955527
53,39,-0.08102920038584516
53,40,-0.09691882692275977
53,41,-0.09390926342092115
53,42,-0.08808235221472194
53,43,-0.07186826748710318
53,44,-0.055260920793537394
53,45,-0.04584184436464028
53,46,-0.10509376547888738
53,47,-0.11604172602615304
53,48,-0.02148436309821017
53,49,-0.09313743503382749
53,50,-0.011323675488489171
53,51,-0.06396466892857572
53,52,-0.08219076976173051
53,53,-0.06336669222867353
53,54,-0.07698830952719016
53,55,-0.07790754765384622
53,56,-0.08624104308534225
53,57,-0.06430404167516485
53,58,-0.07520549421532369
53,59,-0.09736415455832953
53,60,-0.09338013035331671
53,61,-0.07037000260790904
53,62,-0.09808406938970893
53,63,-0.10105595431390663
53,64,-0.09006566697906532
53,65,-0.10187788663020264
53,66,-0.10537061796775182
53,67,-0.07630124720512227
53,68,-0.06631766442408227
53,69,-0.08369764653556921
53,70,-0.09298506093407888
53,71,-0.10693886481360726
53,72,-0.06391177414523935
53,73,-0.09098294825323466
53,74,-0.09148499600442445
53,75,-0.061058355484423676
53,76,-0.0775645166141572
53,77,-0.08282906184147526
53,78,-0.07645981002228935
53,79,-0.08217721426282415
53,80,-0.10424150264490611
53,81,-0.09673154957997121
53,82,-0.09228620923087644
53,83,-0.09208578852480148
53,84,-0.07000169505570614
53,85,-0.09301592706938416
53,86,-0.047873498330676945
53,87,-0.09287380057067396
53,88,-0.06508772563737081
53,89,-0.09343005085635397
53,90,-0.09089762136002227
53,91,-0.1013019122214594
53,92,-0.08554992979853848
53,93,-0.08048475626938106
53,94,-0.11745435512252705
53,95,-0.10998795984371829
53,96,-0.04621682214096079
53,97,-0.07153866898714084
53,98,-0.08837964913257434
53,99,-0.07563774703382836
53,100,-0.12012141382514913
53,101,-0.07159273071835842
53,102,-0.10762440674252588
53,103,-0.043964823703838085
53,104,-0.06594890146994614
53,105,-0.0871165981481542
53,106,-0.08687893825446658
53,107,-0.10127167120704939
53,108,-0.08270672266157997
53,109,-0.09876790913944122
53,110,-0.08466887500442011
53,111,-0.09134220912557967
53,112,-0.08466861290269367
53,113,-0.10637120359683155
53,114,-0.06740203684434576
53,115,-0.0928839678917388
53,116,-0.10140683175676651
53,117,-0.08480169850464342
53,118,-0.08427256604766298
53,119,-0.0980926348817191
53,120,-0.09506825887371967
53,121,-0.05018701468917802
53,122,-0.08714056339981624
53,123,-0.07910725573436483
53,124,-0.08685946062750793
53,125,-0.08544291893058836
53,126,-0.10248415313222675
53,127,-0.11036003993996774
53,128,-0.08806975914928716
53,129,-0.05124437260179959
53,130,-0.08171081072932118
53,131,-0.052561590880357556
53,132,-0.07807457724544037
53,133,-0.08257834598214753
53,134,-0.06786188091740192
53,135,-0.07946678920313394
53,136,-0.054064166700884264
53,137,-0.10273077055482976
53,138,-0.07401471277707633
53,139,-0.07624461206082367
53,140,-0.07467545237972534
53,141,-0.06263253516852008
53,142,-0.05640303439163985
53,143,-0.05070586773211089
53,144,-0.07741083977453206
53,145,-0.07484166665828029
53,146,-0.08286849656281459
53,147,-0.07421865559068391
53,148,-0.060173664437353835
53,149,-0.03821838533551747
53,150,-0.06465299879215636
53,151,-0.05591629283674304
53,152,-0.05931649267504435
53,153,-0.02919822521301063
53,154,-0.05763131755469303
53,155,-0.04009203215073359
53,156,-0.05560548285770622
53,157,-0.014280581031202777
53,158,-0.03946529149062583
53,159,-0.07029345043278296
53,160,-0.050202725862819375
53,161,-0.015435916946872519
53,162,-0.051815327033068015
53,163,-0.017132794206486446
53,164,-0.0315618567141947
53,165,-0.04109503914361917
53,166,-0.04542143251909797
53,167,-0.026678828903342167
53,168,-0.014741853254842563
53,169,-0.00888623660351151
53,170,0.0020427581407710393
53,171,-0.011146455040819514
53,172,-0.019871879249433733
53,173,-0.017231079498063906
53,174,0.014502465878897808
53,175,-0.01841146182645409
53,176,-0.02917393349163344
53,177,0.0011942575490433427
53,178,-0.0022154784990335297
53,179,-0.011939281997862206
53,180,0.01917786589646764
53,181,0.03151807875329371
53,182,-0.008043179422100144
53,183,0.03620995038043717
53,184,0.0326163191802088
53,185,0.02087011078059453
53,186,0.04639821492744978
53,187,0.019160082232378528
53,188,0.04742843648773076
53,189,0.106364168318267
53,190,0.06881413706115447
53,191,0.09531378212545694
53,192,0.103145717036072
53,193,0.10874689632684575
53,194,0.09758837182612112
53,195,0.11342996840410446
54,1,-0.04077359736145203
54,2,-0.057460198290160025
54,3,-0.008751348886531174
54,4,-0.0765238477872543
54,5,0.00913427909870046
54,6,0.022629420662321875
54,7,-0.07433155314675594
54,8,-0.008002270948037293
54,9,-0.045433208756620436
54,10,-0.04455196419582774
54,11,-0.04118618047147116
54,12,-0.04911440633920339
54,13,-0.06558120551020002
54,14,-0.0353366782051005
54,15,-0.004182315280286619
54,16,0.0013018051215945015
54,17,-0.03664671741396569
54,18,-0.025811025034590374
54,19,-0.031497683666364296
54,20,-0.055810339390451436
54,21,-0.04268722729744423
54,22,-0.03176273069528923
54,23,-0.034980304163338194
54,24,0.04095754138955576
54,25,-0.06359000018048899
54,26,-0.061622166119995936
54,27,-0.045212575071503
54,28,-0.010490336806779188
54,29,-0.061796602769691955
54,30,-0.07036063227288358
54,31,-0.054654031744919285
54,32,-0.049903156272320615
54,33,-0.02927297593433803
54,34,-0.061255251578111625
54,35,0.027228318448014988
54,36,-0.06758596264581268
54,37,-0.014236438544919128
54,38,-0.04627427193422112
54,39,-0.03025852546366109
54,40,-0.0633056926890152
54,41,-0.008398274451613508
54,42,-0.006214355252679327
54,43,-0.030135161713884695
54,44,-0.035993589018409544
54,45,-0.031705890976436446
54,46,-0.07782893804726648
54,47,-0.017726388735321008
54,48,-0.05794152556412441
54,49,-0.02117591730491769
54,50,-0.024187088309750804
54,51,-0.049132163735599865
54,52,-0.03229730708108536
54,53,-0.034875550126912236
54,54,-0.029080296673454964
54,55,-0.051834870397727606
54,56,-0.03377402989139977
54,57,0.017226393638462456
54,58,-0.05514571337182034
54,59,-0.08942448127200048
54,60,-0.015552848949283493
54,61,-0.049206331660829605
54,62,-0.01013481528858412
54,63,-0.05071821500084783
54,64,0.01163345946829386
54,65,-0.033442009922256766
54,66,-0.07467273263142282
54,67,-0.08254678065943177
54,68,-0.05352985458674547
54,69,-0.05083207290148806
54,70,-0.060420014318742055
54,71,-0.03885333422999476
54,72,-0.08674115842720431
54,73,-0.09818475384423347
54,74,0.030902940759233277
54,75,-0.06663498245540789
54,76,-0.051776547106283044
54,77,-0.02500636480156293
54,78,-0.0502576486765976
54,79,-0.0625178417314351
54,80,-0.05730814793984196
54,81,-0.02247122860386408
54,82,-0.05359974098542697
54,83,-0.012572212233649571
54,84,-0.03957928320184623
54,85,-0.07996732705907106
54,86,-0.0243333790376421
54,87,0.005245200929048455
54,88,-0.05853418929361359
54,89,-0.0274645477329159
54,90,-0.0602132554408486
54,91,-0.04811068994969814
54,92,-0.04909878571536719
54,93,-0.05799774453230683
54,94,-0.0668598954805929
54,95,-0.026420798561465286
54,96,-0.06960556120845762
54,97,-0.08277934062628267
54,98,-0.05894257304337036
54,99,-0.09295637412808394
54,100,-0.08382428114254747
54,101,-0.029445989173960296
54,102,-0.07383994756015116
54,103,-0.01829474929967856
54,104,-0.0420713594869917
54,105,-0.0820479919952915
54,106,-0.0383564572005311
54,107,-0.0581384602300406
54,108,-0.09631006708603002
54,109,-0.08089180045685668
54,110,0.02097991771948393
54,111,-0.10289983255572288
54,112,-0.07850881931657289
54,113,-0.03090790329639964
54,114,-0.013982323868718727
54,115,-0.05052883664307667
54,116,-0.03528213936386465
54,117,-0.043489414142396154
54,118,-0.07592456801972824
54,119,-0.025401134299170403
54,120,-0.006836690555342473
54,121,-0.08250171149795027
54,122,-0.07215709727817515
54,123,-0.06843183736542369
54,124,-0.07849158736056228
54,125,-0.0682601591258849
54,126,-0.0953845032724171
54,127,-0.03960005085170487
54,128,-0.04068533907390587
54,129,-0.061590692521085844
54,130,-0.058651701048001825
54,131,-0.07106089530987292
54,132,-0.0792130704729801
54,133,-0.08077484282745245
54,134,-0.06779659973295449
54,135,-0.06593480796065426
54,136,-0.07616050453563677
54,137,-0.09738017770892199
54,138,-0.06892818598310091
54,139,-0.09173373320939648
54,140,-0.08925203332542608
54,141,-0.05863553030958302
54,142,-0.0872765161775168
54,143,-0.07658775649347233
54,144,-0.08400223481608715
54,145,-0.053399373163397545
54,146,-0.05466230428653063
54,147,-0.07248906701273561
54,148,-0.06454023863092373
54,149,-0.07404844362457946
54,150,-0.026935994830730503
54,151,-0.049814135122980496
54,152,-0.05858564405703115
54,153,-0.09023050236776958
54,154,-0.061072250133828165
54,155,-0.07033436593674819
54,156,-0.062058679065673694
54,157,-0.0854804039865028
54,158,-0.06456159779116544
54,159,-0.08659165818583697
54,160,-0.06173015796329684
54,161,-0.05703777053015313
54,162,-0.05382173595775641
54,163,-0.055634466343527644
54,164,-0.06768343288009238
54,165,-0.07667202806397116
54,166,-0.07331431239690256
54,167,-0.0755361859010587
54,168,-0.05908255918379873
54,169,-0.08916543196386406
54,170,-0.08582422217707941
54,171,-0.060491243137277106
54,172,-0.1014784522276791
54,173,-0.0580129403956009
54,174,-0.04862520944759402
54,175,-0.09047019480244978
54,176,-0.07886216288978676
54,177,-0.07163057661318495
54,178,-0.09417700669030854
54,179,-0.08469830311413623
54,180,0.001801538147076287
54,181,-0.04622335617631945
54,182,-0.055131056202083695
54,183,-0.05844172643754758
54,184,-0.09750373276390956
54,185,-0.05867085452387072
54,186,-0.030666714267641615
54,187,-0.08375683991712612
54,188,-0.08533381676231844
54,189,-0.08268047756099783
54,190,-0.08765641542754316
54,191,-0.08565594087808442
54,192,-0.07737359846042491
54,193,-0.06482803945317267
54,194,-0.056179406467833815
54,195,-0.07128117045161103
54,196,-0.08377723717951174
54,197,-0.07115463828448093
54,198,-0.06655084376359649
54,199,-0.06480787889773304
54,200,-0.04344857863887858
54,201,-0.07202908960867122
54,202,-0.051847867932507063
54,203,-0.06911351258597909
54,204,-0.003799157893551952
54,205,-0.02920765107628126
54,206,-0.05573117078109918
54,207,-0.06313590994661278
54,208,-0.08804630676155695
54,209,-0.05977185696404469
54,210,-0.04432178144111143
54,211,-0.05466917129298493
54,212,-0.051073979088248234
54,213,-0.03477852848740265
54,214,-0.03479965584725869
54,215,-0.028524933303004596
54,216,-0.029107287957231387
54,217,-0.014256114169768186
54,218,-0.013837162656545499
54,219,-0.013112252910152722
54,220,-0.025671122142791103
54,221,-0.03782465099621746
54,222,-0.021795484271869947
54,223,-0.04669603308936243
54,224,-0.03983732842790749
54,225,-0.0303727122147448
54,226,0.009831201583308302
54,227,-0.019642472620774787
54,228,-0.04398394432421632
54,229,-0.051055774241831775
54,230,-0.02961902213931794
54,231,-0.019650871045872098
54,232,-0.00776939001008875
54,233,0.007938051566782733
54,234,-0.001703211272618299
54,235,-0.0047200786489688396
54,236,-0.021156638613458123
54,237,-0.011177489775065275
54,238,0.00643484306877018
54,239,-0.005182462091978257
54,240,-0.0009848947455746715
54,241,-0.006334790195453854
54,242,0.011623584114002994
54,243,-0.0050088994005095255
54,244,0.047315393800914984
54,245,0.03193415502445518
54,246,0.011533963133647629
54,247,0.03024689035227024
54,248,0.021328820920292646
54,249,0.06781195628745929
54,250,0.04357446720250924
54,251,0.04003647784641484
54,252,0.09668787373277243
54,253,0.05548164629482
54,254,0.08739122082357753
54,255,0.10863431387053868
54,256,0.058466437380730096
54,257,0.10336214654385523
55,1,-0.0876718087670395
55,2,-0.08465533041007545
55,3,-0.08519185786359856
55,4,-0.08230470324397415
55,5,-0.0903720977442844
55,6,-0.06463098992579286
55,7,-0.08114620793269733
55,8,-0.06427001595540943
55,9,-0.06418292397570002
55,10,-0.09057392423189492
55,11,-0.10675347937483742
55,12,-0.08220650405736651
55,13,-0.07270293150988444
55,14,-0.08923600169222867
55,15,-0.09778377073862682
55,16,-0.08775340185666713
55,17,-0.0758260527181992
55,18,-0.09759287985447473
55,19,-0.07470100936717
55,20,-0.10279893489683456
55,21,-0.09458436078512217
55,22,-0.060378948775342556
55,23,-0.0919535249036521
55,24,-0.05150775340171182
55,25,-0.08432864647252908
55,26,-0.0777569693789848
55,27,-0.09297711372322404
55,28,-0.11116266914018791
55,29,-0.1085372423184971
55,30,-0.07173334412834131
55,31,-0.09889040388302267
55,32,-0.09624676136345295
55,33,-0.09234344828430158
55,34,-0.09919905681426244
55,35,-0.10668002650356084
55,36,-0.06847413901697436
55,37,-0.09401147872966842
55,38,-0.09926275160941794
55,39,-0.06790566276550064
55,40,-0.07309306504885965
55,41,-0.08971765113826452
55,42,-0.1008565986695153
55,43,-0.09601472093267016
55,44,-0.10601163311664885
55,45,-0.06158832119162544
55,46,-0.08952499678688552
55,47,-0.08784807088893065
55,48,-0.056453945466811595
55,49,-0.10685124703729854
55,50,-0.053106387864152504
55,51,-0.10845706164254593
55,52,-0.09348357374957861
55,53,-0.08350294863181157
55,54,-0.0818811494341583
55,55,-0.08564386530170348
55,56,-0.10804416738067585
55,57,-0.10663961284456086
55,58,-0.09386943688761579
55,59,-0.08118261671489663
55,60,-0.11229395945997861
55,61,-0.10638671047849124
55,62,-0.09394783640974103
55,63,-0.08656653122636315
55,64,-0.04448085537543245
55,65,-0.10275561839416808
55,66,-0.10402353476803505
55,67,-0.08325652713179554
55,68,-0.09462255032930483
55,69,-0.07379416753748852
55,70,-0.09672455801522001
55,71,-0.0891974646201028
55,72,-0.11612322193847208
55,73,-0.11762424967417978
55,74,-0.05955571883455246
55,75,-0.09689003792760015
55,76,-0.11185780378031634
55,77,-0.0940794975810853
55,78,-0.08866891174601116
55,79,-0.06979048170902186
55,80,-0.10666113745612965
55,81,-0.0851687596919623
55,82,-0.06624747175175755
55,83,-0.1067762747729678
55,84,-0.11231861004129656
55,85,-0.05066903285983054
55,86,-0.09331580056862343
55,87,-0.07407540118801353
55,88,-0.07156910299604113
55,89,-0.09075665994238696
55,90,-0.09854404858379712
55,91,-0.09027075494829961
55,92,-0.09399841046737317
55,93,-0.09860368853165835
55,94,-0.10343764020182045
55,95,-0.09964655678716389
55,96,-0.08632365357893107
55,97,-0.10992179691922815
55,98,-0.09342834815256457
55,99,-0.11840848352492833
55,100,-0.040733626952104696
55,101,-0.09869818455893514
55,102,-0.07298381948339733
55,103,-0.11051994206159527
55,104,-0.08506637234247189
55,105,-0.09678366162638341
55,106,-0.08993263800406232
55,107,-0.05628494857631544
55,108,-0.08770625752523514
55,109,-0.10778122439187593
55,110,-0.09718852415643792
55,111,-0.08074242148938704
55,112,-0.07492881360375486
55,113,-0.09674350145275712
55,114,-0.11114062764376487
55,115,-0.0978033756375612
55,116,-0.07635932991491579
55,117,-0.07196276323237522
55,118,-0.08654844252647709
55,119,-0.11108065349666224
55,120,-0.09006771651311951
55,121,-0.08809238107089523
55,122,-0.09257809424823121
55,123,-0.09669499263701009
55,124,-0.1093910255460146
55,125,-0.08145096649821698
55,126,-0.09378388537356969
55,127,-0.0664603129496516
55,128,-0.0765782776535216
55,129,-0.08291257489433274
55,130,-0.08670580394141408
55,131,-0.042977103946659434
55,132,-0.1035171492017894
55,133,-0.10674311181221213
55,134,-0.06521001603820314
55,135,-0.07777543095552147
55,136,-0.08866889462995409
55,137,-0.04730651963897936
55,138,-0.09420768452507783
55,139,-0.06084479056977038
55,140,-0.0780076768912778
55,141,-0.10549779854433972
55,142,-0.08836937896357161
55,143,-0.04921491449320997
55,144,-0.06902166126295933
55,145,-0.06427866646883296
55,146,-0.07752650793779886
55,147,-0.05299720090481136
55,148,-0.04683805855547546
55,149,-0.06691411949314763
55,150,-0.08093614445130476
55,151,-0.06021441553979762
55,152,-0.067836307606085
55,153,-0.04528547227412727
55,154,-0.05326462217732908
55,155,-0.07131851424712521
55,156,-0.06521507067184179
55,157,-0.031810855311698416
55,158,-0.025012750346081303
55,159,-0.02032753983041158
55,160,-0.03861469887817104
55,161,-0.018342490200655315
55,162,-0.06349716607879435
55,163,-0.005378518661238174
55,164,-0.023239415276386177
55,165,-0.027199264822149294
55,166,-0.008330697352172511
55,167,-0.013926982666143284
55,168,-0.0210077232262581
55,169,-0.020476255317509517
55,170,-0.015259507018982155
55,171,0.0033951847308428817
55,172,-0.0003882355695663531
55,173,0.0301519185659177
55,174,-0.005872493610469098
55,175,0.0031694900840656404
55,176,0.004208482695296389
55,177,0.033506026065842964
55,178,0.01377894961861803
55,179,0.03844335863310022
55,180,0.07455256093173912
55,181,0.06232770492297579
55,182,0.044931088327842206
55,183,0.06431354290286884
55,184,0.06487551664173452
55,185,0.07447522071102586
55,186,0.08449262723063444
55,187,0.08843410767047877
55,188,0.08990676168724043
55,189,0.10334574034791277
55,190,0.13734039167990597
55,191,0.07629537717805512
55,192,0.10885835614312478
55,193,0.12871033756495243
56,1,-0.07299850525859597
56,2,-0.08864293589538175
56,3,-0.08953579587640248
56,4,-0.09587732115229008
56,5,-0.0878737329636613
56,6,-0.060870136831445154
56,7,-0.10938026368570475
56,8,-0.07943115124568756
56,9,-0.08809693686030984
56,10,-0.08920958482925945
56,11,-0.09990514577239201
56,12,-0.11723514712157657
56,13,-0.0980227044022377
56,14,-0.09841983284761135
56,15,-0.11071796460632544
56,16,-0.08533614479222379
56,17,-0.10323800052187787
56,18,-0.05789385275187525
56,19,-0.08507692770041525
56,20,-0.11033839823238822
56,21,-0.11316777553157742
56,22,-0.07054803363579315
56,23,-0.06383249736652952
56,24,-0.10000358599628995
56,25,-0.09758382382662512
56,26,-0.1023569405012903
56,27,-0.08027459375583124
56,28,-0.09242963313397401
56,29,-0.09852756349009456
56,30,-0.11279620518378597
56,31,-0.09822505445622765
56,32,-0.08980102814572744
56,33,-0.10006388949001394
56,34,-0.0963808526597058
56,35,-0.09361608890723183
56,36,-0.07788595339462595
56,37,-0.0908261147038299
56,38,-0.0709539544604989
56,39,-0.08472970367413002
56,40,-0.09002482755267671
56,41,-0.07095654501038662
56,42,-0.08534292693748108
56,43,-0.10442209234589167
56,44,-0.08924593857790691
56,45,-0.08603144110339717
56,46,-0.1009555049237128
56,47,-0.07876310611144738
56,48,-0.08999843093750132
56,49,-0.07918432334630005
56,50,-0.09179101905094111
56,51,-0.038844123340827263
56,52,-0.05555595637849081
56,53,-0.06541368477640613
56,54,-0.09681610320038853
56,55,-0.0898092311190411
56,56,-0.07009071225937091
56,57,-0.06267186629569083
56,58,-0.10371072608872745
56,59,-0.11009975147519768
56,60,-0.0615219130357339
56,61,-0.1100841051249497
56,62,-0.05891123902161788
56,63,-0.06313996908376385
56,64,-0.09331438468503706
56,65,-0.1000794975033713
56,66,-0.08701432099700396
56,67,-0.06268190481359742
56,68,-0.09868080456322276
56,69,-0.1061814746506497
56,70,-0.08271184598409093
56,71,-0.06792410680188232
56,72,-0.10366268408021023
56,73,-0.08109782342366206
56,74,-0.10190231479791323
56,75,-0.0754312841970336
56,76,-0.09882887252946393
56,77,-0.09955723101836922
56,78,-0.0915759982102094
56,79,-0.09535578696776137
56,80,-0.09159554382763851
56,81,-0.07798262800550387
56,82,-0.0756873087831132
56,83,-0.10295574802191004
56,84,-0.10056125683450284
56,85,-0.09127025180314785
56,86,-0.056339692316738466
56,87,-0.10576745714153729
56,88,-0.0905198448976886
56,89,-0.11167463876341621
56,90,-0.09718670672403229
56,91,-0.12134809882586295
56,92,-0.10553808794568637
56,93,-0.11612891482438592
56,94,-0.11259758796772246
56,95,-0.0938669097280731
56,96,-0.09692187206753555
56,97,-0.06393740382809365
56,98,-0.06557979851514473
56,99,-0.08484616833857067
56,100,-0.10076005006144995
56,101,-0.09319331720844243
56,102,-0.08260920903419067
56,103,-0.09782009028104566
56,104,-0.056158049763123885
56,105,-0.1029193438488098
56,106,-0.10992233886658676
56,107,-0.10385884521800437
56,108,-0.0931892482179909
56,109,-0.06832251540289475
56,110,-0.0790848583447204
56,111,-0.10011059876608192
56,112,-0.09760556160064043
56,113,-0.059747892102925526
56,114,-0.07519291422380564
56,115,-0.0804606199901099
56,116,-0.09575974167130785
56,117,-0.07253424204566028
56,118,-0.10246020148850926
56,119,-0.10038088677957413
56,120,-0.08120845867298071
56,121,-0.10126105452553602
56,122,-0.09987852833837824
56,123,-0.09394048260266907
56,124,-0.09789308186921974
56,125,-0.09034077365868548
56,126,-0.03901844758596923
56,127,-0.08212113530850329
56,128,-0.1113238532578465
56,129,-0.07182898893401324
56,130,-0.07079468655092491
56,131,-0.1044075072162996
56,132,-0.09203230316743288
56,133,-0.07426809378337884
56,134,-0.06792109715991929
56,135,-0.10151215369303701
56,136,-0.09482953828326213
56,137,-0.08042517693205392
56,138,-0.0922521902918989
56,139,-0.10227467008847518
56,140,-0.061471463777248825
56,141,-0.09293159478192575
56,142,-0.07976536067382528
56,143,-0.09535496791017034
56,144,-0.09572380339186048
56,145,-0.08989585332982286
56,146,-0.1013828702167
56,147,-0.10993737572366996
56,148,-0.08978990237419032
56,149,-0.07775632005191119
56,150,-0.08119143100561099
56,151,-0.09772765206123563
56,152,-0.09574228302837112
56,153,-0.08498554503372269
56,154,-0.10939585824509163
56,155,-0.05498218416420525
56,156,-0.06634796297762735
56,157,-0.0972850977595115
56,158,-0.08805195543405853
56,159,-0.07739214633329727
56,160,-0.04829408360188003
56,161,-0.09696718316303288
56,162,-0.09177267838788933
56,163,-0.07602239718353604
56,164,-0.09370503588550044
56,165,-0.09712093109748848
56,166,-0.08114310935783248
56,167,-0.05670920292015641
56,168,-0.0845993901377779
56,169,-0.073734890555264
56,170,-0.07166746061015955
56,171,-0.08174899233259292
56,172,-0.08491217300059406
56,173,-0.05913399492385707
56,174,-0.09057405842880978
56,175,-0.08543665729409938
56,176,-0.08222330936440253
56,177,-0.08712038432848596
56,178,-0.08288738752426528
56,179,-0.1123001492278457
56,180,-0.06633472538241775
56,181,-0.10141261542935348
56,182,-0.05147133453762909
56,183,-0.08814371496033602
56,184,-0.07446351167016779
56,185,-0.06472734968957894
56,186,-0.08792146769522713
56,187,-0.07334446731967459
56,188,-0.0906827680446951
56,189,-0.047818658232382405
56,190,-0.0821869969800037
56,191,-0.0818386591107072
56,192,-0.07328149045322857
56,193,-0.057880230837336955
56,194,-0.0818624612135549
56,195,-0.05029770695280572
56,196,-0.07975090174238414
56,197,-0.07798080411755354
56,198,-0.04260544145610723
56,199,-0.05382562379006611
56,200,-0.06441009876097298
56,201,-0.09687688485698825
56,202,-0.08034344303047336
56,203,-0.04080474846854054
56,204,-0.04996727107244775
56,205,-0.05119044349435281
56,206,-0.0711617818910173
56,207,-0.0748037121747076
56,208,-0.07608615020657261
56,209,-0.0564912872070204
56,210,-0.0593617369131888
56,211,-0.0480543719044878
56,212,-0.058088929831337566
56,213,-0.022164851004674635
56,214,-0.015834863129348786
56,215,-0.058730853830926855
56,216,-0.0464008149988811
56,217,-0.041189719986273854
56,218,-0.030111704496768255
56,219,-0.036616894412501044
56,220,-0.05774357769441091
56,221,-0.0521041834345346
56,222,-0.03477343427162105
56,223,-0.04256071573166387
56,224,-0.059914892685967946
56,225,-0.025598378212202122
56,226,-0.0341772132698534
56,227,-0.02598073005677176
56,228,-0.04510449700170521
56,229,-0.052245768151512384
56,230,-0.0099788713989728
56,231,-0.02855199058828234
56,232,-0.008920826764121037
56,233,-0.028029686661400488
56,234,-0.003987042443726441
56,235,-0.03794294802784154
56,236,-0.016297324104570965
56,237,-0.02439068732063504
56,238,-0.01591671813004697
56,239,0.0003939842592987075
56,240,0.04390202677270849
56,241,0.012052818527913511
56,242,0.005306977098687327
56,243,0.014651989733254323
56,244,-0.016776085359576753
56,245,0.004459338091697296
56,246,-0.018419016953814427
56,247,-0.006644394295293121
56,248,0.0018414670344032436
56,249,0.004400365511274651
56,250,0.0329027376494444
56,251,0.019399404912449958
56,252,0.005029504029534393
56,253,-0.010756801096985624
56,254,0.03853357491761711
56,255,0.029676566900094903
56,256,0.017445718178540903
56,257,0.038154932159163324
56,258,0.03176498173341291
56,259,0.019668294718286572
56,260,0.04240757014913887
56,261,0.06922949369905751
56,262,0.06499820518780242
56,263,0.053133829233591
56,264,0.05250143708049515
56,265,0.044422214062580845
56,266,0.041182249117053704
56,267,0.039024887549749754
56,268,0.0765842683887148
56,269,0.04638164599153949
56,270,0.07550714820403204
56,271,0.07661547477484887
56,272,0.05911362250401031
56,273,0.08041574139979202
56,274,0.06925910045398931
56,275,0.10638897061112107
57,1,-0.07085493731280773
57,2,-0.07574182105834704
57,3,-0.08457826852887718
57,4,-0.07500694809633923
57,5,-0.09293912991543557
57,6,-0.05215009949786842
57,7,-0.039989003236642506
57,8,-0.08511785704967284
57,9,-0.0480311621404611
57,10,-0.08878904046584407
57,11,-0.09299659102672547
57,12,-0.10073194438542821
57,13,-0.07034740232290498
57,14,-0.07825027304444387
57,15,-0.07056950809305323
57,16,-0.05000248098535648
57,17,-0.045729766865478305
57,18,-0.07783465460563455
57,19,-0.09398514254912677
57,20,-0.06430123743283395
57,21,-0.10609369729671125
57,22,-0.04971477284248815
57,23,-0.08465604603345134
57,24,-0.09917706799030751
57,25,-0.08459712752250509
57,26,0.018491342906874264
57,27,-0.07864332131651741
57,28,-0.03471972333641943
57,29,-0.06222786846063716
57,30,-0.03710584025350616
57,31,-0.06563337971919303
57,32,-0.06482489563655697
57,33,-0.054727385416554364
57,34,-0.09574656013916033
57,35,-0.08556328088632348
57,36,-0.09390103172799547
57,37,-0.08683429279597493
57,38,-0.05871528732602799
57,39,-0.10791748957307923
57,40,-0.07158889661319978
57,41,-0.08654399429339787
57,42,-0.08878748935083608
57,43,-0.037319179368719035
57,44,-0.05512532077697363
57,45,-0.07946538876169967
57,46,-0.07910620946142416
57,47,-0.09037285377898979
57,48,-0.06761565322500723
57,49,-0.1030924653626778
57,50,-0.037720969674251925
57,51,-0.09339652795883191
57,52,-0.07884834889701275
57,53,-0.07443276991206632
57,54,-0.08900027469450933
57,55,-0.06850908568557662
57,56,-0.06765524636164161
57,57,-0.10097598647045802
57,58,-0.06691433939600955
57,59,-0.11029136572553866
57,60,-0.05821970921813879
57,61,-0.028904876083744757
57,62,-0.08797409753307872
57,63,-0.1005879045110673
57,64,-0.07467858051456278
57,65,-0.08093009672277118
57,66,-0.07983845947144258
57,67,-0.07844738971658322
57,68,-0.059319516452961074
57,69,-0.08488986462935011
57,70,-0.0747644096300144
57,71,-0.07865752637757473
57,72,-0.08898216393104019
57,73,-0.0623489956281269
57,74,-0.09233228819762124
57,75,-0.06442077872760615
57,76,-0.07628205213682454
57,77,-0.06575822104818135
57,78,-0.11964257759017499
57,79,-0.10484900762596361
57,80,-0.08558829740560231
57,81,-0.09792581006902418
57,82,-0.07594944823061195
57,83,-0.05420737613843496
57,84,-0.05353318958500053
57,85,-0.06169182164307241
57,86,-0.07593697191838322
57,87,-0.10087528064760293
57,88,-0.08354698095283175
57,89,-0.06898482163764486
57,90,-0.07258392182048823
57,91,-0.07208906463896747
57,92,-0.0967061811970818
57,93,-0.0645660004023978
57,94,-0.09791877930682524
57,95,-0.09825453845102416
57,96,-0.05456913775946426
57,97,-0.04888310326444023
57,98,-0.09027491410837085
57,99,-0.06938416685947674
57,100,-0.06420436904870491
57,101,-0.07608062902058366
57,102,-0.0730360341345676
57,103,-0.08700696804274749
57,104,-0.07181238935186207
57,105,-0.04737689769230491
57,106,-0.05267743086397375
57,107,-0.07324676946756836
57,108,-0.05339873244408794
57,109,-0.038178807790642366
57,110,-0.045168952249012795
57,111,-0.05724061671759906
57,112,-0.02843282908843464
57,113,-0.03764902968402101
57,114,-0.055846764561126194
57,115,-0.0313863322892689
57,116,-0.0307519069983474
57,117,-0.05010132845099152
57,118,-0.021992075777762077
57,119,-0.018150583027366718
57,120,0.006034136908248833
57,121,-0.008246038393266097
57,122,0.015438469640446373
57,123,0.029852713698487632
57,124,0.010173313365808956
57,125,0.008417007363740625
57,126,0.0023081513535824216
57,127,0.003682115020378518
57,128,-0.0005544092785123578
57,129,0.009471994574011156
57,130,0.04259125763153104
57,131,0.06260802928620357
57,132,0.09122765156841828
57,133,0.07562133668333282
57,134,0.07924962840345973
57,135,0.10409000445448124
57,136,0.13446131830080565
57,137,0.13570542932500862
58,1,-0.07564921904291877
58,2,-0.07625899665009467
58,3,-0.07086524362470742
58,4,-0.09371264308072863
58,5,-0.10180170404708277
58,6,-0.06337798313725512
58,7,-0.10182343975998209
58,8,-0.08568010935324977
58,9,-0.0732352580640398
58,10,-0.03009563351618233
58,11,-0.06847409237795027
58,12,-0.08261905297221916
58,13,-0.04521428635156571
58,14,-0.05407753568586182
58,15,-0.09872184766328507
58,16,-0.09682688198731648
58,17,-0.09454500486063361
58,18,-0.07611530578881154
58,19,-0.024126889385491346
58,20,-0.09850676975633316
58,21,-0.08794543272603123
58,22,-0.09566544511910091
58,23,-0.08248421583198423
58,24,-0.0927857688573876
58,25,-0.09914157609384772
58,26,-0.07172157422531772
58,27,-0.0996908247891824
58,28,-0.06339075718471038
58,29,-0.11414886876314784
58,30,-0.06342925716388476
58,31,-0.10767708253769848
58,32,-0.052745970589967106
58,33,-0.08367816437041098
58,34,-0.044286122928004545
58,35,-0.09152905477082846
58,36,-0.058993132766786416
58,37,-0.06753705108212466
58,38,-0.0849944054806479
58,39,-0.02734163057584499
58,40,-0.0912045083218756
58,41,-0.07480046698478854
58,42,-0.0416733928983527
58,43,-0.09220773325912912
58,44,-0.07017045980875097
58,45,-0.06825094624910738
58,46,-0.07898761750998906
58,47,-0.0653334230016705
58,48,-0.09176019384215528
58,49,-0.06093921843679473
58,50,-0.08396216552001218
58,51,-0.10739980692678464
58,52,-0.10255973343770686
58,53,-0.09506397450635584
58,54,-0.08624823984612262
58,55,-0.06940723055287612
58,56,-0.08480388602997718
58,57,-0.06950588824928944
58,58,-0.10950337978709496
58,59,-0.08948745428494825
58,60,-0.09308782094154056
58,61,-0.06989659231823525
58,62,-0.09623003974704547
58,63,-0.08688838678385868
58,64,-0.08303808770777382
58,65,-0.08393883904248844
58,66,-0.0830979404771166
58,67,-0.10756082737608519
58,68,-0.09976929584002514
58,69,-0.08970755301014854
58,70,-0.0684631724654784
58,71,-0.091499915999258
58,72,-0.09913300948970072
58,73,-0.0540364903075094
58,74,-0.08103146524083277
58,75,-0.07964767795749816
58,76,-0.11617209938490197
58,77,-0.0852469163320983
58,78,-0.09056271742298155
58,79,-0.09884063214835603
58,80,-0.10378461883836315
58,81,-0.10564628631224754
58,82,-0.09661027838967634
58,83,-0.08229745382555426
58,84,-0.10544778211902961
58,85,-0.09136464291859064
58,86,-0.07985919518525753
58,87,-0.10919128338727918
58,88,-0.09261278283807317
58,89,-0.08191154154530517
58,90,-0.10844298602339064
58,91,-0.09721535765765776
58,92,-0.0817101484281772
58,93,-0.11023844243545722
58,94,-0.08302285420159866
58,95,-0.09482080457212183
58,96,-0.10526978617931693
58,97,-0.0858108154923885
58,98,-0.0837347529799618
58,99,-0.09645182987011075
58,100,-0.08553439693713538
58,101,-0.09763690783690404
58,102,-0.09660160418093999
58,103,-0.09125462546497443
58,104,-0.09623048897875958
58,105,-0.05715759088597089
58,106,-0.06603718146270748
58,107,-0.07144176369631239
58,108,-0.10434760927144587
58,109,-0.06351286379682747
58,110,-0.07486653203355831
58,111,-0.09277302222793216
58,112,-0.06795613439228954
58,113,-0.08618538343571058
58,114,-0.06626655428216838
58,115,-0.08032883938507229
58,116,-0.08933061538969328
58,117,-0.06823537528831286
58,118,-0.061707995136999205
58,119,-0.06883901329563807
58,120,-0.06696114329319136
58,121,-0.05822133856653816
58,122,-0.06602221880689563
58,123,-0.07669820461842286
58,124,-0.05423467890900158
58,125,-0.057777544584708795
58,126,-0.053192067930976195
58,127,-0.05802811273177072
58,128,-0.04979286991175891
58,129,-0.06514332394177147
58,130,-0.022278026043151378
58,131,-0.02356238382101905
58,132,0.00843844507354019
58,133,-0.029895130474002996
58,134,-0.0462339519515097
58,135,-0.010330824055085619
58,136,0.056484888277840484
58,137,0.027593011250799937
58,138,0.01909962882779892
58,139,0.05401850270557995
58,140,0.04455521284575581
58,141,0.002542332887320309
58,142,0.0607152551062109
58,143,0.043764345105246294
58,144,0.11451121975661038
58,145,0.08452657802244234
58,146,0.09041712506704513
58,147,0.1015952767856787
59,1,-0.0339356288909371
59,2,0.009500702119171534
59,3,-0.033703337365456276
59,4,0.023975992861887452
59,5,-0.027497072912546605
59,6,-0.022185854887196266
59,7,-0.020350002864704342
59,8,-0.013084345368688521
59,9,-0.0067554289033439074
59,10,-0.02257797848548604
59,11,-0.05963200681776326
59,12,-0.05495905431780207
59,13,-0.021635135857333232
59,14,0.014219675349448568
59,15,0.005542231057878877
59,16,-0.054881193676100226
59,17,-0.03764128179805698
59,18,0.03989676735512848
59,19,-0.0008209513964546056
59,20,0.05723459149747623
59,21,-0.009279263551358996
59,22,-0.007528374046868014
59,23,-0.003969230048584349
59,24,-0.022829145737954692
59,25,-0.03045904714246711
59,26,-0.037091255576314985
59,27,-0.009441849532784208
59,28,-0.0212643276625189
59,29,-0.028150984278965174
59,30,-0.002859146440454041
59,31,0.029348815844835396
59,32,0.005524531844012026
59,33,-0.049171532687955544
59,34,0.04721246132340873
59,35,0.015197481577695737
59,36,-0.005988429851731258
59,37,-0.052670430001932
59,38,-0.0025013685825319154
59,39,-0.041264205881569926
59,40,-0.014051986984266907
59,41,-0.003734879319761575
59,42,-0.022185979037785186
59,43,-0.03690195068142671
59,44,0.016175668854293224
59,45,0.017078345139388218
59,46,-0.0531125664740581
59,47,-0.04631635910541221
59,48,-0.03285743273006009
59,49,-0.03586205346634097
59,50,-0.052618356435519764
59,51,-0.04651673628145753
59,52,-0.016497129215000295
59,53,-0.055458964537965894
59,54,-0.016669297663526927
59,55,-0.02137218579765271
59,56,-0.013845964189672044
59,57,-0.029897457640271352
59,58,-0.04079675968860924
59,59,0.004457178208346013
59,60,0.003548133213494009
59,61,-0.0450084564106506
59,62,-0.040531945925357804
59,63,-0.019808189178965374
59,64,-0.0398203845993359
59,65,-0.02698370531010902
59,66,-0.045772513272909876
59,67,-0.04401466385118069
59,68,-0.05320331541774881
59,69,-0.041886569303918875
59,70,-0.014494047926747744
59,71,-0.03238926264181091
59,72,-0.04430870702613543
59,73,-0.0789726026340063
59,74,-0.03948285323796935
59,75,-0.05981502429823976
59,76,-0.06605475875274436
59,77,-0.0722616881047784
59,78,0.0160150786441563
59,79,0.055709914259064575
59,80,-0.060954086439756805
59,81,-0.0606326293232175
59,82,-0.08427020535475388
59,83,0.0328629157050605
59,84,-0.0034217680186112154
59,85,-0.04989684612218953
59,86,-0.05253162572024206
59,87,-0.06269840218149236
59,88,-0.06894433132329614
59,89,-0.0881205297761144
59,90,-0.07277912939154546
59,91,-0.06734560209819218
59,92,-0.04924557990582562
59,93,-0.05721971455764696
59,94,-0.08770540847588426
59,95,-0.05118019172723581
59,96,-0.05631065800809659
59,97,-0.05610675828542283
59,98,-0.05513199128762952
59,99,-0.07771097252131681
59,100,-0.08066780140462043
59,101,-0.07523787736492327
59,102,-0.04563284994806094
59,103,-0.07920569900254415
59,104,-0.08141702598916545
59,105,-0.039057950413034614
59,106,-0.062088636303602784
59,107,-0.08283944275866101
59,108,-0.05519606849584385
59,109,-0.040677216833366336
59,110,-0.06430595969581127
59,111,-0.05411313850350308
59,112,-0.044776706171772596
59,113,0.035348988824334904
59,114,-0.049335473733508384
59,115,-0.01543889131278714
59,116,0.018605146043342513
59,117,-0.0659992108858573
59,118,-0.08627868556490714
59,119,-0.08952527392761711
59,120,-0.055666314781010806
59,121,0.014280402152883731
59,122,-0.048332352401335876
59,123,-0.057103460715815735
59,124,-0.08361721556787777
59,125,-0.09228368306514084
59,126,-0.07219489371647586
59,127,-0.08275830105122389
59,128,-0.08642447227892175
59,129,-0.08753830150717606
59,130,-0.08129804291999554
59,131,-0.10802863336688523
59,132,-0.05913941992323807
59,133,-0.06129677352870583
59,134,-0.08760183027382806
59,135,-0.0750529396141057
59,136,-0.09155858344658852
59,137,-0.07798881623243387
59,138,-0.10984349326310294
59,139,-0.046879804088807764
59,140,-0.10607587907606408
59,141,-0.11322632878442113
59,142,-0.08601174846465365
59,143,-0.0738350189509156
59,144,-0.09987690684001294
59,145,-0.06144790871249173
59,146,-0.09582534734755938
59,147,-0.07763351299247379
59,148,-0.09215169333025741
59,149,-0.0848518806856286
59,150,-0.057668416135668255
59,151,-0.08211716285958465
59,152,-0.086883935705662
59,153,-0.10774980812429152
59,154,-0.09454955189234271
59,155,-0.0933240829627951
59,156,-0.09687552828676205
59,157,-0.11794520810716563
59,158,-0.08638514890302373
59,159,-0.0872771463836553
59,160,-0.09531876847211856
59,161,-0.10980014517519637
59,162,-0.06363674965765459
59,163,-0.09019991531573268
59,164,-0.07502736446727504
59,165,-0.10339877576401191
59,166,-0.09714981953043506
59,167,-0.10084775226706344
59,168,-0.08557225711764438
59,169,-0.0756686835005187
59,170,-0.07368970182588797
59,171,-0.09149837811546385
59,172,-0.09937273423667642
59,173,-0.0988874934611686
59,174,-0.09432999021077432
59,175,-0.08279679103285892
59,176,-0.08984464225099531
59,177,-0.09554894973855288
59,178,-0.09131373945421428
59,179,-0.08873907276149573
59,180,-0.07151380442565347
59,181,-0.09699573356965524
59,182,-0.11644101971635407
59,183,-0.06889791652932264
59,184,-0.0541641448934041
59,185,-0.0948490775778908
59,186,-0.09955689671610618
59,187,-0.08900742657523764
59,188,-0.10157338913231112
59,189,-0.0888646394930146
59,190,-0.09308652804165807
59,191,-0.09506053276828258
59,192,-0.08334347118789437
59,193,-0.06828545470183711
59,194,-0.03228007739491884
59,195,-0.05320024000416079
59,196,-0.056994706616106394
59,197,-0.06148449719151128
59,198,-0.09875593506729785
59,199,-0.08605380445989641
59,200,-0.04402978451106748
59,201,-0.07035654840043243
59,202,-0.051078036630165524
59,203,-0.03511613820433834
59,204,-0.05630342585067455
59,205,-0.06545604637433466
59,206,-0.06467892642995332
59,207,-0.03610728157734988
59,208,-0.024073649594988145
59,209,-0.05719942315717802
59,210,-0.04272441122186643
59,211,-0.030689078257956137
59,212,-0.027353245411762594
59,213,-0.024293462342334482
59,214,-0.03191319569493628
59,215,-0.004004129764758502
59,216,-0.019728675249871153
59,217,-0.03331402236130354
59,218,0.0281234273223272
59,219,0.011139323916918076
59,220,0.01769753026023535
59,221,-0.01907574794363881
59,222,0.026685275285282972
59,223,-0.0016246650094853266
59,224,0.03934723571021692
59,225,0.05917444974444086
59,226,0.021861783756077613
59,227,0.049197985810735756
59,228,0.04494897470546588
59,229,0.07410901119315083
59,230,0.07659448431842908
59,231,0.06435703681470506
60,1,-0.06680430865207426
60,2,-0.10324786379532913
60,3,-0.07419216795751671
60,4,-0.11229698384557274
60,5,-0.06694151985175167
60,6,-0.07779818871992566
60,7,-0.08582246029688734
60,8,-0.09573531071770697
60,9,-0.06673025506775948
60,10,-0.08448191676496986
60,11,-0.1096794875493427
60,12,-0.08824128867275322
60,13,-0.07777866514734422
60,14,-0.0728198624480691
60,15,-0.06847864948701532
60,16,-0.08051333238609781
60,17,-0.07904706639813408
60,18,-0.07255854940339262
60,19,-0.08523035571982429
60,20,-0.10364249703867062
60,21,-0.10246992135556643
60,22,-0.09300480875628825
60,23,-0.10314834007593726
60,24,-0.08522043696644588
60,25,-0.07347661175886516
60,26,-0.09814686267030881
60,27,-0.10357123385492256
60,28,-0.09366226924888577
60,29,-0.1165533484717085
60,30,-0.07704823842625447
60,31,-0.09164661339785063
60,32,-0.0930118207666688
60,33,-0.09490047020896003
60,34,-0.09558456606022786
60,35,-0.09332501992142817
60,36,-0.087431194824591
60,37,-0.09013529119359132
60,38,-0.05942303207131111
60,39,-0.0767497583181529
60,40,-0.09890826349218762
60,41,-0.09782816599555777
60,42,-0.09907657736962422
60,43,-0.07097765000864298
60,44,-0.10986396901789214
60,45,-0.08170504737632212
60,46,-0.07137570760144363
60,47,-0.10259805894124319
60,48,-0.0944322655028661
60,49,-0.08835560072179854
60,50,-0.08640882093823932
60,51,-0.07363383216550695
60,52,-0.10103601654439676
60,53,-0.07617538885686975
60,54,-0.07130028471246658
60,55,-0.07512711848840198
60,56,-0.07751851513774882
60,57,-0.09533369902991151
60,58,-0.0996395619912595
60,59,-0.10024117037689145
60,60,-0.10340949342884431
60,61,-0.08827266471981937
60,62,-0.07777008471249675
60,63,-0.07784180810818936
60,64,-0.10231431371829741
60,65,-0.07037476186289077
60,66,-0.08767603375811728
60,67,-0.05302049837807521
60,68,-0.10496520352844152
60,69,-0.10822930542682829
60,70,-0.10052042401000794
60,71,-0.09002505838324582
60,72,-0.07418471449767544
60,73,-0.0737741854908362
60,74,-0.09935826461668607
60,75,-0.09518275378940794
60,76,-0.10086916927615253
60,77,-0.07759632462658572
60,78,-0.07070179953449351
60,79,-0.11453262768238187
60,80,-0.061963342250816345
60,81,-0.1001886457996527
60,82,-0.09865853389311496
60,83,-0.10173381328741193
60,84,-0.0998766051742353
60,85,-0.10088537278756637
60,86,-0.10224921603663012
60,87,-0.10842419118613789
60,88,-0.11087674050538876
60,89,-0.04927987438002218
60,90,-0.09663025060662744
60,91,-0.08740768926419729
60,92,-0.10626514062055259
60,93,-0.10884738801564181
60,94,-0.08838656465336037
60,95,-0.10675453022285519
60,96,-0.09625771353717183
60,97,-0.11420270596269722
60,98,-0.09400651282841266
60,99,-0.10380588373125893
60,100,-0.11492791596074287
60,101,-0.0789523716742303
60,102,-0.07688909857977705
60,103,-0.10024692462439422
60,104,-0.08902590270062588
60,105,-0.09411473359920097
60,106,-0.08686811767174646
60,107,-0.11255286654549235
60,108,-0.09153214533816217
60,109,-0.08141553181123784
60,110,-0.09322319868025475
60,111,-0.08233585706404367
60,112,-0.10727703120501147
60,113,-0.08383166973562528
60,114,-0.1075073037606627
60,115,-0.10776499941963713
60,116,-0.1044644672674116
60,117,-0.09015852689966397
60,118,-0.06386164320482757
60,119,-0.04085185042070877
60,120,-0.06786679156049974
60,121,-0.07262383238972087
60,122,-0.04816555713445353
60,123,-0.08254153239136414
60,124,-0.07553688555266863
60,125,-0.08126086998113735
60,126,-0.08313308375256545
60,127,-0.09970012419934615
60,128,-0.08905356532820852
60,129,-0.0799535723554824
60,130,-0.07072605193008008
60,131,-0.10250312238008796
60,132,-0.0492225354638437
60,133,-0.06348358326427828
60,134,-0.04614475855060879
60,135,-0.04724563448530633
60,136,-0.03216193181277688
60,137,-0.09003519891422967
60,138,-0.07814516014985223
60,139,-0.043946141078389456
60,140,-0.0688723744724421
60,141,-0.05092542975230324
60,142,-0.026501301447782843
60,143,-0.045069253302471524
60,144,-0.05823976428362215
60,145,-0.040731347402054696
60,146,-0.02790807014338914
60,147,-0.04755046452922368
60,148,-0.040749305220327714
60,149,-0.03158456379180924
60,150,0.0018825549452109458
60,151,-0.006988508504031987
60,152,0.0032848484157304014
60,153,-0.01550064971661752
60,154,-0.02119522004329366
60,155,-0.0006779854226623416
60,156,-0.015459632882773577
60,157,0.02794834223524556
60,158,-0.011795943603199688
60,159,0.02933847691450131
60,160,0.025218833789207418
60,161,0.03213681624294651
60,162,-0.006881992237708967
60,163,0.026628983163251907
60,164,0.036339935290696346
60,165,0.051881437870230696
60,166,0.03471174214411055
60,167,0.03790767254914573
60,168,0.06376986314775224
60,169,0.07137400411217876
60,170,0.057386946148289986
60,171,0.10100832742147514
60,172,0.10407525875156554
61,1,0.0020004282212726654
61,2,-0.009935484090755786
61,3,0.0023787495081785126
61,4,-0.014823074727041252
61,5,-0.06457842715836398
61,6,-0.03488481591178305
61,7,-0.002564127645890979
61,8,0.00040711421529804337
61,9,-0.03942197930695951
61,10,0.07766315703512938
61,11,0.06707309471628475
61,12,-0.051013583262266626
61,13,-0.07831136064262606
61,14,-0.006122211236779751
61,15,-0.02940905399656124
61,16,-0.02909014430262108
61,17,-0.004532651384298425
61,18,0.03499879498267722
61,19,0.018052135137000214
61,20,-0.0024432196426723007
61,21,-0.0046508461063640705
61,22,0.007193123427900905
61,23,0.00033678398042680247
61,24,0.03322485990528434
61,25,0.02486388722684052
61,26,-0.004099504381141594
61,27,-0.04891914066986014
61,28,-0.009049336946475028
61,29,-0.026000279027097117
61,30,0.013736145192627114
61,31,-0.03911477682537895
61,32,-0.02882630399226771
61,33,0.0041236780944883256
61,34,0.041243850442077123
61,35,-0.007787580871853106
61,36,0.02727584277718864
61,37,-0.060390007811165436
61,38,-0.0010331497786298383
61,39,-0.0077426117596329225
61,40,0.046218588894211377
61,41,-0.007205591466771966
61,42,0.008103875414621764
61,43,0.026220434847821328
61,44,-0.023441262103355842
61,45,-0.03563110938429925
61,46,-0.039980923072032826
61,47,-0.046718505933069865
61,48,-0.00833302200644137
61,49,-0.028933835072361413
61,50,-0.03888490900420749
61,51,-0.04498359873942254
61,52,-0.013180350281168263
61,53,-0.013336348051598168
61,54,-0.04162406168729721
61,55,0.03989947784064385
61,56,-0.07072618614522014
61,57,-0.04185912241006845
61,58,-0.06288820873124312
61,59,0.021773935118552634
61,60,-0.03494997270542788
61,61,-0.007982941213855621
61,62,-0.07231486726275715
61,63,0.03503604339148447
61,64,0.0015494112817270311
61,65,0.05329910792585646
61,66,-0.015227544238653468
61,67,-0.05680015655613224
61,68,-0.0635496225164972
61,69,-0.05750944787974149
61,70,-0.018545353532396336
61,71,-0.085292145706799
61,72,-0.03971401468319685
61,73,-0.06918073277140407
61,74,-0.01169712518930982
61,75,-0.035591354065451664
61,76,-0.06704365413171759
61,77,-0.044806246410742434
61,78,-0.06645458447177366
61,79,-0.04124424327657006
61,80,-0.07289442732618157
61,81,-0.06509317593624353
61,82,-0.011711019157881086
61,83,0.004095326113977449
61,84,-0.06785530287851232
61,85,-0.07564166129372923
61,86,-0.07655800554631303
61,87,-0.08351526488983102
61,88,-0.06262714147466641
61,89,-0.0852799217528657
61,90,-0.05288673531047822
61,91,-0.0599123341625476
61,92,-0.09529062589102183
61,93,-0.06138242614973205
61,94,-0.06711101344921266
61,95,-0.08992162767405326
61,96,-0.06135837204417732
61,97,-0.06200151902942935
61,98,-0.061926346280271494
61,99,-0.04902885667505397
61,100,-0.045636415536252584
61,101,-0.09899381659745915
61,102,-0.01935168007557736
61,103,-0.08288717300730797
61,104,-0.09079218713422815
61,105,-0.05264437764235613
61,106,-0.07534500741483413
61,107,0.00818854316515627
61,108,-0.07413616571354487
61,109,-0.08381813900765595
61,110,-0.0810677074698336
61,111,-0.08738873026095884
61,112,-0.03905270757126006
61,113,-0.08515784253574565
61,114,-0.04559013388446809
61,115,-0.07758976161168002
61,116,-0.08758703612098778
61,117,-0.08257469325762096
61,118,-0.07658577332111632
61,119,-0.07959154510572064
61,120,-0.10433724371526604
61,121,-0.09037465234197811
61,122,-0.060877835939950664
61,123,-0.060348985463694216
61,124,-0.03353990705640486
61,125,-0.09266135322341007
61,126,-0.09466494316993801
61,127,-0.0997258834616575
61,128,-0.07992166458388245
61,129,-0.10310608702296814
61,130,-0.09710340045422433
61,131,-0.10120115868056628
61,132,-0.06441323695477141
61,133,-0.058494137701409155
61,134,-0.08837157717445182
61,135,-0.05996660940608883
61,136,-0.11470821348398924
61,137,-0.09717870262430872
61,138,-0.0977850584412237
61,139,-0.0864943484477464
61,140,-0.09836953837372803
61,141,-0.10011994603985036
61,142,-0.07617251759551497
61,143,-0.08749288143692585
61,144,-0.06423512105534229
61,145,-0.08537849737065561
61,146,-0.08336242724528464
61,147,-0.09213664678973543
61,148,-0.08621399724038481
61,149,-0.06702693192731357
61,150,-0.04984792750768652
61,151,-0.10367069312475374
61,152,-0.09119537881625633
61,153,-0.01939454829190229
61,154,-0.06879802710315053
61,155,-0.0873403373806087
61,156,-0.05943040226682761
61,157,-0.054880922866720916
61,158,-0.09646923728926832
61,159,-0.047836196464890124
61,160,-0.06797066422392012
61,161,-0.04804138319420015
61,162,-0.06939791792276478
61,163,-0.03992686245885263
61,164,-0.051290572648001964
61,165,0.007594716989422823
61,166,-0.015183454690790854
61,167,-0.026928586826434564
61,168,-0.02710906598113677
61,169,-0.017122386980371607
61,170,0.012748150839703931
61,171,-0.00030695197866997814
61,172,-0.016346906035226927
61,173,0.007451812848817019
61,174,0.016040850669889473
61,175,0.006853642060359211
61,176,0.05187581524886031
61,177,0.03188529567566867
61,178,0.04889532901419391
61,179,0.05395134663073753
61,180,0.08938910251574828
61,181,0.0707249540167223
61,182,0.11953623636847266
61,183,0.06958777659157978
61,184,0.08784183693856029
61,185,0.10704813501715038
62,1,-0.10358205834681777
62,2,-0.07520258384160394
62,3,-0.10983818114647148
62,4,-0.09009427329435177
62,5,-0.11249039528979898
62,6,-0.10519598288401694
62,7,-0.11031595407863476
62,8,-0.06201897759907732
62,9,-0.10943170282660308
62,10,-0.0790080887740246
62,11,-0.10304010897584914
62,12,-0.08171927325192696
62,13,-0.0714701822079154
62,14,-0.08138908155896979
62,15,-0.11974710244553022
62,16,-0.0742018180720288
62,17,-0.05738797199192541
62,18,-0.1007988929966534
62,19,-0.08885549021052358
62,20,-0.07991933417313618
62,21,-0.09848241170594002
62,22,-0.06975826565284338
62,23,-0.09988527039665185
62,24,-0.09329882743860712
62,25,-0.08764811483230112
62,26,-0.0915931273014946
62,27,-0.09096785854652062
62,28,-0.10865130315623411
62,29,-0.07790385444043457
62,30,-0.0829399139601863
62,31,-0.07922490110224062
62,32,-0.09692443525640848
62,33,-0.08770223276812938
62,34,-0.08136378480080442
62,35,-0.09060312618440675
62,36,-0.07692401053355963
62,37,-0.08987836418609335
62,38,-0.07337383228234601
62,39,-0.07244517055491034
62,40,-0.07497667546780962
62,41,-0.09233829619068507
62,42,-0.0950824050388901
62,43,-0.08027040245397349
62,44,-0.09720936895200044
62,45,-0.11556809946571966
62,46,-0.08423265377031136
62,47,-0.10586245162612468
62,48,-0.0985166483845068
62,49,-0.0813642863698053
62,50,-0.07881724001497165
62,51,-0.08626790356786784
62,52,-0.09783776433095376
62,53,-0.07483442348571273
62,54,-0.09272849406977318
62,55,-0.07481767085493196
62,56,-0.10219703540649983
62,57,-0.08638587598407432
62,58,-0.09089828971308778
62,59,-0.08470685824221214
62,60,-0.05916047025455051
62,61,-0.0955414671856375
62,62,-0.08504648041955842
62,63,-0.049827123249759575
62,64,-0.08586384706019529
62,65,-0.08629208805980121
62,66,-0.10089408901335589
62,67,-0.0763492581786121
62,68,-0.0973096698747653
62,69,-0.05719840570065943
62,70,-0.0699261452845149
62,71,-0.0977617381672729
62,72,-0.060188282459905984
62,73,-0.08022344462177367
62,74,-0.0840786992155585
62,75,-0.07710754902772465
62,76,-0.07200305946142138
62,77,-0.09858011228422342
62,78,-0.09567199872260018
62,79,-0.07028661769189509
62,80,-0.09698109086573126
62,81,-0.09716679505251646
62,82,-0.05122008454077026
62,83,-0.10319254871398231
62,84,-0.0772174629588569
62,85,-0.051088984517694225
62,86,-0.05933312205970076
62,87,-0.06438218340601681
62,88,-0.09004809260228136
62,89,-0.08542969918377663
62,90,-0.07915465166206337
62,91,-0.08006041736429548
62,92,-0.04284710203983527
62,93,-0.09762181942170467
62,94,-0.07523618631723195
62,95,-0.06845129087360763
62,96,-0.09540864170983682
62,97,-0.06374316989569606
62,98,-0.07695183709429682
62,99,-0.052414371888510336
62,100,-0.07071376732524765
62,101,-0.08438058249066593
62,102,-0.10511616882775082
62,103,-0.08403162601284841
62,104,-0.08380637561419607
62,105,-0.06796558014564874
62,106,-0.07723659449402925
62,107,-0.08829612054974245
62,108,-0.06384628698935813
62,109,-0.0943592940215981
62,110,-0.05181722503846842
62,111,-0.05068057994591618
62,112,-0.07156861224635636
62,113,-0.058864204786589824
62,114,-0.04549060026207924
62,115,-0.07238625162225465
62,116,-0.08275633312921438
62,117,-0.05335648412561722
62,118,-0.08546560796700903
62,119,-0.07980926945706923
62,120,-0.09548356546982034
62,121,-0.06685389513860407
62,122,-0.0741511799924579
62,123,-0.07205679309106966
62,124,-0.0687874018833059
62,125,-0.05813939745886115
62,126,-0.02203142499239974
62,127,-0.04337603144151847
62,128,-0.027108660304958454
62,129,-0.0646546835371663
62,130,-0.04903346877696757
62,131,-0.02624280130903872
62,132,-0.04131602729028683
62,133,-0.06968101599412058
62,134,-0.015244532647306519
62,135,-0.025920327964037593
62,136,-0.06456352586565456
62,137,-0.048827135502315155
62,138,-0.042922916210179796
62,139,0.0073751495305641734
62,140,-0.05671152640883037
62,141,-0.05720663553082378
62,142,-0.04492880459313148
62,143,0.033793896528785394
62,144,-0.020352210936613435
62,145,-0.03919289691138489
62,146,0.01730578775194047
62,147,0.00022863606580825202
62,148,-0.010988908405267117
62,149,-0.03950109361502574
62,150,-0.02772166692460537
62,151,0.004439770067282689
62,152,-0.004956149497354512
62,153,-0.012379077149448137
62,154,-0.04413071996982276
62,155,-0.028717987453836746
62,156,0.001488725773802435
62,157,0.006545027426242411
62,158,-0.010824593865790766
62,159,-0.010520270636475149
62,160,0.014880123107457899
62,161,0.018474575361296375
62,162,-9.793534031055096e-05
62,163,0.0018601003435693153
62,164,0.05144236319462259
62,165,0.02039663624818089
62,166,0.01304985827918359
62,167,0.03767132808471263
62,168,0.056061067662578346
62,169,0.0737833929063082
62,170,0.07337938200513006
62,171,0.03948976637354695
62,172,0.04699679647800392
62,173,0.05631533841012848
62,174,0.09293211770021348
62,175,0.0838007502985787
62,176,0.06288778796063477
62,177,0.04161399836667801
62,178,0.025925494485827927
62,179,0.08630244598003123
62,180,0.096765742145696
63,1,-0.09343772578250875
63,2,-0.09013622268836324
63,3,-0.09397134400293866
63,4,-0.08430481948363722
63,5,-0.11356457179375451
63,6,-0.09554523118078362
63,7,-0.09551397799837674
63,8,-0.08933322973508351
63,9,-0.05616160458645231
63,10,-0.08435358241490465
63,11,-0.08470757227453152
63,12,-0.10923267534705938
63,13,-0.10480983861733234
63,14,-0.09874520053019603
63,15,-0.09538748903711586
63,16,-0.09396188063926791
63,17,-0.05966379381550296
63,18,-0.07881142369012933
63,19,-0.11373924804116803
63,20,-0.08307871643484471
63,21,-0.09154304114212852
63,22,-0.07700650680752985
63,23,-0.09904259500064672
63,24,-0.09134881584534699
63,25,-0.09374060784118504
63,26,-0.09815950613574481
63,27,-0.08819530827679195
63,28,-0.09714333808251213
63,29,-0.07901714021648748
63,30,-0.09746810420744734
63,31,-0.08809670643695094
63,32,-0.1114930780202516
63,33,-0.10306754082166758
63,34,-0.07765505213131624
63,35,-0.10143553105727832
63,36,-0.08787173642247237
63,37,-0.088155057931802
63,38,-0.07085930623031556
63,39,-0.07623983094338466
63,40,-0.10250822374342544
63,41,-0.09338377870841591
63,42,-0.05790111253880437
63,43,-0.08064415946184789
63,44,-0.0667151388179183
63,45,-0.0634414715594977
63,46,-0.10389828186249972
63,47,-0.11553459755314577
63,48,-0.08610059050151836
63,49,-0.06804506582531572
63,50,-0.07799964989973329
63,51,-0.10233143442818698
63,52,-0.0837941702958312
63,53,-0.09412533223151043
63,54,-0.0908661440406825
63,55,-0.08849252709875
63,56,-0.08323633122867657
63,57,-0.11284402507749253
63,58,-0.08853471613269698
63,59,-0.09623681525297773
63,60,-0.08809424662847093
63,61,-0.11350967089363329
63,62,-0.09720615423574519
63,63,-0.09845311565305626
63,64,-0.09397348442078335
63,65,-0.0668564517721773
63,66,-0.08852879065068242
63,67,-0.09430274897580487
63,68,-0.09259644557690916
63,69,-0.08883705315130674
63,70,-0.06998136182305442
63,71,-0.10446721362658135
63,72,-0.10354260972881357
63,73,-0.10999928190953512
63,74,-0.06528499319557529
63,75,-0.10011156025660811
63,76,-0.10225518252297866
63,77,-0.09056917832460032
63,78,-0.08496992315364132
63,79,-0.09607689272994602
63,80,-0.09692817320599012
63,81,-0.05375059417577127
63,82,-0.08559227141252135
63,83,-0.11794955505640603
63,84,-0.05777146147785117
63,85,-0.0709798854779165
63,86,-0.10904770814583725
63,87,-0.09472382160872928
63,88,-0.11006224828254602
63,89,-0.10150124974799635
63,90,-0.07554745234068944
63,91,-0.08137942580086871
63,92,-0.10329074392810533
63,93,-0.08222489013685835
63,94,-0.08353114399002354
63,95,-0.07099831320630257
63,96,-0.08011834463636663
63,97,-0.08478531869139083
63,98,-0.07033408614687581
63,99,-0.06474503757551847
63,100,-0.07982593104279989
63,101,-0.0928406942283782
63,102,-0.10674344667020008
63,103,-0.07257260862264225
63,104,-0.08600370190975548
63,105,-0.08523297960683013
63,106,-0.08850876634678556
63,107,-0.08742551613357957
63,108,-0.09644718915237943
63,109,-0.10263138740081434
63,110,-0.040441582245536234
63,111,-0.0838686122271265
63,112,-0.08367747960977634
63,113,-0.090975672187106
63,114,-0.05841261600139891
63,115,-0.06670473345887012
63,116,-0.07443667350751798
63,117,-0.0686267866379694
63,118,-0.050198810507800895
63,119,-0.09062243282269744
63,120,-0.06143560209423188
63,121,-0.06643791819801298
63,122,-0.08492509578387891
63,123,-0.0943372971269712
63,124,-0.08538835638583797
63,125,-0.06626375618690272
63,126,-0.07364781782369584
63,127,-0.05681944738741268
63,128,-0.09707142838884908
63,129,-0.06004019998016341
63,130,-0.07249172067566334
63,131,-0.04781396414411687
63,132,-0.04108749193607225
63,133,-0.05921174509660354
63,134,-0.07914012654866992
63,135,-0.04889560979284219
63,136,-0.03175871758925358
63,137,-0.03781315482281189
63,138,-0.05785258745072125
63,139,-0.07350552662045201
63,140,-0.03748377765701205
63,141,-0.04399138822523457
63,142,-0.006586939963809324
63,143,-0.029305143448194737
63,144,-0.0027062272573065704
63,145,-0.02425522468874214
63,146,-0.014238838634762996
63,147,-0.03195427251615157
63,148,-0.0191876645460608
63,149,-0.019793408140828084
63,150,-0.011710661372878906
63,151,0.009361136900559397
63,152,0.00537434496537903
63,153,-0.038252039544510175
63,154,-0.006721078080324128
63,155,0.019072511151204563
63,156,0.0012782498018849564
63,157,-0.022385834781567304
63,158,-0.014590267446753735
63,159,-0.011805684459720078
63,160,-0.009089796183458232
63,161,0.010534598750250201
63,162,0.02811547611079701
63,163,0.04992019310714424
63,164,0.03330852377562066
63,165,0.061726032575947776
63,166,0.05673670151930266
63,167,0.058575571442152086
63,168,0.05035313818993736
63,169,0.0755696578337699
63,170,0.0937685829064614
63,171,0.07149223177855735
63,172,0.12506653714453309
63,173,0.13666373508210827
63,174,0.1057740586697331
64,1,-0.0849760721612487
64,2,-0.07950893563167671
64,3,-0.10035005922300316
64,4,-0.1145037697470358
64,5,-0.09824347027830704
64,6,-0.1022225073849366
64,7,-0.09121121403545063
64,8,-0.02068255405875863
64,9,-0.10949938787326857
64,10,-0.10868301594095126
64,11,-0.10768807430912486
64,12,-0.07485044172478639
64,13,-0.07600303672921566
64,14,-0.10751080404647367
64,15,-0.08876064195675465
64,16,-0.08535096967760802
64,17,-0.06716171188172082
64,18,-0.1024480157941261
64,19,-0.10337763782257675
64,20,-0.10441524313451384
64,21,-0.07076087745136284
64,22,-0.08265386374673506
64,23,-0.06865461056116129
64,24,-0.05019696648982386
64,25,-0.08557188497428025
64,26,-0.07760476519183762
64,27,-0.11624550293186714
64,28,-0.08563151129608587
64,29,-0.11804887214800791
64,30,-0.08508016359518805
64,31,-0.11082322489820962
64,32,-0.08374817080398528
64,33,-0.09245127778093926
64,34,-0.09243917783095107
64,35,-0.11011729362729378
64,36,-0.09087964277580302
64,37,-0.0927182401643657
64,38,-0.09243784847823755
64,39,-0.08889656029298992
64,40,-0.11115109598495476
64,41,-0.07893506819816248
64,42,-0.09182691106021135
64,43,-0.10594555858158705
64,44,-0.08801800055485898
64,45,-0.11020022442868144
64,46,-0.07472461771340544
64,47,-0.09317571346570691
64,48,-0.11895419791707057
64,49,-0.07656968941232117
64,50,-0.07200706809522228
64,51,-0.07763179320646418
64,52,-0.10531232207351637
64,53,-0.09387094186173311
64,54,-0.04161528055719199
64,55,-0.06969117908913636
64,56,-0.0938915062632073
64,57,-0.09139969438283246
64,58,-0.107011565187412
64,59,-0.09865715600707475
64,60,-0.09729524454111077
64,61,-0.05558111741767863
64,62,-0.0966028257783671
64,63,-0.08170844372803554
64,64,-0.08075730295021882
64,65,-0.10744434404025283
64,66,-0.10975235098846253
64,67,-0.06420992929358754
64,68,-0.08896246208852737
64,69,-0.10768761775297764
64,70,-0.08826600163284043
64,71,-0.1176572068330094
64,72,-0.10207639897392123
64,73,-0.08510671030361311
64,74,-0.09885645390549402
64,75,-0.1101907102576965
64,76,-0.10412427850003764
64,77,-0.07717728095449428
64,78,-0.11340223501733798
64,79,-0.08584396400447408
64,80,-0.0655028986340897
64,81,-0.0945178341541037
64,82,-0.09169959713885373
64,83,-0.09806462194332843
64,84,-0.11189525570277026
64,85,-0.09361849382418286
64,86,-0.10981341146140394
64,87,-0.050719603778790756
64,88,-0.09318434263522979
64,89,-0.10388087749289643
64,90,-0.08613249541924262
64,91,-0.09223265424818738
64,92,-0.08979959106787555
64,93,-0.09188084903542898
64,94,-0.10677217446082876
64,95,-0.09410217674977189
64,96,-0.10177653182798024
64,97,-0.10269474402463619
64,98,-0.11412144914284522
64,99,-0.09152048451992462
64,100,-0.08979239580582477
64,101,-0.08387626736997877
64,102,-0.09469527805010358
64,103,-0.09317381540229791
64,104,-0.11140700491466432
64,105,-0.10668589258266126
64,106,-0.07583477681434542
64,107,-0.08447991419036277
64,108,-0.09359439973058381
64,109,-0.08828400881244558
64,110,-0.1029807079511268
64,111,-0.06896632126034025
64,112,-0.09141394124044666
64,113,-0.09353081152545561
64,114,-0.07665990329996758
64,115,-0.05895872604262803
64,116,-0.09572871480776263
64,117,-0.10013044898183726
64,118,-0.11266740684748994
64,119,-0.08288882725128999
64,120,-0.07296180210212017
64,121,-0.07836576179730464
64,122,-0.07475480663408457
64,123,-0.11330494805439811
64,124,-0.08674898332696424
64,125,-0.1068328466757133
64,126,-0.10444212610947884
64,127,-0.06768694838597955
64,128,-0.10086781256199984
64,129,-0.10751948690837076
64,130,-0.11438653519714198
64,131,-0.09669630465290902
64,132,-0.0947153006540542
64,133,-0.09955916861739023
64,134,-0.09698951798196342
64,135,-0.06693524206943324
64,136,-0.08787936716317768
64,137,-0.08762074437179962
64,138,-0.09108247375083511
64,139,-0.08085790216481398
64,140,-0.10382221901007671
64,141,-0.10257558899635644
64,142,-0.09388921382800319
64,143,-0.10327423322999418
64,144,-0.11091004528056925
64,145,-0.10269964160506839
64,146,-0.10412993331899845
64,147,-0.0773782069926417
64,148,-0.07112631991064089
64,149,-0.09437452848998334
64,150,-0.07752084363794715
64,151,-0.09316065471671886
64,152,-0.09454330994506754
64,153,-0.06609420699191454
64,154,-0.10888775150125785
64,155,-0.10385651078463315
64,156,-0.08467975460896315
64,157,-0.11937507945383563
64,158,-0.0982060166808949
64,159,-0.09593764080643502
64,160,-0.0837132720068629
64,161,-0.10441036460141656
64,162,-0.11796384776089258
64,163,-0.1115785883901893
64,164,-0.10761407613432822
64,165,-0.09777332900873237
64,166,-0.07768196187971982
64,167,-0.10639824570356027
64,168,-0.11429778744541202
64,169,-0.07971272798586154
64,170,-0.07899509057065779
64,171,-0.07350263804751317
64,172,-0.09624675507403424
64,173,-0.08968278225053156
64,174,-0.08899731450935727
64,175,-0.07502735568262675
64,176,-0.08318016943699241
64,177,-0.096210360555543
64,178,-0.09143551070451034
64,179,-0.1068785941091886
64,180,-0.0963929970727852
64,181,-0.08750238400386007
64,182,-0.08364492713180627
64,183,-0.09785962763364969
64,184,-0.10773042220911183
64,185,-0.08775658963542576
64,186,-0.09191404925806079
64,187,-0.10035477556328282
64,188,-0.09605064796158125
64,189,-0.08991214464678765
64,190,-0.09744867018646841
64,191,-0.09603559431356906
64,192,-0.059355499650490584
64,193,-0.055838058564161686
64,194,-0.09090284680201582
64,195,-0.059871224672927104
64,196,-0.08278573062539296
64,197,-0.07885789042483393
64,198,-0.08734670707065079
64,199,-0.09544750677087183
64,200,-0.08363682500488029
64,201,-0.08126536484818553
64,202,-0.0636939268878165
64,203,-0.09268681834144016
64,204,-0.06261963291677947
64,205,-0.08637010417418967
64,206,-0.04718461289250564
64,207,-0.0708795843530649
64,208,-0.07012332596595883
64,209,-0.06991995022716185
64,210,-0.07042540247493029
64,211,-0.053334976453489114
64,212,-0.07033908126533389
64,213,-0.07327723804276237
64,214,-0.08968063972079043
64,215,-0.03459632260052575
64,216,-0.05032099219646269
64,217,-0.0772065484654717
64,218,-0.05585483947941633
64,219,-0.034109839764089045
64,220,-0.07410946071670699
64,221,-0.06294339090220957
64,222,-0.059151308111320355
64,223,-0.055000850717565886
64,224,-0.0781790843812264
64,225,-0.02809624813958317
64,226,-0.0456386216498183
64,227,-0.03583533563701913
64,228,-0.026324436790836403
64,229,-0.040624879136036185
64,230,-0.05697227734786808
64,231,-0.0402908662775146
64,232,-0.049621306786239106
64,233,-0.026336545187634675
64,234,-0.043503762559461756
64,235,-0.05023200360500513
64,236,-0.04698879381638532
64,237,-0.03792427490104727
64,238,-0.04225036259129217
64,239,-0.044654899200110065
64,240,0.021332358516511496
64,241,-0.026025073738478066
64,242,-0.03476305162853771
64,243,-0.07662971436216709
64,244,-0.04871492846424336
64,245,-0.034735920133439735
64,246,-0.0025340645938495276
64,247,-0.014699853154186482
64,248,-0.040273591064868774
64,249,-0.033365846257191356
64,250,-0.03489909856913703
64,251,-0.021595730607748387
64,252,-0.0007759198191047423
64,253,-0.009882371351824626
64,254,0.03158015683555049
64,255,0.01043261913095217
64,256,-0.025878555361843192
64,257,0.016256957375853087
64,258,-0.01947548137113153
64,259,0.0054304695450105855
64,260,0.010862010164127356
64,261,0.047685876399850335
64,262,0.012640543788566494
64,263,-0.00027752921697576927
64,264,0.022384928389951653
64,265,0.003552836055944919
64,266,0.03528681747099782
64,267,-0.00401895906849592
64,268,0.027561536868289105
64,269,0.040241796596779955
64,270,0.048813626623842477
64,271,0.06918491768581092
64,272,0.024206446315020558
64,273,0.05329077759325407
64,274,0.02172737867952168
64,275,0.043194447429777294
64,276,0.01788556467439817
64,277,0.06905134291870052
64,278,0.07418812818198806
64,279,0.05945686473393541
64,280,0.0774759610394169
64,281,0.06686451320964437
64,282,0.0856015036741008
64,283,0.0899946666595196
65,1,-0.0471947037253414
65,2,-0.035743904903642154
65,3,-0.014123539987695777
65,4,-0.06493232991040976
65,5,-0.05197431357512988
65,6,-0.025857665712580913
65,7,-0.041811883763597235
65,8,-0.024690011177686155
65,9,-0.05927559174192798
65,10,-0.05772834764719892
65,11,-0.0386838951667709
65,12,-0.03644825405041857
65,13,-0.03299269929819182
65,14,-0.06453801535784731
65,15,0.03200611848678103
65,16,-0.06109691041493781
65,17,-0.027516014514345433
65,18,-0.033529022278833864
65,19,-0.02382037487562877
65,20,-0.026906719541881507
65,21,-0.05990010599412626
65,22,-0.09071777187646485
65,23,-0.0800456063827607
65,24,-0.08903415512139662
65,25,-0.06317719196719024
65,26,0.054754423971828614
65,27,-0.06865060240448456
65,28,-0.0634077430239533
65,29,-0.04525594715017128
65,30,-0.05686946498911016
65,31,-0.010827247388101091
65,32,-0.0575975099518532
65,33,-0.03417067538410956
65,34,-0.05447445700275355
65,35,-0.05242222955337367
65,36,-0.06726925462597316
65,37,-0.06174726166471567
65,38,-0.06448612405449572
65,39,-0.0422566445734891
65,40,-0.04156733563566367
65,41,-0.053237748709259125
65,42,-0.021921835308450655
65,43,-0.07036119220949694
65,44,-0.04031929319137545
65,45,-0.02445801709206674
65,46,-0.09353200638539749
65,47,-0.021320972644262248
65,48,-0.0866214851001974
65,49,0.04535155307282446
65,50,-0.04569962014565582
65,51,-0.08284151558309738
65,52,-0.02898497402075212
65,53,-0.0773219969502868
65,54,-0.07076162558078092
65,55,-0.0823171650526956
65,56,-0.015404156917135092
65,57,-0.05573753582715257
65,58,-0.06437453492484974
65,59,-0.06007695921211165
65,60,-0.07969877377234541
65,61,-0.039081709514073915
65,62,-0.07759908153024453
65,63,-0.07181823115529107
65,64,-0.06830722907927644
65,65,-0.05397608422415101
65,66,-0.07915421611194362
65,67,-0.06798906765115809
65,68,-0.07156502613533855
65,69,-0.03360912332860272
65,70,-0.09734530948937503
65,71,-0.09811629429862956
65,72,0.014714089394418983
65,73,-0.06684451515329565
65,74,-0.06144677840352586
65,75,-0.08896029347909229
65,76,-0.0774792337974387
65,77,-0.07780899721510581
65,78,-0.07130075129760316
65,79,-0.10633483013823825
65,80,-0.07082015923783785
65,81,-0.09921540511501836
65,82,-0.09616555435062102
65,83,-0.07793211989604831
65,84,-0.08571898300031988
65,85,-0.08930541881916515
65,86,-0.08007363586015576
65,87,-0.09784716078271843
65,88,-0.07200376173510603
65,89,-0.09019245503842693
65,90,-0.07102589286596867
65,91,-0.08121737032616427
65,92,-0.09179089445177302
65,93,-0.0670188327559173
65,94,-0.08772211066367863
65,95,-0.09678968536383259
65,96,-0.08330213875062858
65,97,-0.09024481836575826
65,98,-0.08200571661137829
65,99,-0.06159359609921905
65,100,-0.07757797871672828
65,101,-0.06602433972668137
65,102,-0.07377247849222873
65,103,-0.10149802717297174
65,104,-0.10300501885377195
65,105,-0.09167919042045802
65,106,-0.057780548757622896
65,107,-0.08813296572034546
65,108,-0.11525653719931794
65,109,-0.07503797595182288
65,110,-0.10109889220991547
65,111,-0.09233706112823475
65,112,-0.09823425176787809
65,113,-0.0961316764661857
65,114,-0.09779691998575463
65,115,-0.08617807061382116
65,116,-0.09615205534067006
65,117,-0.06698939448653884
65,118,-0.10145286139009951
65,119,-0.09917418336237216
65,120,-0.07218761008344682
65,121,-0.08421080259014113
65,122,-0.07402132107603926
65,123,-0.07961194400640453
65,124,-0.09375607923901397
65,125,-0.08892616452418184
65,126,-0.07145718007814844
65,127,-0.052894832383337254
65,128,-0.0381349303724422
65,129,-0.054345837448611434
65,130,-0.030687425634681464
65,131,-0.024757965195814857
65,132,-0.04389629004573253
65,133,-0.051742926770596276
65,134,-0.034137279968783796
65,135,-0.023278572984898493
65,136,-0.02343588953163367
65,137,-0.042197688465330785
65,138,0.006937547549854428
65,139,0.03345748546051741
65,140,0.029025256828342783
65,141,0.02392733653251755
65,142,-0.002160056453410941
65,143,0.02925065250096337
65,144,0.04165108826411035
65,145,0.03413749955722423
65,146,0.047916479992423544
65,147,0.04276820891533917
65,148,0.06967420618360398
65,149,0.0743606086067774
65,150,0.074231624365235
65,151,0.0835756998725401
65,152,0.07926136242615622
65,153,0.09517831054093706
66,1,-0.11480133087468725
66,2,-0.08316386566216805
66,3,-0.07014036524430228
66,4,-0.08686683880299695
66,5,-0.10642294759926235
66,6,-0.08207566316692783
66,7,-0.10281726934016522
66,8,-0.10042020723800782
66,9,-0.11095797465800855
66,10,-0.0922971987774926
66,11,-0.07004285458446041
66,12,-0.05573738386013444
66,13,-0.09380820258152406
66,14,-0.10053333921113228
66,15,-0.0750506992546488
66,16,-0.0733800326583513
66,17,-0.09625445829797824
66,18,-0.09345781328232211
66,19,-0.07651213866715367
66,20,-0.08410600879684982
66,21,-0.0910051695592432
66,22,-0.083390700922434
66,23,-0.08272191007434049
66,24,-0.08761810115162516
66,25,-0.07694231357488668
66,26,-0.10797154332355435
66,27,-0.09377011993757839
66,28,-0.08831676278415601
66,29,-0.07490411694204774
66,30,-0.08533585967594898
66,31,-0.09670873881868575
66,32,-0.10335717169975822
66,33,-0.1044777520761998
66,34,-0.09529049741914641
66,35,-0.08003408635097825
66,36,-0.06616351126180514
66,37,-0.1077441516914423
66,38,-0.07334563556295076
66,39,-0.09145706331575293
66,40,-0.09948211879200575
66,41,-0.08471738070497303
66,42,-0.10813799627333448
66,43,-0.09408557388731664
66,44,-0.09052021307637875
66,45,-0.08582098404584187
66,46,-0.09420391650055832
66,47,-0.11349539016966481
66,48,-0.09792505135839075
66,49,-0.09812032925589931
66,50,-0.06767655203299888
66,51,-0.08656080519295228
66,52,-0.10525946021279248
66,53,-0.09974313611995139
66,54,-0.08794877316944372
66,55,-0.1010348374959888
66,56,-0.05919530483475266
66,57,-0.07279667360965159
66,58,-0.10554528724454038
66,59,-0.01110352533005421
66,60,-0.10090959870420957
66,61,-0.08033502029334183
66,62,-0.10021505549408266
66,63,-0.05431069897129143
66,64,-0.10365703199261489
66,65,-0.07324124827719508
66,66,-0.11506101358396831
66,67,-0.09671062587030194
66,68,-0.09411767320459602
66,69,-0.044821173279589344
66,70,-0.07505481848090445
66,71,-0.07695867004443263
66,72,-0.0942075438241109
66,73,-0.08751559003430764
66,74,-0.06602998889579648
66,75,-0.0622131107242761
66,76,-0.10051190773657342
66,77,-0.049827736187550487
66,78,-0.10701080359061999
66,79,-0.08079067516343963
66,80,-0.08273635162837467
66,81,-0.07354820532797518
66,82,-0.09806912945198226
66,83,-0.07229147697691712
66,84,-0.08855812833661714
66,85,-0.09543395356735429
66,86,-0.08184134625597295
66,87,-0.08847908082343214
66,88,-0.0899622432919836
66,89,-0.08052658805357293
66,90,-0.09554402070676249
66,91,-0.059790736336862715
66,92,-0.08666764877733385
66,93,-0.08856413237527538
66,94,-0.09087327747906232
66,95,-0.06792354156861086
66,96,-0.08775710556747046
66,97,-0.04366177056277981
66,98,-0.06501448767169155
66,99,-0.07400993076919277
66,100,-0.0697085561669657
66,101,-0.08413531841979477
66,102,-0.0819222697084937
66,103,-0.0715931051199244
66,104,-0.09416307725516598
66,105,-0.0820382356514478
66,106,-0.0623546346107931
66,107,-0.09716299814090085
66,108,-0.01592632735111693
66,109,-0.08520909961371459
66,110,-0.0937405121453892
66,111,-0.07777343680991405
66,112,-0.062292517334273545
66,113,-0.05186241724341911
66,114,-0.07580011557791139
66,115,-0.05799090010473085
66,116,-0.04012453399731375
66,117,-0.08799060781701373
66,118,-0.061341080399003545
66,119,-0.08445610040171886
66,120,-0.038555781378938836
66,121,-0.07415572417819938
66,122,-0.11316906098187873
66,123,-0.08068200082419352
66,124,-0.05876965498421316
66,125,-0.07566897525332095
66,126,-0.051631513066913215
66,127,-0.06476335469226835
66,128,-0.08324134978153824
66,129,-0.058772869223198854
66,130,-0.08442430445570992
66,131,-0.05525302362796397
66,132,-0.08150546026436584
66,133,-0.04411002666579433
66,134,-0.08812497728924257
66,135,-0.070057900558615
66,136,-0.07539049804836401
66,137,-0.041744197859814536
66,138,-0.08238473242440819
66,139,-0.06621773802291075
66,140,-0.050012227882632154
66,141,-0.04749191427566801
66,142,-0.058802574198101976
66,143,-0.06217460727945934
66,144,-0.045935455843442496
66,145,-0.07491166181527681
66,146,-0.031078148683176154
66,147,-0.019390393659323713
66,148,-0.06309473542355848
66,149,-0.045150811029381455
66,150,-0.04460593041196664
66,151,-0.06140250122038965
66,152,-0.02799251608672032
66,153,-0.04853283733233371
66,154,-0.053232969239870476
66,155,-0.046267980024930544
66,156,-0.041760469578475845
66,157,-0.050644182283591965
66,158,-0.04776260033674168
66,159,-0.0444755080900433
66,160,-0.013255723609288672
66,161,-0.01375019344214029
66,162,-0.02505175495732953
66,163,-0.04181252785786732
66,164,-0.0004342120864310739
66,165,-0.026218546995072256
66,166,-0.042868218757175225
66,167,-0.006042444053260265
66,168,-0.023593105172019735
66,169,-0.024415422067630643
66,170,-0.026393410984882626
66,171,-0.034786416883113125
66,172,-0.033319495151090006
66,173,-0.01892049894303577
66,174,-0.021841972814070854
66,175,-0.01973344478384581
66,176,-0.01950132363394541
66,177,-0.0001832936706361865
66,178,-0.01914167680671547
66,179,0.01393953428933603
66,180,0.016393069012160755
66,181,0.01672477707418163
66,182,0.0013234652974367656
66,183,0.015609863794627588
66,184,0.016775487345746742
66,185,-0.011727556759337565
66,186,-0.027338828150176298
66,187,0.005434698343982469
66,188,0.016562232842974534
66,189,0.03084280206813661
66,190,0.06573364830648065
66,191,0.0375739749053684
66,192,0.039505866500190834
66,193,0.02941910283640481
66,194,0.05387964809050638
66,195,0.020770200185585508
66,196,0.031953781559603156
66,197,0.06100731604223564
66,198,0.02034409762338152
66,199,0.06127089601944147
66,200,0.05529990623607106
66,201,0.09108922686048815
66,202,0.09849662211444399
67,1,-0.05855785907333949
67,2,-0.0759844651131577
67,3,-0.06525024882146713
67,4,-0.09459141352568867
67,5,-0.0641588241262146
67,6,-0.08818977150711155
67,7,-0.05917441052029976
67,8,-0.08320828394617341
67,9,-0.060369365710453815
67,10,-0.05102243537575374
67,11,-0.061261703495701036
67,12,-0.09223640677562917
67,13,-0.10641759629471725
67,14,-0.09009197769122507
67,15,-0.10198086850081828
67,16,-0.08423195065806716
67,17,-0.07281922289570064
67,18,-0.08283901797413151
67,19,-0.06973313813919324
67,20,-0.09889587396441751
67,21,-0.07398224261338177
67,22,-0.0833108933188294
67,23,-0.0962146783187926
67,24,-0.05541842160689597
67,25,-0.07917206446026415
67,26,-0.09530567658311456
67,27,-0.09338869555478913
67,28,-0.06736446490654108
67,29,-0.04718006838647992
67,30,-0.0661987783147337
67,31,-0.0903476002510274
67,32,-0.09653670597842418
67,33,-0.0973108276877005
67,34,-0.08646939265061282
67,35,-0.08757498667795549
67,36,-0.10957749738076955
67,37,-0.07645610714847867
67,38,-0.07835761167303695
67,39,-0.07498321977493327
67,40,-0.0743253773975947
67,41,-0.0930185605387569
67,42,-0.09295950591218594
67,43,-0.08245195228505325
67,44,-0.07910700359493211
67,45,-0.0748908664116042
67,46,-0.08040400799925707
67,47,-0.07669718717272672
67,48,-0.1026232487812418
67,49,-0.07242907874639315
67,50,-0.058393013662748905
67,51,-0.06445793329934452
67,52,-0.09080124751050744
67,53,-0.06921574159341909
67,54,-0.09088936293805472
67,55,-0.1151308536652011
67,56,-0.10253870707451468
67,57,-0.08957097622231808
67,58,-0.11857292287868482
67,59,-0.0927339168611383
67,60,-0.10376145521909491
67,61,-0.05109385850941811
67,62,-0.07418879752758961
67,63,-0.030523137393384914
67,64,-0.0853017231735414
67,65,-0.09346505573148323
67,66,-0.08972668046313781
67,67,-0.09301647614086372
67,68,-0.07669066584543016
67,69,-0.07304345570642401
67,70,-0.08261862419117688
67,71,-0.084678378221902
67,72,-0.0833096952793097
67,73,-0.10678573954309184
67,74,-0.09435279996269741
67,75,-0.06497919804513008
67,76,-0.08486254889647804
67,77,-0.10234928193351339
67,78,-0.08170733209811937
67,79,-0.0880173702856708
67,80,-0.10540927829484975
67,81,-0.07587284994461002
67,82,-0.0899208339639862
67,83,-0.10027188878944998
67,84,-0.05787708655931273
67,85,-0.0862606304627131
67,86,-0.10096367555434627
67,87,-0.08873072491941936
67,88,-0.04484604372933554
67,89,-0.023346399925937344
67,90,-0.09301092731864602
67,91,-0.09931867414577328
67,92,-0.1092864586360488
67,93,-0.0773059167406589
67,94,-0.08980480456554502
67,95,-0.06967575838991086
67,96,-0.08171655074755907
67,97,-0.08837116342537438
67,98,-0.08389968168230216
67,99,-0.09823882137562506
67,100,-0.10159192799232558
67,101,-0.08534779573049889
67,102,-0.0674357042999339
67,103,-0.09941422965613084
67,104,-0.11154153085867868
67,105,-0.10226703276176924
67,106,-0.09271520580212528
67,107,-0.09631450481790149
67,108,-0.08958568546449391
67,109,-0.07857727551346744
67,110,-0.09314835312315678
67,111,-0.08871772816341733
67,112,-0.1057206950299126
67,113,-0.08155304898916999
67,114,-0.11232705943448223
67,115,-0.10761261849000064
67,116,-0.11696534567254036
67,117,-0.08216720479947603
67,118,-0.09998047484774719
67,119,-0.10226313071987475
67,120,-0.09816320169604936
67,121,-0.09530009856735633
67,122,-0.10389997544038265
67,123,-0.07622317760472647
67,124,-0.07114428578428378
67,125,-0.09128245210995983
67,126,-0.08289543576303926
67,127,-0.11725918783573164
67,128,-0.07386057134298912
67,129,-0.1030052284215891
67,130,-0.09441913808162444
67,131,-0.09556708663514585
67,132,-0.1025518573919802
67,133,-0.10660723618794249
67,134,-0.06647828420654628
67,135,-0.10370908360811887
67,136,-0.09309796183600533
67,137,-0.09330959951745837
67,138,-0.08529409339921779
67,139,-0.061550996912480394
67,140,-0.09244372127507794
67,141,-0.09002182298676303
67,142,-0.07709525847063159
67,143,-0.08224618685058932
67,144,-0.10081835410014944
67,145,-0.0845821916197615
67,146,-0.11055234450525286
67,147,-0.05979627075108357
67,148,-0.07668082761516593
67,149,-0.0789418276140284
67,150,-0.10349086787197309
67,151,-0.09570734235046335
67,152,-0.08843250907063521
67,153,-0.10376216893848211
67,154,-0.08025776755697023
67,155,-0.0942931811394091
67,156,-0.05940117578048887
67,157,-0.07560289996587288
67,158,-0.10315184617738504
67,159,-0.05445103643076338
67,160,-0.09245625284697967
67,161,-0.10917516003304878
67,162,-0.06773351554134216
67,163,-0.09256623925344676
67,164,-0.10156089918222033
67,165,-0.10346278263943187
67,166,-0.09264063085236862
67,167,-0.08457665686009319
67,168,-0.09382245374187742
67,169,-0.10930186585741869
67,170,-0.08503608351531416
67,171,-0.09877196402356714
67,172,-0.07873600874610226
67,173,-0.0958459420401046
67,174,-0.08905260537934184
67,175,-0.05812600441409749
67,176,-0.0783688095009491
67,177,-0.07839345535236192
67,178,-0.07626778804471335
67,179,-0.10458593584378967
67,180,-0.10037777808606296
67,181,-0.09989757733335619
67,182,-0.10412055642249629
67,183,-0.1116855765717229
67,184,-0.07667779134196007
67,185,-0.07118308772490772
67,186,-0.10386379945198104
67,187,-0.05910829271412804
67,188,-0.09894887961991833
67,189,-0.09468392639976603
67,190,-0.06822505718614663
67,191,-0.07720255281190447
67,192,-0.06365040228202051
67,193,-0.1030744268172703
67,194,-0.09928516988321767
67,195,-0.0790892714063367
67,196,-0.1090598125388259
67,197,-0.064566972374765
67,198,-0.10976959959244009
67,199,-0.10065296824275088
67,200,-0.0764490688182985
67,201,-0.09088429425495542
67,202,-0.08168502557124074
67,203,-0.07507198892340433
67,204,-0.0964207760940956
67,205,-0.08223393477050928
67,206,-0.08055962267873923
67,207,-0.08617753678096285
67,208,-0.07490128609749608
67,209,-0.09347020370239106
67,210,-0.062144564757115994
67,211,-0.08262214741775309
67,212,-0.08964641121840639
67,213,-0.08140922062179945
67,214,-0.09468940592205194
67,215,-0.10525408018715199
67,216,-0.0949107820079586
67,217,-0.07894112488919275
67,218,-0.11037312114241654
67,219,-0.06270301106484932
67,220,-0.07559176832279152
67,221,-0.08961133279378175
67,222,-0.10278459543380042
67,223,-0.0824448652057091
67,224,-0.06758871143558581
67,225,-0.08002397597774391
67,226,-0.09694571436079946
67,227,-0.0766890129768038
67,228,-0.10290813246406971
67,229,-0.07310712255948787
67,230,-0.06742714809431527
67,231,-0.0858971715597115
67,232,-0.08443123876382064
67,233,-0.04636088199022448
67,234,-0.0757320981535935
67,235,-0.05670354859511639
67,236,-0.072115594129675
67,237,-0.09567179173198825
67,238,-0.07643435881601729
67,239,-0.0507048022400175
67,240,-0.0800548967379825
67,241,-0.053039814239708716
67,242,-0.037454283590670545
67,243,-0.05846832945991781
67,244,-0.07553290277259866
67,245,-0.05474341927313803
67,246,-0.06470229109951092
67,247,-0.06742385110629134
67,248,-0.05529205427050615
67,249,-0.053588756043612906
67,250,-0.0782778052348645
67,251,-0.07277750809885747
67,252,-0.07261974882850325
67,253,-0.09282473545544445
67,254,-0.061285412563698405
67,255,-0.08342693983349875
67,256,-0.04466566438118924
67,257,-0.06951881403392329
67,258,-0.03380568891504704
67,259,-0.06417514816064968
67,260,-0.05175028119791414
67,261,-0.059748354004745596
67,262,-0.05946131739453564
67,263,-0.05076562839063831
67,264,-0.0502649390144671
67,265,-0.07314183298590365
67,266,-0.06396068705622104
67,267,-0.028542135179718764
67,268,-0.03218042028880752
67,269,-0.07486586644891469
67,270,-0.05200239342214036
67,271,-0.011771176203650924
67,272,-0.05032352508371324
67,273,-0.026857671969740482
67,274,-0.016940537790009702
67,275,-0.02320941439981894
67,276,-0.023285779561151743
67,277,-0.040861804888921216
67,278,-0.02314892020326581
67,279,-0.008972092255914665
67,280,0.010834396426712467
67,281,-0.03977802385329687
67,282,-0.04636995463126464
67,283,0.02027855479152385
67,284,0.006542966589860866
67,285,-0.033133746139535514
67,286,-0.014292728614989203
67,287,0.018090645677185324
67,288,-0.012457831650589057
67,289,-0.029957973965343165
67,290,-0.02825060419887876
67,291,0.02894885779180434
67,292,0.04330658135602039
67,293,0.00319767687221284
67,294,0.01332255807140803
67,295,-0.012270489683534336
67,296,0.040650992445416145
67,297,0.04742967237501472
67,298,0.04607009271243767
67,299,0.002855383492510577
67,300,0.055056201780523284
67,301,0.06734706339792107
67,302,0.02037945170422162
67,303,0.025043346350133167
67,304,0.0647457659298768
67,305,0.024831999443078456
67,306,0.02711205604099398
67,307,0.015554072558788157
67,308,0.05919446451668775
67,309,0.06308563414525203
67,310,0.04819797019258243
67,311,0.033419121802218954
67,312,0.03999197039853819
67,313,0.054927383175476074
68,1,-0.10218096630185464
68,2,-0.08959804416571115
68,3,-0.07178698905871272
68,4,-0.11191859976367946
68,5,-0.0788863631536727
68,6,-0.09616350527946427
68,7,-0.10609072364219313
68,8,-0.08067797080513261
68,9,-0.10598877386925504
68,10,-0.09256866921943552
68,11,-0.10019714141682445
68,12,-0.11552596968989798
68,13,-0.09957568173650355
68,14,-0.08160077890710643
68,15,-0.08572673404002051
68,16,-0.1003845830277903
68,17,-0.09785261186436534
68,18,-0.09856984830872745
68,19,-0.09345818806010697
68,20,-0.09559494868993335
68,21,-0.07617346247237633
68,22,-0.053628423078921794
68,23,-0.07261699353085904
68,24,-0.07443009643152382
68,25,-0.0872264341856086
68,26,-0.08593354099113715
68,27,-0.09316008314829988
68,28,-0.09313088483580423
68,29,-0.07866607216342386
68,30,-0.11550108307849521
68,31,-0.10261564668075362
68,32,-0.11255174695834225
68,33,-0.08583108786036786
68,34,-0.09908159292291724
68,35,-0.10768076572064383
68,36,-0.09989993157194438
68,37,-0.08507531261943918
68,38,-0.03901158321011772
68,39,-0.08942718628051133
68,40,-0.10601656847017121
68,41,-0.08855259709405267
68,42,-0.056047295871551384
68,43,-0.0943577452084915
68,44,-0.10017606182844452
68,45,-0.10691008172810001
68,46,-0.08883815333144823
68,47,-0.10333951870857133
68,48,-0.07924300034396708
68,49,-0.11350956516398941
68,50,-0.08054023085110801
68,51,-0.09024254998155806
68,52,-0.10153639394638075
68,53,-0.1036589689497216
68,54,-0.08705900351521473
68,55,-0.11320058136860262
68,56,-0.0810637138816438
68,57,-0.10120560794666217
68,58,-0.10878708351484301
68,59,-0.1104997592710314
68,60,-0.08164394074231568
68,61,-0.10893612293016508
68,62,-0.07193961762353407
68,63,-0.07765188560089009
68,64,-0.06289190512918291
68,65,-0.10354194601277461
68,66,-0.09643937549732129
68,67,-0.09018643427802397
68,68,-0.08408988278951618
68,69,-0.10165068975909447
68,70,-0.08768543101477749
68,71,-0.06580234742383434
68,72,-0.11142045303409964
68,73,-0.1068327584275362
68,74,-0.07636943513007644
68,75,-0.07171120513577572
68,76,-0.09474105414129275
68,77,-0.08800176842257296
68,78,-0.0870933124171257
68,79,-0.09655893163822704
68,80,-0.07978194619892004
68,81,-0.10213752000342041
68,82,-0.10865906932954122
68,83,-0.09779743560346443
68,84,-0.07830325351847267
68,85,-0.08045214465445694
68,86,-0.0801166368047862
68,87,-0.11046998476807868
68,88,-0.09090209372857988
68,89,-0.10600669568300758
68,90,-0.09610304758972427
68,91,-0.08129722435697351
68,92,-0.07949279414894089
68,93,-0.08053401394166304
68,94,-0.08551418067368538
68,95,-0.07503914925271699
68,96,-0.03234778477799105
68,97,-0.11259175253884984
68,98,-0.1062728403070633
68,99,-0.08385385966445297
68,100,-0.07822700097971841
68,101,-0.08354078370903006
68,102,-0.07636548381404873
68,103,-0.09100259590995541
68,104,-0.07847260593931732
68,105,-0.0995915149426922
68,106,-0.11021738569017786
68,107,-0.10549930963405518
68,108,-0.07832906689613456
68,109,-0.07403539438233131
68,110,-0.0684808758739579
68,111,-0.08967670948244755
68,112,-0.08738254650414001
68,113,-0.06609261401367428
68,114,-0.07304917982052717
68,115,-0.07671790115208771
68,116,-0.09808841324574502
68,117,-0.08752077518100038
68,118,-0.08808031642863073
68,119,-0.08002272731138738
68,120,-0.07722910111756631
68,121,-0.07935641013791722
68,122,-0.09656031490327421
68,123,-0.09417271015419432
68,124,-0.034413248595821344
68,125,-0.08816336048722828
68,126,-0.042434223588200815
68,127,-0.07219610008292521
68,128,-0.09200185766621194
68,129,-0.04568910391530473
68,130,-0.098033253262781
68,131,-0.08198497368939589
68,132,-0.08590388429492263
68,133,-0.07925526439674851
68,134,-0.0697240085288875
68,135,-0.08396169683197324
68,136,-0.07675275951642624
68,137,-0.038528125442193695
68,138,-0.07398344844514532
68,139,-0.04977631411837102
68,140,-0.05396118703791175
68,141,-0.08229034682231329
68,142,-0.0927319541202602
68,143,-0.04843191785810763
68,144,-0.05906288913302399
68,145,-0.07353736462718147
68,146,-0.05118597303955441
68,147,-0.0668224446102958
68,148,-0.07917098971478137
68,149,-0.06337365141083845
68,150,-0.037889968060376034
68,151,-0.06433909245825736
68,152,-0.06291492792963305
68,153,-0.03187364222927119
68,154,-0.016079765951071023
68,155,-0.06242474201531106
68,156,-0.03824586472314184
68,157,-0.025639681053862773
68,158,-0.05039474526009419
68,159,-0.07721042138972772
68,160,-0.04337218435885165
68,161,-0.003633790005822979
68,162,-0.026295161370148923
68,163,-0.025931136222722972
68,164,-0.025402429444259855
68,165,-0.049927467775257195
68,166,-0.015533987365962565
68,167,-0.01241020202391202
68,168,-0.02217967287828898
68,169,-0.0022974788686261904
68,170,-0.020303113034076614
68,171,-0.01960571098983016
68,172,-0.024041383918923187
68,173,-0.02171627046040564
68,174,0.0053102162976328415
68,175,0.027718530359138183
68,176,-0.021836084168157133
68,177,-0.0405012844998725
68,178,-0.003867142807258084
68,179,0.030821294696484425
68,180,-0.00799880435398459
68,181,0.012428253487961727
68,182,0.006241124441417001
68,183,0.021866385781686315
68,184,0.04394973619057729
68,185,-0.0049948225528747
68,186,0.02715743477749588
68,187,0.06249257756622262
68,188,0.06642669489138309
68,189,0.06344808023145099
68,190,0.05093320355831377
68,191,0.06479486890649488
68,192,0.048367630748005985
68,193,0.02695557566291451
68,194,0.084744675536643
68,195,0.07039904737303349
68,196,0.10626058943941807
68,197,0.10254765045499792
68,198,0.09293432152837411
68,199,0.10955644839590539
69,1,-0.10716274703318723
69,2,-0.0612016567837248
69,3,-0.0939668949037683
69,4,-0.07858844565524176
69,5,-0.09583937595561615
69,6,-0.05586860086531181
69,7,-0.08273479185526861
69,8,-0.08424641950259504
69,9,-0.0703784374842854
69,10,-0.10875093366898675
69,11,-0.09279043193479097
69,12,-0.0877737182668532
69,13,-0.07723591031160798
69,14,-0.09682876324391776
69,15,-0.05116254836960438
69,16,-0.08465700536226434
69,17,-0.08720534697107396
69,18,-0.07956714245838992
69,19,-0.09942121883967037
69,20,-0.07625789947739142
69,21,-0.08939562381488042
69,22,-0.0503003171631593
69,23,-0.0732316779432522
69,24,-0.0780326784109236
69,25,-0.08240725687281031
69,26,-0.08004675333650413
69,27,-0.08322556881499293
69,28,-0.04099827980050763
69,29,-0.07384965406476124
69,30,-0.06497898440124672
69,31,-0.08944431821061072
69,32,-0.08100347163024807
69,33,-0.07889518922244676
69,34,-0.10960651190192511
69,35,-0.10326037166550522
69,36,-0.05387924548690576
69,37,-0.07805926503297561
69,38,-0.07648713474093999
69,39,-0.059366666964252135
69,40,-0.049271484143644795
69,41,-0.06846784410310586
69,42,-0.08628247839497621
69,43,-0.09915762807377859
69,44,-0.09023209931012527
69,45,-0.06773393914040543
69,46,-0.06796520703101411
69,47,-0.09442441844200755
69,48,-0.06801788060132596
69,49,-0.0667731501201701
69,50,-0.08331015636515532
69,51,-0.08098599501689507
69,52,-0.04830055563751706
69,53,-0.11091541284255618
69,54,-0.08822605874622907
69,55,-0.09325676970520658
69,56,-0.07342233065915782
69,57,-0.09108603533711068
69,58,-0.08559242330403422
69,59,-0.09004888857258353
69,60,-0.10279216285101839
69,61,-0.08248105333651035
69,62,-0.05021541179894451
69,63,-0.09021004217968381
69,64,-0.05378117938134247
69,65,-0.055651136735611006
69,66,-0.06664821702008455
69,67,-0.06985605406008738
69,68,-0.08301619651737802
69,69,-0.09074465613029303
69,70,-0.08179843065633996
69,71,-0.0035214162898019596
69,72,-0.07795637521228127
69,73,-0.07895927196930003
69,74,-0.0712469140143206
69,75,-0.06039865555426277
69,76,-0.07877615830920232
69,77,-0.08626594664732135
69,78,-0.06872021458967298
69,79,-0.09967818706525455
69,80,-0.08137373607278503
69,81,-0.0817631236285446
69,82,-0.10760762844359922
69,83,-0.09398049642291473
69,84,-0.10008413206593941
69,85,-0.1012685804036682
69,86,-0.09570301973294548
69,87,-0.08305978346222037
69,88,-0.07469728297927208
69,89,-0.0998833641967189
69,90,-0.08694945423827538
69,91,-0.09155616208551381
69,92,-0.08967959550957905
69,93,-0.12168478339087357
69,94,-0.018873182116397214
69,95,-0.07004870026363047
69,96,-0.055739705372416126
69,97,-0.09112558200361032
69,98,-0.10416120710301974
69,99,-0.07677705465087115
69,100,-0.0921294317468358
69,101,-0.05821452783402836
69,102,-0.09058875877314942
69,103,-0.09097241774231102
69,104,-0.0654778872202103
69,105,-0.09599051008069737
69,106,-0.09596447218997128
69,107,-0.09628130087078923
69,108,-0.09975867694895318
69,109,-0.0340924634708491
69,110,-0.08107059645289827
69,111,-0.07933421004197516
69,112,-0.09796876322491854
69,113,-0.09288905747526882
69,114,-0.11195370396586884
69,115,-0.088407079255654
69,116,-0.052345139815274
69,117,-0.0970677135844803
69,118,-0.025947421160666173
69,119,-0.10910018413259309
69,120,-0.08771806348094263
69,121,-0.1107114338059847
69,122,-0.053859005088808476
69,123,-0.07920327027169449
69,124,-0.06195202219522705
69,125,-0.08722292256547637
69,126,-0.10554026713847231
69,127,-0.060007689648864215
69,128,-0.08691004608721459
69,129,-0.10413480062252045
69,130,-0.09286676947121292
69,131,-0.08697986967443944
69,132,-0.08041677309284817
69,133,-0.0974131021339798
69,134,-0.10180482429849197
69,135,-0.09333969794697827
69,136,-0.099619529490031
69,137,-0.07955484575147492
69,138,-0.07262457451938853
69,139,-0.07949608484938092
69,140,-0.09360968335471775
69,141,-0.06098370162008532
69,142,-0.11495718592949855
69,143,-0.09252011673543215
69,144,-0.09114768848209581
69,145,-0.09821460766098977
69,146,-0.06694069576744971
69,147,-0.07255346064000978
69,148,-0.06585679690097923
69,149,-0.08255558776532657
69,150,-0.07115854225532514
69,151,-0.09899880288918073
69,152,-0.0822625078383335
69,153,-0.09868076609129739
69,154,-0.09226405232667134
69,155,-0.09604374353896311
69,156,-0.055615043895462846
69,157,-0.06474114326479063
69,158,-0.08318446641433708
69,159,-0.09650832559352335
69,160,-0.08871561640255415
69,161,-0.08102115247418495
69,162,-0.08281552301528389
69,163,-0.06804181713835128
69,164,-0.07335079849053983
69,165,-0.09975073318175603
69,166,-0.09100220804420639
69,167,-0.07830310494437098
69,168,-0.0911723678357988
69,169,-0.10236779655583017
69,170,-0.08646131570417409
69,171,-0.11219325883204573
69,172,-0.04140657164053407
69,173,-0.07403185172759291
69,174,-0.09420620679761343
69,175,-0.0980713135986011
69,176,-0.09356944777684162
69,177,-0.060300556647471304
69,178,-0.06908709371400851
69,179,-0.11535342061585518
69,180,-0.10875743249887099
69,181,-0.0994928955415913
69,182,-0.09363040484428703
69,183,-0.09863274530278215
69,184,-0.10358733500672418
69,185,-0.054036255523593535
69,186,-0.1100146155410745
69,187,-0.07833990990087114
69,188,-0.08771094667001944
69,189,-0.10362526864589844
69,190,-0.07945683495171296
69,191,-0.08625917569288549
69,192,-0.09908348248498933
69,193,-0.056949545079542696
69,194,-0.08238643504001736
69,195,-0.06571419194413636
69,196,-0.09785244572546403
69,197,-0.09522487850107453
69,198,-0.0786126714645431
69,199,-0.09718829709148386
69,200,-0.09608496850112896
69,201,-0.07402011462638497
69,202,-0.09015100321391623
69,203,-0.11481677479955155
69,204,-0.09811758317753583
69,205,-0.0916674681723964
69,206,-0.11054327737978625
69,207,-0.10195619307272358
69,208,-0.04781929102948529
69,209,-0.11326472965364193
69,210,-0.07597182445946382
69,211,-0.0874682704860873
69,212,-0.09587338187500671
69,213,-0.1060812193076976
69,214,-0.06967734210432214
69,215,-0.0669515557455263
69,216,-0.10102224836157442
69,217,-0.07985954922891808
69,218,-0.10555620576843178
69,219,-0.10123820054892024
69,220,-0.10238874035067008
69,221,-0.06725068506443949
69,222,-0.06286710490874248
69,223,-0.0854380880100547
69,224,-0.10386974046365077
69,225,-0.09632832520719598
69,226,-0.10648525683128901
69,227,-0.07800120004695366
69,228,-0.09516818042048197
69,229,-0.10825672342356446
69,230,-0.08799803553325197
69,231,-0.07778282622586735
69,232,-0.11325508783358779
69,233,-0.09836135804483848
69,234,-0.08901378763731771
69,235,-0.07673141736728006
69,236,-0.10554154891090922
69,237,-0.06506035050420667
69,238,-0.10237244260450967
69,239,-0.04747776616487276
69,240,-0.08206503366446033
69,241,-0.09385470356528541
69,242,-0.07296802540644581
69,243,-0.06695431740906788
69,244,-0.08006521139021272
69,245,-0.10889140690268723
69,246,-0.08245519416064889
69,247,-0.11501834321639143
69,248,-0.09550866917919393
69,249,-0.08106734246044334
69,250,-0.1014666998077351
69,251,-0.06679900939434746
69,252,-0.08706788997832732
69,253,-0.09544873643835944
69,254,-0.09894974834558001
69,255,-0.0421194877364815
69,256,-0.10091808634035598
69,257,-0.09703511598723108
69,258,-0.09136568497449016
69,259,-0.07483753029362655
69,260,-0.06945109410161732
69,261,-0.08774170737236975
69,262,-0.09975673918260708
69,263,-0.09147742618524263
69,264,-0.07596553382753285
69,265,-0.07821929439494735
69,266,-0.08129752610286223
69,267,-0.07773522229785568
69,268,-0.10277005908416142
69,269,-0.09818551937355097
69,270,-0.049936350038605026
69,271,-0.0673232073147857
69,272,-0.05580728844404115
69,273,-0.09445898886461562
69,274,-0.04467999547954293
69,275,-0.06604401595101284
69,276,-0.06008089919561399
69,277,-0.05177274340498833
69,278,-0.058699463120701234
69,279,-0.07554092494249431
69,280,-0.0807687759886937
69,281,-0.09613792893256412
69,282,-0.07126415274829301
69,283,-0.0874226477690197
69,284,-0.07171527571686986
69,285,-0.05209057973456699
69,286,-0.06414433917054513
69,287,-0.05305866188467795
69,288,-0.03300986686105506
69,289,-0.08826526161212372
69,290,-0.06849672134306684
69,291,-0.044917957899110295
69,292,-0.0403712098411077
69,293,-0.07666387575303052
69,294,-0.03870010489154091
69,295,-0.05514740290883585
69,296,-0.04068604111189583
69,297,-0.06463028732918619
69,298,-0.06794888514862657
69,299,-0.027592679721670565
69,300,-0.06634380456717465
69,301,-0.079877100902218
69,302,-0.05427217568586873
69,303,-0.058062497454522355
69,304,-0.06393228340807844
69,305,-0.05832591920263036
69,306,-0.040745003043619665
69,307,-0.06471966219768716
69,308,-0.014692957046691713
69,309,-0.06385910905034109
69,310,-0.035916190593208
69,311,-0.04724377691805948
69,312,-0.008736071083540187
69,313,-0.022260664866051993
69,314,0.010603972616856527
69,315,-0.01531279479126979
69,316,-0.014916527546218694
69,317,-0.05351343302897271
69,318,-0.061335939063245304
69,319,-0.023459085348899733
69,320,0.002091900255311585
69,321,-0.03312943814033692
69,322,-0.02890454434029449
69,323,-0.020525604896735716
69,324,0.011352955301889733
69,325,-0.05317943560181054
69,326,0.005828869045234164
69,327,-0.024217136185295085
69,328,-0.04314013676374673
69,329,-0.023311476161661404
69,330,0.0020684912321613513
69,331,-0.0012617844039836679
69,332,0.01729503508448793
69,333,-0.0001378927974512445
69,334,0.026491695132299986
69,335,-0.026629017934591215
69,336,0.024723876833851133
69,337,0.02656651135939836
69,338,0.01190066997622341
69,339,0.010890774827630012
69,340,0.0799256887036337
69,341,0.006184746722517898
69,342,0.028418237758333187
69,343,0.048746846950743605
69,344,0.041868172048980745
69,345,0.06212349754267121
69,346,0.025033618336124497
69,347,0.034156859631733094
69,348,0.03573393417611537
69,349,0.017072073275305466
69,350,0.058009917013116086
69,351,0.0543238745603738
69,352,0.025936189311224545
69,353,0.02526450128051838
69,354,0.06776692156810882
69,355,0.0324771814984941
69,356,0.04225152555302458
69,357,0.07389547349045833
69,358,0.08330844263795267
69,359,0.05042752285695784
69,360,0.06250739123173621
69,361,0.06059732394289363
69,362,0.08660242370924176
70,1,-0.09148605371430207
70,2,-0.08916092183855645
70,3,-0.10883140667741587
70,4,-0.07923247365151753
70,5,-0.06954765744104857
70,6,-0.07233607532966274
70,7,-0.06761984662351911
70,8,-0.07421715376442262
70,9,-0.03334884312399988
70,10,-0.09257521284433057
70,11,-0.03841757710581151
70,12,-0.06472992964534569
70,13,-0.08151333728019883
70,14,-0.07554774968789474
70,15,-0.07890401982018869
70,16,-0.08626744928847008
70,17,-0.10470938033843274
70,18,-0.07385905305813956
70,19,-0.10493400374328443
70,20,-0.09144253378784967
70,21,-0.10804887570951771
70,22,-0.07646675720038121
70,23,-0.07949952503939739
70,24,-0.10156482658402755
70,25,-0.10000226160550874
70,26,-0.04822933445597022
70,27,-0.1090667811411033
70,28,-0.07554633071108602
70,29,-0.09798634861058109
70,30,-0.06787244018290589
70,31,-0.09556314376869363
70,32,-0.0974024848233096
70,33,-0.056115378058650245
70,34,-0.07788833076309937
70,35,-0.082855008884829
70,36,-0.08496020794621617
70,37,-0.09998852422287752
70,38,-0.06735491742788002
70,39,-0.08232300717491658
70,40,-0.09646877642117757
70,41,-0.09440234035805684
70,42,-0.08570725835248505
70,43,-0.0605654110822485
70,44,-0.10825668553085449
70,45,-0.09787497016798885
70,46,-0.07140109127661437
70,47,-0.08394546140949588
70,48,-0.11275034313881038
70,49,-0.09817473386681347
70,50,-0.1117243341600922
70,51,-0.10003157350620523
70,52,-0.07256069658601877
70,53,-0.060822414156644966
70,54,-0.10803218281727461
70,55,-0.0875463465179862
70,56,-0.08827767167522982
70,57,-0.10319684308170574
70,58,-0.11098062272359538
70,59,-0.11719013035544262
70,60,-0.07366133236901112
70,61,-0.08520219539946527
70,62,-0.09603904674622571
70,63,-0.0832736664004936
70,64,-0.07772374456345127
70,65,-0.08231836376830848
70,66,-0.09258544846161532
70,67,-0.11604511585441535
70,68,-0.09805650174837333
70,69,-0.10160525986681085
70,70,-0.11028662233971953
70,71,-0.08395422123726837
70,72,-0.09764417908136719
70,73,-0.08450454751863573
70,74,-0.08958784074359327
70,75,-0.10850104707886793
70,76,-0.09839200182110747
70,77,-0.09962781806166471
70,78,-0.08314324812885265
70,79,-0.09324776928633766
70,80,-0.08669455440837148
70,81,-0.11094806720912226
70,82,-0.10139861789574717
70,83,-0.09512859283756248
70,84,-0.09592982827538504
70,85,-0.09281155030222443
70,86,-0.06705808123401386
70,87,-0.07635948187912073
70,88,-0.06547749184728324
70,89,-0.09563796014164733
70,90,-0.09500410629962819
70,91,-0.08413033653834923
70,92,-0.072470516251806
70,93,-0.0787722962602393
70,94,-0.04960120009038477
70,95,-0.08698975582219548
70,96,-0.08198788498844461
70,97,-0.07920900963372929
70,98,-0.0710625957888234
70,99,-0.08112114367217521
70,100,-0.06514007808709177
70,101,-0.08839715782171143
70,102,-0.05632208573619468
70,103,-0.06402914345079502
70,104,-0.0557531399987472
70,105,-0.04029833878613609
70,106,-0.06913029116244401
70,107,-0.07398463031151903
70,108,-0.040322127648053596
70,109,-0.05521330579853084
70,110,-0.040223586956394
70,111,-0.09154139894034402
70,112,-0.06156924830593352
70,113,-0.008387082605814222
70,114,-0.05446065737811906
70,115,-0.01806796011633116
70,116,-0.04680068198530046
70,117,-0.01298579168782349
70,118,-0.033129878411575775
70,119,0.00028633703215485973
70,120,-0.04151604181013702
70,121,-0.012138712974644361
70,122,-0.03799585978349557
70,123,0.0003303303663476642
70,124,-0.021467740451956818
70,125,-0.01407423842677713
70,126,-0.019249996463867602
70,127,-0.000589509934415422
70,128,0.0036349595066007545
70,129,0.031631384889794445
70,130,0.03999945314468645
70,131,0.018527826008147952
70,132,0.037785812135941343
70,133,0.04772102468280237
70,134,0.09341164215979025
70,135,0.01942334372428456
70,136,0.09957522010930087
70,137,0.04247069454079633
71,1,-0.05592796109106163
71,2,-0.08114363348994452
71,3,-0.08790905709825497
71,4,-0.07455893720536527
71,5,-0.0729872531557369
71,6,-0.0775076571766612
71,7,-0.02645227039843473
71,8,-0.08814186808265595
71,9,-0.03133227714767084
71,10,-0.09973871112379346
71,11,-0.11848515308042767
71,12,-0.08707559553692529
71,13,-0.07972629376892876
71,14,-0.057984669983034365
71,15,-0.0948940589618924
71,16,-0.060391132971169936
71,17,-0.08812650395545674
71,18,-0.10766788450608822
71,19,-0.0984420127477717
71,20,-0.08725787032690036
71,21,-0.07578024775245529
71,22,-0.07489004069125715
71,23,-0.11116441288191808
71,24,-0.07844622673086399
71,25,-0.09899173593815236
71,26,-0.05704614855149015
71,27,-0.0886241393256984
71,28,-0.10031062571208216
71,29,-0.09133346809154802
71,30,-0.07874800469272714
71,31,-0.08131705653578752
71,32,-0.048695903933528184
71,33,-0.09218197849725746
71,34,-0.08620369486974205
71,35,-0.0882360653790954
71,36,-0.09106812622079524
71,37,-0.10152630807961333
71,38,-0.08874355011859547
71,39,-0.08834691107527298
71,40,-0.08315974545299348
71,41,-0.08671624852522392
71,42,-0.07656479449782227
71,43,-0.07032808608985125
71,44,-0.07895027130436316
71,45,-0.08819922575050526
71,46,-0.08231734602178153
71,47,-0.07211177265036633
71,48,-0.10439234871193215
71,49,-0.09768604142681009
71,50,-0.06076631681714062
71,51,-0.11001431225668451
71,52,-0.1052516038621808
71,53,-0.06920545283022339
71,54,-0.09885864675946227
71,55,-0.10226030951481446
71,56,-0.0850328440785994
71,57,-0.0701906957729504
71,58,-0.08869369181243503
71,59,-0.09653791510732262
71,60,-0.11770447991260496
71,61,-0.10501390211181205
71,62,-0.10371260100846019
71,63,-0.09795688191491164
71,64,-0.07843993282106393
71,65,-0.0864905479767113
71,66,-0.11265935580145747
71,67,-0.09734655165048123
71,68,-0.09974482336665869
71,69,-0.07206653233835997
71,70,-0.06846643129190022
71,71,-0.11855690455044071
71,72,-0.09256136585108471
71,73,-0.05491843570484034
71,74,-0.10059130901086588
71,75,-0.09140711104801724
71,76,-0.09381111858223723
71,77,-0.08601679621905761
71,78,-0.09385199908353481
71,79,-0.07778995892159901
71,80,-0.08977262011975701
71,81,-0.10351602096406015
71,82,-0.07256830241084294
71,83,-0.09906209442009167
71,84,-0.08825301615823644
71,85,-0.0945167428208536
71,86,-0.10022241375091451
71,87,-0.06326901095712728
71,88,-0.09660748207438463
71,89,-0.08847022218248496
71,90,-0.09253086948944794
71,91,-0.10090983903366513
71,92,-0.08315600699506909
71,93,-0.08627217973089135
71,94,-0.11047667657714338
71,95,-0.08475519215759897
71,96,-0.08763318216669652
71,97,-0.11665389825504752
71,98,-0.08433865854787992
71,99,-0.11378724836622883
71,100,-0.11301272815339536
71,101,-0.08515385807404396
71,102,-0.09369090186610596
71,103,-0.10341383927067477
71,104,-0.10102604980288266
71,105,-0.08463511716792227
71,106,-0.10248171716410165
71,107,-0.10781582228720021
71,108,-0.11197488877976869
71,109,-0.10298114574308936
71,110,-0.08508941038237927
71,111,-0.11043961887234088
71,112,-0.08327720639691977
71,113,-0.09475129832584506
71,114,-0.07620342844960426
71,115,-0.08199341021277767
71,116,-0.06810559136882749
71,117,-0.12352100539067712
71,118,-0.0813919957314494
71,119,-0.09099285620501452
71,120,-0.05445325922453864
71,121,-0.0853012475275497
71,122,-0.08504881664054142
71,123,-0.0768459754591414
71,124,-0.08741750068306531
71,125,-0.06724554279707456
71,126,-0.07733531659741405
71,127,-0.07703566200043221
71,128,-0.08634303416005551
71,129,-0.10029956303259996
71,130,-0.09612398306442788
71,131,-0.07360673029483028
71,132,-0.08962609375751435
71,133,-0.07149152164450667
71,134,-0.07688333995666335
71,135,-0.07319882008116496
71,136,-0.08556594811870316
71,137,-0.09021371982849591
71,138,-0.08418574003025042
71,139,-0.09078983046118344
71,140,-0.08097706901835872
71,141,-0.0768986761735645
71,142,-0.07533116934853679
71,143,-0.08632424669339384
71,144,-0.08513797590908817
71,145,-0.11707348497966724
71,146,-0.08558079616468073
71,147,-0.08334368630522992
71,148,-0.03623444226096939
71,149,-0.09451397357830732
71,150,-0.09945699463845309
71,151,-0.05427878216530779
71,152,-0.0683458117881322
71,153,-0.05032467209212904
71,154,-0.07343449307815642
71,155,-0.06904408034506648
71,156,-0.06867005494774514
71,157,-0.06823718420640024
71,158,-0.08219735034725689
71,159,-0.05457163945468513
71,160,-0.03936820794564766
71,161,-0.05970762421158288
71,162,-0.09754918323768214
71,163,-0.0714619611133786
71,164,-0.08544958415268794
71,165,-0.055695262475620455
71,166,-0.06648246924421813
71,167,-0.03794711013461133
71,168,-0.05177457443846489
71,169,-0.05457045500637264
71,170,-0.05299533253653593
71,171,-0.026627227264411413
71,172,-0.03523766133193551
71,173,-0.03750342756806857
71,174,-0.07212150161607661
71,175,-0.005308121981864922
71,176,-0.05237092005159255
71,177,-0.031610960816586875
71,178,-0.0491304118298051
71,179,-0.012254957136318911
71,180,0.022066464888424897
71,181,-0.05098898489912557
71,182,-0.00731741677697012
71,183,0.02285491200324996
71,184,-0.044429950608423474
71,185,-0.022521405589591814
71,186,-0.03992864272577851
71,187,0.013278327837222936
71,188,0.013654381379517466
71,189,-0.031934068700399554
71,190,0.007124110104008263
71,191,0.0536903189276291
71,192,-0.001981283301761172
71,193,-0.030503565507762953
71,194,0.002164789606778128
71,195,-0.006410110197625052
71,196,0.03399242558395654
71,197,0.015620783565856278
71,198,0.023480138608459544
71,199,0.030295838354896465
71,200,0.03800895663052739
71,201,0.0889263510157724
71,202,0.06780975279138057
71,203,0.09024484510779662
71,204,0.04960688819069814
71,205,0.07387291514348515
71,206,0.08671227348305077
71,207,0.10816317664223196
71,208,0.10042313730326513
72,1,-0.06366685187886617
72,2,-0.07761601918051703
72,3,-0.10643119309247306
72,4,-0.03571725094144884
72,5,-0.06125242014423643
72,6,-0.04820388566716316
72,7,-0.07896818117810939
72,8,-0.06500901988815289
72,9,-0.048611632786448755
72,10,-0.050832733659678775
72,11,-0.026646428597294713
72,12,-0.08619814601751707
72,13,-0.06412228132024289
72,14,-0.05498860291847585
72,15,-0.08195239994519365
72,16,-0.07770725589577326
72,17,-0.11221875031707212
72,18,-0.039813409859152105
72,19,-0.06413334019397388
72,20,-0.0718356026300766
72,21,-0.07343991877476325
72,22,-0.08747894490905989
72,23,-0.04929449652910445
72,24,-0.08810889381282155
72,25,-0.08116010615604952
72,26,-0.08258657247484402
72,27,-0.04421973952700714
72,28,-0.08231638538280822
72,29,-0.08226602230049523
72,30,-0.06371726426954416
72,31,-0.10581090535481324
72,32,-0.04761627248417982
72,33,-0.10097133103202732
72,34,-0.08386727204675354
72,35,-0.06642419179493858
72,36,-0.07878736622119087
72,37,-0.08134208239684454
72,38,-0.07539153484016026
72,39,-0.07500079409765276
72,40,-0.06808819375595065
72,41,-0.053286268181192475
72,42,-0.07617304613056775
72,43,-0.07346877572299038
72,44,-0.08367893093721951
72,45,-0.10675103827587301
72,46,-0.08524094598297188
72,47,-0.03904841369890594
72,48,-0.08384867015101499
72,49,-0.09866847162588321
72,50,-0.08062278722148203
72,51,-0.07703433528224374
72,52,-0.048786526024037546
72,53,-0.0667795477866105
72,54,-0.0863213164023281
72,55,-0.10256566323222427
72,56,-0.09093426283392503
72,57,-0.0682667498512241
72,58,0.012586214187024103
72,59,-0.0824670965591266
72,60,-0.11028255371647577
72,61,-0.08729230349017625
72,62,-0.09858164369614064
72,63,-0.057187470431399934
72,64,-0.0791084761878098
72,65,-0.0884393137642081
72,66,-0.07304738995167781
72,67,-0.023067939401452353
72,68,-0.09833864438906009
72,69,-0.0651381582499953
72,70,-0.09832169665038226
72,71,-0.07973143823496359
72,72,-0.059838004105125076
72,73,-0.08500235833302561
72,74,-0.06458996695445651
72,75,-0.0744489087176246
72,76,-0.08648210884477936
72,77,-0.07085579884871285
72,78,-0.0984936527006639
72,79,-0.0569197996351552
72,80,-0.03428307142542608
72,81,-0.07486833641139401
72,82,-0.08496096909824724
72,83,-0.04090644417918449
72,84,-0.06148407983394638
72,85,-0.06401051148088832
72,86,-0.08804627744683186
72,87,-0.07529973844246401
72,88,-0.10010330540359996
72,89,-0.09962402992557384
72,90,-0.0932349436198554
72,91,-0.09248278509323776
72,92,-0.09939382711444783
72,93,-0.09072962596321027
72,94,-0.047298351458707144
72,95,-0.08647567573619158
72,96,-0.05286431910800726
72,97,-0.05254989096320456
72,98,0.0007382967401670104
72,99,-0.07214352189730311
72,100,-0.09388749223239895
72,101,-0.09067714113544034
72,102,-0.08586431763534458
72,103,-0.09519686076076223
72,104,-0.088774981018782
72,105,-0.07441919559018029
72,106,-0.08497888789441993
72,107,-0.04545391876370569
72,108,-0.0486792757259637
72,109,-0.0755135839240898
72,110,-0.08516215560868778
72,111,-0.09623053350411626
72,112,-0.09354864264008295
72,113,-0.08992940041232583
72,114,-0.04884402183882691
72,115,-0.11104574493948388
72,116,-0.0808319575230173
72,117,-0.08464106692726409
72,118,-0.09108464189681514
72,119,-0.036213019211938036
72,120,-0.06103374560908109
72,121,-0.08695875577752205
72,122,-0.060270887686328156
72,123,-0.089754601654287
72,124,-0.06166167490104785
72,125,-0.08033665224832165
72,126,-0.08442113870594314
72,127,-0.09823478636446803
72,128,-0.06621562315199048
72,129,-0.09209296182894439
72,130,-0.09167544052473353
72,131,-0.09381569278226459
72,132,-0.07578192983607124
72,133,-0.06322402642405295
72,134,-0.09519246947226306
72,135,-0.07651043080992914
72,136,-0.08087659197847741
72,137,-0.0714268644325311
72,138,-0.07887278304120043
72,139,-0.08485153082582825
72,140,-0.05860272942309591
72,141,-0.09354164979568608
72,142,-0.09998038456286329
72,143,-0.09840094675240457
72,144,-0.08641615570955602
72,145,-0.07740142939493605
72,146,-0.08914246640427237
72,147,-0.03758736542035768
72,148,-0.0944094363273888
72,149,-0.05243866434629746
72,150,-0.06928686457858751
72,151,-0.082310433684813
72,152,-0.09326329541018596
72,153,-0.08065736319244021
72,154,-0.05931792376199829
72,155,-0.07193318222486611
72,156,-0.05381290247733961
72,157,-0.06681980996790471
72,158,-0.04093182899863873
72,159,-0.06625176093058555
72,160,-0.056836724545268946
72,161,-0.05902921032058661
72,162,-0.08458586768120324
72,163,-0.08375160518593378
72,164,-0.06099161240240053
72,165,-0.0382718597133645
72,166,-0.04606627010122116
72,167,-0.050764536869862764
72,168,-0.03402524396613288
72,169,-0.045350987674345145
72,170,-0.04369485616927904
72,171,-0.030448455789073237
72,172,-0.05263988705632522
72,173,-0.03666680155959545
72,174,-0.0222036965878058
72,175,-0.03780547845078319
72,176,-0.057336353492376924
72,177,0.015011213297096204
72,178,-0.0006492141326255307
72,179,-0.014811911012699519
72,180,-0.011578181920814112
72,181,-0.013475275507718876
72,182,-0.02322989329300751
72,183,-0.016831974288409213
72,184,-0.011024910345318994
72,185,-0.0005390319658966636
72,186,-0.034459358990488465
72,187,-0.008236998063192946
72,188,-0.004246471016635778
72,189,-0.024276045615996722
72,190,-0.009678529379999024
72,191,0.0004379617605201336
72,192,0.011951540484220202
72,193,0.02972497520218398
72,194,-0.010863387253124801
72,195,0.03441787221440251
72,196,0.02861618656499265
72,197,0.026677965412044147
72,198,0.020785058548796753
72,199,0.028668629863211947
72,200,0.036502312511075385
72,201,0.056639668701116586
72,202,0.05097508670539197
72,203,0.0672322351872422
72,204,0.07635711397206169
72,205,0.04866286317985313
72,206,0.057327601869232914
72,207,0.13936811661974946
72,208,0.05007255640173158
72,209,0.10312475835887613
72,210,0.07027272340923829
72,211,0.08916818063147103
72,212,0.08337777995394613
72,213,0.10854083649425084
73,1,-0.07036189905518597
73,2,-0.05773089383261576
73,3,-0.09194291225868095
73,4,-0.06278466688355311
73,5,-0.07063301852109871
73,6,-0.04907866525351806
73,7,-0.06772721427521744
73,8,-0.05027117891961963
73,9,-0.08850024110438454
73,10,-0.06147331412552892
73,11,-0.07598378569382669
73,12,-0.07364419992787202
73,13,-0.10307771118441095
73,14,-0.06453574279978141
73,15,-0.09851683600379268
73,16,-0.08431078921724994
73,17,-0.09502630268878992
73,18,-0.05718767451822904
73,19,-0.06524337238728467
73,20,-0.052988914972141976
73,21,-0.10079279423234982
73,22,-0.10620739166456833
73,23,-0.07959945668013313
73,24,-0.05492746363718731
73,25,-0.07118152014324186
73,26,-0.0857313279162581
73,27,-0.09399899249830557
73,28,-0.07487530404027815
73,29,-0.08362612330075403
73,30,-0.053821820829153044
73,31,-0.05502766332140924
73,32,-0.09441218723579525
73,33,-0.08230388656023985
73,34,-0.1003854527240251
73,35,-0.08671017873493347
73,36,-0.05608137314317363
73,37,-0.0878966347347549
73,38,-0.06392246546009234
73,39,-0.04899837611871949
73,40,-0.09167034868968954
73,41,-0.06275576883290229
73,42,-0.07166483456594164
73,43,-0.08536375963994586
73,44,-0.07790881053735527
73,45,-0.08786566476442659
73,46,-0.08256137088396825
73,47,-0.08182534604672204
73,48,-0.060396526539829465
73,49,-0.04651196776539379
73,50,-0.039169245860899704
73,51,-0.09584458862549244
73,52,-0.06963981560027133
73,53,-0.06869803035565653
73,54,-0.07362574262250582
73,55,-0.08424280247905969
73,56,-0.060096473548928664
73,57,-0.07116837695919603
73,58,-0.06797206685633328
73,59,-0.09259667271920669
73,60,-0.07060150551375721
73,61,-0.07294016786910873
73,62,-0.04812493267171619
73,63,-0.10297689874021565
73,64,-0.08857267988120343
73,65,-0.06856342670496213
73,66,-0.07820534693733416
73,67,-0.07336074744499893
73,68,-0.06965793314510377
73,69,-0.08183583897542684
73,70,-0.054496817126707564
73,71,-0.07457439763854484
73,72,-0.08806534106017622
73,73,-0.05119261603806896
73,74,-0.07193657702875611
73,75,-0.05597613458153594
73,76,-0.0740992408236637
73,77,-0.05618518744012024
73,78,-0.09251213864164354
73,79,-0.08233705628979349
73,80,-0.059660285603194474
73,81,-0.060143060114821345
73,82,-0.056021735621831825
73,83,-0.08373638011508194
73,84,-0.09957748212315654
73,85,-0.07468153516550402
73,86,-0.08850340456093247
73,87,-0.05074777542010511
73,88,-0.07428347727463125
73,89,-0.07745949042709604
73,90,-0.09497315095203512
73,91,-0.08221880256252684
73,92,-0.07593678761663841
73,93,-0.06505158380581144
73,94,-0.06297953316651705
73,95,-0.05684761985674358
73,96,-0.06548373183293232
73,97,-0.06258800618155602
73,98,-0.0361269789200685
73,99,-0.048761515167741354
73,100,-0.062471417031171705
73,101,-0.058587333556297694
73,102,-0.0420082504858551
73,103,-0.09065834925718957
73,104,-0.07798648338304315
73,105,-0.07547734626445918
73,106,-0.05567117381699449
73,107,-0.08079803644242922
73,108,-0.0713266423890278
73,109,-0.05883732801121694
73,110,-0.08303011100415586
73,111,-0.08193561816306694
73,112,-0.09395206883877022
73,113,-0.01911469069763433
73,114,-0.04636953869235161
73,115,-0.03508130379713714
73,116,-0.08654594720329378
73,117,-0.03763472387181266
73,118,-0.06167620057997886
73,119,-0.04832135424393896
73,120,-0.045534288055549876
73,121,-0.06423301590188996
73,122,-0.04775990581893835
73,123,-0.037098589469393484
73,124,-0.04921528344372794
73,125,-0.05811453659761823
73,126,-0.042987730067664986
73,127,-0.07130489434501291
73,128,-0.05304422155090527
73,129,-0.05289928744593603
73,130,-0.06319064149843834
73,131,-0.053498930782020004
73,132,-0.017184754791346457
73,133,-0.0565382263065185
73,134,-0.06483062880280854
73,135,-0.06687182443449396
73,136,-0.03965494657292162
73,137,-0.03951634280470162
73,138,-0.049738328605109905
73,139,-0.061781331787197746
73,140,-0.025810115263833866
73,141,-0.06407590618502085
73,142,-0.02359392972519203
73,143,-0.07361561174387998
73,144,-0.046657024342648845
73,145,-0.04015142031592428
73,146,-0.04314098183768211
73,147,-0.05454728161895622
73,148,-0.028426060824796484
73,149,-0.058008978174705184
73,150,-0.0473244349095126
73,151,-0.04942602223451836
73,152,-0.035977918523816876
73,153,-0.021475421575509412
73,154,-0.043533761401986004
73,155,-0.00543857340933851
73,156,-0.02552485433613233
73,157,-0.026676825243863334
73,158,-0.029645329601180936
73,159,-0.02769920709549195
73,160,-0.035960423691280496
73,161,0.0017983169453135162
73,162,-0.0057691783946061115
73,163,-0.01764447163910937
73,164,-0.03479651935534833
73,165,-0.03463386954563413
73,166,-0.017864129262049222
73,167,-0.01996439516547438
73,168,-0.0036024277726544596
73,169,0.016273720948047243
73,170,-0.005815683710930664
73,171,0.007241544115978216
73,172,0.014391536186433518
73,173,-0.039251967366466245
73,174,0.010248325700569993
73,175,0.012147746773895074
73,176,0.004566626747263491
73,177,0.0027514989049618466
73,178,0.010603495710081567
73,179,0.0018828801613104407
73,180,-0.004566109691339193
73,181,0.01363311356832042
73,182,0.0035945817994372797
73,183,0.004968447922636066
73,184,0.042192398378509854
73,185,0.007388120576833024
73,186,0.016559458641429825
73,187,0.02807900275986608
73,188,0.021849456407107448
73,189,0.00211606505839812
73,190,0.038651837058341076
73,191,0.030304416840691517
73,192,0.007599687822444134
73,193,0.0631328386798321
73,194,0.020477769514190225
73,195,0.034924167188774335
73,196,0.05079125047337707
73,197,0.04023617202082985
73,198,0.02382472125256918
73,199,0.08320267041350482
73,200,0.06708570656451929
73,201,0.025352734098055496
73,202,0.09897363118933689
73,203,0.056569191605896574
73,204,0.0727355605699943
73,205,0.06587147653413705
73,206,0.07449829124962015
73,207,0.08256321601867556
73,208,0.0863889843896789
73,209,0.07150968054435591
73,210,0.06101126786089317
73,211,0.13269509002192936
73,212,0.0922335035675812
73,213,0.07082706068851052
74,1,-0.04957196966032518
74,2,-0.07664510026698973
74,3,-0.06859971050195901
74,4,-0.06512550755850616
74,5,-0.055256687672180504
74,6,-0.054289157885831996
74,7,-0.02948243606143308
74,8,-0.06765521581278527
74,9,-0.08334264194811197
74,10,-0.07942450245510269
74,11,-0.0993102243966067
74,12,-0.04984035482455568
74,13,-0.08210615288129686
74,14,-0.06176562549302156
74,15,-0.06550279795258024
74,16,-0.06237651746614814
74,17,-0.055809544866656347
74,18,-0.011927326723795761
74,19,0.004896634428580793
74,20,-0.05127058358813247
74,21,-0.10148007288327804
74,22,-0.08084199468323483
74,23,-0.08297110897609189
74,24,-0.046932467867857264
74,25,-0.06325659469843364
74,26,0.006586470155056756
74,27,-0.05550127195257076
74,28,-0.07251017319491204
74,29,-0.07267949905615251
74,30,-0.062290705537837554
74,31,-0.06763298216338814
74,32,-0.08697719896617812
74,33,-0.06522453002354511
74,34,-0.07441424916827794
74,35,-0.09524024716391033
74,36,-0.06041816671084538
74,37,-0.07311057876526106
74,38,-0.06689588746698438
74,39,-0.07818218277104233
74,40,-0.09408063893327001
74,41,-0.05557192637182701
74,42,-0.029671113294483853
74,43,-0.0817762114403413
74,44,-0.08764975108015205
74,45,-0.05868442374940597
74,46,-0.06753524592761628
74,47,-0.07560611313682153
74,48,-0.06931935215841295
74,49,-0.07940542842125081
74,50,-0.07482891496746052
74,51,-0.0498931118863335
74,52,-0.09824135047150467
74,53,-0.10539454890528993
74,54,-0.041964572862664806
74,55,-0.06958820160533785
74,56,-0.0323955916597628
74,57,-0.04735049831860577
74,58,-0.08872650949133432
74,59,-0.08043039520716477
74,60,-0.07504605487493066
74,61,-0.08574732154595344
74,62,-0.10730300276987736
74,63,-0.06527738909472242
74,64,-0.10009936957332732
74,65,-0.10675063522332495
74,66,-0.022725845404605705
74,67,-0.07886985418383885
74,68,-0.08821961113774074
74,69,-0.05460282521612375
74,70,-0.07058821079960725
74,71,-0.08036069969498522
74,72,-0.10086051739908464
74,73,-0.07430696559287026
74,74,-0.08335959841152313
74,75,-0.08971368649685918
74,76,-0.059787274848533245
74,77,-0.08949373899400487
74,78,-0.06333070437604987
74,79,-0.0784905992322883
74,80,-0.07134255369609593
74,81,-0.0895551882785991
74,82,-0.0791553027205682
74,83,-0.08104546186300426
74,84,-0.037967748706397186
74,85,-0.0896728630204432
74,86,-0.07762839972806967
74,87,-0.07968392176798628
74,88,-0.09206035709834787
74,89,-0.07476342535575564
74,90,-0.08429490173678367
74,91,-0.06538460202510549
74,92,-0.09658745231315874
74,93,-0.093063896268192
74,94,-0.06712079825959583
74,95,-0.0894592671719257
74,96,-0.10266995379199362
74,97,-0.07761070278690546
74,98,-0.09071728624657543
74,99,-0.09799057199134747
74,100,-0.1106697839887737
74,101,-0.09373576054646576
74,102,-0.10663601397590672
74,103,-0.10079111454845391
74,104,-0.10808930402948452
74,105,-0.09247619241787552
74,106,-0.08047640544525642
74,107,-0.10517522889519343
74,108,-0.09203400711319248
74,109,-0.10803924229291484
74,110,-0.08768070357227098
74,111,-0.09618018997687372
74,112,-0.09760231477042297
74,113,-0.08965049262418162
74,114,-0.09111496872770364
74,115,-0.08832846457783222
74,116,-0.09370510004086641
74,117,-0.06728562380147052
74,118,-0.10854716647133444
74,119,-0.1019208679904775
74,120,-0.11100355200224399
74,121,-0.09656425187412226
74,122,-0.07589238538202714
74,123,-0.10439876217611777
74,124,-0.0780492376478838
74,125,-0.08372986820513267
74,126,-0.1009487215410661
74,127,-0.08362751811976182
74,128,-0.06240959196828927
74,129,-0.09691782113411945
74,130,-0.07846415839101062
74,131,-0.06391187894239198
74,132,-0.06387899927257429
74,133,-0.06333869144829468
74,134,-0.0516417045910163
74,135,-0.09819812930433247
74,136,-0.05103046026981761
74,137,-0.06360335147816515
74,138,-0.08532819673483155
74,139,-0.07907617352362012
74,140,-0.08305579513772315
74,141,-0.0029539364120080847
74,142,-0.06730579250522678
74,143,-0.028463751567377793
74,144,-0.06733481066462382
74,145,-0.05798304771006263
74,146,-0.044211612298027225
74,147,-0.0664925194943598
74,148,-0.05220366551884498
74,149,-0.02130973917600054
74,150,-0.004086649215980398
74,151,-0.01483816492262674
74,152,-0.047131607993532276
74,153,-0.009156114732812526
74,154,-0.004005247277141355
74,155,0.013383942559102802
74,156,0.019355573810982518
74,157,0.0299769334495541
74,158,0.04282096126028978
74,159,0.03257253827413942
74,160,0.03031939300573583
74,161,0.04963229337834629
74,162,0.03836157045285793
74,163,0.07437895352674118
74,164,0.09077633620037762
74,165,0.06263933013285417
74,166,0.10756836395050406
75,1,-0.08136917418455542
75,2,-0.051752378746276806
75,3,-0.08510783600535493
75,4,-0.0668586128232827
75,5,-0.0761100600011575
75,6,-0.11406147351608059
75,7,-0.08497736795553307
75,8,-0.07612237006576361
75,9,-0.0785449865621266
75,10,-0.08675822805016237
75,11,-0.07859645943319082
75,12,-0.04763956124006341
75,13,-0.05028549353099099
75,14,-0.08743955693351291
75,15,-0.09550903541096228
75,16,-0.10263905302006093
75,17,-0.10066471990501769
75,18,-0.09655684350925381
75,19,-0.047473309105366346
75,20,-0.06707324729467473
75,21,-0.050825188048256364
75,22,-0.0919822569855242
75,23,-0.094513326555833
75,24,-0.10490918579556097
75,25,-0.07868572992637213
75,26,-0.09723308301696565
75,27,-0.09549569458209867
75,28,-0.09877167968005635
75,29,-0.09639013173623584
75,30,-0.06138136318118126
75,31,-0.05543363162004211
75,32,-0.05888550545430177
75,33,-0.08781919303903257
75,34,-0.07056466334943645
75,35,-0.08600187956324007
75,36,-0.0823907860445226
75,37,-0.06187758433913643
75,38,-0.09379176517140747
75,39,-0.07448691355472253
75,40,-0.0873953801376261
75,41,-0.0921296630978054
75,42,-0.07027940755579781
75,43,-0.053435041469225786
75,44,-0.0908607406201331
75,45,-0.07709454454087483
75,46,-0.06859033964708144
75,47,-0.07196959064859587
75,48,-0.0777353806140546
75,49,-0.07647095462518722
75,50,-0.08205328499669262
75,51,-0.09114708711337344
75,52,-0.08519672257537175
75,53,-0.06226840403584871
75,54,-0.07375372111816297
75,55,-0.0899980911001475
75,56,-0.08444625542533646
75,57,-0.05731323686212997
75,58,-0.06898157848244629
75,59,-0.07751364719959658
75,60,-0.08653645883795508
75,61,-0.0872396054679696
75,62,-0.06729465615940639
75,63,-0.04924006258400332
75,64,-0.09623606037627636
75,65,-0.0781075966135778
75,66,-0.06487216228430576
75,67,-0.09652503577196253
75,68,-0.06217487764612223
75,69,-0.08458193975151662
75,70,-0.0981475288176002
75,71,-0.09220257281013383
75,72,-0.09005869275608874
75,73,-0.09497988331708818
75,74,-0.05804259807340245
75,75,-0.09468925375973464
75,76,-0.06943337710260095
75,77,-0.06422970687933449
75,78,-0.06406754845995183
75,79,-0.08980053605318067
75,80,-0.08111895591490192
75,81,-0.07825078845662187
75,82,-0.056943659615174946
75,83,-0.08922343758107021
75,84,-0.08333366169935685
75,85,-0.08093252749814661
75,86,-0.07454115891052149
75,87,-0.07574274224889033
75,88,-0.09983182963638676
75,89,-0.09081733881577359
75,90,-0.0753951153912687
75,91,-0.06580698968837306
75,92,-0.09931380458944161
75,93,-0.09256316473777049
75,94,-0.09922727185198077
75,95,-0.03707504820080393
75,96,-0.07470845859622982
75,97,-0.08264285797155668
75,98,-0.06936338407408166
75,99,-0.06535371400963474
75,100,-0.07310516152445357
75,101,-0.06746700171975234
75,102,-0.07082997422415999
75,103,-0.06131923621586788
75,104,-0.05636018598524689
75,105,-0.06778738772197496
75,106,-0.06800055907642977
75,107,-0.08080622214043665
75,108,-0.08653590050015025
75,109,-0.09598245210918616
75,110,-0.05127210074483213
75,111,-0.055649981752715405
75,112,-0.08049780278850566
75,113,-0.06337464756812883
75,114,-0.0735873891634013
75,115,-0.03306918071939019
75,116,-0.04276717541276831
75,117,-0.0741715246893187
75,118,-0.08479248121499389
75,119,-0.10203434966435382
75,120,-0.06606660013521976
75,121,-0.07683826279480288
75,122,-0.060044139135744745
75,123,-0.04773462018657465
75,124,-0.07633110392293052
75,125,-0.07193992546389394
75,126,-0.07708385586429756
75,127,-0.0825056808000672
75,128,-0.07969906330930904
75,129,-0.07673997501027435
75,130,-0.035300261499109586
75,131,-0.06592800041105407
75,132,-0.08391930291447175
75,133,-0.036727016970351134
75,134,-0.059116950569463145
75,135,-0.06470273490747824
75,136,-0.07043555930828788
75,137,-0.05681702292750673
75,138,-0.05594618030837084
75,139,-0.05856761797981885
75,140,-0.053501017410100105
75,141,-0.06484455637813702
75,142,-0.06812074150982805
75,143,-0.09177857531947337
75,144,-0.053590286011892696
75,145,-0.0608572032519164
75,146,-0.07200383480360067
75,147,-0.00954041266175537
75,148,-0.08231351285778987
75,149,-0.0581340430607763
75,150,-0.04764391976256721
75,151,-0.06780751287084846
75,152,-0.06893548694539431
75,153,-0.04413881743601561
75,154,-0.0713972440928286
75,155,-0.03254124938266323
75,156,-0.05128093975535697
75,157,-0.046998792301874315
75,158,-0.05043674971119888
75,159,-0.07702960375614831
75,160,-0.04348900972203229
75,161,-0.03323522730127737
75,162,-0.0376612710905011
75,163,-0.005574407328547137
75,164,-0.025651166673445358
75,165,-0.0649763465645593
75,166,-0.05740800311270716
75,167,-0.05368351503989738
75,168,-0.036589842971566255
75,169,-0.03913596827499788
75,170,-0.048807413539089795
75,171,-0.03199446743193296
75,172,-0.010072875866553699
75,173,-0.041557164987881035
75,174,-0.050605360150417944
75,175,0.0036839896889740986
75,176,-0.03846151504188117
75,177,-0.024849716754122952
75,178,-0.015295232603993736
75,179,-0.04501029276702129
75,180,-0.03234076219939869
75,181,0.00018049242182616165
75,182,-0.0016485762456882047
75,183,-0.007306836846366016
75,184,-0.012765619453457222
75,185,0.0027628572603199952
75,186,-0.011384926433723352
75,187,-0.005431070340863153
75,188,-0.005029391159679486
75,189,0.0060344850757785284
75,190,-0.016113310579249918
75,191,-0.0020955342674315314
75,192,0.007380590298080247
75,193,0.008539114998444841
75,194,-0.002433994019321317
75,195,-0.01535158996474062
75,196,0.03468099303459671
75,197,0.014969010591882825
75,198,0.011868052745013458
75,199,0.018070576347063216
75,200,0.022323314384653514
75,201,0.025285295815186126
75,202,0.015650256685404318
75,203,0.04424568714356247
75,204,0.0165440814286113
75,205,0.044577058103500766
75,206,0.03288683311470697
75,207,0.025709048064221585
75,208,0.07178951244101572
75,209,0.03527541255916389
75,210,0.021883502828305756
75,211,0.04989662305863973
75,212,0.030619706179185413
75,213,0.04449129046101585
75,214,0.047646698022292266
75,215,0.05317710150474109
75,216,0.050311433931918836
75,217,0.05724994280960338
75,218,0.03127982708296806
75,219,0.06222167477790652
75,220,0.09612062051389514
75,221,0.062204734958602015
75,222,0.07519135048082548
75,223,0.06771091612242852
75,224,0.08750883558616496
75,225,0.10088693968471929
75,226,0.10132824383256567
75,227,0.08863741851650409
75,228,0.12325039446716157
75,229,0.0705079329171614
76,1,-0.1095172281206434
76,2,-0.09799601816378756
76,3,-0.09040490554325364
76,4,-0.07299400094382175
76,5,-0.08270016822746717
76,6,-0.10873575283129877
76,7,-0.08122874395782353
76,8,-0.10107539163337581
76,9,-0.10924922508645774
76,10,-0.06663531152144697
76,11,-0.08100315258402258
76,12,-0.1057262863132305
76,13,-0.11319627153703926
76,14,-0.07168694390161895
76,15,-0.09818977554266806
76,16,-0.08874109278803971
76,17,-0.09880560824687673
76,18,-0.12048009349376387
76,19,-0.068802065997422
76,20,-0.0647488050398386
76,21,-0.09190610994938359
76,22,-0.08104698337950034
76,23,-0.06678795350957029
76,24,-0.10567808263890033
76,25,-0.10187208613331389
76,26,-0.07971600270066648
76,27,-0.11575859669185157
76,28,-0.0636596129452408
76,29,-0.10531778910499678
76,30,-0.10982536826066258
76,31,-0.08281631410321338
76,32,-0.07626942171080398
76,33,-0.10090656638821632
76,34,-0.0737886466066558
76,35,-0.09036484238577869
76,36,-0.09800698396127167
76,37,-0.0837927522997855
76,38,-0.10851534159046206
76,39,-0.10142552365987517
76,40,-0.08303364835236932
76,41,-0.08757528236696588
76,42,-0.09479165583961718
76,43,-0.11040632908387532
76,44,-0.09667247689248942
76,45,-0.09473889454523571
76,46,-0.08402254510575513
76,47,-0.0925976609765457
76,48,-0.07364210492527806
76,49,-0.09571660860561987
76,50,-0.09010692464728975
76,51,-0.08807573874159969
76,52,-0.08295033730320117
76,53,-0.10472434846020479
76,54,-0.07843313983596623
76,55,-0.07167730050647775
76,56,-0.04923410840808767
76,57,-0.065352890346414
76,58,-0.0969318122204042
76,59,-0.0361547627964518
76,60,-0.10077700939638268
76,61,-0.056768055020461006
76,62,-0.11180459305454138
76,63,-0.07384218698772005
76,64,-0.0807653251066916
76,65,-0.06179173388091358
76,66,-0.09753338302070308
76,67,-0.06818691122672099
76,68,-0.047499999868673815
76,69,-0.08250698165812848
76,70,-0.11940325390551365
76,71,-0.09375174815097581
76,72,-0.08871420582043099
76,73,-0.08893720591940169
76,74,-0.09406881809048034
76,75,-0.09473215264454066
76,76,-0.0920154497869291
76,77,-0.0970575730434094
76,78,-0.06359573736898394
76,79,-0.08317738346024478
76,80,-0.08377889512890702
76,81,-0.0699913482165474
76,82,-0.10763877739284883
76,83,-0.09244592117994088
76,84,-0.0952764516558744
76,85,-0.07736081567193193
76,86,-0.11618121964667266
76,87,-0.10758549257666805
76,88,-0.08450954206696815
76,89,-0.08430448189544476
76,90,-0.07129685460345009
76,91,-0.0605291454961524
76,92,-0.09718825896007638
76,93,-0.08642741885853233
76,94,-0.10068434963710726
76,95,-0.09863698743317978
76,96,-0.09721706440802291
76,97,-0.077429409844391
76,98,-0.07210385951827603
76,99,-0.08117223525052053
76,100,-0.06735289864615757
76,101,-0.08617622150688081
76,102,-0.0861565921442678
76,103,-0.1047084645715815
76,104,-0.08765145861762597
76,105,-0.06349997432711274
76,106,-0.08021190092610936
76,107,-0.040343257719878844
76,108,-0.08915916336980118
76,109,-0.10670174115877551
76,110,-0.10337403400896239
76,111,-0.06392318020194221
76,112,-0.07608710740379998
76,113,-0.10493893827967504
76,114,-0.10081829292308131
76,115,-0.09242370672961098
76,116,-0.07218091419790135
76,117,-0.05725297381586997
76,118,-0.10016727431924571
76,119,-0.0670173042736491
76,120,-0.0765131662267578
76,121,-0.08720709261393589
76,122,-0.08513891756267533
76,123,-0.0715104348895752
76,124,-0.08683096453925443
76,125,-0.06702830101756707
76,126,-0.06851910935098982
76,127,-0.09207033869164266
76,128,-0.062379268680478994
76,129,-0.04995454982373537
76,130,-0.07040037053646647
76,131,-0.04899054079038023
76,132,-0.07492991090216661
76,133,-0.07316053193217459
76,134,-0.08811146495805106
76,135,-0.08250497882182789
76,136,-0.07530545500117092
76,137,-0.059404882604340015
76,138,-0.056393316452614084
76,139,-0.05131094240820666
76,140,-0.06975676337172065
76,141,-0.09447526966849051
76,142,-0.04391546598808965
76,143,-0.08812139594077417
76,144,-0.0610645714443811
76,145,-0.0846991586713286
76,146,-0.07328985033450985
76,147,-0.04491451176054023
76,148,-0.06431445229952626
76,149,-0.09293274169412741
76,150,-0.050566828022848787
76,151,-0.06967879706549213
76,152,-0.032695804347559976
76,153,-0.043445004893444994
76,154,-0.02744870196524507
76,155,-0.03803733633257872
76,156,-0.06883615128295545
76,157,-0.05634436978383589
76,158,-0.0464205733177509
76,159,-0.028256322289475222
76,160,-0.05626555580018777
76,161,-0.07857503288181839
76,162,-0.04214420036943961
76,163,-0.0647582386302662
76,164,-0.03951737563575697
76,165,-0.03637998279895199
76,166,-0.018096287947502676
76,167,-0.03660618455715192
76,168,-0.017262302318714506
76,169,-0.043494537308024606
76,170,-0.04574667800206583
76,171,-0.03929017209624386
76,172,-0.004725535774116829
76,173,-0.03318568327591098
76,174,-0.041147927906289516
76,175,-0.03491890096529471
76,176,-0.017165650102343
76,177,-0.012644546489867958
76,178,-0.014375761509681062
76,179,0.011873475408782808
76,180,-0.03435339400776344
76,181,-0.0033257813019136884
76,182,-0.005294728943147864
76,183,-0.03148930081195128
76,184,-0.0346183853746132
76,185,-0.01950908984694316
76,186,-0.0015526801016856329
76,187,0.0171767754119293
76,188,0.025558937962863237
76,189,0.005598579583540042
76,190,-0.0065507346758971186
76,191,0.03840855299130452
76,192,0.03476590325894091
76,193,0.012659602971942796
76,194,0.023727985533049445
76,195,0.03662258853541156
76,196,0.011925462434851375
76,197,0.03305526554109928
76,198,0.04514494047258777
76,199,0.06483233216134232
76,200,0.04058817144506843
76,201,0.008425817461411245
76,202,0.05725836280909136
76,203,0.04487523345645239
76,204,0.08067691170386226
76,205,0.0657522161304569
76,206,0.07779159452809381
76,207,0.055242565328202264
76,208,0.06919699528745538
76,209,0.04075732443711799
76,210,0.08337983176000718
77,1,-0.10239217583165772
77,2,-0.08372489800306748
77,3,-0.059088293754092525
77,4,-0.09683968394549758
77,5,-0.08614377977028598
77,6,-0.09947469019379795
77,7,-0.06596888367336684
77,8,-0.10932231733030057
77,9,-0.07385191436738331
77,10,-0.07611373768578161
77,11,-0.07351313091470901
77,12,-0.08018221226506439
77,13,-0.08365204625440298
77,14,-0.060994747439723884
77,15,-0.09956100237376758
77,16,-0.05121316459043579
77,17,-0.0627130321956072
77,18,-0.06902983516597122
77,19,-0.09655485630832372
77,20,-0.08549357577278793
77,21,-0.08480100261418022
77,22,-0.09992406912333995
77,23,-0.032352149215717496
77,24,-0.09901630805116962
77,25,-0.08934255660520418
77,26,-0.07582801957429852
77,27,-0.08494761035716875
77,28,-0.11466321007153507
77,29,-0.08586106645086466
77,30,-0.08552265866741682
77,31,-0.07753586168472876
77,32,-0.10404913412098243
77,33,-0.08284738286012855
77,34,-0.09680615215905092
77,35,-0.040690772573516054
77,36,-0.10299288921966482
77,37,-0.10785049243467293
77,38,-0.0895111947660302
77,39,-0.062424937324478236
77,40,-0.09013591833224571
77,41,-0.10081818364533246
77,42,-0.09735897204938715
77,43,-0.11368619357345872
77,44,-0.08935016423097214
77,45,-0.09399871534423432
77,46,-0.07664320909533567
77,47,-0.07369139045280226
77,48,-0.06209648969174958
77,49,-0.08936550415177341
77,50,-0.05584500014789762
77,51,-0.0674305332829252
77,52,-0.08904720119718446
77,53,-0.0769930061160305
77,54,-0.057547418198612255
77,55,-0.07638812725158367
77,56,-0.10769090364193695
77,57,-0.0961187448788357
77,58,-0.06646297144323826
77,59,-0.09620660548992754
77,60,-0.08517460107840352
77,61,-0.053155075310761524
77,62,-0.08950403458401779
77,63,-0.04931032387361545
77,64,-0.06369881868956495
77,65,-0.08579638048694094
77,66,-0.09553101048417678
77,67,-0.08424244130689923
77,68,-0.06684938271400875
77,69,-0.07634360542029828
77,70,-0.09357879430874338
77,71,-0.07168871269689342
77,72,-0.08081093704488956
77,73,-0.09989656587746182
77,74,-0.0527774304994133
77,75,-0.07653726024086005
77,76,-0.10177581020490822
77,77,-0.07964665424539141
77,78,-0.08312966483208095
77,79,-0.07437727778632569
77,80,-0.04535634573187419
77,81,-0.08139213696313441
77,82,-0.09431015073851806
77,83,-0.059532928844848176
77,84,-0.08614795747031234
77,85,-0.08845463969294376
77,86,-0.06681664235288265
77,87,-0.06603064214419452
77,88,-0.06649810435761061
77,89,-0.04313590858264815
77,90,-0.10488845146079767
77,91,-0.0761654478495073
77,92,-0.07318265442582028
77,93,-0.09118609945399336
77,94,-0.08792403735677584
77,95,-0.07034723114463609
77,96,-0.07569927076079869
77,97,-0.0872492981111671
77,98,-0.09003081046842987
77,99,-0.03883545475116623
77,100,-0.06870953567192117
77,101,-0.0934151376081584
77,102,-0.11110842754819744
77,103,-0.08977816993154247
77,104,-0.08213741578524458
77,105,-0.061983082763624076
77,106,-0.09091108685707894
77,107,-0.05719617238533864
77,108,-0.08672822443190831
77,109,-0.0736259636288083
77,110,-0.08916011071442476
77,111,-0.08905891960749973
77,112,-0.0800846337915802
77,113,-0.04342072168553629
77,114,-0.07316988388665913
77,115,-0.04910026846314974
77,116,-0.06495042922069277
77,117,-0.050402175503499735
77,118,-0.02418407002655948
77,119,-0.09089456936512236
77,120,-0.056542913061431
77,121,-0.0651596248354871
77,122,-0.054521882866199745
77,123,-0.07677197519126666
77,124,-0.059306771256756874
77,125,-0.04194847281320352
77,126,-0.06722580788209981
77,127,-0.014956814121760753
77,128,-0.041833455069649195
77,129,-0.025239577934923485
77,130,-0.05203246349024293
77,131,-0.05988425310862178
77,132,-0.017575613424111125
77,133,0.0001232588176584004
77,134,-0.06072992888758161
77,135,-0.030076638977462267
77,136,-0.0056074609366755235
77,137,0.022635690707476175
77,138,0.003450731733795065
77,139,0.005296260268981556
77,140,-0.018167055499375417
77,141,-0.011127605857630563
77,142,-0.036470372230926584
77,143,-0.011994143746428654
77,144,0.03856991614779548
77,145,0.018002328492217168
77,146,0.02086379879432143
77,147,0.020767451446514262
77,148,0.017259363046672305
77,149,0.07341279641663168
77,150,0.06894960360229929
77,151,0.03041016775712002
77,152,0.04200281244756421
77,153,0.08022311606140975
77,154,0.06419805279194102
78,1,0.00973199103777822
78,2,0.08554681140746534
78,3,0.05156072312705462
78,4,0.07452783220473513
78,5,0.014283237763534129
78,6,-0.010836876916940574
78,7,-0.05986751384010319
78,8,0.044922609742637176
78,9,-0.009581123214650433
78,10,-0.05148266170034016
78,11,0.03769408869281177
78,12,0.0108588659438138
78,13,-0.061459379302801265
78,14,-0.0038107456013554697
78,15,-0.029625673778440997
78,16,-0.0009525515643477034
78,17,-0.007707120105388432
78,18,-0.017467051602003014
78,19,-0.03884967754213392
78,20,0.057511545301317746
78,21,0.026585662923956588
78,22,-0.03595519865074859
78,23,-0.024846030699483768
78,24,-0.03388366098392054
78,25,-0.012731800411528105
78,26,0.031061873478103408
78,27,-0.012517336875664753
78,28,-0.02040823046650686
78,29,-0.004607732337103765
78,30,0.0070461795533292015
78,31,-0.015202450560531822
78,32,0.01707972378393474
78,33,-0.027627687578532345
78,34,-0.024374116781940125
78,35,0.06511200355270053
78,36,0.03170065127278532
78,37,-0.01093473449492699
78,38,0.011999851675765005
78,39,-0.04271136820578819
78,40,0.01255884464001078
78,41,-0.03783917253254393
78,42,-0.06695507403038531
78,43,-0.0052193469849421414
78,44,-0.03186773651761299
78,45,0.04161953094931381
78,46,-0.03212376071900763
78,47,-0.0019106576004537246
78,48,-0.023369386090867972
78,49,-0.021292649371042638
78,50,-0.042766469934156226
78,51,-0.042918312789426594
78,52,0.04867662368644632
78,53,0.031368779676113734
78,54,-0.011720435877085655
78,55,-0.009154696135921403
78,56,0.02595559139378878
78,57,-0.005224987248645618
78,58,-0.03555397090456336
78,59,-0.04608467116071435
78,60,-0.03309864434045939
78,61,-0.03445880496714293
78,62,0.00665398374184889
78,63,-0.021750285992195417
78,64,-0.0370735013436585
78,65,-0.021417154292552476
78,66,-0.028431015705470464
78,67,-0.015399367443678924
78,68,-0.0413937843130891
78,69,-0.015806912305386445
78,70,-0.012573520575033637
78,71,-0.06123851298290073
78,72,0.02251484166990092
78,73,-0.003412178133367194
78,74,-0.0650422318139503
78,75,-0.017506749476727868
78,76,-0.012912747184315898
78,77,-0.05702645500638892
78,78,0.011377665409335713
78,79,-0.008725909338802906
78,80,-2.222279324337606e-06
78,81,-0.03706868247118089
78,82,-0.05300857470135306
78,83,-0.03609152284851763
78,84,-0.06028449871091307
78,85,-0.06598609171295694
78,86,-0.013052620715157781
78,87,-0.07844961950854651
78,88,-0.06186003983080257
78,89,-0.04238843904910883
78,90,-0.061525679911069386
78,91,-0.03455715996083836
78,92,0.0013665663624586877
78,93,0.010119496707958087
78,94,-0.041383597079661105
78,95,-0.05313217311645896
78,96,-0.07873369890940074
78,97,-0.07909939808103994
78,98,-0.06594946578117117
78,99,-0.06382771216651084
78,100,-0.06525119899783283
78,101,-0.06446705428021482
78,102,-0.08818977015060997
78,103,-0.07357019289413708
78,104,-0.04155568072749649
78,105,-0.06002506865112728
78,106,-0.062152105560117354
78,107,0.013933231710761551
78,108,-0.052570856700610236
78,109,-0.031692882359571406
78,110,-0.09274057292816407
78,111,-0.046142362904573186
78,112,-0.0735049195143283
78,113,-0.030098331560733604
78,114,-0.08853274915416404
78,115,-0.07432884068454648
78,116,-0.07741173321461475
78,117,-0.0061140483796462974
78,118,-0.0723064209794293
78,119,-0.054873760514160264
78,120,-0.04747225257128468
78,121,-0.05975718496442911
78,122,-0.07629015027394753
78,123,-0.08172030901970662
78,124,-0.09724037539830377
78,125,-0.07679917565869127
78,126,-0.07283584845488955
78,127,-0.05028195227853216
78,128,-0.10556432774622604
78,129,-0.006831793832092037
78,130,-0.10728175585350025
78,131,-0.05150804256730224
78,132,-0.07946152384873856
78,133,-0.087544546983848
78,134,-0.012886084033377765
78,135,-0.055972792642626445
78,136,-0.06715276064981146
78,137,-0.06645486248616084
78,138,-0.01978465233554788
78,139,-0.08792548227762464
78,140,-0.07739879619898354
78,141,-0.08220622361769558
78,142,-0.07978320916300269
78,143,-0.0642363177197473
78,144,-0.09540792240634338
78,145,-0.10269042363742326
78,146,-0.0957804031972479
78,147,-0.0873697499673532
78,148,-0.01171025004074605
78,149,-0.0892262194114753
78,150,-0.09102192058276787
78,151,-0.07033473364036569
78,152,-0.10103082020003668
78,153,-0.1115455269228795
78,154,-0.0983596492470924
78,155,-0.09379295878294086
78,156,-0.06083994958461558
78,157,-0.10147517705094977
78,158,-0.08936882934452933
78,159,-0.09217273988189284
78,160,-0.09071628287682587
78,161,-0.07855878306830338
78,162,-0.0847784800207565
78,163,-0.09219106263922178
78,164,-0.09322676932312585
78,165,-0.08210220673153695
78,166,-0.06511118708261987
78,167,-0.046579942126119156
78,168,-0.1048450521870159
78,169,-0.09857927302712594
78,170,-0.09097357637821973
78,171,-0.09210055740208639
78,172,-0.08348343100838329
78,173,-0.06717165390194241
78,174,-0.1000877509561281
78,175,-0.09429352081842363
78,176,-0.06647610889801209
78,177,-0.10277908592305118
78,178,-0.08549462067646885
78,179,-0.07287047094288002
78,180,-0.07630360691733479
78,181,-0.07058649155289148
78,182,-0.08223571227483317
78,183,-0.07525923746607999
78,184,-0.08435635230340416
78,185,-0.07205889221635592
78,186,-0.09235701080507247
78,187,-0.07638602402620043
78,188,-0.07538706308496856
78,189,-0.09159772619971901
78,190,-0.06850671770931366
78,191,-0.06796524692341788
78,192,-0.09949292912438729
78,193,-0.07101754233284657
78,194,-0.09486347734479544
78,195,-0.06979095306408617
78,196,-0.06871995159048833
78,197,-0.06663681913887387
78,198,-0.0715701799936378
78,199,-0.07269578598305199
78,200,-0.07005393852299108
78,201,-0.06259856947536757
78,202,-0.05898285943822418
78,203,-0.043163396451755154
78,204,-0.06353548869641573
78,205,-0.03659502608491455
78,206,-0.06602016633111402
78,207,-0.0462379495958265
78,208,-0.030110292762091595
78,209,-0.05566604651100321
78,210,-0.006389722131138809
78,211,-0.016521510350125
78,212,-0.01715095811597217
78,213,-0.02047909888812338
78,214,-0.03922319458429879
78,215,-0.02384237763244157
78,216,-0.0029935291585486135
78,217,-0.0013323049980930035
78,218,0.02899801804743196
78,219,0.010960127176977363
78,220,-0.0010228597074435908
78,221,-0.010297779246621175
78,222,0.01038307219668888
78,223,0.027351375069150197
78,224,0.0005749574105049504
78,225,0.05863765449805314
78,226,0.03401183466553448
78,227,0.05213969520062067
78,228,0.02141730383455387
78,229,0.0217964096805624
78,230,0.06598493415547191
78,231,0.05290692147847864
79,1,0.019327609099695775
79,2,-0.029863137285528696
79,3,0.011928808023396575
79,4,-0.04582714542245975
79,5,-0.054695161237944157
79,6,-0.05340232681079121
79,7,-0.006220501369105624
79,8,-0.045191833212254284
79,9,0.03341145128978151
79,10,-0.04963408673911507
79,11,-0.010182933124111726
79,12,0.005623801594341504
79,13,-0.054223216069006264
79,14,-0.008602160865356256
79,15,-0.012404580039506619
79,16,-0.01461791982181676
79,17,-0.00374612587704537
79,18,-0.006197470543371886
79,19,-0.04163084257996902
79,20,0.005514258934678717
79,21,-0.03783158198873404
79,22,-0.030535645772429842
79,23,-0.03201839275806051
79,24,-0.025223106032414733
79,25,0.0003559207595519309
79,26,-0.02857498292030497
79,27,-0.05219998863451353
79,28,-0.008860118147609175
79,29,-0.034907136277854245
79,30,-0.006293524002247031
79,31,-0.03751892927574502
79,32,-0.06363565905552326
79,33,0.006587839731899248
79,34,-0.03323204818125436
79,35,0.029199228037498193
79,36,-0.06286865810226211
79,37,-0.02888975090153889
79,38,-0.04658804970083469
79,39,-8.296962917314632e-05
79,40,-0.04726763754158464
79,41,-0.06815849073960101
79,42,-0.03545074232211659
79,43,-0.07600680354948547
79,44,-0.004028281904104425
79,45,-0.0746139129403387
79,46,-0.033347096184879466
79,47,-0.05099665851830926
79,48,-0.03252017986869582
79,49,-0.012845911279640465
79,50,-0.035501217135137986
79,51,-0.005181854645025741
79,52,-0.037950314641737704
79,53,-0.042906352849102214
79,54,-0.034442629329263175
79,55,-0.01791160448551693
79,56,-0.0042587242259600755
79,57,-0.05472504607745721
79,58,-0.05629615984489794
79,59,-0.02420906240529691
79,60,-0.0813971515478411
79,61,-0.04971569566470063
79,62,-0.0381106725098046
79,63,0.01619092182490789
79,64,-0.055022342512683786
79,65,-0.05389412318876696
79,66,-0.044058031053357594
79,67,-0.06569838555959384
79,68,-0.05847499415955365
79,69,-0.028564043750478663
79,70,-0.07515591439152908
79,71,-0.01812219963977818
79,72,-0.08472507279700653
79,73,-0.04001037770714411
79,74,-0.07111073192105755
79,75,-0.08477506468604051
79,76,-0.030445326041066922
79,77,-0.040999630477672244
79,78,-0.041918015828707966
79,79,-0.05924742468765165
79,80,0.0023366481248378035
79,81,-0.03387937346391212
79,82,0.016659411781613898
79,83,-0.02598325482325131
79,84,-0.09096531822796228
79,85,-0.0624528807201748
79,86,0.021719384822663557
79,87,-0.02339906374966627
79,88,-0.03222648782861259
79,89,-0.057245631760252436
79,90,-0.07207815818157148
79,91,-0.025300529487644163
79,92,-0.08305043883656132
79,93,-0.07574522465479006
79,94,-0.08285078718765038
79,95,-0.0586264095424987
79,96,-0.026318021011176695
79,97,-0.08381597246446038
79,98,-0.03682268936597055
79,99,-0.08069516557677536
79,100,-0.07460701006316317
79,101,-0.10362788376505999
79,102,-0.06613006540870126
79,103,-0.10104997643895464
79,104,-0.05397404200325118
79,105,-0.07314131694367604
79,106,-0.06896847540787965
79,107,-0.053604226566564495
79,108,-0.05129685458178168
79,109,-0.1005326600484292
79,110,-0.0009079043494856776
79,111,-0.09274260963614078
79,112,-0.08976015298260381
79,113,-0.08051836467083845
79,114,-0.07657795040544796
79,115,-0.011434919573220292
79,116,-0.08552660311605897
79,117,-0.08080318339906717
79,118,-0.09819394740640597
79,119,-0.07363150553309766
79,120,-0.06467247904969958
79,121,-0.08293835600583471
79,122,-0.0795926920434945
79,123,-0.09028567350872246
79,124,-0.103980090137891
79,125,-0.07040391077972485
79,126,-0.038413879301677056
79,127,-0.10668573754326283
79,128,-0.09328262161312312
79,129,-0.10333379951397093
79,130,-0.08248436057335112
79,131,-0.07271036640254336
79,132,-0.10290686897812462
79,133,-0.08368548003011844
79,134,-0.08198613905555219
79,135,-0.09137991674741586
79,136,-0.10163666793052739
79,137,-0.015656437684812008
79,138,-0.08403170117888192
79,139,-0.08747559699617624
79,140,-0.068984714803703
79,141,-0.08707319101828265
79,142,-0.07973441618205651
79,143,-0.09924306398133703
79,144,-0.0737297006742903
79,145,-0.08435318267555258
79,146,-0.09410903421959399
79,147,-0.08760178738597191
79,148,-0.07488131493356476
79,149,-0.09690116367129131
79,150,-0.07092299866479196
79,151,-0.08870162944634058
79,152,-0.10434136092154628
79,153,-0.09139272719901842
79,154,-0.09477233180491951
79,155,-0.08934806046667987
79,156,-0.08831898313226094
79,157,-0.06304076775847928
79,158,-0.09236958349248375
79,159,-0.08842463816945001
79,160,-0.07031140847208378
79,161,-0.05188884833519586
79,162,-0.08031925117669547
79,163,-0.08926374971186868
79,164,-0.059938195391209925
79,165,-0.0655566028076498
79,166,-0.05597738738541608
79,167,-0.08099802203020834
79,168,-0.03502172663160469
79,169,-0.0676370733721312
79,170,-0.07736993846783935
79,171,-0.06565089902004273
79,172,-0.07050389163215637
79,173,-0.014713500603504792
79,174,-0.06306764469986614
79,175,-0.062324297244122695
79,176,-0.06552770491947879
79,177,-0.05538373030822136
79,178,-0.05857261744730152
79,179,-0.05883478503963202
79,180,-0.04653241565258753
79,181,-0.025148400551153915
79,182,-0.03073470409080087
79,183,0.014530547315687481
79,184,-0.0282943822581031
79,185,-0.005229472401364066
79,186,-0.016080275721700787
79,187,0.01295790192108981
79,188,-0.024552480886664563
79,189,0.0025037298172188027
79,190,-0.007425553122142214
79,191,0.03699150158938702
79,192,0.008881380730222821
79,193,0.009074998940570178
79,194,0.0375437720655698
79,195,0.028212395930427236
79,196,0.0783735019396713
79,197,0.04179591139361216
79,198,0.09398133642046691
79,199,0.08780949953811623
80,1,-0.05390623611939327
80,2,-0.10497644317488342
80,3,-0.06585434957358777
80,4,-0.08771769845505673
80,5,-0.07394837471357474
80,6,-0.09114343538759268
80,7,-0.09067129828483034
80,8,-0.07271469975884848
80,9,-0.06741729720540374
80,10,-0.06904324073695828
80,11,-0.10494355872156796
80,12,-0.07711032308306076
80,13,-0.07673610371068873
80,14,-0.08804564170914991
80,15,-0.09665876756904784
80,16,-0.09905187304852914
80,17,-0.1187015970435053
80,18,-0.08281805723834751
80,19,-0.08701749646902834
80,20,-0.1119947107141937
80,21,-0.08109640521654954
80,22,-0.08049371260737553
80,23,-0.08369783328872638
80,24,-0.09951608378471227
80,25,-0.09880954647391188
80,26,-0.08066095434462534
80,27,-0.05342896408266673
80,28,-0.10896243720705806
80,29,-0.07541960442418538
80,30,-0.06948568702370672
80,31,-0.09070582506622127
80,32,-0.10459489130598776
80,33,-0.08445792260545543
80,34,-0.10641573445241237
80,35,-0.0934226080098215
80,36,-0.10143449751758998
80,37,-0.06602701456708043
80,38,-0.10162548828119927
80,39,-0.1011025258173755
80,40,-0.05741796879493305
80,41,-0.06869119409411945
80,42,-0.08924363832788318
80,43,-0.05064326959590704
80,44,-0.09106508784889678
80,45,-0.080479472915227
80,46,-0.09715381162499542
80,47,-0.08353016631106691
80,48,-0.08199452599892343
80,49,-0.07491538827599847
80,50,-0.09935766664926643
80,51,-0.09021546439114059
80,52,-0.09153284601618239
80,53,-0.10143764484779738
80,54,-0.07779820187997916
80,55,-0.08578729701193444
80,56,-0.10560300755994811
80,57,-0.11492072961840388
80,58,-0.09594073994923713
80,59,-0.10780213571396702
80,60,-0.07749939927180632
80,61,-0.09821131807433747
80,62,-0.07096720307908189
80,63,-0.09524493770920855
80,64,-0.09401362623527243
80,65,-0.09015213458826254
80,66,-0.07210272105505017
80,67,-0.11091992369944303
80,68,-0.08802661336478768
80,69,-0.09447934650539608
80,70,-0.08732736372228606
80,71,-0.08960958234360605
80,72,-0.08195488166049486
80,73,-0.09245298112490197
80,74,-0.0478243021348041
80,75,-0.05790590351078517
80,76,-0.09071798699187344
80,77,-0.10765148618578457
80,78,-0.09797194226856032
80,79,-0.10636336134559188
80,80,-0.07605071573255623
80,81,-0.110745709835745
80,82,-0.07583310898026596
80,83,-0.1042920322554311
80,84,-0.09734542393235618
80,85,-0.10194531813177304
80,86,-0.10226825352830149
80,87,-0.09753281903635996
80,88,-0.10037066747293083
80,89,-0.10335578994374295
80,90,-0.09391157762750812
80,91,-0.08403509668423353
80,92,-0.07362174793740994
80,93,-0.10641762771975377
80,94,-0.05584550467609056
80,95,-0.08224827333977264
80,96,-0.09507279187334261
80,97,-0.07706120305203534
80,98,-0.08413659340505103
80,99,-0.078785383823534
80,100,-0.11289367909788783
80,101,-0.09801040803249489
80,102,-0.07256253752425351
80,103,-0.09580450009554875
80,104,-0.09444558632508898
80,105,-0.05861198516737487
80,106,-0.07105839018589899
80,107,-0.07502961159651617
80,108,-0.0805302870676598
80,109,-0.08665943292003542
80,110,-0.09241407856801637
80,111,-0.09666734698542045
80,112,-0.0907496126577198
80,113,-0.0821195118007359
80,114,-0.09569538840879055
80,115,-0.08195760489460319
80,116,-0.0931767322446172
80,117,-0.08035421652623531
80,118,-0.08862870437857867
80,119,-0.08792476557503837
80,120,-0.09295283439960761
80,121,-0.08520908611473149
80,122,-0.08309062659744426
80,123,-0.04572459807676249
80,124,-0.035930761325854765
80,125,-0.09174324688330315
80,126,-0.06518650517825159
80,127,-0.08945480847163423
80,128,-0.05164977497064549
80,129,-0.07953225455629209
80,130,-0.09522888388165873
80,131,-0.07656272471623549
80,132,-0.0901417056289121
80,133,-0.07174612214375164
80,134,-0.08970144647035772
80,135,-0.07553366634849085
80,136,-0.04114595679415406
80,137,-0.0593079450185508
80,138,-0.06565362938542751
80,139,-0.052807912010404634
80,140,-0.03841573887794392
80,141,-0.06435473416576248
80,142,-0.07670798069571194
80,143,-0.04123823623432077
80,144,-0.038502563812322366
80,145,-0.051744963330678295
80,146,-0.03548575356222955
80,147,-0.06092815347671704
80,148,-0.0611713886836146
80,149,-0.024148444401964286
80,150,-0.05082728426697336
80,151,-0.05273115595194838
80,152,-0.0438779528258319
80,153,-0.050505117255042586
80,154,0.0013610479958887645
80,155,-0.04847235730537203
80,156,-0.03294586348556733
80,157,0.003142035891372408
80,158,-0.022993168382163975
80,159,-0.0463863407626805
80,160,-0.021310527843295846
80,161,0.02377309270911998
80,162,-0.010059524804759856
80,163,-0.05348782106042055
80,164,-4.275619944826836e-05
80,165,0.01538743019955191
80,166,0.018778168727238254
80,167,0.04927750484476323
80,168,-0.02549670738080312
80,169,0.0021485914328198685
80,170,0.03795086107014367
80,171,0.01104010343426387
80,172,0.02289385015641654
80,173,0.023730614372708625
80,174,0.02283167055062829
80,175,0.06572283939608148
80,176,0.016005318524512813
80,177,0.05140986128200853
80,178,0.04359045101537573
80,179,0.06606841500629779
80,180,0.056635209165665334
80,181,0.09221674971518856
80,182,0.11833427467248603
80,183,0.08990057239514448
80,184,0.09117995966196968
80,185,0.11029188055273798
81,1,-0.06812037907452473
81,2,-0.10864033843909066
81,3,-0.06835424461329115
81,4,-0.09423384504380561
81,5,-0.06459724005972234
81,6,-0.08086582850220675
81,7,-0.07279849752625467
81,8,-0.08327793616782053
81,9,-0.03999864525125785
81,10,-0.09506947328294885
81,11,-0.07649688721047565
81,12,-0.09470052589493722
81,13,-0.09679932367588279
81,14,-0.07269027196782052
81,15,-0.07395365654347946
81,16,-0.09884033085866784
81,17,-0.08338987616654447
81,18,-0.10485996419871746
81,19,-0.09700245602181223
81,20,-0.10768882727505108
81,21,-0.09841080190375412
81,22,-0.0878732045957259
81,23,-0.06937189591996007
81,24,-0.09010905611441616
81,25,-0.08696888043540546
81,26,-0.05898166538769156
81,27,-0.07797293175478082
81,28,-0.09116626117161603
81,29,-0.10043315750085302
81,30,-0.06662030062828589
81,31,-0.09396884616669482
81,32,-0.11187810923094033
81,33,-0.09900380228176653
81,34,-0.09370383450339254
81,35,-0.07587471878049212
81,36,-0.10350039657774796
81,37,-0.08968285700986567
81,38,-0.0738013332404282
81,39,-0.07534008761356387
81,40,-0.10702593184152831
81,41,-0.04028199789442527
81,42,-0.09730352864460856
81,43,-0.07498376526370748
81,44,-0.11310136737214627
81,45,-0.05867655819874973
81,46,-0.07607488618061709
81,47,-0.08933789760420585
81,48,-0.09870617399966825
81,49,-0.08966572061410039
81,50,-0.05891776038763208
81,51,-0.085712716815729
81,52,-0.08317320931928751
81,53,-0.09362984702159971
81,54,-0.06023411393300204
81,55,-0.09589504992854564
81,56,-0.0672303091418241
81,57,-0.08251574657824295
81,58,-0.09949567543063542
81,59,-0.09396071440030146
81,60,-0.09655366862763526
81,61,-0.0690472803634935
81,62,-0.09738434482009006
81,63,-0.09656666505904815
81,64,-0.10681148733512247
81,65,-0.11416855092997347
81,66,-0.07569416339178847
81,67,-0.09973858269163116
81,68,-0.09071380908449533
81,69,-0.08581640165564836
81,70,-0.08953446519718122
81,71,-0.09273225119943013
81,72,-0.0741540118806791
81,73,-0.11291637043532693
81,74,-0.1060340627858723
81,75,-0.0821315899520082
81,76,-0.09547086253984527
81,77,-0.10433180218925514
81,78,-0.0667223428923529
81,79,-0.1008961247943353
81,80,-0.06931575318966138
81,81,-0.10549651173250713
81,82,-0.09677383565829062
81,83,-0.0646105311402112
81,84,-0.02342170417112177
81,85,-0.08463816501147392
81,86,-0.07790185884339906
81,87,-0.08740583015281739
81,88,-0.0991719093167665
81,89,-0.06852349898796972
81,90,-0.0812572378780238
81,91,-0.06958422219112342
81,92,-0.117646644993323
81,93,-0.10382722506346176
81,94,-0.07942504097116693
81,95,-0.07525606339012247
81,96,-0.09137606385312619
81,97,-0.09634308034206135
81,98,-0.08233430117955781
81,99,-0.09493857792182453
81,100,-0.08123256313959643
81,101,-0.08722781453555795
81,102,-0.07672777122693186
81,103,-0.11598991034472583
81,104,-0.07341604357709225
81,105,-0.0967544608174854
81,106,-0.06437468900707616
81,107,-0.06896987978421171
81,108,-0.10630928172084941
81,109,-0.06889547458131856
81,110,-0.09399574634555025
81,111,-0.08689213137776391
81,112,-0.06630002254711048
81,113,-0.10312746440200632
81,114,-0.09414691005567172
81,115,-0.08776672748789022
81,116,-0.06701083623486781
81,117,-0.08326569459144606
81,118,-0.08078502287702738
81,119,-0.07572225556272466
81,120,-0.054291487206964195
81,121,-0.043053243120433404
81,122,-0.08807575235987802
81,123,-0.07082363988600043
81,124,-0.0881143196842652
81,125,-0.09656045319862205
81,126,-0.09721543351670214
81,127,-0.10896438984161849
81,128,-0.098732760457166
81,129,-0.0881298960961947
81,130,-0.08662323558180163
81,131,-0.09299385051732617
81,132,-0.10177071620936173
81,133,-0.09731394119686038
81,134,-0.07892685725831394
81,135,-0.10497354873048165
81,136,-0.10374016428065047
81,137,-0.06857524973965273
81,138,-0.10794459836696829
81,139,-0.10633120898648818
81,140,-0.09970948084909187
81,141,-0.09193904651972351
81,142,-0.0868455667648047
81,143,-0.07018888805136292
81,144,-0.06585456809088053
81,145,-0.09304236557023965
81,146,-0.07062571809719403
81,147,-0.10375011552709845
81,148,-0.10044557420160533
81,149,-0.08970313904447708
81,150,-0.0783524604754331
81,151,-0.10547389055556339
81,152,-0.08847625127537456
81,153,-0.09528244539929093
81,154,-0.061364697543822844
81,155,-0.0640287860875498
81,156,-0.08035699753005499
81,157,-0.0564002743815879
81,158,-0.08793663931852919
81,159,-0.09733540149683895
81,160,-0.09833533144206202
81,161,-0.1037947755929357
81,162,-0.08991402539367327
81,163,-0.0731457277878374
81,164,-0.071189767038155
81,165,-0.0758177143317097
81,166,-0.11723573671860743
81,167,-0.09738831016333238
81,168,-0.07568215872730544
81,169,-0.05337231582185914
81,170,-0.08496585896909331
81,171,-0.07341295396590558
81,172,-0.09139674781607698
81,173,-0.07382609820979869
81,174,-0.08835773856859985
81,175,-0.0747005119716373
81,176,-0.029772705007869715
81,177,-0.07956235483088892
81,178,-0.07219615622964365
81,179,-0.04690576180521222
81,180,-0.098459143945483
81,181,-0.06557086427453407
81,182,-0.08080528678974797
81,183,-0.066769342378939
81,184,-0.06342644416985999
81,185,-0.03306835597966551
81,186,-0.06484678049708348
81,187,-0.06048275087071697
81,188,-0.07949458814576082
81,189,-0.05561912312392292
81,190,-0.0660255297921456
81,191,-0.04066121437634429
81,192,-0.0451379523374939
81,193,-0.054733892986356336
81,194,-0.044359731725866214
81,195,-0.043197085156572224
81,196,-0.06108875079803522
81,197,-0.041547987983646284
81,198,-0.017865646944847324
81,199,-0.027652050934275196
81,200,-0.04980530753908252
81,201,-0.0485783471682108
81,202,-0.08069466531244535
81,203,-0.008786753593801266
81,204,-0.023539933793243095
81,205,-0.022632730128580025
81,206,-0.031356114063622376
81,207,0.018532822745933264
81,208,-0.015746664308996405
81,209,-0.019244484657646832
81,210,-0.017218752181678065
81,211,-0.01057107779662625
81,212,-0.0343186240984556
81,213,-0.0193178134694737
81,214,-0.0003418042473468108
81,215,-0.006427026981509099
81,216,0.009173949073813303
81,217,-0.0034167636870222617
81,218,-0.02170559692783247
81,219,0.03832355834368806
81,220,-0.03190433301341711
81,221,0.014056761584493538
81,222,-0.024803381679106395
81,223,0.04382240876830479
81,224,0.010543418989835907
81,225,-0.0025200378604218754
81,226,0.027328838343490425
81,227,0.02546136808260724
81,228,0.04631414112303167
81,229,0.03646722312593109
81,230,0.0004826650832036039
81,231,0.0498976559882619
81,232,0.06550962340776967
81,233,0.04748304761905131
81,234,0.05300219376736781
81,235,0.07442949906964924
81,236,0.05949194654920986
81,237,0.0866575439858881
81,238,0.042138776549772494
81,239,0.14153544017352548
81,240,0.09175031920961063
82,1,-0.01593274081443591
82,2,-0.04430297895077484
82,3,-0.00965662089252417
82,4,-0.06699411651444948
82,5,-0.005826987721087085
82,6,-0.03183638459445237
82,7,-0.02443193196074478
82,8,-0.006640091387841107
82,9,-0.04672056892297399
82,10,0.08194208997825703
82,11,-0.03739711232502768
82,12,-0.00854374799014257
82,13,-0.01596702239633263
82,14,-0.034122307016626496
82,15,-0.03595392079473381
82,16,-0.030755325844436243
82,17,0.030285156836747373
82,18,-0.027650283213994375
82,19,0.029848106104085392
82,20,-0.01750456318425525
82,21,-0.03446907281077827
82,22,-0.038208908838235245
82,23,-0.06509794965983684
82,24,0.002850990437793466
82,25,-0.05681717546621057
82,26,-0.01000456997593041
82,27,-0.03946484701476549
82,28,-0.04067299112188599
82,29,-0.020968127690562666
82,30,-0.03920998583799673
82,31,0.0058325743166511845
82,32,0.007840978229978313
82,33,0.0464421863169896
82,34,-0.03549037855060583
82,35,-0.020216042377324772
82,36,-0.035391767449720946
82,37,-0.00412956565057665
82,38,-0.00661606888698224
82,39,0.032745817604357796
82,40,-0.032088344553671655
82,41,-0.017916577981144655
82,42,-0.03621418962074241
82,43,-0.046963628269173385
82,44,0.05828714950620506
82,45,-0.015698827332158827
82,46,-0.03749086724458428
82,47,-0.024551542388106307
82,48,-0.02855558228761118
82,49,-0.011167996306981731
82,50,-0.05432874827679113
82,51,-0.05647998429996981
82,52,-0.03700597937435862
82,53,-0.039380740833945105
82,54,-0.025258330651527605
82,55,-0.011966191887820887
82,56,-0.03084031647586677
82,57,-0.07442957085310203
82,58,-0.02688234319661653
82,59,-0.03501406423053255
82,60,-0.039208504224050755
82,61,-0.023386254787365668
82,62,-0.014576639084064646
82,63,-0.06496996613583766
82,64,-0.005778612836260744
82,65,-0.044895157830997734
82,66,-0.07135748235875916
82,67,-0.04520017555861833
82,68,-0.032735823077176096
82,69,-0.050133468066830444
82,70,-0.022191090896230614
82,71,-0.05687170231271893
82,72,-0.03180511014850024
82,73,-0.010692383769376923
82,74,-0.04679522358586785
82,75,-0.05147533878210686
82,76,-0.02435096958178573
82,77,-0.06080978186275593
82,78,-0.03422455676135755
82,79,-0.017802240871677477
82,80,-0.04950104677136502
82,81,-0.025179235027068647
82,82,-0.02121196329120456
82,83,0.009109545342389613
82,84,-0.06339185423227145
82,85,-0.05264380783016509
82,86,-0.05548286097940103
82,87,-0.0788959093628615
82,88,0.025046096654374628
82,89,-0.03284375869307937
82,90,-0.028919697322130233
82,91,-0.08712886911776824
82,92,-0.04166537991391239
82,93,-0.030903961402440228
82,94,-0.04802577543494979
82,95,-0.015950009236918306
82,96,-0.03648158462346357
82,97,-0.018049362529270696
82,98,-0.05204112664831806
82,99,-0.05696004289424145
82,100,-0.06703312042749737
82,101,-0.05092967663705639
82,102,-0.024628095524099558
82,103,-0.01696625144622621
82,104,-0.06533483845972032
82,105,-0.04733246466362201
82,106,-0.08154329155704515
82,107,-0.05917456022774803
82,108,-0.0434076851284938
82,109,-0.00041013606104645106
82,110,-0.06898512585428579
82,111,-0.05493591564854622
82,112,-0.027625244697823903
82,113,-0.0717909497958431
82,114,-0.06891923016601104
82,115,-0.0334267267744191
82,116,-0.02639021238535777
82,117,-0.04835305863361833
82,118,-0.07115326046764014
82,119,-0.08214779540674677
82,120,-0.03870343427186451
82,121,-0.0470302501493316
82,122,-0.08890601683448679
82,123,0.023763703066364217
82,124,-0.0455042367303205
82,125,0.04236438684851085
82,126,0.013140708764054376
82,127,-0.04228348458996534
82,128,-0.05509404758079656
82,129,-0.0787426822560276
82,130,-0.021833025180301557
82,131,-0.040914340653594006
82,132,-0.07674964601142276
82,133,-0.07882355697577192
82,134,-0.049798624744896214
82,135,-0.046436856880404165
82,136,-0.05275351682261481
82,137,-0.05486171661470268
82,138,-0.03747274442234916
82,139,-0.06542509060452861
82,140,-0.036041735044071044
82,141,-0.058887153717162743
82,142,-0.046333508154140834
82,143,-0.01672731767064073
82,144,-0.05561568662358968
82,145,-0.06485592776538757
82,146,-0.033686065268342
82,147,-0.05240890089618039
82,148,-0.06075004565501052
82,149,-0.07437353995749224
82,150,-0.0644699301775708
82,151,-0.06271044549469929
82,152,-0.05889714129381629
82,153,-0.043063737454666295
82,154,-0.04772767357147201
82,155,-0.057667991005243224
82,156,-0.05762892452874918
82,157,-0.05675317651470235
82,158,-0.06637521676632313
82,159,-0.05841247639138414
82,160,-0.0769264315124914
82,161,-0.06680653512631762
82,162,-0.025656262735294477
82,163,-0.03827274786832502
82,164,-0.02730176212727825
82,165,-0.06093954783744693
82,166,-0.035824361376611935
82,167,0.01969693124165306
82,168,-0.07264842505319463
82,169,-0.02583300463399163
82,170,-0.027201119238228988
82,171,-0.05530517326129092
82,172,-0.03297190640871983
82,173,-0.037684639038804424
82,174,-0.014423173274945023
82,175,-0.038962215015460766
82,176,-0.014349539032248337
82,177,-0.031103785331944522
82,178,-0.02286314540071832
82,179,-0.020461817387617875
82,180,-0.05096108454691578
82,181,-0.024191818478353277
82,182,0.02053749625717627
82,183,-0.04539540854993401
82,184,-0.0020008153572922405
82,185,0.0013000184532683257
82,186,-0.02490033688703802
82,187,-0.013188558226671698
82,188,-0.02617482901852264
82,189,-0.05545676620067019
82,190,-0.016542919962862168
82,191,-0.03142860064749409
82,192,0.022429090681436614
82,193,0.008279442130143422
82,194,0.021206626671214646
82,195,0.023510764549602547
82,196,0.007766584966813483
82,197,0.025081965972252096
82,198,0.045049900300656254
82,199,0.05481023714273858
82,200,0.033070755967095855
82,201,0.04462768189265387
82,202,0.0701181662331326
82,203,0.04832109441870169
82,204,0.026395519486730246
82,205,0.05879927796599216
82,206,0.06690727570420818
82,207,0.08926031353925312
82,208,0.11991909469206663
82,209,0.1114241491494331
82,210,0.13017685046425942
82,211,0.10670074495532345
82,212,0.10732673941477155
82,213,0.12441640871780657
82,214,0.12393771464530623
83,1,-0.024091422837704157
83,2,0.016097323132845176
83,3,-0.014862006498952807
83,4,0.0029218386355882586
83,5,-0.04324142357181143
83,6,-0.03727511486025448
83,7,0.0028440663607068872
83,8,-0.0707659402032963
83,9,0.03356602057734326
83,10,-0.027575253818536205
83,11,0.02675163343153153
83,12,0.050982434745813654
83,13,0.014209740952665029
83,14,0.03889172743239255
83,15,0.04703479891611517
83,16,0.03013802194983639
83,17,-0.044216038359327525
83,18,0.019291456531584927
83,19,-0.055326790759593736
83,20,0.021624290775842492
83,21,-0.023254387564484003
83,22,-0.01658594309284117
83,23,-0.031155108119620967
83,24,-0.0499656121927573
83,25,-0.008659712790797192
83,26,-0.025754368920097137
83,27,-0.038495363329052956
83,28,0.009545664827908307
83,29,-0.0009459384295956719
83,30,-0.024561001793911408
83,31,-0.06799694124187988
83,32,-0.017746218342661713
83,33,-0.05197335945631987
83,34,-0.033313579031578444
83,35,-0.012673677345049317
83,36,-0.017983497219463795
83,37,0.03860679209331197
83,38,-0.021005486803823692
83,39,-0.043641674709843814
83,40,-0.003470840814236875
83,41,-0.05659791330257036
83,42,-0.0007999474796726025
83,43,-0.009000628030161995
83,44,-0.000704381595933945
83,45,-0.04000990006295918
83,46,-0.014704362497749812
83,47,-0.05206020708853626
83,48,-0.0566445250366962
83,49,-0.019138295948531392
83,50,0.06987201304030477
83,51,0.038766365792523017
83,52,0.028200919684424397
83,53,0.0053511873209660665
83,54,-0.019971474871498418
83,55,-0.055660248818181046
83,56,-0.019985341778462118
83,57,-0.039752643743928506
83,58,-0.0280146725977361
83,59,0.0050878995476586475
83,60,-0.017394865143174287
83,61,-0.06088449490047715
83,62,-0.03493936311792417
83,63,-0.040444284504065786
83,64,-0.06271426242727507
83,65,-0.03311469733979344
83,66,-0.010651163971864441
83,67,-0.03937789824246818
83,68,0.02337154272143427
83,69,-0.045426723051629314
83,70,-0.05938988261291622
83,71,-0.04923073003649475
83,72,-0.06274754078111405
83,73,-0.03488758989187113
83,74,-0.04825597506487789
83,75,-0.06633964737253528
83,76,-0.04737125699560185
83,77,-0.028564179013084057
83,78,-0.037814406210659846
83,79,-0.05080575790256542
83,80,-0.03440978913015991
83,81,-0.055097850314879626
83,82,-0.04057024880225352
83,83,-0.02955006863547316
83,84,0.0018920352928656348
83,85,-0.029609053808964836
83,86,-0.03233968510389007
83,87,-0.04252169766232322
83,88,-0.01552950412224896
83,89,-0.03059835963135088
83,90,0.02453621847003662
83,91,0.021672465057771095
83,92,-0.06560645846779273
83,93,-0.006543713269322626
83,94,-0.0055161069811388574
83,95,0.007662585756261664
83,96,-0.04019525400947688
83,97,0.010048957868928676
83,98,-0.051261694752721576
83,99,-0.016074768377187076
83,100,-0.01046018298500756
83,101,-0.019791126630487932
83,102,-0.0745404822878954
83,103,-0.07526578130887229
83,104,-0.034535040493598124
83,105,-0.04678617662936113
83,106,-0.027154773924226716
83,107,-0.04935487056109167
83,108,-0.06370322765681286
83,109,-0.05092085516534922
83,110,-0.07136664831858824
83,111,-0.06672404265534626
83,112,-0.04881332818804429
83,113,-0.06232339313707741
83,114,-0.07204724459242312
83,115,-0.024887457196541285
83,116,-0.030931083610280963
83,117,-0.03485920771084383
83,118,-0.09841288226915673
83,119,-0.046637798167968036
83,120,0.02087939361433877
83,121,-0.06275330613370178
83,122,-0.05783046089507554
83,123,-0.07283054202178485
83,124,-0.05071153608951168
83,125,-0.025545736519861195
83,126,-0.05140343366407363
83,127,-0.023553022547265268
83,128,-0.03236202872520766
83,129,-0.04536857651202397
83,130,-0.03634054586060309
83,131,-0.03215095362088222
83,132,-0.08961843136419267
83,133,-0.07149152892892996
83,134,-0.06388800486718532
83,135,-0.04775620558026955
83,136,-0.054234875681325456
83,137,-0.04139774416597353
83,138,-0.06848845197567022
83,139,-0.01629611423913585
83,140,-0.03669116099576125
83,141,-0.06838532698082761
83,142,-0.061962937615839486
83,143,-0.06615592842584261
83,144,0.0021025862348781343
83,145,-0.07323325951725129
83,146,-0.08957614409015507
83,147,-0.08937813113371079
83,148,-0.10089307954338539
83,149,-0.08183969349831655
83,150,-0.057665701249966006
83,151,-0.07146737834031536
83,152,-0.05262465165484842
83,153,-0.07051153601805754
83,154,-0.03725474654000438
83,155,-0.06773008325936053
83,156,-0.08060587102959321
83,157,-0.07614464503278695
83,158,-0.08945618389198251
83,159,-0.06045314496107013
83,160,-0.08864680976400979
83,161,-0.026418876799427782
83,162,-0.09913587433394239
83,163,-0.045264273953551815
83,164,-0.08414776927005219
83,165,-0.05386976676141203
83,166,-0.09136362020725419
83,167,-0.06112392555922469
83,168,-0.06371683178975734
83,169,-0.08738032138608148
83,170,-0.018514553325004124
83,171,-0.09962988907680825
83,172,-0.0967000885495165
83,173,-0.06000871117118639
83,174,-0.08977877082996166
83,175,-0.09350975626362645
83,176,-0.05888950487198574
83,177,-0.09758636701220103
83,178,-0.08049411928385508
83,179,-0.06865257700019234
83,180,-0.056992769654293174
83,181,-0.07749585518839258
83,182,-0.07935171833742927
83,183,-0.09256969359330908
83,184,-0.07301377876887699
83,185,-0.10929107719698195
83,186,-0.0779384428391478
83,187,-0.07531022096766898
83,188,-0.09702098784926383
83,189,-0.06639683454135242
83,190,-0.09102537973984764
83,191,-0.09794720228734738
83,192,-0.06145902395375186
83,193,-0.06405861508621463
83,194,-0.10713249543262382
83,195,-0.07942771737578913
83,196,-0.08346527488637795
83,197,-0.0770083387131631
83,198,-0.11512690660877001
83,199,-0.06374993395907885
83,200,-0.08318858808671042
83,201,-0.08460535254519241
83,202,-0.09610728845590805
83,203,-0.10132939061102442
83,204,-0.10278326963808126
83,205,-0.09163579111108322
83,206,-0.11203780826973037
83,207,-0.07980388443377096
83,208,-0.05640529022554219
83,209,-0.1005155399090984
83,210,-0.08725055796683756
83,211,-0.09203731621842459
83,212,-0.07703455680195631
83,213,-0.11013202922961463
83,214,-0.10308390323339678
83,215,-0.08476567266580104
83,216,-0.07968785000075768
83,217,-0.08738442039638245
83,218,-0.07542602911422863
83,219,-0.09343565518193608
83,220,-0.05863825761040953
83,221,-0.0691635647075517
83,222,-0.08668816378580069
83,223,-0.08964214680087806
83,224,-0.09394558671422876
83,225,-0.10973627516462786
83,226,-0.08900310422454699
83,227,-0.07028053174518772
83,228,-0.06477498212818572
83,229,-0.10614656005129786
83,230,-0.10176947901356698
83,231,-0.08536185786831596
83,232,-0.06334501012653704
83,233,-0.09326301650845487
83,234,-0.08548753714091023
83,235,-0.09504215296728907
83,236,-0.09132948791835455
83,237,-0.08799093216607212
83,238,-0.08624877077357423
83,239,-0.1066194154884178
83,240,-0.08435621188691628
83,241,-0.08054393137313715
83,242,-0.08297928197634552
83,243,-0.05293601235404655
83,244,-0.08781915680829899
83,245,-0.0813430397219107
83,246,-0.05385174288675343
83,247,-0.07997177393749116
83,248,-0.0663359387459797
83,249,-0.07338523652081108
83,250,-0.06615089984462519
83,251,-0.057597659553207836
83,252,-0.05660183000500152
83,253,-0.057742150677283
83,254,-0.02940854818279509
83,255,-0.06168298308985365
83,256,-0.07038771229320451
83,257,-0.0769194149156956
83,258,-0.030833726351372992
83,259,-0.07536545084096274
83,260,-0.048820682513430524
83,261,-0.022384091157581276
83,262,0.001830344025650854
83,263,-0.00046694296633614796
83,264,-0.00734955655931574
83,265,-0.03327210358659716
83,266,-0.0617542431070916
83,267,-0.013623183859527155
83,268,-0.03228699408799446
83,269,0.010659656226645886
83,270,-0.026237405590396445
83,271,-0.010137736814523512
83,272,-0.0044018027598802245
83,273,-0.006465639729230255
83,274,-0.003911516101018864
83,275,0.01055603357151702
83,276,-0.02655412209283592
83,277,-0.040367848790020644
83,278,0.03475961900722602
83,279,0.04025252671550339
83,280,0.005546225999574772
83,281,0.0406823301238225
83,282,0.03884133808485701
83,283,0.04137140549801033
83,284,0.061136202053249655
83,285,0.02430571253838132
83,286,0.04618628204026498
83,287,0.0624793563812549
83,288,0.03990769802487493
83,289,0.04465822909328532
83,290,0.08837630196015267
83,291,0.0919322229818873
83,292,0.04825065771082471
83,293,0.11263060491051413
84,1,-0.07425928776346896
84,2,-0.06803735762286739
84,3,-0.10041308279474664
84,4,-0.09116134688383654
84,5,-0.08869645101296847
84,6,-0.07440207240344615
84,7,-0.09952514280518016
84,8,-0.10238830402305604
84,9,-0.10591846422652912
84,10,-0.08476615308735752
84,11,-0.09649439660368392
84,12,-0.07896288740060847
84,13,-0.10438836034865623
84,14,-0.11409392623765335
84,15,-0.09037502188690316
84,16,-0.0992938909531429
84,17,-0.09426919609677425
84,18,-0.0661992723623464
84,19,-0.0777415163929992
84,20,-0.08679919730338276
84,21,-0.08275045490258187
84,22,-0.09002315350571716
84,23,-0.09152864655044718
84,24,-0.09381748781368776
84,25,-0.09357148340134447
84,26,-0.07332446319234048
84,27,-0.04938898608966491
84,28,-0.05394791408295041
84,29,-0.09804113013572091
84,30,-0.081132404813063
84,31,-0.11750266050441655
84,32,-0.07842201944945598
84,33,-0.06620228372305603
84,34,-0.09166706150008586
84,35,-0.08131036422697219
84,36,-0.07743929860387744
84,37,-0.10331590436067895
84,38,-0.08326588028782606
84,39,-0.068273714881184
84,40,-0.06872324351764897
84,41,-0.10572827361641429
84,42,-0.08602798544487633
84,43,-0.06761192846049019
84,44,-0.09748913685256766
84,45,-0.10537100312090086
84,46,-0.10715901903182712
84,47,-0.10338077547965219
84,48,-0.07923769412303977
84,49,-0.0985331882970984
84,50,-0.08033851373656797
84,51,-0.0760561522995929
84,52,-0.07107508443892613
84,53,-0.08166031261572532
84,54,-0.07757610204080428
84,55,-0.06728764216066152
84,56,-0.07997995055513196
84,57,-0.08997685053931082
84,58,-0.10715420217691934
84,59,-0.09272010923650387
84,60,-0.09898466935011102
84,61,-0.055463345372012696
84,62,-0.10764868127354904
84,63,-0.10960448416788782
84,64,-0.07747959478423294
84,65,-0.08311805689807172
84,66,-0.09007938335530502
84,67,-0.09736893212829517
84,68,-0.09460954217571549
84,69,-0.08809774215274363
84,70,-0.090091111938024
84,71,-0.09272353540546313
84,72,-0.09236352566152417
84,73,-0.0941669380577953
84,74,-0.08711563310994902
84,75,-0.07270257370602112
84,76,-0.10135528392537274
84,77,-0.07539649090697448
84,78,-0.0707986187217679
84,79,-0.04240303683749036
84,80,-0.07554695983128251
84,81,-0.08203177873274164
84,82,-0.08378220297176192
84,83,-0.0766276840008146
84,84,-0.05747473320036761
84,85,-0.0972250924488785
84,86,-0.09125857021799355
84,87,-0.08373851039900859
84,88,-0.07662798537759558
84,89,-0.09325794266758358
84,90,-0.056095061525587187
84,91,-0.11764297622294856
84,92,-0.08309924687718784
84,93,-0.08529671374335324
84,94,-0.0915387253405463
84,95,-0.09806479336877799
84,96,-0.07794644063195699
84,97,-0.09473310779413663
84,98,-0.10134742774848826
84,99,-0.08435248145618612
84,100,-0.07211610137202851
84,101,-0.07592730541302595
84,102,-0.10300476567754813
84,103,-0.08267587707348889
84,104,-0.03742490194310344
84,105,-0.10751131890098631
84,106,-0.11285603412457768
84,107,-0.06371722960241577
84,108,-0.0821756845276782
84,109,-0.09112260746789863
84,110,-0.08893013077814599
84,111,-0.050038054438192536
84,112,-0.08344398460662183
84,113,-0.06574936738704051
84,114,-0.09560565132019316
84,115,-0.07751554213015571
84,116,-0.05082093648201502
84,117,-0.09173374946606355
84,118,-0.08692097235262408
84,119,-0.08499655465119538
84,120,-0.07126221031726715
84,121,-0.08682335951174175
84,122,-0.07134092967259054
84,123,-0.05328206169952371
84,124,-0.032510566889394854
84,125,-0.08970259713143092
84,126,-0.10043707941071744
84,127,-0.09562143372040949
84,128,-0.044980731896859916
84,129,-0.06474413455397732
84,130,-0.07409146845159592
84,131,-0.09367345565515933
84,132,-0.08649776589542013
84,133,-0.06002623219473835
84,134,-0.08921705161937621
84,135,-0.08148769323253074
84,136,-0.05430843478429792
84,137,-0.09687442769604793
84,138,-0.07807044998892787
84,139,-0.10529408435001303
84,140,-0.07811442835548188
84,141,-0.08398680083502164
84,142,-0.08790849064368372
84,143,-0.10959755935051002
84,144,-0.06988243591033422
84,145,-0.09328403895572313
84,146,-0.10411310297274667
84,147,-0.10375799641861155
84,148,-0.06891791221098376
84,149,-0.06618706869749369
84,150,-0.1011118897992428
84,151,-0.08209810897511394
84,152,-0.06523237373706292
84,153,-0.06584064219658614
84,154,-0.07392761266008402
84,155,-0.0830647727388587
84,156,-0.0473347877915396
84,157,-0.048868303242177946
84,158,-0.04440971108081143
84,159,-0.06500055762796275
84,160,-0.09167543739023759
84,161,-0.08483181050027755
84,162,-0.08258147728095183
84,163,-0.08348012232734836
84,164,-0.08543488326240944
84,165,-0.06252992009303959
84,166,-0.09317759995879366
84,167,-0.058867576173421865
84,168,-0.06719851784892517
84,169,-0.0937426230649373
84,170,-0.05706699039416019
84,171,-0.0737408769917064
84,172,-0.030387186841229874
84,173,-0.09634782844095657
84,174,-0.08387841215873021
84,175,-0.062042041535639525
84,176,-0.06015623431941247
84,177,-0.08248385143715203
84,178,-0.03595524135973954
84,179,-0.07522639919077223
84,180,-0.06712701972831164
84,181,-0.03707870533128499
84,182,-0.06165349352353361
84,183,-0.07100311223464689
84,184,-0.0923896011199527
84,185,-0.060520083940572234
84,186,-0.08417249556389983
84,187,-0.08932401086722974
84,188,-0.06317989104834593
84,189,-0.0944989149352699
84,190,-0.07255702215022675
84,191,-0.08576692391927093
84,192,-0.07843717701675823
84,193,-0.051219129536809516
84,194,-0.025853547249482967
84,195,-0.036942188794558295
84,196,-0.04138647390919237
84,197,-0.06631790826521439
84,198,-0.06594850336477759
84,199,-0.07041671866930876
84,200,-0.058093334968399024
84,201,-0.043040882525219426
84,202,-0.04274199693570868
84,203,-0.013779930880684244
84,204,-0.024094723625155523
84,205,-0.028105971329872526
84,206,-0.03513401278889933
84,207,-0.04707608416617681
84,208,-0.030326489433699255
84,209,-0.06392844198063707
84,210,-0.03962262614520262
84,211,-0.04735260053072987
84,212,-0.07624888473329816
84,213,-0.045035725377141234
84,214,-0.018922221756899338
84,215,-0.01710988414332093
84,216,-0.05759453448713192
84,217,-0.04078544893901398
84,218,-0.0512110633935024
84,219,-0.04019737175815158
84,220,-0.029629755862397134
84,221,-0.02068172267750973
84,222,-0.041150749969313505
84,223,-0.02663149531593073
84,224,-0.04049863947148552
84,225,-0.020334422409683528
84,226,-0.02798494298190346
84,227,-0.00939142580413782
84,228,-0.02733123215903982
84,229,-0.03158390327511412
84,230,-0.009353829580123652
84,231,-0.030975124764509088
84,232,-0.04383349530063119
84,233,-0.07155321024189604
84,234,0.008148750439429309
84,235,-0.0422764743024206
84,236,-0.02688111048077535
84,237,-0.018428490212283988
84,238,0.025897874388917885
84,239,-0.03440736471790318
84,240,-0.013991471834258251
84,241,0.027279469978795268
84,242,0.0111596395128305
84,243,0.0321375052305356
84,244,0.01691396355914221
84,245,-0.0065085920645741036
84,246,-0.024882020399097704
84,247,0.015115069521329683
84,248,-0.02276715808209162
84,249,0.0103177539403706
84,250,0.01783573860523946
84,251,0.008551951829828264
84,252,-0.00457430662945002
84,253,0.037280154616048056
84,254,-0.012476316783131658
84,255,0.01756753505441555
84,256,0.016423148947370292
84,257,0.016330381550440642
84,258,0.06939336326648704
84,259,0.04520739437233867
84,260,0.06737890165031579
84,261,0.056903081986653725
84,262,0.07473604306723636
84,263,0.03205969979179912
84,264,0.06596554164342505
84,265,0.036865998575349335
84,266,0.0473458077092106
84,267,0.06492720765975302
85,1,-0.07358447202747076
85,2,-0.08457819250297194
85,3,-0.11021358899189926
85,4,-0.0842432825927305
85,5,-0.06267584236400026
85,6,-0.0797538549602077
85,7,-0.09435111320972617
85,8,-0.0657023558925588
85,9,-0.01676364406081904
85,10,-0.09193014345387934
85,11,-0.0683949370205364
85,12,-0.08194103615592208
85,13,-0.10610089647470705
85,14,-0.09041046169059486
85,15,-0.09670950659911964
85,16,-0.06371184513709444
85,17,-0.07550706752010894
85,18,-0.09245583575713201
85,19,-0.09885918822511924
85,20,-0.09103687881102612
85,21,-0.09371326282272913
85,22,-0.11150904737296619
85,23,-0.07471471637722721
85,24,-0.08957745611302292
85,25,-0.06478034789848136
85,26,-0.0764221852260275
85,27,-0.08081731612565846
85,28,-0.0970099013115302
85,29,-0.08017164625468676
85,30,-0.11319291155429573
85,31,-0.08749502873110693
85,32,-0.09540005172151889
85,33,-0.08282930163393504
85,34,-0.09623385358712644
85,35,-0.07715424202963839
85,36,-0.07145287718276999
85,37,-0.07505698430340707
85,38,-0.09271729885270369
85,39,-0.0722744413247981
85,40,-0.08394516110807348
85,41,-0.09702830607821289
85,42,-0.0803354342995084
85,43,-0.09683561417305592
85,44,-0.09450128135623065
85,45,-0.10166721149089641
85,46,-0.08104232015590018
85,47,-0.049672186767684645
85,48,-0.07572247484240635
85,49,-0.11648483825073619
85,50,-0.07729472252845404
85,51,-0.10162657329077968
85,52,-0.09032750797477018
85,53,-0.0703802825571822
85,54,-0.060823926424237396
85,55,-0.07584321843309466
85,56,-0.08818245075597292
85,57,-0.08445927765014172
85,58,-0.07907656036299354
85,59,-0.08088790716210215
85,60,-0.047769908461578026
85,61,-0.0864950725339419
85,62,-0.0724235358257993
85,63,-0.08737568978150978
85,64,-0.06247465068795516
85,65,-0.10469860178007623
85,66,-0.08927823843228155
85,67,-0.0884977122958372
85,68,-0.07272263425525344
85,69,-0.10276806660788673
85,70,-0.08963926875472233
85,71,-0.10341367499451387
85,72,-0.07542961569053208
85,73,-0.09400088872863444
85,74,-0.063806320817624
85,75,-0.07729306865641067
85,76,-0.09042314579997912
85,77,-0.10784682535551765
85,78,-0.08269585989874761
85,79,-0.08841926440138842
85,80,-0.10553800224974635
85,81,-0.08260857617529732
85,82,-0.10810747530987364
85,83,-0.07144083521638517
85,84,-0.08667489663135136
85,85,-0.07629407085719209
85,86,-0.05592665736877017
85,87,-0.09303576677182945
85,88,-0.09471662344815962
85,89,-0.0818327241764808
85,90,-0.06974195581481601
85,91,-0.10430882175693518
85,92,-0.1016812201810684
85,93,-0.07404193669119252
85,94,-0.03860464442997047
85,95,-0.08749844406262025
85,96,-0.07789151302685798
85,97,-0.07383081654154333
85,98,-0.09945752707728739
85,99,-0.0642230661868502
85,100,-0.09182359107345761
85,101,-0.08179951655904327
85,102,-0.06899915436492027
85,103,-0.07046284879632558
85,104,-0.08838366023791
85,105,-0.09965267445718484
85,106,-0.09437206471552684
85,107,-0.09042215306057916
85,108,-0.06354960393324866
85,109,-0.10225166952802567
85,110,-0.07658976859354116
85,111,-0.065465058670992
85,112,-0.07388290337317033
85,113,-0.1037956360179475
85,114,-0.06965546289172991
85,115,-0.07788299942848165
85,116,-0.0958422530768136
85,117,-0.08143227515444862
85,118,-0.088405011007411
85,119,-0.0836768143377401
85,120,-0.10350865002744047
85,121,-0.08925828424216364
85,122,-0.0719565230587696
85,123,-0.0819334477122039
85,124,-0.08381720772848683
85,125,-0.09009630588267292
85,126,-0.09670071012392722
85,127,-0.08977036866474769
85,128,-0.07511507187388078
85,129,-0.08081296449267472
85,130,-0.0960183356219475
85,131,-0.07938125072081675
85,132,-0.09381157544439328
85,133,-0.08115256173304664
85,134,-0.06850206871678566
85,135,-0.05463611787371131
85,136,-0.0756967526049242
85,137,-0.09074760585786507
85,138,-0.1028378550382274
85,139,-0.09113306159932993
85,140,-0.06772714229674193
85,141,-0.08171470387929824
85,142,-0.09255715238489803
85,143,-0.04192215915509789
85,144,-0.10002116495395441
85,145,-0.09133543870462957
85,146,-0.09675283988770217
85,147,-0.08502003466452684
85,148,-0.03425514106095412
85,149,-0.0715554194697911
85,150,-0.0425741607594482
85,151,-0.06606199347913977
85,152,-0.040515559019029035
85,153,-0.05706186540720076
85,154,-0.0455840952806148
85,155,-0.03193590595780538
85,156,-0.0768354851011564
85,157,-0.0745098472535961
85,158,-0.014339801875326852
85,159,-0.027135632556644806
85,160,-0.043862749713564575
85,161,-0.02711059570791019
85,162,-0.04921130811171259
85,163,-0.03136456945831523
85,164,-0.04204743614863632
85,165,-0.018952455485121755
85,166,-0.02963142162443777
85,167,-0.022331993726906807
85,168,-0.006664566165523078
85,169,-0.025316462860828226
85,170,0.006835855221203557
85,171,-0.048990178770878634
85,172,0.009676672454822954
85,173,-0.012836398420540962
85,174,0.0206009724193027
85,175,0.03250803942425484
85,176,0.02437361081971612
85,177,-0.005956898753123052
85,178,0.0378471900633407
85,179,0.02947611371964487
85,180,0.008849078051149095
85,181,0.01700653224720028
85,182,0.01463088286283587
85,183,0.028908427327411834
85,184,0.04578182419541088
85,185,0.02782022854970856
85,186,0.06367484827136627
85,187,0.11073283450134919
85,188,0.07997436021116999
86,1,-0.08656272140443017
86,2,0.006131986096113651
86,3,-0.10613618691028753
86,4,-0.07664035003892117
86,5,-0.06340901823549505
86,6,-0.10194346831229961
86,7,-0.07968054379389788
86,8,-0.06779995606921213
86,9,-0.08656839214325568
86,10,-0.09901082449000398
86,11,-0.08885296734621362
86,12,-0.083425038161414
86,13,-0.07972552083695555
86,14,-0.09134506041954837
86,15,-0.0950201200041495
86,16,-0.07209813509171781
86,17,-0.07706000931913315
86,18,-0.08437122183192619
86,19,-0.0868109560281265
86,20,-0.07871277106927183
86,21,-0.0863301060513752
86,22,-0.11181489294762093
86,23,-0.10161774616946417
86,24,-0.08286491654222944
86,25,-0.09376410169699939
86,26,-0.06373981113751848
86,27,-0.09561403863975076
86,28,-0.0934190387033384
86,29,-0.08470113138832547
86,30,-0.09247885099829595
86,31,-0.09214800423298031
86,32,-0.07470441944111922
86,33,-0.08510736719015877
86,34,-0.08258977226487862
86,35,-0.09773104754439615
86,36,-0.08046106897625727
86,37,-0.06570720196451513
86,38,-0.09372399903047995
86,39,-0.09029058408596347
86,40,-0.09452456592646707
86,41,-0.11495967617695824
86,42,-0.09203799837847426
86,43,-0.055190114935918244
86,44,-0.11127520292301202
86,45,-0.08797297420179184
86,46,-0.07394254065475925
86,47,-0.06774718284209214
86,48,-0.09387057021604772
86,49,-0.1026889736762302
86,50,-0.1056114155463867
86,51,-0.09668588157937502
86,52,-0.08677417284514238
86,53,-0.101310329636489
86,54,-0.08177279359090384
86,55,-0.10411689807319757
86,56,-0.11852982083714603
86,57,-0.09697148569635339
86,58,-0.07422121245721935
86,59,-0.08882690970476459
86,60,-0.08510199449287548
86,61,-0.09126447746112942
86,62,-0.11263804098562841
86,63,-0.0995480720232717
86,64,-0.07889938557204368
86,65,-0.11152528551747887
86,66,-0.0890423548934331
86,67,-0.09931475376394844
86,68,-0.10206475077675342
86,69,-0.11056916906325198
86,70,-0.09181998892906718
86,71,-0.1068058599129536
86,72,-0.11098513948321381
86,73,-0.09314175322924961
86,74,-0.06922372730991794
86,75,-0.08367429837236018
86,76,-0.10027508505106325
86,77,-0.10107244857325542
86,78,-0.10210430599453879
86,79,-0.08488730217599239
86,80,-0.08524134659171545
86,81,-0.07290174219630347
86,82,-0.08768144373092229
86,83,-0.09806459722583355
86,84,-0.08518022233388872
86,85,-0.11550759146559025
86,86,-0.08443996508987162
86,87,-0.11244173220163767
86,88,-0.10922283726543441
86,89,-0.08561299646861248
86,90,-0.11395261592290584
86,91,-0.07768274715389067
86,92,-0.10446801207667489
86,93,-0.08997602527846166
86,94,-0.06643346319373156
86,95,-0.0885229203155602
86,96,-0.04860588938234145
86,97,-0.10753356754150306
86,98,-0.09185427573747079
86,99,-0.09533629516731545
86,100,-0.11097825256726268
86,101,-0.09410695165559796
86,102,-0.06981451044780346
86,103,-0.07448767346809226
86,104,-0.08212155783340724
86,105,-0.0895650730401909
86,106,-0.07184647003801847
86,107,-0.07848918011412265
86,108,-0.07838829164637784
86,109,-0.09761934428620428
86,110,-0.0983986847006888
86,111,-0.08917049112042486
86,112,-0.11065524784874475
86,113,-0.09589959691479871
86,114,-0.08487589102389476
86,115,-0.08169890546084801
86,116,-0.09234221317507879
86,117,-0.10959106159683785
86,118,-0.10925785992867432
86,119,-0.12149661754133906
86,120,-0.10144111476442291
86,121,-0.10956313847748439
86,122,-0.08229645044213252
86,123,-0.11490011956276786
86,124,-0.07907007776594605
86,125,-0.09213921736415548
86,126,-0.11230070435818246
86,127,-0.08389481538550175
86,128,-0.08825730935604875
86,129,-0.10135142458351004
86,130,-0.065312509598557
86,131,-0.08980290401604824
86,132,-0.07095167095249033
86,133,-0.08150807989935627
86,134,-0.08453511685890291
86,135,-0.09721716574808803
86,136,-0.09348957864928226
86,137,-0.09582522039949476
86,138,-0.0922154838713733
86,139,-0.09482029983004503
86,140,-0.0881999624766564
86,141,-0.07613928210341353
86,142,-0.09123669727403638
86,143,-0.10587806374165121
86,144,-0.07083842407610191
86,145,-0.07477043933353433
86,146,-0.10647872858660551
86,147,-0.08881009424659386
86,148,-0.09263919025343659
86,149,-0.07915901179815082
86,150,-0.11250253742496663
86,151,-0.08042294445033377
86,152,-0.0733031997283573
86,153,-0.10009437298293217
86,154,-0.07033157437612686
86,155,-0.09366189718807028
86,156,-0.09661607936781741
86,157,-0.07188640405503577
86,158,-0.0972614562907988
86,159,-0.10472157470339488
86,160,-0.08259267519430596
86,161,-0.08654310898533141
86,162,-0.0764780979919703
86,163,-0.0963474681970361
86,164,-0.08680202517031244
86,165,-0.09127419167241402
86,166,-0.10784859011093118
86,167,-0.10021886925477125
86,168,-0.07710595084813121
86,169,-0.07699793045522013
86,170,-0.09406164563496916
86,171,-0.09221695904964916
86,172,-0.07037155162032216
86,173,-0.08507194774434329
86,174,-0.0760837322000894
86,175,-0.05419255854491084
86,176,-0.08634328788187823
86,177,-0.0995156987959675
86,178,-0.11099320529035867
86,179,-0.07308252444471763
86,180,-0.09971156841976386
86,181,-0.060952883736530405
86,182,-0.044615765287653986
86,183,-0.09132310893564255
86,184,-0.07312629839392226
86,185,-0.08492854687473184
86,186,-0.07039628192028424
86,187,-0.08721613072181439
86,188,-0.05303436002902456
86,189,-0.060824932181902824
86,190,-0.1060630844000417
86,191,-0.07306773847976578
86,192,-0.08575333558595022
86,193,-0.08886062022674124
86,194,-0.06837779008100109
86,195,-0.0759972179840902
86,196,-0.0840352495764542
86,197,-0.10336966478423826
86,198,-0.04134658383516027
86,199,-0.07009457495153398
86,200,-0.06632072450167614
86,201,-0.07251343328486409
86,202,-0.0764091911174889
86,203,-0.08827689797224142
86,204,-0.046007006696972996
86,205,-0.05543153350492974
86,206,-0.018746783104831466
86,207,-0.06748527041937963
86,208,-0.07834146281207749
86,209,-0.050833096390443644
86,210,-0.09700483128147785
86,211,-0.05470569633803751
86,212,-0.03482689313017123
86,213,-0.07413892258318344
86,214,-0.05939038683729414
86,215,-0.0543658351887738
86,216,-0.08401960698965111
86,217,-0.05551753225200934
86,218,-0.07789969652559564
86,219,-0.10200241189170878
86,220,-0.05363581058485484
86,221,-0.05735094072422542
86,222,-0.039580781545431876
86,223,-0.03748297669993328
86,224,-0.057455708547824946
86,225,-0.04971658624070452
86,226,-0.05968944582047514
86,227,-0.07278448725260112
86,228,-0.06288524926288286
86,229,-0.06795116346671193
86,230,-0.05103401245391542
86,231,-0.043377060903027786
86,232,-0.050823763628031815
86,233,-0.02684003233990695
86,234,-0.06319960443871903
86,235,-0.029442203420556867
86,236,-0.049516180638392804
86,237,-0.02013377125439242
86,238,-0.026376438807494684
86,239,-0.008516154035550616
86,240,-0.030555247187593504
86,241,-0.05136669246058362
86,242,-0.013043516391518573
86,243,-0.05712741157463813
86,244,-0.020577132079279137
86,245,-0.027004455377424796
86,246,0.00042419127779280696
86,247,-0.029138730078508535
86,248,0.003750787651397025
86,249,0.007497998765734537
86,250,0.03522899642326205
86,251,-0.007791294074504129
86,252,-0.009657020118821191
86,253,-0.02936851842050897
86,254,-0.0015521244819782232
86,255,0.008504952507700336
86,256,-0.020537199910174053
86,257,0.006681333918593935
86,258,-0.019494101467062597
86,259,-0.0025507288813905737
86,260,0.002864855374031583
86,261,0.025618834748235564
86,262,0.02049666096816083
86,263,0.023331207402848775
86,264,0.049558542667943684
86,265,0.021311744549483147
86,266,0.05116668795512258
86,267,0.0020167406095744633
86,268,0.07572556316353896
86,269,0.00983009575569993
86,270,0.0477434909220984
86,271,0.01673229494604911
86,272,0.061642022732954715
86,273,0.030557824432109748
86,274,0.026617912962888624
86,275,0.027033625274442308
86,276,0.016164656325048155
86,277,0.0562377538513148
86,278,0.05408367495222366
87,1,-0.06412632736956236
87,2,-0.08976319054273013
87,3,-0.06153434209165343
87,4,-0.0832971052101566
87,5,-0.09100414956649477
87,6,-0.08200884171988632
87,7,-0.09442414001080829
87,8,-0.10866204614805103
87,9,-0.12182120482294717
87,10,-0.1016466003049874
87,11,-0.07335988912173314
87,12,-0.1027286082232926
87,13,-0.10511295942837573
87,14,-0.05931866926528906
87,15,-0.09784668392102824
87,16,-0.10177478562231929
87,17,-0.09288116608736957
87,18,-0.08206212278782732
87,19,-0.10972376794632116
87,20,-0.07432795616662058
87,21,-0.09662278120286893
87,22,-0.12531956087578722
87,23,-0.08747859906145106
87,24,-0.08019608011445489
87,25,-0.08270449320110607
87,26,-0.0901484509789901
87,27,-0.0893026037590543
87,28,-0.08164458076679304
87,29,-0.08524259022510655
87,30,-0.10224620231277365
87,31,-0.09865247452160902
87,32,-0.06735737593488006
87,33,-0.08008635727964103
87,34,-0.08044057929696286
87,35,-0.08071537830746939
87,36,-0.07870437379622464
87,37,-0.1048536855943008
87,38,-0.08699366058374292
87,39,-0.06938449622163251
87,40,-0.0833261620472247
87,41,-0.08149768242624955
87,42,-0.05828993226854401
87,43,-0.11141538816045188
87,44,-0.09592769751985447
87,45,-0.08908754073104119
87,46,-0.10593561135224705
87,47,-0.04349090742119471
87,48,-0.08751374663450417
87,49,-0.0912140884241171
87,50,-0.07681877131923448
87,51,-0.1069214412070898
87,52,-0.09258074854682641
87,53,-0.10232755155830864
87,54,-0.09852563146493032
87,55,-0.11240871847363326
87,56,-0.0877985631512408
87,57,-0.09273844927537189
87,58,-0.08328846267321055
87,59,-0.08234219910572627
87,60,-0.11095103063248868
87,61,-0.10425063395381029
87,62,-0.06759486754634031
87,63,-0.07200967813348413
87,64,-0.07473873588666774
87,65,-0.08671994900522245
87,66,-0.09512967635845554
87,67,-0.10197192774277264
87,68,-0.10065440798555336
87,69,-0.10136850467449865
87,70,-0.08023032821235443
87,71,-0.0850699248011989
87,72,-0.0961155153922047
87,73,-0.0863447907485172
87,74,-0.08059820201724888
87,75,-0.08935823152718397
87,76,-0.11438941741033665
87,77,-0.08270483337713663
87,78,-0.10260693897353845
87,79,-0.099426944038917
87,80,-0.09452403748534932
87,81,-0.09797720157688167
87,82,-0.08125647049358703
87,83,-0.09008317108070013
87,84,-0.09500276266969515
87,85,-0.10068334940360635
87,86,-0.08543841973419702
87,87,-0.07660457952615424
87,88,-0.09643541426531865
87,89,-0.0871936056480575
87,90,-0.09714925112600264
87,91,-0.0907767234750475
87,92,-0.10419769012049135
87,93,-0.06709291036490572
87,94,-0.08718989539693889
87,95,-0.0972405239153456
87,96,-0.09331740870035299
87,97,-0.07301981323457402
87,98,-0.06089916344210844
87,99,-0.11980315394875785
87,100,-0.0903074200504233
87,101,-0.07730032265415859
87,102,-0.0946244172512885
87,103,-0.07479823630689059
87,104,-0.08979126498782519
87,105,-0.07702552019446413
87,106,-0.07997631733786459
87,107,-0.09537194868918325
87,108,-0.09981665533349554
87,109,-0.08208081869838829
87,110,-0.06387208357990992
87,111,-0.04481857939770301
87,112,-0.1035544027699099
87,113,-0.06403209578088248
87,114,-0.10993286444590805
87,115,-0.04266901615743762
87,116,-0.07276922259611718
87,117,-0.09204923806809834
87,118,-0.08773532536217676
87,119,-0.10801101746391467
87,120,-0.08845914921000925
87,121,-0.06692620796043769
87,122,-0.09007566167668013
87,123,-0.07542803787807056
87,124,-0.10547699549455547
87,125,-0.05697460454685582
87,126,-0.06628729343324286
87,127,-0.09410137634407806
87,128,-0.08099052715548977
87,129,-0.06640724585606955
87,130,-0.06824985781563636
87,131,-0.08898582919681369
87,132,-0.05856816895878858
87,133,-0.03590181237951168
87,134,-0.08427718317236221
87,135,-0.06637770796204384
87,136,-0.056805729009440586
87,137,-0.07820894599843359
87,138,-0.08313192842312545
87,139,-0.04685886791884908
87,140,-0.08796902827619985
87,141,-0.06188605178019735
87,142,-0.07512463141972286
87,143,-0.084478921004849
87,144,-0.04039289306102173
87,145,-0.026036499714899908
87,146,-0.053260733971030594
87,147,-0.05109991081800913
87,148,-0.05744955896695908
87,149,0.0013377176357783904
87,150,-0.05129096517565196
87,151,-0.051249203432041535
87,152,-0.04469399021429882
87,153,-0.04501298142533888
87,154,-0.020977089258953363
87,155,-0.032708983172685446
87,156,-0.04315049798227805
87,157,0.009907032199932386
87,158,0.0026978598035957146
87,159,0.014176867113622649
87,160,0.006329189653985767
87,161,-0.00420384069472679
87,162,0.005147038520418867
87,163,0.007907332659241373
87,164,-0.010047732599873627
87,165,0.0064613440845741055
87,166,0.018347970715759665
87,167,0.032542407274120944
87,168,0.014774949478752464
87,169,0.019824028473984234
87,170,0.03820833431190174
87,171,0.06273300249242142
87,172,0.039417054714434796
87,173,0.012559907355870759
87,174,0.07278978964732519
87,175,0.08258210554248047
87,176,0.07076479990523088
87,177,0.09205306096198773
87,178,0.07080807396674849
88,1,0.015728668465417428
88,2,-0.056216401009795525
88,3,-0.10547814249235171
88,4,-0.07758716930611842
88,5,-0.05466086771310752
88,6,-0.09154403844479769
88,7,-0.06741578142635385
88,8,-0.042318859811600384
88,9,-0.0849463836652819
88,10,-0.08582759544402208
88,11,-0.08957120370144533
88,12,-0.08502975851965494
88,13,-0.08888399139798425
88,14,-0.06123174222352523
88,15,-0.06140133317023433
88,16,-0.07175565083847313
88,17,-0.07372896898928688
88,18,-0.01948087358158257
88,19,-0.07471382001312726
88,20,-0.08150539686170011
88,21,-0.08002455503213934
88,22,-0.04980921600270888
88,23,-0.09848468641263458
88,24,-0.054142821886064674
88,25,-0.07839036560316726
88,26,-0.0807782493520246
88,27,-0.05205587029549408
88,28,-0.07806596607150879
88,29,-0.0787285758218938
88,30,-0.07148161781858287
88,31,-0.03828420008133182
88,32,-0.05149952022137472
88,33,-0.1098255872892735
88,34,-0.08599048565394002
88,35,-0.06610362652385804
88,36,-0.0801681306204785
88,37,-0.07237839223801523
88,38,-0.06607783784772464
88,39,-0.09089518451156553
88,40,-0.08584369659687491
88,41,-0.09209515720683342
88,42,-0.0646437217480248
88,43,-0.056897692303818304
88,44,-0.09249445482470103
88,45,-0.09901821907525843
88,46,-0.07806158837533234
88,47,-0.1125754570151809
88,48,-0.019484153820710504
88,49,-0.10216388408360894
88,50,-0.07189873631253291
88,51,-0.09437030733994378
88,52,-0.09298778952849251
88,53,-0.06537139888720195
88,54,-0.08573882831990837
88,55,-0.08158583455098761
88,56,-0.07580987825198826
88,57,-0.07153567289900403
88,58,-0.0925211933654776
88,59,-0.07974058777236093
88,60,-0.055433729852528146
88,61,-0.08375990151808144
88,62,-0.06779103131070519
88,63,-0.09332547779314776
88,64,-0.08411566935215492
88,65,-0.06966035565654727
88,66,-0.10835893679289665
88,67,-0.0617904830791029
88,68,-0.08212169757718318
88,69,-0.06363882444536084
88,70,-0.1019267372789619
88,71,-0.10715673190080399
88,72,-0.08948072596506862
88,73,-0.06248621799423759
88,74,-0.04802995628772183
88,75,-0.0741821500755308
88,76,-0.05818995334869265
88,77,-0.07275554604040768
88,78,-0.07340046385193433
88,79,-0.09380269400505764
88,80,-0.0563113071973787
88,81,-0.07532994647426139
88,82,-0.09720516031999471
88,83,-0.09060606860895482
88,84,-0.08490059094087615
88,85,-0.09506347930140452
88,86,-0.0945530716612451
88,87,-0.0875781013762888
88,88,-0.07217671330233344
88,89,-0.05576609725565834
88,90,-0.07903323220280278
88,91,-0.09854776563617618
88,92,-0.03953142922589559
88,93,-0.06701850258900882
88,94,-0.0993154649756301
88,95,-0.0637456971358179
88,96,-0.08034295515742257
88,97,-0.09467329563194421
88,98,-0.09758569274950046
88,99,-0.0855101777814753
88,100,-0.09036416024638133
88,101,-0.07343619267103335
88,102,-0.09361584936157918
88,103,-0.043583175323607726
88,104,-0.0938796044439345
88,105,-0.09471901643037256
88,106,-0.111310645148811
88,107,-0.05672026736505431
88,108,-0.08061838198109156
88,109,-0.09631231918158212
88,110,-0.07870419000042089
88,111,-0.08449874879969582
88,112,-0.056020912584806126
88,113,-0.08045221784262818
88,114,-0.06670293482755807
88,115,-0.06928711692985645
88,116,-0.07410649777950212
88,117,-0.0745120318776119
88,118,-0.0770329944487605
88,119,-0.0657373376696338
88,120,-0.09516023177427174
88,121,-0.10080507198088673
88,122,-0.10317917941320398
88,123,-0.08832987184326735
88,124,-0.08097350706116857
88,125,-0.10029373480880638
88,126,-0.052647735525933215
88,127,-0.05605828606896923
88,128,-0.09036540974463458
88,129,-0.10352301009930315
88,130,-0.08729156964758839
88,131,-0.06489053304558007
88,132,-0.07310864807807638
88,133,-0.10138957645575919
88,134,-0.09207312236122112
88,135,-0.07701177719386126
88,136,-0.0471351241520403
88,137,-0.08416904684373933
88,138,-0.07085887476131159
88,139,-0.0922228360760386
88,140,-0.06716957764472437
88,141,-0.05237482207365518
88,142,-0.098006600032012
88,143,-0.06597057838498
88,144,-0.0676345888386451
88,145,-0.07368924719276432
88,146,-0.08255719990919114
88,147,-0.05315511230525427
88,148,-0.07839780977850336
88,149,-0.058139776705003865
88,150,-0.05742123929761467
88,151,-0.07921853263887663
88,152,-0.08064164897575132
88,153,-0.08081986436964245
88,154,-0.06814532673979601
88,155,-0.07341679965840925
88,156,-0.06341604422626212
88,157,-0.07400020464899132
88,158,-0.04907736990563161
88,159,-0.06943840889458502
88,160,-0.08058633547261046
88,161,-0.0806183324731527
88,162,-0.07901620531793019
88,163,-0.06580411879800935
88,164,-0.07317216987442543
88,165,-0.0830373053124388
88,166,-0.06598952908069267
88,167,-0.05954044188390584
88,168,-0.07824627076312696
88,169,-0.06906823606844492
88,170,-0.050342452327898524
88,171,-0.054143738418910514
88,172,-0.06668614748147678
88,173,-0.06527472181245242
88,174,-0.027916717955391357
88,175,-0.05884612841370379
88,176,-0.03991116167994374
88,177,-0.05166926415783668
88,178,-0.029605338020524452
88,179,-0.06373403703914499
88,180,-0.031022580467166883
88,181,-0.0371986437124473
88,182,-0.01242493620818369
88,183,-0.03561226381512983
88,184,-0.03470232029312098
88,185,0.0010700734111952492
88,186,-0.0359124303087639
88,187,0.015251367646481495
88,188,-0.04526399306932799
88,189,-0.017299504897464235
88,190,-0.014841123982556714
88,191,-0.01772003420949514
88,192,-0.0019818613258429374
88,193,-0.002958138376251085
88,194,0.017906516431377972
88,195,0.035266815443129484
88,196,0.038186813217368165
88,197,0.0032160849419073934
88,198,0.013841155676798556
88,199,0.03427736517614943
88,200,0.05747219913554613
88,201,0.039510790534294404
88,202,0.008952791892877454
88,203,0.033337807779558304
88,204,0.04643826014653962
88,205,0.026296934728816
88,206,0.056167228589382945
88,207,0.04450602795955283
88,208,0.06752545167200397
88,209,0.05743880615130259
88,210,0.05478358878419587
88,211,0.08380305402996913
88,212,0.06833604398478732
88,213,0.09259327959974029
89,1,0.015224832839031865
89,2,0.021304447728902942
89,3,-0.02198420297172532
89,4,0.042196209117524086
89,5,-0.08195963065898798
89,6,-0.057602524171110225
89,7,-0.038903274216957495
89,8,-0.05894722914106165
89,9,-0.054640964330313346
89,10,-0.0655012442018943
89,11,-0.06589284341670681
89,12,-0.07394133746788767
89,13,-0.06314093383782832
89,14,-0.06329863836892496
89,15,-0.03658448044805823
89,16,-0.05464611660383767
89,17,0.019983286811677048
89,18,-0.05910955288083203
89,19,-0.06675212537482678
89,20,-0.02952977133069329
89,21,-0.05218422025749214
89,22,-0.04026863521036117
89,23,-0.04720744800442506
89,24,-0.07069041791511677
89,25,-0.057185409667330656
89,26,-0.05029516614097096
89,27,-0.034604725958073346
89,28,-0.06330357094227268
89,29,-0.037170372667745255
89,30,-0.05485266039863829
89,31,-0.07632378122678618
89,32,-0.04075853799532414
89,33,-0.06809141954215481
89,34,-0.0397890175507683
89,35,-0.042910228349504864
89,36,-0.08754348417955526
89,37,-0.07537738039370012
89,38,-0.06673694674909025
89,39,-0.08174273426189654
89,40,-0.05998569234880585
89,41,-0.05776477132010849
89,42,-0.06636201812754638
89,43,-0.08081705922381988
89,44,-0.05369798873898901
89,45,-0.043525445716711963
89,46,-0.09016702967104029
89,47,-0.035254346651729385
89,48,-0.0643132805037786
89,49,-0.08977995440001468
89,50,-0.07237967040669269
89,51,-0.07575703130030353
89,52,-0.05593497728956648
89,53,-0.04667002402198622
89,54,-0.09486635030045054
89,55,-0.07936356092972785
89,56,-0.03807863091125735
89,57,-0.0575213227359227
89,58,-0.0469743377883623
89,59,-0.03878512835422282
89,60,-0.09172553610335471
89,61,-0.07680954921973615
89,62,-0.04181939030553217
89,63,-0.08275007410264357
89,64,-0.05945982074264927
89,65,-0.07318116817189013
89,66,-0.057513855207566966
89,67,-0.0732457285145589
89,68,-0.0767002987186603
89,69,-0.08427985868134474
89,70,-0.09082941246388593
89,71,-0.07184966950297095
89,72,-0.08600332179357312
89,73,-0.07499401337433143
89,74,-0.07869581966517974
89,75,-0.018131731037729748
89,76,-0.02410847420698825
89,77,-0.08455477758041235
89,78,-0.0532425590297439
89,79,-0.08162757317656116
89,80,-0.01895988762692946
89,81,-0.0646868068743105
89,82,-0.04409064919530703
89,83,-0.07332665568738356
89,84,-0.07218279486999785
89,85,-0.07575330919192919
89,86,-0.06329053882253571
89,87,-0.07240174247536385
89,88,-0.06968570426755477
89,89,-0.050455498421103584
89,90,-0.08015073531448663
89,91,-0.09513148394275495
89,92,-0.04696977258620266
89,93,-0.05189385216038733
89,94,-0.08627218685322291
89,95,-0.05635859131526194
89,96,-0.05174277651490261
89,97,-0.0857589291609665
89,98,-0.03843288809460399
89,99,-0.06260641916058585
89,100,-0.09493686843505772
89,101,-0.06588790771940722
89,102,-0.06100352135534365
89,103,-0.07767827980866254
89,104,-0.07221433994113319
89,105,-0.10209490517959513
89,106,-0.10279090947162695
89,107,-0.053997192923331716
89,108,-0.06162559223425779
89,109,-0.06693449304959487
89,110,-0.08157469798043582
89,111,-0.06759054456906999
89,112,-0.05257494518373218
89,113,-0.03846535093759407
89,114,-0.07132604877824583
89,115,-0.09608041950207274
89,116,-0.09153147803687184
89,117,-0.08304381409298534
89,118,-0.07269249024718327
89,119,-0.07189861158718702
89,120,-0.08590406758213165
89,121,-0.0696062896827716
89,122,-0.0789386524854006
89,123,-0.07535960490269095
89,124,-0.09616304455292918
89,125,-0.0989464211669463
89,126,-0.10024745183784889
89,127,-0.08566712460928744
89,128,-0.07721047019928351
89,129,-0.0648994254171465
89,130,-0.08326396311633033
89,131,-0.0954688802814243
89,132,-0.10558414110369413
89,133,-0.10356976035973492
89,134,-0.10079752633465394
89,135,-0.09386974106522511
89,136,-0.09422973747977809
89,137,-0.03436666496645996
89,138,-0.08539598047336494
89,139,-0.09409559890634667
89,140,-0.09965078238930819
89,141,-0.08831794794857756
89,142,-0.10972250826175473
89,143,-0.0930603332443552
89,144,-0.07539328518154237
89,145,-0.09775852958090953
89,146,-0.1006273777649494
89,147,-0.06569609297829809
89,148,-0.09570693700238203
89,149,-0.07432066358847944
89,150,-0.09158391712842856
89,151,-0.08254652847764277
89,152,-0.1008930137614335
89,153,-0.08815550916759968
89,154,-0.062151889800347415
89,155,-0.1073338995676491
89,156,-0.09555410871016334
89,157,-0.08556131516923893
89,158,-0.10642723572559015
89,159,-0.09292666485466489
89,160,-0.10355733139234874
89,161,-0.10668373474873294
89,162,-0.08689556686123434
89,163,-0.07543439454127271
89,164,-0.09926301532268528
89,165,-0.06275774256813954
89,166,-0.07422855898038078
89,167,-0.09447237426705352
89,168,-0.10230630302893728
89,169,-0.0792734759208027
89,170,-0.09392580285062296
89,171,-0.07810582117332893
89,172,-0.09996775001027386
89,173,-0.07759695878903833
89,174,-0.0939979797740414
89,175,-0.06726109908067873
89,176,-0.07110579662753391
89,177,-0.0978102486811881
89,178,-0.05690709061219146
89,179,-0.08115218882262504
89,180,-0.0719433501302279
89,181,-0.06562706679177399
89,182,-0.08573754268874367
89,183,-0.07064511452829147
89,184,-0.06914836992195555
89,185,-0.045858362451725865
89,186,-0.06144027135103475
89,187,-0.05410795581525335
89,188,-0.01865301766292954
89,189,-0.058774723088706404
89,190,-0.06944484549205698
89,191,-0.0420106750735153
89,192,-0.07473891142908373
89,193,-0.06763501230644015
89,194,-0.03525982075921896
89,195,-0.014571610402876578
89,196,-0.015535834486791134
89,197,-0.012587523821320667
89,198,-0.009805496709865358
89,199,0.008184819223770234
89,200,-0.02112129128084178
89,201,0.02535718406709475
89,202,0.042542277637518944
89,203,0.02218855635032746
89,204,0.008541575531255785
89,205,-0.0010226238496688356
89,206,0.020258254036270018
89,207,0.05158399904876365
89,208,-0.013946043534305008
89,209,0.032518882966277474
89,210,0.01834607632342744
89,211,0.00469853827176403
89,212,0.050906351350724965
89,213,0.07516310335473864
89,214,0.01995878831453446
89,215,0.07679898331934754
89,216,0.044375793052783385
89,217,0.09200119357906966
90,1,-0.06359345084870849
90,2,-0.033079778191733744
90,3,-0.040786214125967
90,4,-0.05476947875133176
90,5,-0.04317789865230043
90,6,-0.0666698369878242
90,7,-0.04774243640119513
90,8,-0.07432811050669191
90,9,-0.013433182962299173
90,10,-0.022308777119453727
90,11,-0.043534413502594516
90,12,-0.04068688526713016
90,13,-0.05230349027637338
90,14,-0.05098393852226374
90,15,-0.039877434182257865
90,16,-0.019973044448007293
90,17,-0.02562333142885781
90,18,-0.07250332098255274
90,19,-0.0745604041027193
90,20,-0.05118080901300148
90,21,-0.07313671293642843
90,22,6.761662241838717e-05
90,23,-0.07089042129335027
90,24,-0.05375457035574693
90,25,0.011585626993215858
90,26,-0.038659481117767625
90,27,-0.004907768490089948
90,28,-0.015821013535941897
90,29,-0.0471554316443743
90,30,-0.07206131050340686
90,31,-0.020202072901076784
90,32,-0.06096981447667088
90,33,-0.05127041043591141
90,34,-0.04719718128935374
90,35,-0.03575985527627218
90,36,-0.04579246110677049
90,37,-0.07101679905321007
90,38,-0.05580699830113628
90,39,-0.06923885182247186
90,40,-0.05617745943645863
90,41,-0.07865311206625558
90,42,-0.07198047201938912
90,43,-0.025687147662257992
90,44,-0.03005716947449022
90,45,-0.06802043987242579
90,46,-0.0794663802342811
90,47,-0.0557344626998601
90,48,-0.05640510951007799
90,49,-0.06160971703611623
90,50,-0.061827314217793417
90,51,-0.06668213498709924
90,52,-0.049037785355532826
90,53,-0.0759332170872381
90,54,-0.06958828181490151
90,55,-0.05665217839503167
90,56,-0.06990721780061332
90,57,-0.09880619121568035
90,58,-0.06115261378205106
90,59,-0.10473749579262859
90,60,-0.07998231397553185
90,61,-0.049254271285326556
90,62,-0.034634625273487984
90,63,-0.06671946455963579
90,64,-0.08046874833867473
90,65,-0.03753711747495747
90,66,-0.08255484436718974
90,67,-0.0918704537953069
90,68,-0.07024586183676768
90,69,-0.054996885658196104
90,70,-0.056808092819785716
90,71,-0.07506014710053038
90,72,-0.053310098215659074
90,73,-0.07552838006896756
90,74,-0.06333223012459133
90,75,-0.06442373697851123
90,76,-0.08068350894813064
90,77,-0.08285665323037145
90,78,-0.05896795789211323
90,79,-0.08866142488246909
90,80,-0.09827052211727738
90,81,-0.084481288353014
90,82,-0.10443080805755717
90,83,-0.10232050534971965
90,84,-0.056352323324140474
90,85,-0.07391928437420531
90,86,0.004590914848587424
90,87,-0.05919743100143887
90,88,-0.09733798587701054
90,89,-0.07526231976535713
90,90,-0.09234666392986773
90,91,-0.08498460123554963
90,92,-0.09048328568356989
90,93,-0.05562660441538686
90,94,-0.06168842859804119
90,95,-0.09517781087612387
90,96,-0.09445221385064179
90,97,-0.07121008181829502
90,98,-0.08109539419711032
90,99,-0.07840687813940828
90,100,-0.08561136728659835
90,101,-0.10581034512383725
90,102,-0.1119898849295412
90,103,-0.09085269783071381
90,104,-0.0781048246093834
90,105,-0.11107748111603849
90,106,-0.07374072646017293
90,107,-0.0851879247188509
90,108,-0.11742359755209364
90,109,-0.09376306967214637
90,110,-0.07540119024504299
90,111,-0.08637787429663324
90,112,-0.0825540838635287
90,113,-0.1119137030127697
90,114,-0.11213028210617165
90,115,-0.09993542355559948
90,116,-0.10109729541633405
90,117,-0.050145284366333975
90,118,-0.10144145074710431
90,119,-0.10210594413841145
90,120,-0.05686303791332381
90,121,-0.05388273929456827
90,122,-0.0735811547975696
90,123,-0.08369725308563442
90,124,-0.06286981171708989
90,125,-0.07554567942889423
90,126,-0.09205917062568614
90,127,-0.08631587846530492
90,128,-0.055459230746097155
90,129,-0.024401501910185086
90,130,-0.07087054092470213
90,131,-0.08476277942579907
90,132,-0.03649312173228092
90,133,-0.0413322217345129
90,134,-0.025975043876136028
90,135,-0.05730755411762889
90,136,-0.050232198561524666
90,137,-0.03662617367499671
90,138,-0.039660309729453724
90,139,-0.0016763382047209618
90,140,-0.0034003014679021004
90,141,0.01538886442656151
90,142,0.029317507911785334
90,143,0.026121245928952708
90,144,-0.012244914801322782
90,145,0.009251654094399098
90,146,0.007110212181218323
90,147,0.037147785999433025
90,148,-0.005939495408956552
90,149,0.03404165778715995
90,150,0.06467758710394467
90,151,0.06026639062879202
90,152,0.07253979022389179
90,153,0.12507428503551432
90,154,0.1173169286039959
91,1,-0.08304877693986962
91,2,-0.07518833465281932
91,3,-0.08178793718860844
91,4,-0.0813891836703049
91,5,-0.0648320932554346
91,6,-0.05696837247100228
91,7,-0.04907081030686694
91,8,-0.07532048701181643
91,9,-0.10215786943793675
91,10,-0.07450956768834988
91,11,-0.08290095820825327
91,12,-0.09320253598904182
91,13,-0.10985360056315358
91,14,-0.10642581766361203
91,15,-0.06900814749309492
91,16,-0.09724395249616424
91,17,-0.08554770719124793
91,18,-0.11674439309915802
91,19,-0.08526635073052274
91,20,-0.1059436785666436
91,21,-0.10564972233365166
91,22,-0.05643360916593526
91,23,-0.06160723806770341
91,24,-0.08372324858448071
91,25,-0.09530924495178195
91,26,-0.08236309322366087
91,27,-0.09006552396964307
91,28,-0.08022274952598901
91,29,-0.07106982705021825
91,30,-0.07436189817419758
91,31,-0.06879988762322986
91,32,-0.07876486579045844
91,33,-0.07285411055138763
91,34,-0.09001380347811067
91,35,-0.08575239421684405
91,36,-0.07418508361265358
91,37,-0.07945636510478182
91,38,-0.06161453475405465
91,39,-0.09265982512099835
91,40,-0.10618462080711821
91,41,-0.07781235793714636
91,42,-0.031251759631617304
91,43,-0.06896603537179696
91,44,-0.03883790255248987
91,45,-0.08599600722930134
91,46,-0.09760354651649616
91,47,-0.08130580722552383
91,48,-0.0840165872309177
91,49,-0.07739371944438217
91,50,-0.08148273788740945
91,51,-0.09746976880575686
91,52,-0.06364009223251088
91,53,-0.08632827509686641
91,54,-0.07519620228889046
91,55,-0.04751850757590809
91,56,-0.06672523414480386
91,57,-0.0987849107338582
91,58,-0.07986874215824868
91,59,-0.08100068873449734
91,60,-0.09981338700304043
91,61,-0.06227061318523819
91,62,-0.10328659382389488
91,63,-0.06796586963044743
91,64,-0.08683875901306509
91,65,-0.07002936063553866
91,66,-0.08072356907133427
91,67,-0.0883807686447205
91,68,-0.07936516178422293
91,69,-0.09468474052496517
91,70,-0.05503633344625525
91,71,-0.0736108101945368
91,72,-0.08057866077630416
91,73,-0.038212499921772
91,74,-0.0670703695104527
91,75,-0.070213802080909
91,76,-0.061821514604058936
91,77,-0.06370448508841975
91,78,-0.055100092028776915
91,79,-0.03990725087538216
91,80,-0.0739124522300853
91,81,-0.09627812119833873
91,82,-0.05324673377849998
91,83,-0.059823093492900936
91,84,-0.0433649961220558
91,85,-0.031142122974956665
91,86,-0.05420847391865036
91,87,-0.048246204446001695
91,88,-0.04456903729680001
91,89,-0.05840446368297392
91,90,-0.08450598598849085
91,91,-0.04324487180356795
91,92,-0.04356165910993831
91,93,-0.03057792262019371
91,94,-0.03901573363589267
91,95,-0.049314876692349185
91,96,-0.06819541225787706
91,97,-0.05796662966118177
91,98,-0.04407493506679783
91,99,-0.04642132265255572
91,100,-0.03588613569731697
91,101,-0.03533880326533112
91,102,-0.03827978217655836
91,103,-0.03935741976795837
91,104,-0.0078744231555396
91,105,-3.0237887467754465e-05
91,106,-0.04875497771611198
91,107,-0.018887329323605262
91,108,-0.04862389546183832
91,109,0.007820803585587677
91,110,-0.03561766101346203
91,111,0.010645405143952402
91,112,-0.01592119919577556
91,113,0.024431725629336598
91,114,-0.007292944805994739
91,115,-0.03338278956793089
91,116,-0.013802385668111705
91,117,-0.028972475152165167
91,118,0.02899349420246955
91,119,0.028289855260857144
91,120,-0.0004017650086893809
91,121,0.02196122885342866
91,122,0.016731360883242452
91,123,0.028203059452720947
91,124,0.045030951668112884
91,125,0.035365732838435915
91,126,0.05873664326258543
91,127,0.07125694133327798
91,128,0.047889484786034386
91,129,0.07845021011435849
91,130,0.055824997996572256
91,131,0.02883733242761899
91,132,0.10716023165772881
91,133,0.09444546670052223
91,134,0.12524538716010236
91,135,0.11108024378165715
92,1,-0.07027246229929551
92,2,-0.05443499149524006
92,3,-0.05661420791052535
92,4,-0.09481496863224154
92,5,-0.058780457622126026
92,6,-0.07205817556957417
92,7,-0.0642176071597611
92,8,-0.08830263179981512
92,9,-0.08332706082606012
92,10,-0.06892208314933884
92,11,-0.0922383179916279
92,12,-0.07557631450344654
92,13,-0.08017519323164068
92,14,-0.07394409674545771
92,15,-0.07578603349507096
92,16,-0.07355715419112968
92,17,-0.0900130514473017
92,18,-0.09247311433829603
92,19,-0.04547011131298345
92,20,-0.04752877658616045
92,21,-0.0779204289983344
92,22,-0.07894708884861534
92,23,-0.09682632263513818
92,24,-0.09437036690413836
92,25,-0.09647268297722561
92,26,-0.058047385970883436
92,27,-0.045975740461252634
92,28,-0.07258754592379674
92,29,-0.053642997567667605
92,30,-0.07591731356362208
92,31,-0.07773129363807502
92,32,-0.04890102545557906
92,33,-0.07227193373870838
92,34,-0.07313005568926989
92,35,-0.07262636271004846
92,36,-0.08636373923753615
92,37,-0.08619394310747214
92,38,-0.10189886561977751
92,39,-0.08705717284651382
92,40,-0.10276340364336661
92,41,-0.058710250418664955
92,42,-0.0712270710073526
92,43,-0.07836891577183852
92,44,-0.06836177967320178
92,45,-0.058743400977118554
92,46,-0.0767419644906373
92,47,-0.09176871781479429
92,48,-0.05319838459625781
92,49,-0.08132832896437275
92,50,-0.05522652203972017
92,51,-0.06615040636411862
92,52,-0.03836918022952207
92,53,-0.07038696320172366
92,54,-0.07066610818401459
92,55,-0.07826414629865719
92,56,-0.04050976785391475
92,57,-0.07072923504379669
92,58,-0.0857967389038981
92,59,-0.05219684394029972
92,60,-0.05270247736751493
92,61,-0.09704705588713586
92,62,-0.08068534987851539
92,63,-0.07395205578507308
92,64,-0.08109085858433668
92,65,-0.07246589386264818
92,66,-0.0748881594839062
92,67,-0.09310082920990098
92,68,-0.07117192102218739
92,69,-0.06717666012832141
92,70,-0.05964840568838109
92,71,-0.10233449792625332
92,72,-0.07999801199935253
92,73,-0.07500269316696301
92,74,-0.06082830131887068
92,75,-0.05599129028095107
92,76,-0.05439310022300142
92,77,-0.08492484526175742
92,78,-0.08573767773789115
92,79,-0.06330276778416732
92,80,-0.0716327832610818
92,81,-0.06295732386680708
92,82,-0.07468590076795578
92,83,-0.05579264275888557
92,84,-0.09621942064766997
92,85,-0.05762594660023351
92,86,-0.08967406180179005
92,87,-0.1017468147573446
92,88,-0.08683168368688993
92,89,-0.08681502545955355
92,90,-0.11322441564307267
92,91,-0.07599124857287942
92,92,-0.08762187040878844
92,93,-0.026835278164742404
92,94,-0.07493273787574117
92,95,-0.0901087497888442
92,96,-0.09578325276664862
92,97,-0.09278893879864825
92,98,-0.07588283690867209
92,99,-0.0732111230368317
92,100,-0.06263081971231077
92,101,-0.07517086580163801
92,102,-0.09049227379556407
92,103,-0.10628319432753114
92,104,-0.06385243314752581
92,105,-0.08179970139014803
92,106,-0.06702369251363871
92,107,-0.08755422530821666
92,108,-0.09625781170236042
92,109,-0.06309147634127177
92,110,-0.05019415452490106
92,111,-0.09361562469771861
92,112,-0.0929911082274712
92,113,-0.07622303785275047
92,114,-0.07034355805680009
92,115,-0.09694900247525551
92,116,-0.08020066839262607
92,117,-0.0713527056085238
92,118,-0.10879108650405706
92,119,-0.0789615224235401
92,120,-0.053004635726638716
92,121,-0.09509935236978628
92,122,-0.0776109547376681
92,123,-0.10599604416461011
92,124,-0.08018216972178188
92,125,-0.076411864671934
92,126,-0.08428864906362776
92,127,-0.09566432664243624
92,128,-0.11109446853276844
92,129,-0.08438131452065567
92,130,-0.08448096714347253
92,131,-0.05612720815991168
92,132,-0.07585255309065086
92,133,-0.07923201459917267
92,134,-0.08949795055428927
92,135,-0.10672434165404532
92,136,-0.09343411818865349
92,137,-0.08679751453731038
92,138,-0.08842079607524761
92,139,-0.09354754779267699
92,140,-0.1080165766027521
92,141,-0.09240637662029527
92,142,-0.06315328097291939
92,143,-0.08493906902337511
92,144,-0.08805524132590903
92,145,-0.09050198993833553
92,146,-0.07712972143868652
92,147,-0.10139889299001492
92,148,-0.08658002287340377
92,149,-0.09916183344622714
92,150,-0.11088381199728858
92,151,-0.09621548998505547
92,152,-0.07230426049900701
92,153,-0.09729924529373402
92,154,-0.10603572649732729
92,155,-0.08658941498824302
92,156,-0.11494172231708105
92,157,-0.0927604604141612
92,158,-0.08293361637209035
92,159,-0.08308259123908607
92,160,-0.09991901665236047
92,161,-0.09562439425530639
92,162,-0.11344703001272927
92,163,-0.10338102449310865
92,164,-0.08656763294173586
92,165,-0.07981752388772712
92,166,-0.10986433568881832
92,167,-0.09454160674335654
92,168,-0.10140088975355221
92,169,-0.07374764744186357
92,170,-0.09344341945473555
92,171,-0.10224621658000038
92,172,-0.0755558256328222
92,173,-0.11246312458742258
92,174,-0.08243407121571056
92,175,-0.0984928305131853
92,176,-0.08364635691085115
92,177,-0.10593075341540437
92,178,-0.08599920012454432
92,179,-0.08444959017788639
92,180,-0.053496457558557975
92,181,-0.1014484755153201
92,182,-0.08076893639048122
92,183,-0.11351334825349363
92,184,-0.08604466825500678
92,185,-0.09759706645120286
92,186,-0.07841518623646743
92,187,-0.0790117549858958
92,188,-0.07734399167807815
92,189,-0.08866663555219129
92,190,-0.07675980553636602
92,191,-0.08706643956542465
92,192,-0.0750104727579356
92,193,-0.09899710042795501
92,194,-0.11314423272920116
92,195,-0.0613224407077147
92,196,-0.07352201957016269
92,197,-0.10926493252097463
92,198,-0.08879156001672572
92,199,-0.06080052873617425
92,200,-0.07698649110749489
92,201,-0.08263708561637184
92,202,-0.11479525661756335
92,203,-0.10224506617718448
92,204,-0.08660702619486732
92,205,-0.094710899127467
92,206,-0.09202499798345498
92,207,-0.0851140369575008
92,208,-0.10483631789024767
92,209,-0.08464124588801403
92,210,-0.10505169739252024
92,211,-0.10704255020150533
92,212,-0.08761234476881963
92,213,-0.10540676382436664
92,214,-0.10509781506229005
92,215,-0.08717325783918856
92,216,-0.10630486034155612
92,217,-0.07478962457963556
92,218,-0.08270968964058562
92,219,-0.10905102482920492
92,220,-0.1015212118980553
92,221,-0.07526370877955596
92,222,-0.10240426749215137
92,223,-0.061206077124556946
92,224,-0.10227003871736023
92,225,-0.07840509048987915
92,226,-0.10137133499250778
92,227,-0.09007577361182428
92,228,-0.10167179064399978
92,229,-0.10429628275360203
92,230,-0.09646795807584185
92,231,-0.08217277169264475
92,232,-0.08645943951379792
92,233,-0.09461467189907957
92,234,-0.08029755456123555
92,235,-0.09858768752611563
92,236,-0.08326853677898499
92,237,-0.07338058548509269
92,238,-0.0882422857143616
92,239,-0.07014933675345064
92,240,-0.08334268521202981
92,241,-0.07893220430418135
92,242,-0.07543285196048904
92,243,-0.07235951403093083
92,244,-0.0903293345323335
92,245,-0.06434673666896201
92,246,-0.08832164631166922
92,247,-0.0647425819640064
92,248,-0.09161230688857147
92,249,-0.05331710780487042
92,250,-0.07990550189445306
92,251,-0.09705746672825388
92,252,-0.06501273596525148
92,253,-0.08720218074580072
92,254,-0.0817341614402905
92,255,-0.053045703876259676
92,256,-0.09307921392750906
92,257,-0.09015458496266404
92,258,-0.08903383805731407
92,259,-0.0658115130442598
92,260,-0.06311723140512981
92,261,-0.06355553950701259
92,262,-0.0844930887817329
92,263,-0.06400283660859007
92,264,-0.08382813994172056
92,265,-0.06549674229932195
92,266,-0.0764809761185995
92,267,-0.06938958841098736
92,268,-0.06889285211358709
92,269,-0.041935725793311396
92,270,-0.049934539814251666
92,271,-0.02786055372711932
92,272,-0.060471648856335825
92,273,-0.0735737448501243
92,274,-0.049379383522011155
92,275,-0.06902430144411587
92,276,-0.04670019213852855
92,277,-0.03040175361286862
92,278,-0.07797760379621405
92,279,-0.0881327291555229
92,280,-0.02802904801154965
92,281,-0.04506600729098531
92,282,-0.07662341731668537
92,283,-0.029534726845687087
92,284,-0.06562217633621292
92,285,-0.05092029680743815
92,286,-0.049409414185433376
92,287,-0.05014166512733209
92,288,0.001496886442890255
92,289,-0.0461411129193785
92,290,-0.03610951013757274
92,291,-0.03238953342060774
92,292,-0.020933599819267568
92,293,-0.0018283968047255739
92,294,-0.052163276246587176
92,295,-0.01704689974457685
92,296,-0.024569869673098654
92,297,-0.01172537047639699
92,298,-0.032488582994357806
92,299,-0.013127241852943172
92,300,-0.02632968887066378
92,301,-0.03287854358048464
92,302,-0.04360677772364918
92,303,-0.04276466809716051
92,304,-0.026146217952730144
92,305,-0.009712014472060104
92,306,-0.014456076788655459
92,307,0.03349196376612962
92,308,-0.018237030554617395
92,309,0.01351022627444387
92,310,0.014151219401094317
92,311,-0.003897114894331366
92,312,0.022151127490983802
92,313,-0.006196765130193016
92,314,-0.009661063561547
92,315,-0.023793473762017292
92,316,0.014904665541714879
92,317,0.0017905770080475225
92,318,-0.0074968974208330375
92,319,0.01574402775976469
92,320,0.020656059607326527
92,321,0.057255805363732315
92,322,0.006583078179651092
92,323,0.026874550330223457
92,324,0.016645584686625248
92,325,0.03832895940913217
92,326,0.018620875442332596
92,327,0.009221584317125942
92,328,0.05699295566601592
92,329,0.022091261218770253
92,330,0.021868445830725225
92,331,0.03044215503741987
92,332,0.05734114489049191
92,333,0.06054209066990135
92,334,0.04674419893971049
92,335,0.05816545980044385
92,336,0.07880069071413243
92,337,0.012639894713733058
92,338,0.08893904703234079
92,339,0.08408139258574532
92,340,0.09446782662953002
92,341,0.11113594410395067
93,1,-0.053972793600321534
93,2,-0.06606154132153275
93,3,-0.03458112602099439
93,4,-0.009092550997595261
93,5,-0.0379507477105947
93,6,-0.04925829183108432
93,7,-0.07796524933341636
93,8,-0.046734298958198084
93,9,-0.028610682049057867
93,10,-0.08807989358787316
93,11,-0.0739320520636138
93,12,-0.05217572534266829
93,13,-0.06140516959468184
93,14,-0.0491716109744203
93,15,-0.005842090124725474
93,16,-0.09334663495273549
93,17,-0.0727808672822568
93,18,-0.05021796166351167
93,19,-0.06936788904430868
93,20,-0.0940382024545875
93,21,-0.06375341685339403
93,22,-0.08125722229167642
93,23,-0.004296915630049358
93,24,-0.04711654603802873
93,25,-0.08469426312718614
93,26,-0.02430028179331345
93,27,-0.08340524539867744
93,28,-0.07931016042298772
93,29,-0.00934515726004942
93,30,-0.08230398502626873
93,31,-0.064648059027343
93,32,-0.04925718343324953
93,33,-0.058379033067395114
93,34,-0.039887282847577255
93,35,-0.0690189765000655
93,36,-0.03856058787480027
93,37,-0.06866125263388184
93,38,-0.1046808331323214
93,39,-0.055066687603596454
93,40,-0.07607059160023338
93,41,-0.047943864617401466
93,42,-0.05048106201406383
93,43,-0.07968493359898793
93,44,-0.058662810989262015
93,45,-0.05251602041484499
93,46,-0.10033599240777757
93,47,-0.04468027924150586
93,48,-0.07066922783438384
93,49,-0.046243640361225136
93,50,-0.044102037231736224
93,51,-0.08406205919857124
93,52,-0.08373549853852347
93,53,-0.05426604894579612
93,54,-0.04080986519056884
93,55,0.015215871098922307
93,56,-0.038869289013854
93,57,-0.09519316788107629
93,58,-0.07709704170536485
93,59,-0.11137069256116172
93,60,-0.06032096116017688
93,61,-0.06233514167654941
93,62,-0.06740566677673088
93,63,-0.0035380133648126866
93,64,-0.07096206762201246
93,65,-0.052218029966508483
93,66,-0.07468913992104992
93,67,-0.059661841070725696
93,68,-0.06831185541768836
93,69,-0.06792213604752911
93,70,-0.09577854406880887
93,71,-0.09481289248583952
93,72,-0.09763165818346098
93,73,-0.05903266641976013
93,74,-0.08219369843039204
93,75,-0.08248474893086744
93,76,-0.07095137795166195
93,77,-0.07761725897839111
93,78,-0.09579161896472432
93,79,-0.09063968596124172
93,80,-0.05803135773492274
93,81,-0.08010856895241014
93,82,-0.11416113365940783
93,83,-0.12047183945270301
93,84,-0.11692228188620285
93,85,-0.10193103583722463
93,86,-0.08518250291222379
93,87,-0.08516946876991538
93,88,-0.10059386250689467
93,89,-0.09501492909578702
93,90,-0.08419961778845525
93,91,-0.08548540317566977
93,92,-0.06923504036212019
93,93,-0.08667530558902131
93,94,-0.08336734465293028
93,95,-0.08816032626139603
93,96,-0.07971705749143615
93,97,-0.07673282899773493
93,98,-0.08307452541545451
93,99,-0.09837490268157384
93,100,-0.08232522547453308
93,101,-0.1021407424224971
93,102,-0.09246505465264321
93,103,-0.10001201627724648
93,104,-0.07546522075371509
93,105,-0.08545411592426855
93,106,-0.05772257166568856
93,107,-0.10308262177407895
93,108,-0.09914489938514703
93,109,-0.10960552118633349
93,110,-0.10291708019049906
93,111,-0.08556753748626028
93,112,-0.05291674209345315
93,113,-0.08728149562434018
93,114,-0.06219393363200476
93,115,-0.10330955091249905
93,116,-0.07362367302005857
93,117,-0.0781359088362833
93,118,-0.09871584183389487
93,119,-0.0624182574998115
93,120,-0.08289686761191295
93,121,-0.08970093521217021
93,122,-0.07972466724255017
93,123,-0.07596359715131684
93,124,-0.06408571459014506
93,125,-0.05138071889051954
93,126,-0.08450704741841925
93,127,-0.08129812043068563
93,128,-0.06451614552368617
93,129,-0.07506319515912435
93,130,-0.050821205109780054
93,131,-0.037881069404071155
93,132,-0.038856082604021236
93,133,-0.03744786888717283
93,134,-0.05734232021379909
93,135,-0.027912755859945404
93,136,0.010325130048422615
93,137,-0.04868113594363693
93,138,-0.04572781120329894
93,139,-0.05574771204370543
93,140,-0.02868893577082282
93,141,-0.04947039512554824
93,142,-0.00455098578496399
93,143,-0.0022063921104913398
93,144,0.027004794810330912
93,145,0.0027570081022449955
93,146,-0.008937784582677688
93,147,-0.0006805874596872985
93,148,0.05592602223753773
93,149,0.04334082023775565
93,150,0.04560105926613678
93,151,0.06138941090465688
93,152,0.020063611661835123
93,153,0.045378782639167614
93,154,0.06734332964632661
93,155,0.06467367559227755
94,1,-0.0900176639721384
94,2,-0.09600206278380152
94,3,-0.07898210542995465
94,4,-0.10292679297136348
94,5,-0.0655676229868431
94,6,-0.0915438290041547
94,7,-0.0881351019873351
94,8,-0.09430484248875787
94,9,-0.10802852302927685
94,10,-0.07271130474440185
94,11,-0.0812421935206114
94,12,-0.0637470495580621
94,13,-0.050272937926223116
94,14,-0.09825418447549733
94,15,-0.0950980416534995
94,16,-0.08484530435571852
94,17,-0.10580841739931368
94,18,-0.07386002227086264
94,19,-0.0679214163290387
94,20,-0.09476947472952807
94,21,-0.08197184198335561
94,22,-0.09199479890272733
94,23,-0.0881730984724981
94,24,-0.04808951219444457
94,25,-0.05745180961258001
94,26,-0.09282661288612698
94,27,-0.08780703781720511
94,28,-0.08357125191288345
94,29,-0.09465984663213856
94,30,-0.08075717575007535
94,31,-0.047672123097655006
94,32,-0.08127909837381997
94,33,-0.0748823910899542
94,34,-0.08365376176609784
94,35,-0.08725852869823036
94,36,-0.09868018813612589
94,37,-0.10071315776645223
94,38,-0.09217642037248952
94,39,-0.06428552328246051
94,40,-0.08126124344183033
94,41,-0.09355824065635504
94,42,-0.07845280834630003
94,43,-0.0830813959031036
94,44,-0.09206797332546934
94,45,-0.08373040835402229
94,46,-0.08503347510688858
94,47,-0.05503987908371716
94,48,-0.059366906959665455
94,49,-0.08766076779651333
94,50,-0.1043454635277562
94,51,-0.06328329103942953
94,52,-0.08446793029422134
94,53,-0.07120199275373845
94,54,-0.08929063904385326
94,55,-0.0691744556739437
94,56,-0.07837679937688002
94,57,-0.08433393455451943
94,58,-0.07220281637773929
94,59,-0.04189248671925605
94,60,-0.10017994326266544
94,61,-0.06425096942933839
94,62,-0.0703070902384566
94,63,-0.0963905978138278
94,64,-0.08377987998305969
94,65,-0.07875119884292042
94,66,-0.08396645423963645
94,67,-0.09490413201051656
94,68,-0.07583595681487781
94,69,-0.09801365356563885
94,70,-0.10366224084023223
94,71,-0.04550264759718342
94,72,-0.09253918461284255
94,73,-0.08285526559016432
94,74,-0.07779317831904042
94,75,-0.08868043827459321
94,76,-0.06922489826040673
94,77,-0.10420611549615882
94,78,-0.0676369093757958
94,79,-0.0905202689655582
94,80,-0.1015723218970267
94,81,-0.09200026056345884
94,82,-0.06498598896732033
94,83,-0.0806184401825818
94,84,-0.08158893575255372
94,85,-0.09906631529440935
94,86,-0.076953348453148
94,87,-0.09617701770549475
94,88,-0.06808764259276473
94,89,-0.05302720714397846
94,90,-0.08488687894311053
94,91,-0.07414796091652409
94,92,-0.07843150468348675
94,93,-0.07965052410356055
94,94,-0.07982215230746553
94,95,-0.08403295153994728
94,96,-0.08434019996002623
94,97,-0.06586646318911571
94,98,-0.09829151654707913
94,99,-0.09734774163962379
94,100,-0.10093139973465554
94,101,-0.07812217260556997
94,102,-0.07403650842198589
94,103,-0.10417258375881183
94,104,-0.08853962479332816
94,105,-0.08066168366618348
94,106,-0.09015689104491426
94,107,-0.09467547513095836
94,108,-0.10044192871875829
94,109,-0.08674527143018318
94,110,-0.08320995468503639
94,111,-0.10248757574929324
94,112,-0.09238298816320223
94,113,-0.09549228355391531
94,114,-0.0911876480077477
94,115,-0.06820757691832802
94,116,-0.1075292134666439
94,117,-0.08814808088568865
94,118,-0.0923311742988388
94,119,-0.0799699877741264
94,120,-0.08490543693191094
94,121,-0.05948799179846609
94,122,-0.06627724111909655
94,123,-0.07698481108365957
94,124,-0.0907313356771779
94,125,-0.09937820226646754
94,126,-0.08667371258303685
94,127,-0.0966812130305027
94,128,-0.09152543985506445
94,129,-0.09893947538041492
94,130,-0.09814743167399392
94,131,-0.07379671627316403
94,132,-0.0960644437755227
94,133,-0.07003621149522121
94,134,-0.10591683135800284
94,135,-0.09789436547116559
94,136,-0.10678207455076622
94,137,-0.09211313253697645
94,138,-0.10644980551755234
94,139,-0.017440931827225115
94,140,-0.03950949610775001
94,141,-0.08422616458774396
94,142,-0.09294399605278775
94,143,-0.06111891047034945
94,144,-0.08811435396010503
94,145,-0.08952559565619422
94,146,-0.08177073436506921
94,147,-0.08232842822181763
94,148,-0.10658783267251848
94,149,-0.08014592387653896
94,150,-0.12268837154283063
94,151,-0.09009055823552659
94,152,-0.08787945417006426
94,153,-0.07143315863673916
94,154,-0.06917027449865065
94,155,-0.0681096661512568
94,156,-0.0654221876411098
94,157,-0.07727122977530387
94,158,-0.06945727376271599
94,159,-0.03911716298689183
94,160,-0.03592776962505778
94,161,-0.10104498963820907
94,162,-0.08824577063181649
94,163,-0.09687683945053349
94,164,-0.10592256127555255
94,165,-0.09968289534753827
94,166,-0.05994306983808745
94,167,-0.08509144367447868
94,168,-0.08778312888592582
94,169,-0.07334899313967813
94,170,-0.0802802041633357
94,171,-0.055790962614572615
94,172,-0.061764202954727676
94,173,-0.07624546034907415
94,174,-0.08953518789946596
94,175,-0.07926308327891946
94,176,-0.064508497669793
94,177,-0.10673514416198371
94,178,-0.08905184922901149
94,179,-0.0843112101534449
94,180,-0.09194796291693541
94,181,-0.06094960499728447
94,182,-0.10212868269698516
94,183,-0.09061839705986957
94,184,-0.08127798691706917
94,185,-0.08302112998675787
94,186,-0.07404346563876851
94,187,-0.0853150692224271
94,188,-0.06424165178530294
94,189,-0.04723537601482802
94,190,-0.07305517385765048
94,191,-0.03928294824743733
94,192,-0.06702061511347784
94,193,-0.07543406383915713
94,194,-0.0433888917470211
94,195,-0.05025886309913313
94,196,-0.06609347737018362
94,197,-0.05746845927484029
94,198,-0.03451495851768788
94,199,-0.03994279311277932
94,200,-0.05880881598893034
94,201,-0.06053959514211005
94,202,-0.024428231003936984
94,203,-0.04326850727782905
94,204,-0.05049681241864623
94,205,-0.04817331886160986
94,206,-0.06095104792689987
94,207,-0.026277509663032883
94,208,-0.028225050830469778
94,209,-0.05587319783657002
94,210,-0.059465381184919675
94,211,-0.03128005836112452
94,212,-0.053359168703615845
94,213,-0.04286810216373094
94,214,-0.015093126726595851
94,215,-0.06302613121145029
94,216,-0.029593666774764937
94,217,-0.012780247648297993
94,218,-0.01774291280257506
94,219,-0.009714898548281448
94,220,-0.007875578509730141
94,221,-0.059393183284879636
94,222,-0.025368544437607166
94,223,0.0191437814076445
94,224,-0.028966596900221186
94,225,-0.016998110510497877
94,226,-0.02734555284097495
94,227,-0.003172348467531727
94,228,-0.018579362682802525
94,229,-0.0011824556726770519
94,230,-0.02556296950236847
94,231,0.006263268065543781
94,232,-0.004093982619353453
94,233,0.030565283114668218
94,234,0.0013232979208713802
94,235,-0.007119884971846568
94,236,0.009116825988614186
94,237,0.029150125360427936
94,238,0.0017703875560158844
94,239,0.003618807602371432
94,240,0.028755591454160956
94,241,-0.015664816721716213
94,242,0.05622851983642907
94,243,0.015929429018368246
94,244,0.02111541640786041
94,245,0.012557159566556453
94,246,0.07025447286702713
94,247,0.040286698222381956
94,248,0.04804714958901635
94,249,0.05876186152549456
94,250,0.059250987419668166
94,251,0.07009199773020491
94,252,0.05804687904749417
94,253,0.08435602934553732
94,254,0.03738118534918733
94,255,0.06139475865737554
94,256,0.08724425529450719
94,257,0.09173302214618195
94,258,0.11968770903059522
95,1,0.08378257493748831
95,2,-0.0009592791478035823
95,3,0.029629966739332048
95,4,-0.0007345313373198215
95,5,-0.03784719763911926
95,6,-0.008453806124742336
95,7,0.04456476992789293
95,8,0.0352666566926102
95,9,-0.01939465128689094
95,10,0.009015682252697998
95,11,0.026697271350564655
95,12,-0.04480768905490434
95,13,-0.020254575808490438
95,14,0.04265916829950478
95,15,-0.007160116880872369
95,16,-0.013044405833939177
95,17,-0.02564490498052463
95,18,0.04166799910392982
95,19,-0.011891228974354906
95,20,-0.03228501819812646
95,21,-0.00939967092786026
95,22,0.08105305611128588
95,23,-0.004862885603551137
95,24,-0.017164340927328825
95,25,-0.011351382545050193
95,26,-0.035400462674819
95,27,-0.03814360685116508
95,28,-0.05582612743428872
95,29,-0.035690136093383784
95,30,-0.03196738542407934
95,31,-0.026049067285078276
95,32,-0.009120189475242124
95,33,0.042537109111845495
95,34,-0.04769768109493849
95,35,-0.047966916295284656
95,36,-0.046620442950390806
95,37,-0.0604277216940059
95,38,0.001629716305243556
95,39,0.05772567626875047
95,40,-0.0516317583380238
95,41,-0.026224593569761145
95,42,-0.05025943521367182
95,43,-0.034749716240448425
95,44,-0.02947766019211745
95,45,-0.0427264914643824
95,46,-0.03857849739634317
95,47,0.038942081418444685
95,48,-0.04731959770668581
95,49,0.013405019818994113
95,50,-0.02167006667300103
95,51,0.06101863832906862
95,52,-0.048284004756247556
95,53,-0.0565376337089431
95,54,-0.030559399471655035
95,55,-0.03607698451251451
95,56,-0.01622376676375409
95,57,-0.001627968973584526
95,58,-0.0010862985896926136
95,59,0.0014865741509774155
95,60,-0.01512283243206275
95,61,-0.07909371040392943
95,62,-0.020600736573529788
95,63,-0.02412925601512622
95,64,0.059232931526516985
95,65,0.058324298135683295
95,66,-0.03438027245536146
95,67,-0.046977515948601056
95,68,-0.05126771330308283
95,69,-0.061255534947001755
95,70,0.010598626849367632
95,71,-0.03596659547912179
95,72,-0.0745401662374171
95,73,-0.05382254989345159
95,74,-0.0385827770985816
95,75,-0.03479068835798477
95,76,-0.03542727006911295
95,77,0.0003690222749856975
95,78,-0.014546688952728648
95,79,-0.041329942251100094
95,80,0.05041110038395791
95,81,-0.04326622967919097
95,82,-0.014089569332262242
95,83,-0.04378436735990321
95,84,-0.027228723080369888
95,85,-0.024944813995948723
95,86,-0.054602061134207236
95,87,-0.04635009000021412
95,88,-0.04068095740585376
95,89,-0.055118334863294816
95,90,-0.06365423949147558
95,91,-0.01971577479372688
95,92,0.02793745659407787
95,93,-0.017301612604288363
95,94,-0.020690255341424046
95,95,-0.03792611821841513
95,96,-0.04460652453050834
95,97,-0.036420383546846125
95,98,-0.0364387810646391
95,99,-0.0381901807687578
95,100,-0.06664276574382816
95,101,-0.030721480309494342
95,102,-0.03397784765560535
95,103,-0.04173955217801706
95,104,-0.04892873106495005
95,105,0.015531418957509646
95,106,-0.03468745833717091
95,107,-0.06787782177188995
95,108,-0.05091934344061416
95,109,-0.027703061535678253
95,110,-0.04852003266140653
95,111,-0.03975926885188075
95,112,-0.034887145035586486
95,113,-0.06446081326281783
95,114,-0.025318411149688302
95,115,-0.06356473848002392
95,116,-0.03400510861083755
95,117,-0.03845577028563529
95,118,-0.007709349397442278
95,119,-0.07046238788609588
95,120,-0.03409488433706176
95,121,-0.08182968888624192
95,122,-0.006698322080904318
95,123,-0.04143376165687718
95,124,-0.07052935862780524
95,125,-0.05778708680140732
95,126,-0.07566952191951748
95,127,-0.032308458020191166
95,128,-0.07910814448995895
95,129,-0.065331925831838
95,130,0.018755830536200002
95,131,-0.029104034998183592
95,132,-0.06765411232308405
95,133,-0.02661412025828519
95,134,-0.06748774522648465
95,135,-0.05785627786190106
95,136,-0.05923533922441615
95,137,-0.07846670477908185
95,138,-0.06487416296521559
95,139,-0.05039708270012627
95,140,-0.05728226943477871
95,141,-0.04407566790573836
95,142,-0.05097110118266085
95,143,-0.07979976994484439
95,144,-0.05979466736431904
95,145,-0.06045921489792638
95,146,-0.04555889171655053
95,147,-0.0630572067142734
95,148,-0.053549894838862355
95,149,-0.06551094341168234
95,150,-0.0620618824504941
95,151,-0.07241558921413366
95,152,-0.057346026761419866
95,153,-0.030236422234425075
95,154,-0.04684452921057686
95,155,-0.033647723792974704
95,156,-0.06374114194900676
95,157,-0.08234287583687294
95,158,-0.07308244993765345
95,159,-0.020083379367932308
95,160,-0.06495440044046935
95,161,-0.07110165541310465
95,162,-0.07503254638888746
95,163,-0.06835105461908253
95,164,-0.05411021855353049
95,165,-0.08366881415938071
95,166,-0.025459919793770214
95,167,-0.07149877787945813
95,168,-0.07696193036430155
95,169,-0.0375631326560133
95,170,-0.08005806396856491
95,171,-0.08672361198396505
95,172,-0.06808911709843712
95,173,-0.07709327041056896
95,174,-0.05451058593235736
95,175,-0.0934897074427069
95,176,-0.06963741959463554
95,177,-0.05763512423050282
95,178,-0.08763602242244001
95,179,-0.08729303012923934
95,180,-0.09031353839473327
95,181,-0.0700121574430701
95,182,-0.09639595277563018
95,183,-0.09230860740716207
95,184,-0.07657626048742461
95,185,-0.06391971619510994
95,186,-0.06096361594984451
95,187,-0.08889370365466398
95,188,-0.07444473443724808
95,189,-0.05606693140111729
95,190,-0.09273616721630179
95,191,-0.07744980037070343
95,192,-0.06641775048834225
95,193,-0.07827221532233031
95,194,-0.05030368791735351
95,195,-0.09089044498321885
95,196,-0.06670254529256542
95,197,-0.09385706879641459
95,198,-0.0954237445606253
95,199,-0.08036297080238702
95,200,-0.08295012808279906
95,201,-0.06131067532775558
95,202,-0.07817899100457415
95,203,-0.08794906816361953
95,204,-0.06943240071186774
95,205,-0.07119060755539403
95,206,-0.0871197077907847
95,207,-0.0863865373842308
95,208,-0.07620101270560264
95,209,-0.08306285201976271
95,210,-0.06577025384785379
95,211,-0.08280033889641153
95,212,-0.0598906687120061
95,213,-0.055849125191751836
95,214,-0.09113877366326983
95,215,-0.051432582130634785
95,216,-0.08449556014185905
95,217,-0.0739685963078564
95,218,-0.057672600701132004
95,219,-0.05256095442426095
95,220,-0.07080719842470984
95,221,-0.07666515001864527
95,222,-0.06584621839353505
95,223,-0.06123719741711309
95,224,-0.0795009448462034
95,225,-0.08228386092723305
95,226,-0.07938938832307385
95,227,-0.08243289337993948
95,228,-0.07814880857335743
95,229,-0.07958432716479152
95,230,-0.04604538188105922
95,231,-0.06948385632540938
95,232,-0.04870027752545736
95,233,-0.04125858739532534
95,234,-0.06755547444596144
95,235,-0.08704513596852548
95,236,-0.037478886966848646
95,237,-0.06658288884441294
95,238,0.005905179252833737
95,239,-0.02768637434575505
95,240,-0.06329533913029473
95,241,-0.06257815507533504
95,242,-0.05054226653115468
95,243,-0.05049460520633858
95,244,-0.024621643505949364
95,245,-0.02097372396318259
95,246,-0.056423059302079026
95,247,-0.045721143087227356
95,248,-0.042063875364731995
95,249,-0.02720015508996587
95,250,-0.006206236316594005
95,251,-0.017863556263089442
95,252,-0.06685861632550871
95,253,-0.05087571831833121
95,254,-0.02024026129293821
95,255,-0.06383421291034119
95,256,-0.0389107425919345
95,257,-0.03284489146554198
95,258,0.03968965650471601
95,259,-0.04597740570286152
95,260,-0.019603882718496835
95,261,-0.022241624192348153
95,262,-0.016594355995736387
95,263,-0.01997074125609133
95,264,0.012208343389412901
95,265,-0.023196411560969687
95,266,0.0029382711021394003
95,267,-0.0011705399720742804
95,268,-0.002338970292575182
95,269,0.01910890792390607
95,270,0.023454428688232998
95,271,0.007611102585897478
95,272,0.0027775724989821393
95,273,0.059103877103266145
95,274,0.025580092085142225
95,275,0.050684294523095086
95,276,0.045622719615535656
95,277,-0.008157304179335745
95,278,0.06605033307969643
95,279,0.042895930845484376
95,280,0.0660713383255267
95,281,0.03901136994950272
95,282,0.0809793239684421
95,283,0.09032298499812075
96,1,-0.04635495207064522
96,2,-0.06321719570492096
96,3,-0.0685766092898002
96,4,-0.06721055324960062
96,5,-0.07665239197359752
96,6,-0.06785107954110803
96,7,-0.03525223863688581
96,8,-0.06818659143941325
96,9,-0.07799682954516823
96,10,-0.06587435383825774
96,11,-0.1071444748529693
96,12,0.019351485563034898
96,13,-0.07737405521794688
96,14,-0.05101975292658434
96,15,-0.05296838309675217
96,16,-0.03762810679859635
96,17,-0.08405559741118568
96,18,-0.05005119063922148
96,19,-0.059811297734414404
96,20,-0.07761206312604707
96,21,-0.06086030678430815
96,22,-0.05696597821898819
96,23,-0.0648321696738936
96,24,-0.06387812640944357
96,25,-0.06850842210643365
96,26,-0.08263786501619413
96,27,-0.07080031927363273
96,28,-0.08976359064135309
96,29,-0.0623497157591309
96,30,-0.0604421984273214
96,31,-0.07118105263206786
96,32,-0.04977872759374441
96,33,-0.0848393807420193
96,34,-0.05517425861875941
96,35,-0.04603528667791895
96,36,-0.09506153132658463
96,37,-0.0894891753567219
96,38,-0.08888512926002867
96,39,-0.0795891621936008
96,40,-0.08362272368660739
96,41,-0.03714562644317665
96,42,-0.08891971573708746
96,43,-0.04245257314304596
96,44,-0.08424882160710251
96,45,-0.07353583495918048
96,46,-0.07798986003981118
96,47,-0.0674250065641036
96,48,-0.0691677839126199
96,49,-0.06987306212547006
96,50,-0.0733496376842534
96,51,-0.05369475949310787
96,52,-0.06638524707679655
96,53,-0.08671262996635043
96,54,-0.085329685479196
96,55,-0.05858961752155445
96,56,-0.10012876308930951
96,57,-0.10077106385847029
96,58,-0.06161937531564671
96,59,-0.08471504703574251
96,60,-0.08584048148037887
96,61,-0.012647243450703005
96,62,-0.06460789538817391
96,63,-0.09960665419419767
96,64,-0.07336305800087406
96,65,-0.021382901900204254
96,66,-0.05106712224520982
96,67,-0.06742312228880898
96,68,-0.08729320316966949
96,69,-0.09752881614094783
96,70,-0.036125136025048854
96,71,-0.07421628609893999
96,72,-0.07803484642401243
96,73,-0.056331466212672876
96,74,-0.061251286101058455
96,75,-0.08042583081024035
96,76,-0.06054164229740888
96,77,-0.09582234715725285
96,78,-0.08992394625131628
96,79,-0.07997854307482521
96,80,-0.06380756563827183
96,81,-0.06626510351766685
96,82,-0.05718619623452409
96,83,-0.08964455469464105
96,84,-0.06570271037615621
96,85,-0.0848676858760169
96,86,-0.012815179234335228
96,87,-0.07892440401341477
96,88,-0.07905263771563947
96,89,-0.08307549528087377
96,90,-0.04445785751965259
96,91,-0.09189782871518043
96,92,-0.06032637698257848
96,93,-0.03604211773434296
96,94,-0.05180616652655573
96,95,-0.030270753016002627
96,96,-0.09147893790024747
96,97,-0.07618359269156805
96,98,-0.070822117846359
96,99,-0.06501428924363911
96,100,-0.11181527536738756
96,101,-0.07352570071938969
96,102,-0.10243753769614183
96,103,-0.09689807156935443
96,104,-0.06470807531044892
96,105,-0.07142404129980318
96,106,-0.10651595319063306
96,107,-0.10259547848943806
96,108,-0.09594165609092564
96,109,-0.0823285650556187
96,110,-0.05442152472228817
96,111,-0.0968280798603528
96,112,-0.07832483606589119
96,113,-0.06561144849720113
96,114,-0.039207647632497455
96,115,-0.08546414822583942
96,116,-0.07430951031899202
96,117,-0.07930444921783841
96,118,-0.0988616918402263
96,119,-0.11161994006361592
96,120,-0.0742512496154556
96,121,-0.07689939776264304
96,122,-0.10185093121197092
96,123,-0.04776610437846951
96,124,-0.0739944621630173
96,125,-0.09683910254661054
96,126,-0.09349990337305253
96,127,-0.07266018865453566
96,128,-0.08620376073533598
96,129,-0.05447006909517865
96,130,-0.08120147221023288
96,131,-0.09824825305567486
96,132,-0.07996639192245264
96,133,-0.06828506772779042
96,134,-0.06906436293085144
96,135,-0.05013479155607231
96,136,-0.0860261843976936
96,137,-0.08092251162629377
96,138,-0.06691090477908068
96,139,-0.04326779455733504
96,140,-0.09537921070779098
96,141,-0.07994824991770527
96,142,-0.0836107439709709
96,143,-0.10389512705871667
96,144,-0.09876866832232517
96,145,-0.08713905917414766
96,146,-0.08125997510641786
96,147,-0.08003253048336051
96,148,-0.08597564878175568
96,149,-0.05154432000878256
96,150,-0.09868102145250551
96,151,-0.1077815260182553
96,152,-0.10047894230554322
96,153,-0.09992554756723143
96,154,-0.10154473667787173
96,155,-0.09822047804108475
96,156,-0.09869883654350275
96,157,-0.09324924798667844
96,158,-0.09197305458503635
96,159,-0.059351674036922875
96,160,-0.08565307006898104
96,161,-0.08188892936802428
96,162,-0.10062243428563661
96,163,-0.10084780792338521
96,164,-0.0590663486375223
96,165,-0.08943418815645776
96,166,-0.08681703318702322
96,167,-0.06059011113242602
96,168,-0.07353764500627408
96,169,-0.08270439942216434
96,170,-0.10392996966017654
96,171,-0.10472687842811407
96,172,-0.09748101219331523
96,173,-0.10612460034579396
96,174,-0.0890901878885737
96,175,-0.10707791442695175
96,176,-0.11456773972060719
96,177,-0.09037788393545515
96,178,-0.08997834070779642
96,179,-0.04185448869357178
96,180,-0.09843608713787566
96,181,-0.10088770267107833
96,182,-0.027629755605264705
96,183,-0.08379594893561687
96,184,-0.09248652162058318
96,185,-0.09630226617041476
96,186,-0.08726390166887277
96,187,-0.10256444807001164
96,188,-0.083145717869683
96,189,-0.06653852588913672
96,190,-0.09296609588336674
96,191,-0.08865471783122669
96,192,-0.09378750292424864
96,193,-0.0890195738462577
96,194,-0.08298895403152362
96,195,-0.06822755791921936
96,196,-0.10441287018580747
96,197,-0.11239275618430028
96,198,-0.0832672360404263
96,199,-0.10047757191031642
96,200,-0.11377471294309688
96,201,-0.0819739223589721
96,202,-0.09299282560845207
96,203,-0.10547616294080464
96,204,-0.09311360029528298
96,205,-0.10804106735133062
96,206,-0.07903784336270647
96,207,-0.10299538275952502
96,208,-0.10799956691338686
96,209,-0.07783840201960601
96,210,-0.0821084657573124
96,211,-0.11187147167270733
96,212,-0.11073643772717418
96,213,-0.0796268022510096
96,214,-0.08151562491382591
96,215,-0.10682477659776868
96,216,-0.062279563895891676
96,217,-0.09471313674196952
96,218,-0.09217762520259065
96,219,-0.08377054555003888
96,220,-0.10127330723193251
96,221,-0.11618529768456365
96,222,-0.08818029851057363
96,223,-0.05910188505499153
96,224,-0.10449465892476384
96,225,-0.09430374108548395
96,226,-0.08225079096049764
96,227,-0.08772586590746823
96,228,-0.09921340921826421
96,229,-0.06041476529117357
96,230,-0.10772236255434753
96,231,-0.07549150336857019
96,232,-0.1012396414382235
96,233,-0.1005656620903842
96,234,-0.10442348310787586
96,235,-0.07459549028208318
96,236,-0.07219160550652354
96,237,-0.11030971886484392
96,238,-0.05974658325350313
96,239,-0.08733897408307756
96,240,-0.07268975767249425
96,241,-0.09246578267223138
96,242,-0.08511996954890777
96,243,-0.0912251167839887
96,244,-0.07924801798870457
96,245,-0.0565042212934716
96,246,-0.09465391143049096
96,247,-0.09544631829693756
96,248,-0.08539531816437607
96,249,-0.05428346271029372
96,250,-0.07719698661261004
96,251,-0.08275393762787248
96,252,-0.08503182688068806
96,253,-0.08613240102480935
96,254,-0.09248208996997964
96,255,-0.07860572465878185
96,256,-0.08831439959424292
96,257,-0.0783477630626288
96,258,-0.1062134939767983
96,259,-0.04456913803110607
96,260,-0.06035139925613053
96,261,-0.07983727105812133
96,262,-0.09068399322338422
96,263,-0.07758220896201456
96,264,-0.08872855687692383
96,265,-0.08875947034771464
96,266,-0.07473447069155059
96,267,-0.08518722725090166
96,268,-0.0753861892862886
96,269,-0.09264379404444018
96,270,-0.07182528262067395
96,271,-0.05886750260048529
96,272,-0.08138838559065281
96,273,-0.0545901982020896
96,274,-0.07801661880716709
96,275,-0.08522992314877353
96,276,-0.03567358357305361
96,277,-0.0383617045067946
96,278,-0.08466013707375192
96,279,-0.06599256255784153
96,280,-0.051959120176572615
96,281,-0.08824743843388272
96,282,-0.05916972385644137
96,283,-0.04091307826072671
96,284,-0.03542542649609298
96,285,-0.05470141036080722
96,286,-0.04520033508326288
96,287,-0.04368508545234673
96,288,-0.04426083457991653
96,289,-0.005253256175473953
96,290,-0.04817556808086104
96,291,-0.012925507596242225
96,292,-0.05272665631102308
96,293,-0.02515859797738146
96,294,-0.01593420150146002
96,295,-0.009020380401329742
96,296,-0.010549533646725506
96,297,-0.01082102839748944
96,298,-0.04119583649673908
96,299,-0.02682830643536399
96,300,-0.015178405994164812
96,301,-0.0007736747462708249
96,302,-0.030273832786668065
96,303,-0.0013621763472723702
96,304,-0.01906629345493449
96,305,-0.03522549797440916
96,306,-0.06080917685549525
96,307,-0.021822912184619847
96,308,-0.02350864255248769
96,309,-0.0037812028453945157
96,310,0.02303486219290285
96,311,-0.03196109871442576
96,312,0.019211104639274668
96,313,-0.020443087484156575
96,314,0.02167959252639018
96,315,0.00109417743531115
96,316,-0.033357907343074866
96,317,0.0018601637739543708
96,318,-0.000902462528065251
96,319,-0.010593079073569045
96,320,0.015523863325501153
96,321,-0.011439367724420113
96,322,0.013718773631580583
96,323,0.027980078826566945
96,324,0.026604854307083592
96,325,0.07081633873467075
96,326,0.02294884632123706
96,327,0.02905135863664976
96,328,0.07964420727184773
96,329,0.04244450636903374
96,330,0.05373814161889412
96,331,0.04457468604109582
96,332,0.07212589523486534
96,333,0.07382888058526738
96,334,0.054147989614486636
96,335,0.07622604236797181
96,336,0.11767507977281433
97,1,-0.04029292745868507
97,2,-0.06299482197478662
97,3,-0.047760476663261275
97,4,-0.05753490060756916
97,5,-0.07804868756534361
97,6,-0.06722273455223665
97,7,-0.08599816909689173
97,8,-0.08085624579261341
97,9,-0.05489636750778787
97,10,-0.06202852309327733
97,11,-0.054431610147125
97,12,-0.03400169841641332
97,13,-0.07947110539509156
97,14,-0.06078600829407016
97,15,-0.07178523338089349
97,16,-0.06543652140985723
97,17,-0.07088441419655833
97,18,-0.06133314079336327
97,19,-0.05460998859429422
97,20,-0.033905828593840004
97,21,-0.07837661287256509
97,22,-0.08616656816332624
97,23,-0.053892419571602734
97,24,-0.07156360089546282
97,25,-0.05534893043949268
97,26,-0.0899183940358757
97,27,-0.04628838238132965
97,28,-0.05773754996546182
97,29,-0.04123479947963815
97,30,-0.06105325363100861
97,31,-0.050465129319560265
97,32,-0.07244941032474811
97,33,-0.0590345019646793
97,34,-0.04712166557074238
97,35,-0.05810758564739754
97,36,-0.08011575541430638
97,37,-0.09176708970262537
97,38,-0.0525590632308825
97,39,-0.041115318423427694
97,40,-0.07299177925022349
97,41,-0.07956072596794661
97,42,-0.058331946749367314
97,43,-0.00596313569428264
97,44,-0.06169155033107476
97,45,-0.06639310549798955
97,46,-0.034686935449153855
97,47,-0.0597145434832973
97,48,-0.07163149283410153
97,49,-0.06993269992418616
97,50,-0.05792524368705576
97,51,-0.07803034558158822
97,52,-0.08105108220867396
97,53,-0.06742933406125762
97,54,-0.09634616812231633
97,55,-0.07149091996325663
97,56,-0.09727291855256737
97,57,-0.07741588919460629
97,58,-0.025473057713248815
97,59,-0.06849488364241002
97,60,-0.048982496179588275
97,61,-0.08047103486061918
97,62,-0.09102597646312366
97,63,-0.07240633190426571
97,64,-0.06526385827711106
97,65,-0.07262268746619421
97,66,-0.05877046029911015
97,67,-0.08041862826394036
97,68,-0.08814206483746995
97,69,-0.11678249675061847
97,70,-0.04940018111926958
97,71,-0.0669201055548746
97,72,-0.08291503904214298
97,73,-0.07978495122654633
97,74,-0.09583941102343208
97,75,-0.06192387590049414
97,76,-0.06880907041273593
97,77,-0.058662346917324526
97,78,-0.06881001858029667
97,79,-0.07941050836510166
97,80,-0.06573938885430691
97,81,-0.07690737887089794
97,82,-0.1056764335263442
97,83,-0.07417044196282874
97,84,-0.08183628949623761
97,85,-0.08240162909262849
97,86,-0.08141807853751926
97,87,-0.06728956931979335
97,88,-0.038233022315975806
97,89,0.008575031250392828
97,90,-0.10470949673565794
97,91,-0.0773590953175386
97,92,-0.08418823137665132
97,93,-0.0745793974387754
97,94,-0.07080443984464901
97,95,-0.03243619856604196
97,96,-0.11600726307610204
97,97,-0.08488049751518928
97,98,-0.09709756172247452
97,99,-0.041105352498237824
97,100,-0.09239172543545648
97,101,-0.09769937704787923
97,102,-0.08456050869065168
97,103,-0.10302551528650866
97,104,-0.09486029621648939
97,105,-0.09913318307712776
97,106,-0.07690531173990722
97,107,-0.09174249423756253
97,108,-0.0973064998579698
97,109,-0.07973230511624074
97,110,-0.10025667110712622
97,111,-0.0165955294638222
97,112,-0.08152810313818892
97,113,-0.10595130926179674
97,114,-0.08495914424272821
97,115,-0.06061150007149818
97,116,-0.08914376991702466
97,117,-0.08996898014098403
97,118,-0.08233192785147153
97,119,-0.09160224455726818
97,120,-0.09816684232886369
97,121,-0.09256952005989061
97,122,-0.08792231643473913
97,123,-0.10232227275697525
97,124,-0.06338197716680755
97,125,-0.07981479860341734
97,126,-0.06779169223568554
97,127,-0.0940774444119668
97,128,-0.08191159000057868
97,129,-0.08437266325158932
97,130,-0.09432040830973087
97,131,-0.09458618563627053
97,132,-0.07622732260539111
97,133,-0.05971855222052397
97,134,-0.06695105656250366
97,135,-0.07870554847781436
97,136,-0.047294325263798065
97,137,-0.08630853194054067
97,138,-0.04620860952286093
97,139,-0.06489777053112111
97,140,-0.05630489212352113
97,141,-0.06167146551191183
97,142,-0.06940059361892281
97,143,-0.08846278611443326
97,144,-0.07434673342818293
97,145,-0.07720496866707427
97,146,-0.045636244655666625
97,147,-0.03311779121940034
97,148,-0.0830004481914629
97,149,-0.06953668591771828
97,150,-0.0950375463005323
97,151,-0.06479943218093231
97,152,-0.0847131137092818
97,153,-0.03963461170604338
97,154,-0.046931745386877666
97,155,-0.07357610610099674
97,156,-0.057541085461716546
97,157,-0.054307043795216614
97,158,-0.07302366209270511
97,159,-0.05408252002288
97,160,-0.021176799432014948
97,161,-0.026997074895803164
97,162,-0.06746514919219859
97,163,-0.032668962430686066
97,164,-0.06084333401212538
97,165,-0.04872938157102191
97,166,-0.06599310269271863
97,167,-0.07237655354387318
97,168,-0.06674674995173913
97,169,-0.0219661935904662
97,170,-0.027681470278178355
97,171,-0.01030071257804055
97,172,-0.034979662686043356
97,173,-0.00983305399794926
97,174,-0.021102659458077266
97,175,-0.023187309009276957
97,176,0.018884290490605027
97,177,-0.024163616633220752
97,178,-0.016499839129754723
97,179,-0.00024200901688337106
97,180,0.004067870839329468
97,181,-0.03614780301483689
97,182,-0.029755407072737605
97,183,0.047528124576958874
97,184,0.049802999395496816
97,185,0.0013067245940390215
97,186,0.0487478580283488
97,187,0.017675169227301613
97,188,0.01575866432257833
97,189,0.037501117519595506
97,190,0.04370362438580211
97,191,0.049668784384554576
97,192,0.06524674257093033
97,193,0.03242226380823088
97,194,0.05594993091665168
97,195,0.076880686216793
97,196,0.046504834384664684
97,197,0.0897853474902317
97,198,0.12153084505974066
97,199,0.11448993886516401
97,200,0.1208544246185117
97,201,0.1242337671334004
97,202,0.1359832482202794
98,1,-0.05958602817635067
98,2,-0.05580283903992311
98,3,0.011327565597214706
98,4,-0.01427143107884088
98,5,-0.04391963579350877
98,6,-0.002084966820086187
98,7,-0.02703376571348004
98,8,-0.02490903410610401
98,9,-0.035442851978418455
98,10,-0.040569645335597704
98,11,-0.05246772245180997
98,12,-0.0036922358507289754
98,13,-0.00644125544325258
98,14,-0.056131030257703884
98,15,-0.06039765827552984
98,16,-0.025619239734732624
98,17,-0.0763985613792677
98,18,-0.005205819768902387
98,19,-0.06483971055188781
98,20,-0.06928917202509072
98,21,0.0005474619813816695
98,22,-0.0624187035820547
98,23,-0.03864515355891218
98,24,-0.08755007378710872
98,25,-0.10327061160825912
98,26,-0.06411875518439125
98,27,-0.040699524240087104
98,28,0.008150717998681944
98,29,-0.04650706430153145
98,30,-0.04541008563989585
98,31,-0.07163387052876624
98,32,-0.025013580917746858
98,33,-0.06053067369680781
98,34,-0.05611542174621187
98,35,-0.032138149334857535
98,36,0.004775483740712905
98,37,-0.08271395949111249
98,38,-0.05119417834555867
98,39,-0.04188742066677298
98,40,-0.06878782029667829
98,41,-0.03449580623481613
98,42,-0.05772183853635321
98,43,-0.07909666257643205
98,44,-0.0002496607212423285
98,45,-0.055252343116155234
98,46,-0.08478247025198898
98,47,-0.004454592717236916
98,48,-0.059156817724921595
98,49,-0.05602743805943361
98,50,-0.04058249930411667
98,51,-0.07055776182927764
98,52,-0.037415001877968646
98,53,-0.067007626337662
98,54,-0.07712648444357056
98,55,-0.05538110477017116
98,56,-0.08747230776050752
98,57,-0.06635873707095463
98,58,-0.060719562787566184
98,59,-0.05776733989587585
98,60,-0.0685404380433764
98,61,-0.09069146861428218
98,62,-0.07188305405566908
98,63,-0.0851356996109795
98,64,-0.07829731158251202
98,65,-0.07620363608113917
98,66,-0.052937308344706724
98,67,-0.07248686976464747
98,68,-0.054369383282311
98,69,-0.07847283145913181
98,70,-0.08794339615046476
98,71,-0.10202130657976294
98,72,-0.07157414028439951
98,73,-0.06993381458699216
98,74,-0.07235290849429415
98,75,-0.0795785182773247
98,76,0.007437015737575381
98,77,-0.07751010218766163
98,78,-0.1167154363325863
98,79,-0.05917183991802294
98,80,-0.07910196170103789
98,81,-0.08387911195944187
98,82,-0.08510257650265396
98,83,-0.08656518994780543
98,84,-0.04952369894124914
98,85,-0.08948730339664712
98,86,-0.10433640679178363
98,87,-0.08537073514841192
98,88,-0.09555971758459608
98,89,-0.10056703248906085
98,90,-0.0911777973656962
98,91,-0.09109895372206034
98,92,-0.05840895128069379
98,93,-0.10379912518608381
98,94,-0.04754016591497762
98,95,-0.08125023304899043
98,96,-0.07509457269627134
98,97,-0.04667507484636596
98,98,-0.04887442941395864
98,99,-0.09385747908267522
98,100,-0.0712681685008737
98,101,-0.11040258364956229
98,102,-0.09999340238156434
98,103,-0.09979458110943346
98,104,-0.0748963142890437
98,105,-0.1148999497670049
98,106,-0.09959735598678743
98,107,-0.07737738215978979
98,108,-0.08118502441740616
98,109,-0.09836486217289381
98,110,-0.0827732178998482
98,111,-0.08596509280860837
98,112,-0.07930636028233734
98,113,-0.08529789745639077
98,114,-0.07545444816986852
98,115,-0.0862579591913169
98,116,-0.10007078992555107
98,117,-0.0882383056983086
98,118,-0.08876924198107194
98,119,-0.07391790132249881
98,120,-0.09142859291981642
98,121,-0.09740747768931174
98,122,-0.06370564154281816
98,123,-0.10981477930068739
98,124,-0.0549920791696053
98,125,-0.10600025980109629
98,126,-0.08638533624933215
98,127,-0.0785883890817683
98,128,-0.07946908095724509
98,129,-0.07497345734577782
98,130,-0.04809741701228415
98,131,-0.07086389316903291
98,132,-0.09257897698663181
98,133,-0.08134530780011062
98,134,-0.05799589002480904
98,135,-0.08467058038292258
98,136,-0.06774186777268326
98,137,-0.05351539418772944
98,138,-0.06631272968067203
98,139,-0.04440607627068521
98,140,-0.031087040478161798
98,141,-0.02310407937134068
98,142,-0.022973989451788135
98,143,-0.01347437943447638
98,144,-0.03872084540450649
98,145,-0.018873474813306312
98,146,-0.02874751347128557
98,147,0.03006544772334585
98,148,0.03795446075663533
98,149,-0.004643157572292278
98,150,0.014485652374840674
98,151,0.03281625903777308
98,152,0.025124544706736307
98,153,0.02370324197248419
98,154,0.0004314059023995398
98,155,0.06251421143591773
98,156,0.09138351599985095
99,1,-0.0064780556857130245
99,2,-0.08830279995277712
99,3,-0.08153095106334668
99,4,-0.04958181154865704
99,5,-0.09548676194403394
99,6,-0.014798298539928423
99,7,-0.0005101496252649107
99,8,-0.04038494714781804
99,9,-0.07033962163734192
99,10,-0.053924734235298255
99,11,-0.07579888949387753
99,12,-0.08283780367973098
99,13,-0.06883155320225615
99,14,-0.05503718857583362
99,15,-0.04456077913435136
99,16,-0.07845719869544154
99,17,-0.04712473262066602
99,18,-0.07454240791843719
99,19,-0.08173164896307306
99,20,-0.051044585540622245
99,21,-0.04943724300027069
99,22,-0.08801392025208149
99,23,-0.052430347953049516
99,24,-0.04101839760903386
99,25,-0.05727096806841919
99,26,-0.07156449514404334
99,27,-0.08699935581698354
99,28,-0.04375733948962496
99,29,-0.0793965049780031
99,30,-0.08352657565958282
99,31,-0.08669052030005914
99,32,-0.09199943789808657
99,33,-0.06217970387629668
99,34,-0.09542611858994438
99,35,-0.09464903929325796
99,36,-0.037935357149519455
99,37,-0.08159458379923334
99,38,-0.0395106969235845
99,39,-0.06762736115115153
99,40,-0.08639211709768768
99,41,0.015128885302005735
99,42,-0.08121156199778179
99,43,-0.08409517470914657
99,44,-0.07986453325932091
99,45,-0.10829326572854148
99,46,-0.10051002026458788
99,47,-0.0769990875515481
99,48,-0.1036464079221513
99,49,-0.07356762390194893
99,50,-0.06570299368525528
99,51,-0.06687085842931512
99,52,-0.08304145473811714
99,53,-0.09780146169531895
99,54,-0.05268984808206634
99,55,-0.07826195657386725
99,56,-0.0825919337376887
99,57,-0.07605688244766823
99,58,-0.09512313657230209
99,59,-0.08953824149707412
99,60,-0.08144633825783038
99,61,-0.09383986162068375
99,62,-0.07565026760268878
99,63,-0.06911187259717116
99,64,-0.0542205925893508
99,65,-0.06981199370511049
99,66,-0.035871225272054275
99,67,-0.07661444822459662
99,68,-0.08083833239142557
99,69,-0.09384066231371202
99,70,-0.07949905422330478
99,71,-0.08935095926560305
99,72,-0.07879213616920444
99,73,-0.10103630817730597
99,74,-0.09025792384186077
99,75,-0.06578655617792656
99,76,-0.07396677351358588
99,77,-0.0814573663998393
99,78,-0.10206458443579114
99,79,-0.10419670186128482
99,80,-0.09093963499808794
99,81,-0.10521225917519078
99,82,-0.0806226352536828
99,83,-0.09776764705026464
99,84,-0.10899631925119063
99,85,-0.0873164213824601
99,86,-0.08432417468801046
99,87,-0.09071397411983834
99,88,-0.08087245156444611
99,89,-0.07261680881802407
99,90,-0.0676969346746471
99,91,-0.06849836033993806
99,92,-0.10227207043497771
99,93,-0.109601619894312
99,94,-0.07808732652684003
99,95,-0.08725597162853305
99,96,-0.09237162839392082
99,97,-0.07348276129010345
99,98,-0.09278314026958268
99,99,-0.07999279298939349
99,100,-0.10799122940880063
99,101,-0.11062219991889949
99,102,-0.09230834795418558
99,103,-0.10540771015779632
99,104,-0.07942229307522419
99,105,-0.05048280985166115
99,106,-0.11402293849344047
99,107,-0.08687582894734097
99,108,-0.11144679948617192
99,109,-0.0819981784175215
99,110,-0.08420816248826934
99,111,-0.08069234869738584
99,112,-0.09038378674265218
99,113,-0.09623420632405838
99,114,-0.0801165242832989
99,115,-0.09102483300867537
99,116,-0.10279191184829539
99,117,-0.09183136756790461
99,118,-0.10216128977650141
99,119,-0.11216688879020059
99,120,-0.08967538211686849
99,121,-0.12302054736942841
99,122,-0.10062128527723674
99,123,-0.08899449410067628
99,124,-0.06764976174322657
99,125,-0.08988481961340511
99,126,-0.11865460255652371
99,127,-0.11687857725045314
99,128,-0.10532414472582152
99,129,-0.10201281097248738
99,130,-0.11465863137524512
99,131,-0.09303005783748353
99,132,-0.07614955972039023
99,133,-0.0712870665504286
99,134,-0.10021326456359264
99,135,-0.0889251416156503
99,136,-0.11061295301324364
99,137,-0.06845151134241201
99,138,-0.053597983319755016
99,139,-0.09450567086137512
99,140,-0.08470909745216054
99,141,-0.11722592203230969
99,142,-0.09005180335161633
99,143,-0.0856676437728146
99,144,-0.06688804531522635
99,145,-0.04936685921815687
99,146,-0.09533433323392682
99,147,-0.07531880836031046
99,148,-0.07203172756766874
99,149,-0.07025401362507927
99,150,-0.10241351256766318
99,151,-0.0527018944693079
99,152,-0.05352219206859127
99,153,-0.06049034728903052
99,154,-0.0781867861691522
99,155,-0.0607311214996718
99,156,-0.0747489252597372
99,157,-0.08968819603368555
99,158,-0.03860479859986832
99,159,-0.03478642243228519
99,160,-0.06044689475334436
99,161,-0.03826506648647254
99,162,-0.060290118354328126
99,163,-0.005676124953010231
99,164,-0.028047721551882843
99,165,-0.0693163149531103
99,166,-0.007590336955996091
99,167,0.003106865273034054
99,168,0.024559216679059026
99,169,-0.014116641954383169
99,170,-0.020626760543305867
99,171,-0.011767476389679565
99,172,-0.008120482762711378
99,173,0.019526064685202238
99,174,0.003977590775920303
99,175,0.03146771482878852
99,176,-0.00031029899100321057
99,177,0.025312680203550153
99,178,0.02645639554370527
99,179,0.07256270758749295
99,180,0.0737060005138147
99,181,0.06948400630143003
99,182,0.08467397091507689
99,183,0.12088566463817774
99,184,0.08285886729382697
99,185,0.0845697513448962
100,1,-0.06588632063621086
100,2,0.0029238063671813697
100,3,-0.0655488273973378
100,4,-0.08392384498830341
100,5,-0.06756591716879451
100,6,-0.09141447891626064
100,7,-0.0835214105611724
100,8,-0.08177589975166039
100,9,-0.12037163076623597
100,10,-0.06716360799999532
100,11,-0.07580193181818823
100,12,-0.08412487872198315
100,13,-0.07009274443086988
100,14,-0.07674473469361498
100,15,-0.10806062798930538
100,16,-0.07239357113710237
100,17,-0.08220911557735383
100,18,-0.0590946081696796
100,19,-0.07987077549212157
100,20,-0.12120570093330296
100,21,-0.0665748997377899
100,22,-0.09761101959294449
100,23,-0.1173769885541272
100,24,-0.06140377536767505
100,25,-0.06971068240935557
100,26,-0.0653252015773611
100,27,-0.11326283853606423
100,28,-0.09469884848716431
100,29,-0.1043472735106632
100,30,-0.09872810495955225
100,31,-0.09106023016074272
100,32,-0.10219966284373716
100,33,-0.09599560565530424
100,34,-0.07532196115517398
100,35,-0.10829788104894283
100,36,-0.07942426666831998
100,37,-0.08748205837349854
100,38,-0.09151684633283136
100,39,-0.08714166405794732
100,40,-0.09322962498613235
100,41,-0.08793060379983769
100,42,-0.0623470397563915
100,43,-0.04051755142633068
100,44,-0.098586764499006
100,45,-0.08320846206965377
100,46,-0.09191894969053155
100,47,-0.06497034703032106
100,48,-0.07962335841964058
100,49,-0.08423809420510914
100,50,-0.10287028134487175
100,51,-0.11161661073130424
100,52,-0.08994454735120155
100,53,-0.07648981927610488
100,54,-0.11337003111849936
100,55,-0.0712877433527282
100,56,-0.08330188459665344
100,57,-0.06772639835912825
100,58,-0.06605609335805546
100,59,-0.09495519159086263
100,60,-0.0048925938962934845
100,61,-0.06921228414789843
100,62,-0.106150574034645
100,63,-0.08996176845660431
100,64,-0.08983376585661884
100,65,-0.09610694874322112
100,66,-0.08852988311785681
100,67,-0.09806595751185976
100,68,-0.08010873375511951
100,69,-0.0665052729331263
100,70,-0.0968213830479111
100,71,-0.09796860732462337
100,72,-0.10127620318048275
100,73,-0.0830339948306188
100,74,-0.0767220443178821
100,75,-0.09267362715881128
100,76,-0.07292806859795914
100,77,-0.08779932458269107
100,78,-0.10814769436876653
100,79,-0.08635055255753205
100,80,-0.05662246356325584
100,81,-0.09703265786306581
100,82,-0.09005031377080364
100,83,-0.08509239650079431
100,84,-0.09360997296127094
100,85,-0.08839197157655765
100,86,-0.062111856293944556
100,87,-0.09663518114032765
100,88,-0.09215628011329963
100,89,-0.06624830794357744
100,90,-0.06394103135443069
100,91,-0.08567939930035512
100,92,-0.1181966826422936
100,93,-0.0826804636006363
100,94,-0.08029340208032842
100,95,-0.11131057447605919
100,96,-0.05389401800995508
100,97,-0.06955229063392132
100,98,-0.10473323904618848
100,99,-0.1012649833519077
100,100,-0.09231403518398268
100,101,-0.0799299822866893
100,102,-0.07975417094374271
100,103,-0.08439868864431155
100,104,-0.10616670235076153
100,105,-0.11715967783887904
100,106,-0.09055083171542777
100,107,-0.09701855963424949
100,108,-0.0668183917403018
100,109,-0.09025418783083894
100,110,-0.07390142381979953
100,111,-0.07544636631581358
100,112,-0.0911767026059378
100,113,-0.09677533551231432
100,114,-0.07564425506931066
100,115,-0.10187124415891857
100,116,-0.0992404839031531
100,117,-0.11490022152977841
100,118,-0.10903560346760666
100,119,-0.08945339957401438
100,120,-0.09666317101632971
100,121,-0.10379970101253705
100,122,-0.0918040369190738
100,123,-0.069385828604756
100,124,-0.09081373728786035
100,125,-0.09880905074163654
100,126,-0.07335031368106276
100,127,-0.07256754536565463
100,128,-0.08324665834536954
100,129,-0.06466482905681648
100,130,-0.11772818688737346
100,131,-0.07919798953624246
100,132,-0.10182510275088541
100,133,-0.095404214092566
100,134,-0.06860202465427123
100,135,-0.06178331167006201
100,136,-0.07830703609452144
100,137,-0.07524258420607016
100,138,-0.06938297800951487
100,139,-0.10559782278801588
100,140,-0.09542353229649991
100,141,-0.10500381826354738
100,142,-0.0846024135329177
100,143,-0.07295028884222343
100,144,-0.07778739749067154
100,145,-0.06391620500348816
100,146,-0.06443344379782717
100,147,-0.06436371580859462
100,148,-0.10303503878999293
100,149,-0.045972430506315276
100,150,-0.07066287131796656
100,151,-0.06876044666270598
100,152,-0.07744700490806761
100,153,-0.09758184076219523
100,154,-0.08345482240452534
100,155,-0.06119719218479647
100,156,-0.0609619072115693
100,157,-0.07998351322338404
100,158,-0.050998515451657234
100,159,-0.05358790047013173
100,160,-0.05852884405104375
100,161,-0.04075636654839204
100,162,-0.07642560387854441
100,163,-0.029795862909622994
100,164,-0.03642450458189567
100,165,-0.013400983066367333
100,166,-0.04878552594001573
100,167,-0.05763773170173209
100,168,-0.02917835095515975
100,169,-0.058018585096444086
100,170,-0.017423308239852386
100,171,-0.03179343396231765
100,172,-0.012094287995020991
100,173,-0.015192900056146097
100,174,-0.03680628801140606
100,175,0.0023259521617853274
100,176,-0.0155422587720363
100,177,-0.00651151341628281
100,178,-0.04004332839601393
100,179,-0.00538117912885494
100,180,-0.03027334308125179
100,181,0.002021795967893203
100,182,0.0033759262325259165
100,183,-0.014766377037740586
100,184,0.003571214611324258
100,185,-0.017018731867659398
100,186,0.0012558328575343891
100,187,-0.012730449093165674
100,188,0.04111490962327169
100,189,0.016295363302436305
100,190,0.03524506286395013
100,191,0.058371384295985984
100,192,0.013582476820697909
100,193,0.045502496780561175
100,194,0.030358558197739915
100,195,0.06674200450320045
100,196,0.04431756178055635
100,197,0.07485642375852652
100,198,0.060816358581297636
100,199,0.08560416577502572
100,200,0.11256225854893565
