unit,cycle,anomaly_score,health_score,health_status
1,1,-0.0729697412366724,80.76,NORMAL
1,2,-0.0900317633989484,88.41,NORMAL
1,3,-0.0442079932238279,67.86,WARNING
1,4,-0.0478152117174277,69.48,WARNING
1,5,-0.1009911604375122,93.32,NORMAL
1,6,-0.0502916240101999,70.59,NORMAL
1,7,-0.0814477874690301,84.56,NORMAL
1,8,-0.0476112797734553,69.39,WARNING
1,9,-0.0632617709926589,76.41,NORMAL
1,10,-0.0544322295196137,72.45,NORMAL
1,11,-0.0561450569475345,73.21,NORMAL
1,12,-0.0562862787568342,73.28,NORMAL
1,13,-0.0728080676282279,80.69,NORMAL
1,14,-0.0555673478751271,72.95,NORMAL
1,15,-0.0625284836209579,76.08,NORMAL
1,16,-0.0860651051104678,86.63,NORMAL
1,17,-0.095150886888889,90.7,NORMAL
1,18,-0.0833853876884082,85.43,NORMAL
1,19,-0.0615377557101944,75.63,NORMAL
1,20,-0.0396162248842033,65.8,WARNING
1,21,-0.0654992000107081,77.41,NORMAL
1,22,-0.0997968299416131,92.79,NORMAL
1,23,-0.060908400692537,75.35,NORMAL
1,24,-0.0774559982542451,82.77,NORMAL
1,25,-0.0569802390566225,73.59,NORMAL
1,26,-0.0780329207301375,83.03,NORMAL
1,27,-0.0762220824079574,82.22,NORMAL
1,28,-0.0154546632911887,54.97,WARNING
1,29,-0.0831945633544361,85.34,NORMAL
1,30,-0.0461230370129875,68.72,WARNING
1,31,-0.0686718226605488,78.83,NORMAL
1,32,-0.0653940089615104,77.36,NORMAL
1,33,-0.0561393643254101,73.21,NORMAL
1,34,-0.0888406335487327,87.88,NORMAL
1,35,-0.0734648320703396,80.98,NORMAL
1,36,-0.0826941518459473,85.12,NORMAL
1,37,-0.077097782120495,82.61,NORMAL
1,38,-0.0622343059924781,75.94,NORMAL
1,39,-0.0733553035865317,80.93,NORMAL
1,40,-0.0685290784395716,78.77,NORMAL
1,41,-0.0591880230264083,74.58,NORMAL
1,42,-0.0890309109351169,87.96,NORMAL
1,43,-0.0601502806931301,75.01,NORMAL
1,44,-0.0734265879076545,80.96,NORMAL
1,45,-0.0987437067170318,92.32,NORMAL
1,46,-0.1037481930848072,94.56,NORMAL
1,47,-0.0518313389828307,71.28,NORMAL
1,48,-0.0891658064184712,88.02,NORMAL
1,49,-0.0607448944312418,75.28,NORMAL
1,50,-0.0918454183615193,89.22,NORMAL
1,51,-0.0842276848669864,85.81,NORMAL
1,52,-0.054427385384052,72.44,NORMAL
1,53,-0.0887605531567189,87.84,NORMAL
1,54,-0.0717608200977723,80.22,NORMAL
1,55,-0.0914864696779654,89.06,NORMAL
1,56,-0.0601330616920075,75.0,NORMAL
1,57,-0.0994952724141387,92.65,NORMAL
1,58,-0.05203296149433,71.37,NORMAL
1,59,-0.0734798632479163,80.99,NORMAL
1,60,-0.0810360760924034,84.38,NORMAL
1,61,-0.0634819625109763,76.5,NORMAL
1,62,-0.0557842508596544,73.05,NORMAL
1,63,-0.0887870520128228,87.85,NORMAL
1,64,-0.0762185475111518,82.22,NORMAL
1,65,-0.0787371843653342,83.34,NORMAL
1,66,-0.0729694519054589,80.76,NORMAL
1,67,-0.0697147603897967,79.3,NORMAL
1,68,-0.1058131755719627,95.49,NORMAL
1,69,-0.0697758506640011,79.33,NORMAL
1,70,-0.0957357369717593,90.97,NORMAL
1,71,-0.067574205561891,78.34,NORMAL
1,72,-0.0710567358159848,79.9,NORMAL
1,73,-0.0721113373048535,80.37,NORMAL
1,74,-0.0691704093302549,79.05,NORMAL
1,75,-0.0528588251801648,71.74,NORMAL
1,76,-0.0630358078447335,76.3,NORMAL
1,77,-0.0827884819662049,85.16,NORMAL
1,78,-0.0471737125850451,69.19,WARNING
1,79,-0.0871262600815029,87.11,NORMAL
1,80,-0.0696680727977542,79.28,NORMAL
1,81,-0.0900951998191641,88.44,NORMAL
1,82,-0.0827387974874289,85.14,NORMAL
1,83,-0.0791983127627225,83.55,NORMAL
1,84,-0.1076940025690715,96.33,NORMAL
1,85,-0.0855158819073627,86.38,NORMAL
1,86,-0.0832616574486657,85.37,NORMAL
1,87,-0.0699822219491169,79.42,NORMAL
1,88,-0.0622398459850239,75.95,NORMAL
1,89,-0.1126166570785124,98.54,NORMAL
1,90,-0.064510127123573,76.96,NORMAL
1,91,-0.0603989539292195,75.12,NORMAL
1,92,-0.086459004451677,86.81,NORMAL
1,93,-0.0933501953113498,89.9,NORMAL
1,94,-0.0930016227664701,89.74,NORMAL
1,95,-0.066867237041913,78.02,NORMAL
1,96,-0.0806342938207312,84.2,NORMAL
1,97,-0.0703263832799792,79.57,NORMAL
1,98,-0.0576256072174018,73.88,NORMAL
1,99,-0.1130200520954571,98.72,NORMAL
1,100,-0.0815296965410661,84.6,NORMAL
1,101,-0.0776185026364413,82.84,NORMAL
1,102,-0.0865686964243056,86.86,NORMAL
1,103,-0.0775516452706815,82.81,NORMAL
1,104,-0.0921633761438445,89.37,NORMAL
1,105,-0.0915242342632116,89.08,NORMAL
1,106,-0.0974788382807114,91.75,NORMAL
1,107,-0.0802423808496672,84.02,NORMAL
1,108,-0.0678553540672846,78.46,NORMAL
1,109,-0.0798668448001667,83.85,NORMAL
1,110,-0.0829046943595308,85.21,NORMAL
1,111,-0.0879308917630402,87.47,NORMAL
1,112,-0.0968894987017011,91.48,NORMAL
1,113,-0.1104319479879369,97.56,NORMAL
1,114,-0.0866136341953684,86.88,NORMAL
1,115,-0.0912161999055174,88.94,NORMAL
1,116,-0.0593588287833459,74.65,NORMAL
1,117,-0.0600392840618687,74.96,NORMAL
1,118,-0.0936208997517339,90.02,NORMAL
1,119,-0.0766026884666485,82.39,NORMAL
1,120,-0.0868733732062331,86.99,NORMAL
1,121,-0.0677687816016588,78.43,NORMAL
1,122,-0.0919899580665279,89.29,NORMAL
1,123,-0.0649496938701055,77.16,NORMAL
1,124,-0.093774325127335,90.09,NORMAL
1,125,-0.0661082966347762,77.68,NORMAL
1,126,-0.0856819704661485,86.46,NORMAL
1,127,-0.0982086314946485,92.08,NORMAL
1,128,-0.095953143915004,91.06,NORMAL
1,129,-0.0822978601341737,84.94,NORMAL
1,130,-0.0805357760722173,84.15,NORMAL
1,131,-0.0796972104754673,83.77,NORMAL
1,132,-0.0628434772056496,76.22,NORMAL
1,133,-0.0981617105369769,92.05,NORMAL
1,134,-0.0888736555943674,87.89,NORMAL
1,135,-0.0945036131775108,90.41,NORMAL
1,136,-0.0714083319129818,80.06,NORMAL
1,137,-0.0839921676991243,85.7,NORMAL
1,138,-0.0805056300777575,84.14,NORMAL
1,139,-0.0750780082676252,81.7,NORMAL
1,140,-0.086624689664301,86.88,NORMAL
1,141,-0.0576569684630799,73.89,NORMAL
1,142,-0.0665560603741943,77.88,NORMAL
1,143,-0.1097095659117093,97.23,NORMAL
1,144,-0.0800855421725119,83.95,NORMAL
1,145,-0.0948882508327206,90.59,NORMAL
1,146,-0.0955944136566135,90.9,NORMAL
1,147,-0.0718713708836087,80.27,NORMAL
1,148,-0.0844094093465873,85.89,NORMAL
1,149,-0.0805887957647404,84.17,NORMAL
1,150,-0.069028513332258,78.99,NORMAL
1,151,-0.0702730392132582,79.55,NORMAL
1,152,-0.0567295260688585,73.48,NORMAL
1,153,-0.0774327915161107,82.76,NORMAL
1,154,-0.0819191919872444,84.77,NORMAL
1,155,-0.0785232630722447,83.25,NORMAL
1,156,-0.0339213161234058,63.25,WARNING
1,157,-0.059412475820091,74.68,NORMAL
1,158,-0.0600221256274471,74.95,NORMAL
1,159,-0.065065271536346,77.21,NORMAL
1,160,-0.007992366609339,51.62,WARNING
1,161,-0.077078354392248,82.6,NORMAL
1,162,-0.0376908631280586,64.94,WARNING
1,163,-0.0237573984520929,58.69,WARNING
1,164,-0.0413086105736386,66.56,WARNING
1,165,-0.0258436510583827,59.63,WARNING
1,166,-0.0149796734874773,54.75,WARNING
1,167,-0.0535052977794824,72.03,NORMAL
1,168,-0.0222120155098252,58.0,WARNING
1,169,-0.0383206323176453,65.22,WARNING
1,170,-0.023950423989228,58.78,WARNING
1,171,-0.0349662603753428,63.72,WARNING
1,172,0.0008954461107867,47.64,WARNING
1,173,0.0093923216027671,43.83,WARNING
1,174,0.0061628120324143,45.27,WARNING
1,175,-0.0130255668253732,53.88,WARNING
1,176,-0.0216629133406388,57.75,WARNING
1,177,0.0242565195554944,37.16,CRITICAL
1,178,0.000907306102685,47.63,WARNING
1,179,0.0068322535506899,44.97,WARNING
1,180,0.0362797273324507,31.77,CRITICAL
1,181,0.0417944429154002,29.3,CRITICAL
1,182,0.0569221934037292,22.51,CRITICAL
1,183,-0.0028485844921791,49.31,WARNING
1,184,0.0944647527857384,5.68,CRITICAL
1,185,0.0389996270236311,30.55,CRITICAL
1,186,0.0330542936508805,33.22,CRITICAL
1,187,0.0918600109636958,6.85,CRITICAL
1,188,0.0858273895766138,9.55,CRITICAL
1,189,0.0857356034021837,9.59,CRITICAL
1,190,0.0936932752054815,6.02,CRITICAL
1,191,0.068907521328146,17.14,CRITICAL
1,192,0.069733193539062,16.77,CRITICAL
2,1,0.0691844097242906,17.01,CRITICAL
2,2,-0.0045241053240679,50.07,WARNING
2,3,0.0593618479517323,21.42,CRITICAL
2,4,0.0092821794554617,43.88,WARNING
2,5,0.0756778768969844,14.1,CRITICAL
2,6,0.0175049051476364,40.19,WARNING
2,7,-0.0578770303225077,73.99,NORMAL
2,8,-0.0210964180486703,57.5,WARNING
2,9,0.0497556042622812,25.73,CRITICAL
2,10,0.0608449033921189,20.75,CRITICAL
2,11,-0.0546435997702651,72.54,NORMAL
2,12,-0.0196343581992574,56.84,WARNING
2,13,-0.0084634474761113,51.83,WARNING
2,14,-0.0114901346445658,53.19,WARNING
2,15,-0.0685732858873018,78.79,NORMAL
2,16,-0.0215540575899222,57.7,WARNING
2,17,-0.0175459409607832,55.91,WARNING
2,18,-0.0517064754467309,71.22,NORMAL
2,19,-0.0217466159848186,57.79,WARNING
2,20,-0.0080411011795129,51.64,WARNING
2,21,0.002272956050093,47.02,WARNING
2,22,-0.0239793180660307,58.79,WARNING
2,23,0.0066170631521838,45.07,WARNING
2,24,-0.0311019582312109,61.98,WARNING
2,25,-0.0237427995413962,58.68,WARNING
2,26,0.021682001705205,38.31,CRITICAL
2,27,-0.0580123476050889,74.05,NORMAL
2,28,0.0275387368310726,35.69,CRITICAL
2,29,-0.0294630974409217,61.25,WARNING
2,30,-0.0446817920256971,68.07,WARNING
2,31,0.0153440628636843,41.16,WARNING
2,32,0.0108215729125792,43.18,WARNING
2,33,-0.0328486177276145,62.77,WARNING
2,34,-0.0075180046355277,51.41,WARNING
2,35,-0.002525943123674,49.17,WARNING
2,36,-0.014983666727781,54.76,WARNING
2,37,0.0063355654511414,45.2,WARNING
2,38,-0.0415957410124174,66.69,WARNING
2,39,-0.006761692620068,51.07,WARNING
2,40,-0.0552417509410877,72.81,NORMAL
2,41,-0.0530349206664141,71.82,NORMAL
2,42,0.0188170345262435,39.6,CRITICAL
2,43,-0.028058446735198,60.62,WARNING
2,44,-0.0677615731163117,78.42,NORMAL
2,45,-0.0572021087467147,73.69,NORMAL
2,46,-0.0217160542643296,57.78,WARNING
2,47,-0.0183992118792689,56.29,WARNING
2,48,-0.0336749674748739,63.14,WARNING
2,49,0.0034234040916003,46.5,WARNING
2,50,-0.0431473812337672,67.39,WARNING
2,51,-0.025846189053147,59.63,WARNING
2,52,0.033909984706373,32.83,CRITICAL
2,53,-0.0424509179820861,67.07,WARNING
2,54,-0.035860120203521,64.12,WARNING
2,55,0.0613817593231382,20.51,CRITICAL
2,56,0.0025462602060907,46.9,WARNING
2,57,-0.0226282640453561,58.18,WARNING
2,58,-0.0131959337467756,53.95,WARNING
2,59,-0.0440990918604615,67.81,WARNING
2,60,-0.0757494071356484,82.0,NORMAL
2,61,-0.0203108998260165,57.15,WARNING
2,62,-0.0183228297790613,56.25,WARNING
2,63,-0.0227292875327586,58.23,WARNING
2,64,-0.0467251340473496,68.99,WARNING
2,65,0.0272044020520297,35.84,CRITICAL
2,66,-0.0652408866678886,77.29,NORMAL
2,67,-0.0200868016174201,57.04,WARNING
2,68,-0.058470354350235,74.26,NORMAL
2,69,-0.0887574520063653,87.84,NORMAL
2,70,-0.0564315260831372,73.34,NORMAL
2,71,-0.06182175414289,75.76,NORMAL
2,72,-0.06621422898617,77.73,NORMAL
2,73,-0.0326797810711282,62.69,WARNING
2,74,0.0120472762221849,42.64,WARNING
2,75,0.0938270924540966,5.96,CRITICAL
2,76,-0.0459171624986179,68.63,WARNING
2,77,-0.0599774558682996,74.93,NORMAL
2,78,-0.0373440158746628,64.78,WARNING
2,79,-0.0007473606105731,48.37,WARNING
2,80,-0.0146519284177784,54.61,WARNING
2,81,0.0041315610719734,46.18,WARNING
2,82,-0.0216404517096754,57.74,WARNING
2,83,-0.0151589077592917,54.83,WARNING
2,84,-0.0327257193572718,62.71,WARNING
2,85,0.054538944918798,23.58,CRITICAL
2,86,-0.0559315245541108,73.12,NORMAL
2,87,-0.0224699258036028,58.11,WARNING
2,88,0.0220048896590903,38.17,CRITICAL
2,89,-0.0303068905963331,61.63,WARNING
2,90,-0.0347931625841144,63.64,WARNING
2,91,-0.0586288004860621,74.33,NORMAL
2,92,0.0176681797911922,40.11,WARNING
2,93,-0.0438165429442704,67.69,WARNING
2,94,-0.0379889912993231,65.07,WARNING
2,95,-0.0499314426912426,70.43,NORMAL
2,96,-0.0060417321070024,50.75,WARNING
2,97,-0.0840609825388697,85.73,NORMAL
2,98,-0.030349547552094,61.65,WARNING
2,99,-0.0346024758016962,63.55,WARNING
2,100,-0.0302947959468338,61.62,WARNING
2,101,-0.0481192787357239,69.61,WARNING
2,102,-0.0114618375250256,53.18,WARNING
2,103,-0.0403020970924687,66.11,WARNING
2,104,-0.0422654171627969,66.99,WARNING
2,105,-0.0450889911210515,68.26,WARNING
2,106,-0.0557815568052362,73.05,NORMAL
2,107,-0.0442236673276892,67.87,WARNING
2,108,-0.0407877621618538,66.33,WARNING
2,109,-0.0557653138363623,73.04,NORMAL
2,110,-0.064036855563981,76.75,NORMAL
2,111,-0.0205414640559701,57.25,WARNING
2,112,-0.0813646133453316,84.52,NORMAL
2,113,-0.0505899000144632,70.72,NORMAL
2,114,-0.0432428942294568,67.43,WARNING
2,115,-0.046322595452214,68.81,WARNING
2,116,-0.0124840478548717,53.64,WARNING
2,117,-0.0628787597335964,76.23,NORMAL
2,118,-0.0557806465398349,73.05,NORMAL
2,119,-0.0832648660954258,85.37,NORMAL
2,120,-0.0291784623007352,61.12,WARNING
2,121,-0.0136570051720892,54.16,WARNING
2,122,-0.0756296490306109,81.95,NORMAL
2,123,-0.0647036075584689,77.05,NORMAL
2,124,-0.0486264944871404,69.84,WARNING
2,125,-0.0652560593379965,77.3,NORMAL
2,126,-0.0686517476633274,78.82,NORMAL
2,127,-0.0594621448391082,74.7,NORMAL
2,128,0.0099406085445369,43.58,WARNING
2,129,0.0149668000937746,41.33,WARNING
2,130,-0.0548391949358086,72.63,NORMAL
2,131,-0.0725774037115238,80.58,NORMAL
2,132,-0.026134752359361,59.76,WARNING
2,133,-0.05784433279,73.98,NORMAL
2,134,0.0104084502094758,43.37,WARNING
2,135,-0.0782576785606403,83.13,NORMAL
2,136,-0.042511224912047,67.1,WARNING
2,137,-0.0360567694384354,64.21,WARNING
2,138,-0.0659484670066932,77.61,NORMAL
2,139,-0.0605772061113179,75.2,NORMAL
2,140,-0.0601068143732731,74.99,NORMAL
2,141,-0.071233163099487,79.98,NORMAL
2,142,-0.0609163843905667,75.35,NORMAL
2,143,-0.102423481335919,93.97,NORMAL
2,144,-0.0708768699624383,79.82,NORMAL
2,145,-0.0708355830376684,79.8,NORMAL
2,146,-0.0793442561910034,83.62,NORMAL
2,147,-0.0875346248731939,87.29,NORMAL
2,148,-0.0600757909273354,74.98,NORMAL
2,149,-0.0825055664615147,85.03,NORMAL
2,150,-0.0546955313436957,72.56,NORMAL
2,151,-0.0322783396124809,62.51,WARNING
2,152,-0.0943237415551688,90.33,NORMAL
2,153,-0.0736295186485754,81.05,NORMAL
2,154,0.0023064705239379,47.0,WARNING
2,155,-0.0820217063687054,84.82,NORMAL
2,156,-0.0361487510868647,64.25,WARNING
2,157,-0.0812093556243799,84.45,NORMAL
2,158,-0.0834710764409138,85.47,NORMAL
2,159,-0.0765797289806731,82.38,NORMAL
2,160,-0.0718615283126197,80.26,NORMAL
2,161,-0.0744906538742432,81.44,NORMAL
2,162,-0.0515875589736034,71.17,NORMAL
2,163,-0.0766718785695547,82.42,NORMAL
2,164,-0.0643810521252291,76.91,NORMAL
2,165,-0.0609452058533862,75.37,NORMAL
2,166,-0.0488135092483032,69.93,WARNING
2,167,-0.0953799926381017,90.81,NORMAL
2,168,-0.0799270117870255,83.88,NORMAL
2,169,-0.0900629505268475,88.42,NORMAL
2,170,-0.062123182880028,75.89,NORMAL
2,171,-0.0858360893751629,86.53,NORMAL
2,172,-0.0637583607367585,76.63,NORMAL
2,173,-0.09845449161772,92.19,NORMAL
2,174,-0.0956649886914514,90.94,NORMAL
2,175,-0.0795215975284843,83.7,NORMAL
2,176,-0.0790180244471737,83.47,NORMAL
2,177,-0.0985293818196136,92.22,NORMAL
2,178,-0.0797339126203752,83.79,NORMAL
2,179,-0.0785682038173182,83.27,NORMAL
2,180,-0.0957257218856857,90.96,NORMAL
2,181,-0.0936970805562784,90.05,NORMAL
2,182,-0.0882798228378318,87.62,NORMAL
2,183,-0.1046295992952538,94.96,NORMAL
2,184,-0.0697264718792354,79.3,NORMAL
2,185,-0.0650830640530298,77.22,NORMAL
2,186,-0.0835981204570628,85.52,NORMAL
2,187,-0.0995888562006799,92.69,NORMAL
2,188,-0.0913352054091451,88.99,NORMAL
2,189,-0.0996728808448443,92.73,NORMAL
2,190,-0.0762528041376045,82.23,NORMAL
2,191,-0.0955867946855119,90.9,NORMAL
2,192,-0.0412413636494873,66.53,WARNING
2,193,-0.0918917608628275,89.24,NORMAL
2,194,-0.0961843316984754,91.17,NORMAL
2,195,-0.0667606581162212,77.97,NORMAL
2,196,-0.0730013582418789,80.77,NORMAL
2,197,-0.0649245574988737,77.15,NORMAL
2,198,-0.0586679946419444,74.35,NORMAL
2,199,-0.0917919605758357,89.2,NORMAL
2,200,-0.1058461511828068,95.5,NORMAL
2,201,-0.0937815532124497,90.09,NORMAL
2,202,-0.0690971516856763,79.02,NORMAL
2,203,-0.0663473683646005,77.79,NORMAL
2,204,-0.0948219404263366,90.56,NORMAL
2,205,-0.1019172689425362,93.74,NORMAL
2,206,-0.0825666797978993,85.06,NORMAL
2,207,-0.0967670450149865,91.43,NORMAL
2,208,-0.1063332725765044,95.72,NORMAL
2,209,-0.0672618505999363,78.2,NORMAL
2,210,-0.0766915836611527,82.43,NORMAL
2,211,-0.0999410030334916,92.85,NORMAL
2,212,-0.0570839635238176,73.63,NORMAL
2,213,-0.0965906216098861,91.35,NORMAL
2,214,-0.0807311459938037,84.24,NORMAL
2,215,-0.062637511072007,76.13,NORMAL
2,216,-0.0791057745132473,83.51,NORMAL
2,217,-0.0567739475116297,73.5,NORMAL
2,218,-0.0892769905883446,88.07,NORMAL
2,219,-0.0827346359935213,85.14,NORMAL
2,220,-0.0620110072391682,75.84,NORMAL
2,221,-0.0946781924828656,90.49,NORMAL
2,222,-0.113202474319905,98.8,NORMAL
2,223,-0.0719985911036645,80.32,NORMAL
2,224,-0.1055757491992428,95.38,NORMAL
2,225,-0.0991867678255439,92.51,NORMAL
2,226,-0.0707662514457139,79.77,NORMAL
2,227,-0.1033625482218653,94.39,NORMAL
2,228,-0.1141062243259692,99.2,NORMAL
2,229,-0.1036667743235646,94.52,NORMAL
2,230,-0.0954901292547001,90.86,NORMAL
2,231,-0.100979499746598,93.32,NORMAL
2,232,-0.0884695842693639,87.71,NORMAL
2,233,-0.0552517368576462,72.81,NORMAL
2,234,-0.0907748888791822,88.74,NORMAL
2,235,-0.0830997927551389,85.3,NORMAL
2,236,-0.0649580198832598,77.17,NORMAL
2,237,-0.0714922265372671,80.1,NORMAL
2,238,-0.0804190801161195,84.1,NORMAL
2,239,-0.0724919444607758,80.54,NORMAL
2,240,-0.0806842835711864,84.22,NORMAL
2,241,-0.0512494589238679,71.02,NORMAL
2,242,-0.066057635028675,77.66,NORMAL
2,243,-0.0719805991960035,80.31,NORMAL
2,244,-0.0505378092331689,70.7,NORMAL
2,245,-0.0633036180761903,76.42,NORMAL
2,246,-0.0773778355116743,82.73,NORMAL
2,247,-0.0682576370294322,78.65,NORMAL
2,248,-0.0179197976224324,56.07,WARNING
2,249,-0.0251581158315523,59.32,WARNING
2,250,-0.04380244194859,67.68,WARNING
2,251,-0.054819528538662,72.62,NORMAL
2,252,-0.0248615288692934,59.19,WARNING
2,253,-0.0867966127950524,86.96,NORMAL
2,254,-0.0226544992910114,58.2,WARNING
2,255,-0.0537624107099694,72.15,NORMAL
2,256,-0.0141468441784376,54.38,WARNING
2,257,-0.0524572448371021,71.56,NORMAL
2,258,-0.0398110853611361,65.89,WARNING
2,259,-0.024589550889887,59.06,WARNING
2,260,-0.00777431338487,51.52,WARNING
2,261,-0.0130943846466288,53.91,WARNING
2,262,-0.0064345366520357,50.92,WARNING
2,263,-0.0298682597741018,61.43,WARNING
2,264,0.0255710155795746,36.57,CRITICAL
2,265,0.0039412340067205,46.27,WARNING
2,266,-0.015203595566893,54.85,WARNING
2,267,-0.0237921568060792,58.71,WARNING
2,268,-0.0375665572458404,64.88,WARNING
2,269,0.0090796166638135,43.97,WARNING
2,270,-0.0121628144587686,53.49,WARNING
2,271,0.040687721147075,29.79,CRITICAL
2,272,-0.0241207777938258,58.85,WARNING
2,273,0.0021722514947686,47.06,WARNING
2,274,0.0377917448754073,31.09,CRITICAL
2,275,-0.0201407193214096,57.07,WARNING
2,276,0.0532246663704402,24.17,CRITICAL
2,277,0.030124482111853,34.53,CRITICAL
2,278,0.0210971571204392,38.58,CRITICAL
2,279,0.0605694025291428,20.88,CRITICAL
2,280,0.024092524880272,37.23,CRITICAL
2,281,0.0547283463234654,23.5,CRITICAL
2,282,0.0367565244270691,31.56,CRITICAL
2,283,0.0744189463599789,14.67,CRITICAL
2,284,0.0351527772930678,32.27,CRITICAL
2,285,0.0645916250647076,19.07,CRITICAL
2,286,0.0513244428793671,25.02,CRITICAL
2,287,0.104516268029413,1.17,CRITICAL
3,1,-0.0611065937909133,75.44,NORMAL
3,2,-0.0593454714704094,74.65,NORMAL
3,3,-0.0496714646508625,70.31,NORMAL
3,4,-0.0584348598330268,74.24,NORMAL
3,5,-0.0542811126698257,72.38,NORMAL
3,6,-0.0386150894688694,65.35,WARNING
3,7,-0.0865715893305036,86.86,NORMAL
3,8,-0.059256446610399,74.61,NORMAL
3,9,-0.0624211846750655,76.03,NORMAL
3,10,-0.0732373181625162,80.88,NORMAL
3,11,-0.0707534218350365,79.76,NORMAL
3,12,-0.0726485726218784,80.61,NORMAL
3,13,-0.0242706733184129,58.92,WARNING
3,14,-0.0742415031219394,81.33,NORMAL
3,15,-0.0520829917284271,71.39,NORMAL
3,16,-0.0274130155359228,60.33,WARNING
3,17,-0.0633834294527599,76.46,NORMAL
3,18,-0.0531585802819667,71.87,NORMAL
3,19,-0.0468577356095166,69.05,WARNING
3,20,-0.0438424790636148,67.7,WARNING
3,21,-0.0577225760369757,73.92,NORMAL
3,22,-0.0522811979137462,71.48,NORMAL
3,23,-0.0678896005612476,78.48,NORMAL
3,24,-0.0482574021250987,69.68,WARNING
3,25,-0.0213491155741158,57.61,WARNING
3,26,-0.0448433677886108,68.15,WARNING
3,27,-0.0865721633554202,86.86,NORMAL
3,28,-0.0728862478959289,80.72,NORMAL
3,29,-0.0268307618468115,60.07,WARNING
3,30,-0.0761121629462887,82.17,NORMAL
3,31,-0.0635891069945162,76.55,NORMAL
3,32,-0.0813678654020972,84.52,NORMAL
3,33,-0.0737610789205251,81.11,NORMAL
3,34,-0.0649362987191101,77.16,NORMAL
3,35,-0.0756978745595937,81.98,NORMAL
3,36,-0.0655727934194873,77.44,NORMAL
3,37,-0.0064812365497044,50.94,WARNING
3,38,-0.0694815434039822,79.19,NORMAL
3,39,-0.0534624935411703,72.01,NORMAL
3,40,-0.0473356319349684,69.26,WARNING
3,41,-0.0466295452625423,68.95,WARNING
3,42,0.025683526729352,36.52,CRITICAL
3,43,-0.0806042154809997,84.18,NORMAL
3,44,-0.0284608733100626,60.8,WARNING
3,45,-0.0258190918800014,59.62,WARNING
3,46,-0.0928654071657916,89.68,NORMAL
3,47,-0.0652381432433963,77.29,NORMAL
3,48,-0.0811083983524211,84.41,NORMAL
3,49,-0.083382896717937,85.43,NORMAL
3,50,-0.081067400778429,84.39,NORMAL
3,51,-0.0544517438328729,72.45,NORMAL
3,52,-0.0494747325839125,70.22,NORMAL
3,53,-0.067047470535272,78.1,NORMAL
3,54,-0.0801288730173319,83.97,NORMAL
3,55,-0.0931217327241541,89.79,NORMAL
3,56,-0.0671807750756935,78.16,NORMAL
3,57,-0.0751907437108868,81.75,NORMAL
3,58,-0.0520928011936648,71.4,NORMAL
3,59,-0.0422352175490103,66.98,WARNING
3,60,-0.0766804709678385,82.42,NORMAL
3,61,-0.0822044502521266,84.9,NORMAL
3,62,-0.1044489914742359,94.87,NORMAL
3,63,-0.0641662127367443,76.81,NORMAL
3,64,-0.0977504512255303,91.87,NORMAL
3,65,-0.0393141304385045,65.67,WARNING
3,66,-0.0775655849104857,82.82,NORMAL
3,67,-0.0555536193465975,72.95,NORMAL
3,68,-0.0673471033002749,78.24,NORMAL
3,69,-0.0446613356167683,68.06,WARNING
3,70,-0.0652045136910385,77.28,NORMAL
3,71,-0.0749818385545433,81.66,NORMAL
3,72,-0.0597667399288148,74.84,NORMAL
3,73,0.0055132404790565,45.57,WARNING
3,74,-0.0930922766093583,89.78,NORMAL
3,75,-0.0813803122333461,84.53,NORMAL
3,76,-0.0872516111359298,87.16,NORMAL
3,77,-0.0797131792045352,83.78,NORMAL
3,78,-0.0470803505693127,69.15,WARNING
3,79,-0.0650512592065171,77.21,NORMAL
3,80,-0.056347576359368,73.3,NORMAL
3,81,-0.0732015210635705,80.86,NORMAL
3,82,-0.0837079501087324,85.57,NORMAL
3,83,-0.0679517275714175,78.51,NORMAL
3,84,-0.0762988866326758,82.25,NORMAL
3,85,-0.0574461166363873,73.8,NORMAL
3,86,-0.0931183102435796,89.79,NORMAL
3,87,-0.0945453573569408,90.43,NORMAL
3,88,-0.0819490590337693,84.78,NORMAL
3,89,-0.0710198349534244,79.88,NORMAL
3,90,-0.0686418472082613,78.82,NORMAL
3,91,-0.0557526390762742,73.04,NORMAL
3,92,-0.0445345355402498,68.01,WARNING
3,93,-0.0562342083546499,73.25,NORMAL
3,94,0.0104333175346731,43.36,WARNING
3,95,-0.0961667116542153,91.16,NORMAL
3,96,-0.0885481334204388,87.74,NORMAL
3,97,-0.0681395771717413,78.59,NORMAL
3,98,-0.1027154938742079,94.1,NORMAL
3,99,-0.1046352841794449,94.96,NORMAL
3,100,-0.0314634375100216,62.15,WARNING
3,101,-0.080851842370082,84.29,NORMAL
3,102,-0.0855042757423867,86.38,NORMAL
3,103,-0.0617475587924923,75.73,NORMAL
3,104,-0.0812508456024517,84.47,NORMAL
3,105,-0.0791323213897949,83.52,NORMAL
3,106,-0.0959522334387951,91.06,NORMAL
3,107,-0.1059059524665052,95.53,NORMAL
3,108,-0.0966159422981918,91.36,NORMAL
3,109,-0.0151937763783818,54.85,WARNING
3,110,-0.0959568049333925,91.07,NORMAL
3,111,-0.0614400290869717,75.59,NORMAL
3,112,-0.0962101053067177,91.18,NORMAL
3,113,-0.0962980685363558,91.22,NORMAL
3,114,-0.0643900544071578,76.91,NORMAL
3,115,-0.09562230310074,90.92,NORMAL
3,116,-0.0962816467942613,91.21,NORMAL
3,117,-0.0808061054315266,84.27,NORMAL
3,118,-0.0906856130172859,88.7,NORMAL
3,119,-0.0842618021402952,85.82,NORMAL
3,120,-0.0637539542664689,76.63,NORMAL
3,121,-0.0490229766373481,70.02,NORMAL
3,122,-0.0759008936031945,82.07,NORMAL
3,123,-0.0634192285266281,76.48,NORMAL
3,124,-0.0461390625545825,68.73,WARNING
3,125,-0.074059458629494,81.25,NORMAL
3,126,-0.0633686385889579,76.45,NORMAL
3,127,-0.0637407812084477,76.62,NORMAL
3,128,-0.0705495561955122,79.67,NORMAL
3,129,-0.0346749774166563,63.59,WARNING
3,130,-0.0885848016413861,87.76,NORMAL
3,131,-0.0658630420036229,77.57,NORMAL
3,132,-0.072640372531086,80.61,NORMAL
3,133,-0.0742045193516486,81.31,NORMAL
3,134,-0.0539804844442802,72.24,NORMAL
3,135,-0.0900016463770274,88.4,NORMAL
3,136,-0.0788637358041561,83.4,NORMAL
3,137,-0.0293753091861335,61.21,WARNING
3,138,-0.0575559939960438,73.85,NORMAL
3,139,-0.0432300493305689,67.42,WARNING
3,140,-0.056934289038204,73.57,NORMAL
3,141,-0.0477226132414378,69.44,WARNING
3,142,-0.0404276848775169,66.17,WARNING
3,143,-0.0465087880519504,68.89,WARNING
3,144,-0.0308256295900893,61.86,WARNING
3,145,-0.050873004969499,70.85,NORMAL
3,146,-0.0256703444567722,59.55,WARNING
3,147,-0.0275394911201286,60.39,WARNING
3,148,-0.0404317017924624,66.17,WARNING
3,149,-0.0627647792124873,76.18,NORMAL
3,150,-0.0339861672445466,63.28,WARNING
3,151,-0.0454234646420263,68.41,WARNING
3,152,-0.0018738903678656,48.88,WARNING
3,153,-0.024048517975153,58.82,WARNING
3,154,-0.0170293148695276,55.67,WARNING
3,155,-0.0312456992597105,62.05,WARNING
3,156,-0.0131072951815829,53.91,WARNING
3,157,-0.0014406999457557,48.68,WARNING
3,158,-0.016103878109921,55.26,WARNING
3,159,-0.0198635073004537,56.94,WARNING
3,160,-0.0168600119712363,55.6,WARNING
3,161,-0.0017769668822437,48.83,WARNING
3,162,0.0096556954920533,43.71,WARNING
3,163,-0.0168577261121056,55.6,WARNING
3,164,0.0159199328628956,40.9,WARNING
3,165,0.0212220253977541,38.52,CRITICAL
3,166,0.0200746761467011,39.04,CRITICAL
3,167,0.0498431315675977,25.69,CRITICAL
3,168,0.0296281046240092,34.75,CRITICAL
3,169,0.0258302525381634,36.45,CRITICAL
3,170,0.0634960185256739,19.56,CRITICAL
3,171,0.0450581427305677,27.83,CRITICAL
3,172,0.0788542196456864,12.68,CRITICAL
3,173,0.0561962498232958,22.84,CRITICAL
3,174,0.0945924446849224,5.62,CRITICAL
3,175,0.1156696245575561,0.0,CRITICAL
3,176,0.0960151953869483,4.98,CRITICAL
3,177,0.1277800967581005,0.0,CRITICAL
3,178,0.1270353777607092,0.0,CRITICAL
3,179,0.1173764984878382,0.0,CRITICAL
4,1,-0.0781611620749824,83.09,NORMAL
4,2,-0.0492535507528158,70.12,NORMAL
4,3,-0.0854401467807341,86.35,NORMAL
4,4,-0.0856221975186902,86.43,NORMAL
4,5,-0.0866524467918939,86.89,NORMAL
4,6,-0.0812173368154984,84.46,NORMAL
4,7,-0.1028705447783676,94.17,NORMAL
4,8,-0.0886369020979436,87.78,NORMAL
4,9,-0.0390067988884951,65.53,WARNING
4,10,-0.0984974814502333,92.21,NORMAL
4,11,-0.0402670910796375,66.09,WARNING
4,12,-0.1012964039458829,93.46,NORMAL
4,13,-0.0775870348657367,82.83,NORMAL
4,14,-0.0899828535757265,88.39,NORMAL
4,15,-0.0899196951865271,88.36,NORMAL
4,16,-0.073377060890202,80.94,NORMAL
4,17,-0.0810748156742173,84.39,NORMAL
4,18,-0.1031713536997789,94.3,NORMAL
4,19,-0.0642398170214484,76.84,NORMAL
4,20,-0.0842666684047188,85.82,NORMAL
4,21,-0.0990161412655409,92.44,NORMAL
4,22,-0.022278458612039,58.03,WARNING
4,23,-0.0501117495917847,70.51,NORMAL
4,24,-0.0658470053351033,77.56,NORMAL
4,25,-0.0536138663029864,72.08,NORMAL
4,26,-0.0983876687965804,92.16,NORMAL
4,27,-0.0895970393909671,88.21,NORMAL
4,28,-0.0683550308058631,78.69,NORMAL
4,29,-0.1112616562346215,97.93,NORMAL
4,30,-0.0937564092873818,90.08,NORMAL
4,31,-0.0928888561941075,89.69,NORMAL
4,32,-0.0918696060664135,89.23,NORMAL
4,33,-0.0882260737645113,87.6,NORMAL
4,34,-0.1003804388656255,93.05,NORMAL
4,35,-0.1077659273308465,96.36,NORMAL
4,36,-0.0994736039573909,92.64,NORMAL
4,37,-0.0741881130325577,81.3,NORMAL
4,38,-0.0885598066881666,87.75,NORMAL
4,39,-0.0998517768671925,92.81,NORMAL
4,40,-0.0576276390152982,73.88,NORMAL
4,41,-0.0677858375339084,78.43,NORMAL
4,42,-0.063546795988804,76.53,NORMAL
4,43,-0.1013578817061033,93.49,NORMAL
4,44,-0.0472414222279415,69.22,WARNING
4,45,-0.1092131264043843,97.01,NORMAL
4,46,-0.0255080051764037,59.48,WARNING
4,47,-0.0794894553125014,83.68,NORMAL
4,48,-0.070854524465978,79.81,NORMAL
4,49,-0.0969979708262493,91.53,NORMAL
4,50,-0.0574766681480199,73.81,NORMAL
4,51,-0.0779589380973806,83.0,NORMAL
4,52,-0.0988715564308348,92.37,NORMAL
4,53,-0.0783319958969905,83.16,NORMAL
4,54,-0.1089390274732447,96.89,NORMAL
4,55,-0.1008289392905499,93.25,NORMAL
4,56,-0.0586498471666434,74.34,NORMAL
4,57,-0.0982915933155402,92.11,NORMAL
4,58,-0.1147249352646613,99.48,NORMAL
4,59,-0.039372126164363,65.69,WARNING
4,60,-0.0727692546171405,80.67,NORMAL
4,61,-0.1106372511091233,97.65,NORMAL
4,62,-0.0845733218658133,85.96,NORMAL
4,63,-0.1081112925263074,96.52,NORMAL
4,64,-0.0956173284520366,90.91,NORMAL
4,65,-0.0662836160275697,77.76,NORMAL
4,66,-0.0943759936428573,90.36,NORMAL
4,67,-0.0692971120657637,79.11,NORMAL
4,68,-0.0627015850981171,76.15,NORMAL
4,69,-0.0961843177632107,91.17,NORMAL
4,70,-0.1092942567595376,97.05,NORMAL
4,71,-0.0966337174821426,91.37,NORMAL
4,72,-0.0996856490542995,92.74,NORMAL
4,73,-0.0771741116701483,82.64,NORMAL
4,74,-0.0931064762135484,89.79,NORMAL
4,75,-0.0940264296372132,90.2,NORMAL
4,76,-0.0734254576626093,80.96,NORMAL
4,77,-0.0780341093703578,83.03,NORMAL
4,78,-0.1089525697450368,96.89,NORMAL
4,79,-0.0836259966562257,85.54,NORMAL
4,80,-0.083750580112503,85.59,NORMAL
4,81,-0.1071765535078234,96.1,NORMAL
4,82,-0.0860990259738596,86.65,NORMAL
4,83,-0.0908172700642211,88.76,NORMAL
4,84,-0.0686362442783776,78.82,NORMAL
4,85,-0.0812008307545237,84.45,NORMAL
4,86,-0.112632047940957,98.54,NORMAL
4,87,-0.1037645776406375,94.57,NORMAL
4,88,-0.0643150098444588,76.88,NORMAL
4,89,-0.0714282321843216,80.07,NORMAL
4,90,-0.088311561456311,87.64,NORMAL
4,91,-0.1006397749764463,93.17,NORMAL
4,92,-0.0949430083138374,90.61,NORMAL
4,93,-0.0600696504991397,74.97,NORMAL
4,94,-0.0780861322322847,83.05,NORMAL
4,95,-0.0693179464172388,79.12,NORMAL
4,96,-0.0896438873999259,88.24,NORMAL
4,97,-0.0871806643633932,87.13,NORMAL
4,98,-0.0968700197763146,91.48,NORMAL
4,99,-0.067147158854868,78.15,NORMAL
4,100,-0.1128968085074552,98.66,NORMAL
4,101,-0.1036514617916086,94.52,NORMAL
4,102,-0.1103135028442215,97.5,NORMAL
4,103,-0.0916738825412414,89.15,NORMAL
4,104,-0.071574975132676,80.13,NORMAL
4,105,-0.1142520622124425,99.27,NORMAL
4,106,-0.1041887467375659,94.76,NORMAL
4,107,-0.0993377147868813,92.58,NORMAL
4,108,-0.0895968252101981,88.21,NORMAL
4,109,-0.094635334447952,90.47,NORMAL
4,110,-0.0923680249141872,89.46,NORMAL
4,111,-0.0987332672107405,92.31,NORMAL
4,112,-0.0768274263239005,82.49,NORMAL
4,113,-0.0923777943089726,89.46,NORMAL
4,114,-0.0958660797402567,91.03,NORMAL
4,115,-0.089256976200412,88.06,NORMAL
4,116,-0.1098520559506597,97.3,NORMAL
4,117,-0.0740237398910413,81.23,NORMAL
4,118,-0.0896548082750035,88.24,NORMAL
4,119,-0.0984842572076196,92.2,NORMAL
4,120,-0.0931450364133613,89.81,NORMAL
4,121,-0.074207988866994,81.31,NORMAL
4,122,-0.1043458552014676,94.83,NORMAL
4,123,-0.1096337784871079,97.2,NORMAL
4,124,-0.095683649464023,90.94,NORMAL
4,125,-0.0699623929515966,79.41,NORMAL
4,126,-0.0983751907455896,92.15,NORMAL
4,127,-0.0877272170743427,87.38,NORMAL
4,128,-0.0603484232429987,75.1,NORMAL
4,129,-0.0983577584828726,92.14,NORMAL
4,130,-0.0956280642855109,90.92,NORMAL
4,131,-0.0737671949508919,81.12,NORMAL
4,132,-0.0782947016189391,83.15,NORMAL
4,133,-0.100626380908023,93.16,NORMAL
4,134,-0.0797832904324289,83.81,NORMAL
4,135,-0.0695672438093061,79.23,NORMAL
4,136,-0.0843308409638726,85.85,NORMAL
4,137,-0.0674106874101596,78.27,NORMAL
4,138,-0.0904747541607119,88.61,NORMAL
4,139,-0.0787495609989686,83.35,NORMAL
4,140,-0.0752284255533383,81.77,NORMAL
4,141,-0.0561504126711715,73.22,NORMAL
4,142,-0.0845854140911605,85.97,NORMAL
4,143,-0.0757709401196655,82.01,NORMAL
4,144,-0.0583853855366272,74.22,NORMAL
4,145,-0.0742602799227238,81.34,NORMAL
4,146,-0.0558058126776029,73.06,NORMAL
4,147,-0.0658205532806922,77.55,NORMAL
4,148,-0.0650759012921428,77.22,NORMAL
4,149,-0.0344661615015415,63.49,WARNING
4,150,-0.0294648144413841,61.25,WARNING
4,151,-0.0593554771008438,74.65,NORMAL
4,152,-0.0507557262289551,70.8,NORMAL
4,153,-0.0721602866944307,80.4,NORMAL
4,154,-0.0425285241935888,67.11,WARNING
4,155,-0.0601919675252625,75.03,NORMAL
4,156,-0.0670636079376078,78.11,NORMAL
4,157,-0.0459997714584078,68.66,WARNING
4,158,-0.0373256437929951,64.77,WARNING
4,159,-0.0225819051575824,58.16,WARNING
4,160,-0.02700612949333,60.15,WARNING
4,161,-0.022702724293602,58.22,WARNING
4,162,-0.000836377289393,48.41,WARNING
4,163,-0.0143186382401048,54.46,WARNING
4,164,-0.0182192277823982,56.21,WARNING
4,165,-0.0201602907529844,57.08,WARNING
4,166,-0.0111385290613286,53.03,WARNING
4,167,-0.0279347573950128,60.56,WARNING
4,168,-0.0125813094060124,53.68,WARNING
4,169,0.0052146614224373,45.7,WARNING
4,170,-0.0090211782455358,52.08,WARNING
4,171,-0.0072232311091231,51.28,WARNING
4,172,0.0016515002082232,47.3,WARNING
4,173,0.0048886927200212,45.85,WARNING
4,174,0.0183342518555239,39.82,CRITICAL
4,175,0.0224327604943619,37.98,CRITICAL
4,176,0.0224675838804621,37.96,CRITICAL
4,177,0.0272555936826391,35.82,CRITICAL
4,178,0.059279931956499,21.46,CRITICAL
4,179,0.0568238807555258,22.56,CRITICAL
4,180,0.0883907020175369,8.4,CRITICAL
4,181,0.0488175536250407,26.15,CRITICAL
4,182,0.0721174892556009,15.7,CRITICAL
4,183,0.1199392440503691,0.0,CRITICAL
4,184,0.0925578340049881,6.53,CRITICAL
4,185,0.1245841908045886,0.0,CRITICAL
4,186,0.0938463814695943,5.96,CRITICAL
4,187,0.1161216681734395,0.0,CRITICAL
4,188,0.1092125183916639,0.0,CRITICAL
4,189,0.1489713177443945,0.0,CRITICAL
5,1,-0.0404414142612376,66.17,WARNING
5,2,-0.0261879056208431,59.78,WARNING
5,3,-0.0080888324324279,51.66,WARNING
5,4,0.0091596994508884,43.93,WARNING
5,5,0.0042690216001777,46.12,WARNING
5,6,-0.0422727128119194,66.99,WARNING
5,7,0.0533541379532498,24.11,CRITICAL
5,8,-0.0244722916072566,59.01,WARNING
5,9,-0.0177711552800203,56.01,WARNING
5,10,0.0467305605837792,27.08,CRITICAL
5,11,-0.0240580219866164,58.83,WARNING
5,12,0.0224358502153699,37.98,CRITICAL
5,13,0.0047272467796353,45.92,WARNING
5,14,-0.0286318063466143,60.88,WARNING
5,15,-0.0383854113164472,65.25,WARNING
5,16,0.0376697031408361,31.15,CRITICAL
5,17,-0.0446831034621844,68.07,WARNING
5,18,-0.0154887868813241,54.98,WARNING
5,19,-0.0188700588620947,56.5,WARNING
5,20,-0.036523140442746,64.42,WARNING
5,21,0.0098958606230366,43.6,WARNING
5,22,-0.0487396375287519,69.89,WARNING
5,23,0.0815899573031296,11.45,CRITICAL
5,24,-0.0503861988899849,70.63,NORMAL
5,25,0.0012397395950525,47.48,WARNING
5,26,-0.0160531899812823,55.24,WARNING
5,27,0.033727998380166,32.91,CRITICAL
5,28,-0.0233907546482534,58.53,WARNING
5,29,0.0448202094062682,27.94,CRITICAL
5,30,0.0649865978239411,18.9,CRITICAL
5,31,-0.0298235040737874,61.41,WARNING
5,32,-0.0256100937229806,59.52,WARNING
5,33,-0.0523688833143042,71.52,NORMAL
5,34,0.0317959657126842,33.78,CRITICAL
5,35,-0.0226761461200072,58.21,WARNING
5,36,-0.0175012568121816,55.89,WARNING
5,37,-0.0291668514488068,61.12,WARNING
5,38,-0.0624278832353242,76.03,NORMAL
5,39,-0.0233465159587696,58.51,WARNING
5,40,-0.0465462240530518,68.91,WARNING
5,41,0.0021756119012272,47.06,WARNING
5,42,-0.0219518089315465,57.88,WARNING
5,43,-0.0107072376522368,52.84,WARNING
5,44,-0.0265714978875106,59.95,WARNING
5,45,0.011998309468257,42.66,WARNING
5,46,-0.0712372603305832,79.98,NORMAL
5,47,0.0315727367186816,33.88,CRITICAL
5,48,0.0003960746553689,47.86,WARNING
5,49,-0.0275928434746663,60.41,WARNING
5,50,-0.0300211469102196,61.5,WARNING
5,51,-0.011335295444292,53.12,WARNING
5,52,0.0163246724376984,40.72,WARNING
5,53,-0.0387976174961931,65.43,WARNING
5,54,-0.0340865280863746,63.32,WARNING
5,55,0.0010279386888402,47.58,WARNING
5,56,-0.0144701887798971,54.53,WARNING
5,57,-0.0381022925011654,65.12,WARNING
5,58,-0.059724320974284,74.82,NORMAL
5,59,0.034005580526614,32.79,CRITICAL
5,60,-0.0210015722795582,57.45,WARNING
5,61,-0.0463581480152546,68.83,WARNING
5,62,-0.0402985136811704,66.11,WARNING
5,63,-0.0390655114602147,65.56,WARNING
5,64,-0.0585890579354914,74.31,NORMAL
5,65,0.0076038193616052,44.63,WARNING
5,66,-0.0173637945664263,55.82,WARNING
5,67,0.0015372979200327,47.35,WARNING
5,68,0.0127489862655427,42.32,WARNING
5,69,-0.0202717118119473,57.13,WARNING
5,70,0.0212304279502165,38.52,CRITICAL
5,71,0.018932359331837,39.55,CRITICAL
5,72,-0.0139265109534281,54.28,WARNING
5,73,-0.0376448499716128,64.92,WARNING
5,74,-0.0066435215501255,51.02,WARNING
5,75,0.0014510216731357,47.39,WARNING
5,76,-0.0439721809389252,67.76,WARNING
5,77,-0.045886191985573,68.61,WARNING
5,78,-0.0072557894022533,51.29,WARNING
5,79,-0.0575933661107752,73.86,NORMAL
5,80,-0.0369464035734166,64.6,WARNING
5,81,-0.0397128803946019,65.85,WARNING
5,82,-0.0509651676349537,70.89,NORMAL
5,83,-0.0457486550610659,68.55,WARNING
5,84,-0.0794339180962925,83.66,NORMAL
5,85,-0.0394154495805407,65.71,WARNING
5,86,-0.0072651330481163,51.3,WARNING
5,87,0.0375330420542311,31.21,CRITICAL
5,88,-0.0396351665038127,65.81,WARNING
5,89,-0.033414740103574,63.02,WARNING
5,90,-0.0244169369206522,58.99,WARNING
5,91,-0.0329209135189687,62.8,WARNING
5,92,-0.0075001353202258,51.4,WARNING
5,93,-0.0300075431224649,61.49,WARNING
5,94,-0.0594419478771693,74.69,NORMAL
5,95,-0.050699481266123,70.77,NORMAL
5,96,-0.0727596401771308,80.66,NORMAL
5,97,-0.0193330891706003,56.71,WARNING
5,98,-0.036242737678443,64.29,WARNING
5,99,-0.0067662367574255,51.07,WARNING
5,100,0.0397442057406778,30.22,CRITICAL
5,101,-0.0530470330589212,71.82,NORMAL
5,102,-0.0329506545875673,62.81,WARNING
5,103,-0.0445939265175382,68.03,WARNING
5,104,-0.0578824840456369,73.99,NORMAL
5,105,-0.045467474639868,68.43,WARNING
5,106,-0.0329201160110624,62.8,WARNING
5,107,-0.0296331445480875,61.33,WARNING
5,108,-0.0514825838651581,71.12,NORMAL
5,109,-0.0409974934111487,66.42,WARNING
5,110,-0.0193338872147885,56.71,WARNING
5,111,-0.0538228255618817,72.17,NORMAL
5,112,-0.0450940649495076,68.26,WARNING
5,113,-0.0253463568518925,59.4,WARNING
5,114,-0.0411954158531954,66.51,WARNING
5,115,-0.0246079292789477,59.07,WARNING
5,116,-0.0236045368028454,58.62,WARNING
5,117,-0.0484561469265922,69.77,WARNING
5,118,-0.0411030561530944,66.47,WARNING
5,119,-0.0524458704328597,71.56,NORMAL
5,120,-0.0702427149013448,79.54,NORMAL
5,121,-0.0657271949132956,77.51,NORMAL
5,122,-0.0194722888156222,56.77,WARNING
5,123,0.0013318880242325,47.44,WARNING
5,124,-0.0607611668692556,75.28,NORMAL
5,125,-0.037231137561521,64.73,WARNING
5,126,-0.0653178450801418,77.33,NORMAL
5,127,-0.0513379987727983,71.06,NORMAL
5,128,-0.0760883787981026,82.16,NORMAL
5,129,-0.0107097182551609,52.84,WARNING
5,130,-0.0798502587739365,83.84,NORMAL
5,131,-0.0449898376316449,68.21,WARNING
5,132,-0.0544242103943538,72.44,NORMAL
5,133,-0.0484614527138163,69.77,WARNING
5,134,-0.030025752235102,61.5,WARNING
5,135,-0.077321446487134,82.71,NORMAL
5,136,-0.0161216664945124,55.27,WARNING
5,137,-0.0531758365826066,71.88,NORMAL
5,138,-0.0495574674193989,70.26,NORMAL
5,139,-0.0685724752907989,78.79,NORMAL
5,140,-0.0748402078779111,81.6,NORMAL
5,141,-0.0457484029752121,68.55,WARNING
5,142,-0.0651154270901258,77.24,NORMAL
5,143,-0.0339852611090955,63.28,WARNING
5,144,-0.0535867849048445,72.07,NORMAL
5,145,-0.0574917516276742,73.82,NORMAL
5,146,-0.0791158724931767,83.51,NORMAL
5,147,-0.0158103676339715,55.13,WARNING
5,148,-0.041140909965696,66.49,WARNING
5,149,-0.0848970333982515,86.11,NORMAL
5,150,-0.0830921252824659,85.3,NORMAL
5,151,-0.090496055958473,88.62,NORMAL
5,152,-0.0400243285995181,65.99,WARNING
5,153,-0.0700637433165944,79.46,NORMAL
5,154,-0.0409719221760547,66.41,WARNING
5,155,-0.063917877565592,76.7,NORMAL
5,156,-0.0698306806601516,79.35,NORMAL
5,157,-0.088038936311398,87.52,NORMAL
5,158,-0.0411968392214621,66.51,WARNING
5,159,-0.0667046480690747,77.95,NORMAL
5,160,-0.0611503171431735,75.46,NORMAL
5,161,-0.0451711507781893,68.29,WARNING
5,162,-0.0655147875452706,77.42,NORMAL
5,163,-0.0709339594670991,79.85,NORMAL
5,164,-0.08515158059874,86.22,NORMAL
5,165,-0.0720482401357492,80.35,NORMAL
5,166,-0.0669859436765897,78.08,NORMAL
5,167,-0.0697229138668823,79.3,NORMAL
5,168,-0.0664854844903615,77.85,NORMAL
5,169,-0.0642657000740892,76.86,NORMAL
5,170,-0.0390925766205832,65.57,WARNING
5,171,-0.0633916754408446,76.46,NORMAL
5,172,-0.0531154066296072,71.86,NORMAL
5,173,-0.0262626009306575,59.81,WARNING
5,174,-0.0646688341775009,77.04,NORMAL
5,175,-0.0729330143505839,80.74,NORMAL
5,176,-0.0814368572856492,84.56,NORMAL
5,177,-0.0564490843635594,73.35,NORMAL
5,178,-0.0723393770865173,80.48,NORMAL
5,179,-0.0930230914740111,89.75,NORMAL
5,180,-0.0355837915666853,63.99,WARNING
5,181,-0.0001595212576231,48.11,WARNING
5,182,-0.0787522260538088,83.35,NORMAL
5,183,-0.0717104935141981,80.19,NORMAL
5,184,-0.0638253771544046,76.66,NORMAL
5,185,-0.0559310304714955,73.12,NORMAL
5,186,-0.0655657792035954,77.44,NORMAL
5,187,-0.0729911042116726,80.77,NORMAL
5,188,-0.0796749750990296,83.77,NORMAL
5,189,-0.0429431912625092,67.29,WARNING
5,190,-0.0323683656976489,62.55,WARNING
5,191,-0.0461519306274571,68.73,WARNING
5,192,-0.0713510172293956,80.03,NORMAL
5,193,-0.0714187883403197,80.06,NORMAL
5,194,-0.0626006209963711,76.11,NORMAL
5,195,-0.0527599658706015,71.7,NORMAL
5,196,-0.0704089951084138,79.61,NORMAL
5,197,-0.079892875935005,83.86,NORMAL
5,198,-0.0691797767331005,79.06,NORMAL
5,199,-0.0463905307827292,68.84,WARNING
5,200,-0.050437811829585,70.65,NORMAL
5,201,-0.0637138362504146,76.61,NORMAL
5,202,-0.0739927401794384,81.22,NORMAL
5,203,-0.0587101816216009,74.36,NORMAL
5,204,-0.0575316949215142,73.84,NORMAL
5,205,-0.0511181995787375,70.96,NORMAL
5,206,-0.0809717146203441,84.35,NORMAL
5,207,-0.0645801144908512,77.0,NORMAL
5,208,-0.0484807234040684,69.78,WARNING
5,209,-0.0490403026913252,70.03,NORMAL
5,210,-0.0275723807124317,60.4,WARNING
5,211,-0.0663992544679376,77.81,NORMAL
5,212,-0.0493290167336071,70.16,NORMAL
5,213,-0.0544652498652677,72.46,NORMAL
5,214,-0.0433743286772291,67.49,WARNING
5,215,-0.0209599582107117,57.44,WARNING
5,216,-0.0343813283860043,63.45,WARNING
5,217,-0.0524428584087082,71.55,NORMAL
5,218,-0.0510934773334704,70.95,NORMAL
5,219,-0.0492301163540656,70.11,NORMAL
5,220,-0.0658911538981817,77.58,NORMAL
5,221,-0.0404345173332235,66.17,WARNING
5,222,-0.0510607982961008,70.93,NORMAL
5,223,-0.0226446337181638,58.19,WARNING
5,224,-0.022581109599325,58.16,WARNING
5,225,-0.0454645404231701,68.42,WARNING
5,226,-0.0568314310214035,73.52,NORMAL
5,227,-0.0398363985259317,65.9,WARNING
5,228,-0.0619083552576211,75.8,NORMAL
5,229,-0.0327375904976967,62.72,WARNING
5,230,-0.0327229946527338,62.71,WARNING
5,231,-0.0273625050792463,60.31,WARNING
5,232,-0.0226494813611325,58.19,WARNING
5,233,-0.0194802240172831,56.77,WARNING
5,234,-0.0245520841032805,59.05,WARNING
5,235,-0.0477730374249085,69.46,WARNING
5,236,-0.0423834201453083,67.04,WARNING
5,237,-0.0025940630764078,49.2,WARNING
5,238,-0.0185969272785113,56.38,WARNING
5,239,-0.0139748589109387,54.3,WARNING
5,240,-0.0105651998052165,52.78,WARNING
5,241,-0.0318737839962459,62.33,WARNING
5,242,0.0236062100469494,37.45,CRITICAL
5,243,-0.0055024022468778,50.5,WARNING
5,244,0.005630224278934,45.51,WARNING
5,245,-0.0246555063952322,59.09,WARNING
5,246,-0.0202523354647592,57.12,WARNING
5,247,-0.0064310665848577,50.92,WARNING
5,248,-0.0070122316475241,51.18,WARNING
5,249,0.0172530297952675,40.3,WARNING
5,250,0.0112968380764101,42.97,WARNING
5,251,0.0219773465018783,38.18,CRITICAL
5,252,0.0001511516693034,47.97,WARNING
5,253,0.042688922335866,28.9,CRITICAL
5,254,0.0732514165308471,15.19,CRITICAL
5,255,0.02722871809128,35.83,CRITICAL
5,256,0.0648582205877134,18.95,CRITICAL
5,257,0.0565644386528446,22.67,CRITICAL
5,258,0.0221195811669686,38.12,CRITICAL
5,259,0.1081812186380273,0.0,CRITICAL
5,260,0.0500169723559262,25.61,CRITICAL
5,261,0.0149895812328807,41.32,WARNING
5,262,0.0163107436972246,40.72,WARNING
5,263,0.0854109895780133,9.74,CRITICAL
5,264,0.1060277452769277,0.49,CRITICAL
5,265,0.083331653146553,10.67,CRITICAL
5,266,0.0750590499500917,14.38,CRITICAL
5,267,0.094829090050947,5.51,CRITICAL
5,268,0.0932906250592811,6.2,CRITICAL
5,269,0.0897597786532377,7.79,CRITICAL
6,1,-0.071085973742971,79.91,NORMAL
6,2,-0.0848082567087233,86.07,NORMAL
6,3,-0.0776432219078478,82.85,NORMAL
6,4,-0.0735210273143101,81.01,NORMAL
6,5,-0.0680240255233791,78.54,NORMAL
6,6,-0.054969007541393,72.69,NORMAL
6,7,-0.0756879773962221,81.98,NORMAL
6,8,-0.057930854751548,74.01,NORMAL
6,9,-0.0691187524776475,79.03,NORMAL
6,10,-0.0584365004439501,74.24,NORMAL
6,11,-0.0219972572202283,57.9,WARNING
6,12,-0.060629933234001,75.22,NORMAL
6,13,-0.0854535425963615,86.36,NORMAL
6,14,-0.0754946066547435,81.89,NORMAL
6,15,-0.0680530564032017,78.55,NORMAL
6,16,-0.0981098174146363,92.03,NORMAL
6,17,-0.0736372336427846,81.06,NORMAL
6,18,-0.0359781011755093,64.17,WARNING
6,19,-0.0882526202857352,87.61,NORMAL
6,20,-0.1003851637172086,93.05,NORMAL
6,21,-0.0714482945077027,80.08,NORMAL
6,22,-0.0841131037785011,85.76,NORMAL
6,23,-0.0642748426818862,76.86,NORMAL
6,24,-0.10077574027541,93.23,NORMAL
6,25,-0.0606882155527258,75.25,NORMAL
6,26,-0.0648837351347802,77.13,NORMAL
6,27,-0.0938848169303865,90.14,NORMAL
6,28,-0.1026842786362349,94.08,NORMAL
6,29,-0.0515717976937423,71.16,NORMAL
6,30,-0.0659491458764819,77.61,NORMAL
6,31,-0.0947769886074449,90.54,NORMAL
6,32,-0.0627435671699684,76.17,NORMAL
6,33,-0.0606661274438324,75.24,NORMAL
6,34,-0.0478351873199647,69.49,WARNING
6,35,-0.0532234437017722,71.9,NORMAL
6,36,-0.067748115503994,78.42,NORMAL
6,37,-0.0838599340963472,85.64,NORMAL
6,38,-0.1071761191485887,96.1,NORMAL
6,39,-0.0583129641866787,74.19,NORMAL
6,40,-0.0828142487656826,85.17,NORMAL
6,41,-0.0433868720758058,67.49,WARNING
6,42,-0.0674615452659714,78.29,NORMAL
6,43,-0.0513752599911385,71.07,NORMAL
6,44,-0.072094905599234,80.37,NORMAL
6,45,-0.085701181490369,86.47,NORMAL
6,46,-0.0525751383732038,71.61,NORMAL
6,47,-0.0679778561257197,78.52,NORMAL
6,48,-0.0816078040903862,84.63,NORMAL
6,49,-0.0683338574513946,78.68,NORMAL
6,50,-0.0942979440474879,90.32,NORMAL
6,51,-0.0888652553644288,87.89,NORMAL
6,52,-0.0902436977424146,88.5,NORMAL
6,53,-0.0796842554975981,83.77,NORMAL
6,54,-0.0773766011689373,82.73,NORMAL
6,55,-0.1010347419664113,93.34,NORMAL
6,56,-0.0661503904881136,77.7,NORMAL
6,57,-0.0841771595598899,85.78,NORMAL
6,58,-0.0469618663017744,69.1,WARNING
6,59,-0.0861476317706982,86.67,NORMAL
6,60,-0.0759995331095204,82.12,NORMAL
6,61,-0.0733212574194073,80.92,NORMAL
6,62,-0.0951164042420425,90.69,NORMAL
6,63,-0.0338308422353009,63.21,WARNING
6,64,-0.0863394603874798,86.75,NORMAL
6,65,-0.0830268165300698,85.27,NORMAL
6,66,-0.0748884709903734,81.62,NORMAL
6,67,-0.0600982789516468,74.99,NORMAL
6,68,-0.0852351718790404,86.26,NORMAL
6,69,-0.0784421750001168,83.21,NORMAL
6,70,-0.0579937834597754,74.04,NORMAL
6,71,-0.0611471646683213,75.46,NORMAL
6,72,-0.0870804731741577,87.09,NORMAL
6,73,-0.073816429050473,81.14,NORMAL
6,74,-0.0880518943814913,87.52,NORMAL
6,75,-0.0223441149680438,58.06,WARNING
6,76,-0.0590827207397661,74.53,NORMAL
6,77,-0.0338788865785461,63.23,WARNING
6,78,-0.0729484323818838,80.75,NORMAL
6,79,-0.0736912499094403,81.08,NORMAL
6,80,-0.1001567448007232,92.95,NORMAL
6,81,-0.0902958375450458,88.53,NORMAL
6,82,-0.08364446325646,85.55,NORMAL
6,83,-0.0891307934012712,88.01,NORMAL
6,84,-0.0584088385022378,74.23,NORMAL
6,85,-0.0552671191178257,72.82,NORMAL
6,86,-0.0694732068207026,79.19,NORMAL
6,87,-0.0426850045126889,67.18,WARNING
6,88,-0.0484434584439893,69.76,WARNING
6,89,-0.0573236683787085,73.74,NORMAL
6,90,-0.0913527537349779,89.0,NORMAL
6,91,-0.0720549891756146,80.35,NORMAL
6,92,-0.0591090709701085,74.54,NORMAL
6,93,-0.0618644013741813,75.78,NORMAL
6,94,-0.0644726239136687,76.95,NORMAL
6,95,-0.0932369777012932,89.85,NORMAL
6,96,-0.0502116522553905,70.55,NORMAL
6,97,-0.0667900735205411,77.99,NORMAL
6,98,-0.0402813618172977,66.1,WARNING
6,99,-0.0500132594733092,70.46,NORMAL
6,100,-0.074492324214311,81.44,NORMAL
6,101,-0.0460738548140601,68.7,WARNING
6,102,-0.0493458003046225,70.16,NORMAL
6,103,-0.0629410853348134,76.26,NORMAL
6,104,-0.0695284397600652,79.22,NORMAL
6,105,-0.0361746916382244,64.26,WARNING
6,106,-0.0587481894825634,74.38,NORMAL
6,107,-0.0739715421992315,81.21,NORMAL
6,108,-0.0681053886801218,78.58,NORMAL
6,109,-0.0958928749550778,91.04,NORMAL
6,110,-0.0647472203855838,77.07,NORMAL
6,111,-0.0708325939737539,79.8,NORMAL
6,112,-0.0371656418747729,64.7,WARNING
6,113,-0.0569751773782941,73.59,NORMAL
6,114,-0.047044877126437,69.13,WARNING
6,115,-0.0484902404751287,69.78,WARNING
6,116,-0.0731727972742851,80.85,NORMAL
6,117,-0.021603832002786,57.72,WARNING
6,118,-0.0297283493123887,61.37,WARNING
6,119,-0.0174414228103341,55.86,WARNING
6,120,-0.0424305727455668,67.06,WARNING
6,121,-0.0692898982596416,79.11,NORMAL
6,122,-0.0628152367985616,76.2,NORMAL
6,123,-0.0631026587797533,76.33,NORMAL
6,124,-0.0373834498296578,64.8,WARNING
6,125,-0.0339464291888788,63.26,WARNING
6,126,0.0010419977829924,47.57,WARNING
6,127,-0.026814497382568,60.06,WARNING
6,128,-0.0306204122540865,61.77,WARNING
6,129,-0.0306149272888716,61.77,WARNING
6,130,-0.0342209805153302,63.38,WARNING
6,131,-0.0540921762567455,72.29,NORMAL
6,132,-0.0525995857457196,71.62,NORMAL
6,133,-0.0492779724644973,70.13,NORMAL
6,134,-0.0171450101729154,55.73,WARNING
6,135,-0.067810979500535,78.45,NORMAL
6,136,-0.0482302490986101,69.66,WARNING
6,137,-0.0481826940148689,69.64,WARNING
6,138,-0.0319824736358931,62.38,WARNING
6,139,-0.0288583896783382,60.98,WARNING
6,140,-0.0339064643542379,63.24,WARNING
6,141,-0.0337079483952731,63.15,WARNING
6,142,-0.0031412923418768,49.45,WARNING
6,143,-0.0500275981656003,70.47,NORMAL
6,144,-0.0028916602579931,49.33,WARNING
6,145,-0.0362604628305163,64.3,WARNING
6,146,-0.0129801048099161,53.86,WARNING
6,147,-0.000237358101411,48.14,WARNING
6,148,0.031493295799566,33.92,CRITICAL
6,149,-0.0070458690679669,51.2,WARNING
6,150,-0.0085543036211128,51.87,WARNING
6,151,-0.0241744126306407,58.88,WARNING
6,152,-0.019852603575356,56.94,WARNING
6,153,0.0086257358570328,44.17,WARNING
6,154,-0.0192480915322225,56.67,WARNING
6,155,0.0305559964173717,34.34,CRITICAL
6,156,0.0077531334947456,44.56,WARNING
6,157,0.007954496303427,44.47,WARNING
6,158,0.0078803064851463,44.5,WARNING
6,159,-0.0200826494065806,57.04,WARNING
6,160,0.0152137229821669,41.22,WARNING
6,161,0.0133553416811065,42.05,WARNING
6,162,0.0046843359038708,45.94,WARNING
6,163,0.0236949182232382,37.41,CRITICAL
6,164,0.0124996727209685,42.43,WARNING
6,165,0.0672890991152056,17.86,CRITICAL
6,166,0.0615593641837435,20.43,CRITICAL
6,167,0.0318888628569851,33.74,CRITICAL
6,168,0.0463567825269738,27.25,CRITICAL
6,169,0.0210963033485113,38.58,CRITICAL
6,170,0.0650990612721658,18.85,CRITICAL
6,171,0.0476890874309197,26.65,CRITICAL
6,172,0.064305120235298,19.2,CRITICAL
6,173,0.0321416597999243,33.62,CRITICAL
6,174,0.017045407506752,40.39,WARNING
6,175,0.0713594555315596,16.04,CRITICAL
6,176,0.0494545275382474,25.86,CRITICAL
6,177,0.0601498371226738,21.07,CRITICAL
6,178,0.0942010777232983,5.8,CRITICAL
6,179,0.1039537140388559,1.42,CRITICAL
6,180,0.0731112037237909,15.25,CRITICAL
6,181,0.0722130475919774,15.66,CRITICAL
6,182,0.1013545212078081,2.59,CRITICAL
6,183,0.1103955563357057,0.0,CRITICAL
6,184,0.0949122464340753,5.48,CRITICAL
6,185,0.0859954771000373,9.48,CRITICAL
6,186,0.1440391738655182,0.0,CRITICAL
6,187,0.1003213704993311,3.05,CRITICAL
6,188,0.1400415558599329,0.0,CRITICAL
7,1,-0.028749780009328,60.93,WARNING
7,2,-0.0467699924438834,69.01,WARNING
7,3,-0.0362465386401775,64.29,WARNING
7,4,-0.066761542898467,77.97,NORMAL
7,5,-0.0833233554935964,85.4,NORMAL
7,6,-0.0656368938426255,77.47,NORMAL
7,7,-0.0178202083381637,56.03,WARNING
7,8,-0.0724542564085908,80.53,NORMAL
7,9,-0.0574083976687287,73.78,NORMAL
7,10,-0.0521531922452105,71.42,NORMAL
7,11,-0.044870916746405,68.16,WARNING
7,12,-0.0389554708987022,65.51,WARNING
7,13,-0.0298766348889512,61.43,WARNING
7,14,-0.0176492829806488,55.95,WARNING
7,15,-0.0470125978409325,69.12,WARNING
7,16,-0.0366786796575263,64.48,WARNING
7,17,-0.0303198921501395,61.63,WARNING
7,18,-0.0529601256376122,71.79,NORMAL
7,19,-0.0849563604916263,86.13,NORMAL
7,20,-0.0557217902469794,73.02,NORMAL
7,21,-0.0532592564965979,71.92,NORMAL
7,22,0.0057046951571246,45.48,WARNING
7,23,-0.0320867612592842,62.43,WARNING
7,24,-0.0325079773551064,62.61,WARNING
7,25,-0.0372462739367951,64.74,WARNING
7,26,0.0371785575871309,31.37,CRITICAL
7,27,-0.062267231127384,75.96,NORMAL
7,28,-0.0872518738495429,87.16,NORMAL
7,29,-0.0219058905097264,57.86,WARNING
7,30,0.0203498681309461,38.91,CRITICAL
7,31,-0.0616449886375145,75.68,NORMAL
7,32,-0.019932639162545,56.98,WARNING
7,33,-0.046351986797157,68.82,WARNING
7,34,-0.0561443573797753,73.21,NORMAL
7,35,-0.0201519891848491,57.07,WARNING
7,36,-0.0356698080761465,64.03,WARNING
7,37,-0.0197482023219816,56.89,WARNING
7,38,-0.0327827855317781,62.74,WARNING
7,39,-0.0323589960876913,62.55,WARNING
7,40,-0.015150047299358,54.83,WARNING
7,41,-0.0523521212560727,71.51,NORMAL
7,42,-0.0375331765698242,64.87,WARNING
7,43,-0.0190698156252003,56.59,WARNING
7,44,-0.0554203285564703,72.89,NORMAL
7,45,-0.0595083627733049,74.72,NORMAL
7,46,-0.0388714130744473,65.47,WARNING
7,47,-0.0613060514179791,75.53,NORMAL
7,48,-0.075472888493919,81.88,NORMAL
7,49,-0.05378209675314,72.15,NORMAL
7,50,-0.0570388356061427,73.61,NORMAL
7,51,-0.0692795988609661,79.1,NORMAL
7,52,0.0390444139605987,30.53,CRITICAL
7,53,-0.0748083422406798,81.58,NORMAL
7,54,-0.0609496508732092,75.37,NORMAL
7,55,-0.0529215122942478,71.77,NORMAL
7,56,-0.0639384174819424,76.71,NORMAL
7,57,-0.048374339966512,69.73,WARNING
7,58,0.0470908650001834,26.92,CRITICAL
7,59,-0.0194977880089782,56.78,WARNING
7,60,-0.0084386817663206,51.82,WARNING
7,61,-0.0599450447655462,74.92,NORMAL
7,62,-0.0169655153949319,55.65,WARNING
7,63,0.0347047685154998,32.48,CRITICAL
7,64,-0.084831535597535,86.08,NORMAL
7,65,-0.011078897671873,53.01,WARNING
7,66,-0.0430379084824451,67.34,WARNING
7,67,-0.0735255425799233,81.01,NORMAL
7,68,-0.0255521102116906,59.5,WARNING
7,69,-0.0123192102587728,53.56,WARNING
7,70,-0.0327072347746364,62.7,WARNING
7,71,0.003172366315045,46.61,WARNING
7,72,-0.0224712665874249,58.11,WARNING
7,73,-0.0596542941476525,74.79,NORMAL
7,74,-0.0683585051804158,78.69,NORMAL
7,75,-0.0647370349091105,77.07,NORMAL
7,76,-0.0506580488988157,70.75,NORMAL
7,77,-0.0584104431332955,74.23,NORMAL
7,78,-0.0837683666245376,85.6,NORMAL
7,79,-0.0929368656205715,89.71,NORMAL
7,80,-0.0884976662447348,87.72,NORMAL
7,81,-0.0335980815435161,63.1,WARNING
7,82,-0.0549217912112954,72.67,NORMAL
7,83,-0.0553623211309647,72.86,NORMAL
7,84,-0.0719423697747264,80.3,NORMAL
7,85,-0.0588465239837795,74.43,NORMAL
7,86,0.0335846869252781,32.98,CRITICAL
7,87,-0.0491026554249409,70.06,NORMAL
7,88,-0.0722395588216213,80.43,NORMAL
7,89,-0.0616979823877009,75.7,NORMAL
7,90,-0.0556500058617107,72.99,NORMAL
7,91,-0.0294811410662388,61.26,WARNING
7,92,-0.0659480239421931,77.61,NORMAL
7,93,-0.1035210008195245,94.46,NORMAL
7,94,-0.0585707115551955,74.3,NORMAL
7,95,-0.0615380040613094,75.63,NORMAL
7,96,-0.0361475385886281,64.25,WARNING
7,97,-0.0782719152030299,83.14,NORMAL
7,98,-0.0653214151177716,77.33,NORMAL
7,99,-0.0734029865106668,80.95,NORMAL
7,100,-0.0607028396487854,75.26,NORMAL
7,101,-0.063136489900585,76.35,NORMAL
7,102,-0.0556218096540536,72.98,NORMAL
7,103,-0.0648507186231342,77.12,NORMAL
7,104,-0.0684121275413611,78.71,NORMAL
7,105,-0.0550490391930851,72.72,NORMAL
7,106,-0.0290491216199554,61.06,WARNING
7,107,-0.0758281765637303,82.04,NORMAL
7,108,-0.0156653817185953,55.06,WARNING
7,109,-0.0290193885232489,61.05,WARNING
7,110,-0.0286269619450316,60.87,WARNING
7,111,-0.0240302270470735,58.81,WARNING
7,112,-0.040732391759395,66.3,WARNING
7,113,-0.0597448352396696,74.83,NORMAL
7,114,-0.073230059252641,80.88,NORMAL
7,115,-0.0600933169490202,74.98,NORMAL
7,116,-0.0838798150793634,85.65,NORMAL
7,117,-0.0708566932281586,79.81,NORMAL
7,118,-0.0399709384948878,65.96,WARNING
7,119,-0.0446537135349765,68.06,WARNING
7,120,-0.0561686159334321,73.22,NORMAL
7,121,-0.045571826905047,68.47,WARNING
7,122,-0.0734529741259086,80.97,NORMAL
7,123,-0.0964007196402905,91.27,NORMAL
7,124,-0.0940634982851413,90.22,NORMAL
7,125,-0.0586357397210142,74.33,NORMAL
7,126,-0.0420709086220419,66.9,WARNING
7,127,-0.0988210306215467,92.35,NORMAL
7,128,-0.0863090261444073,86.74,NORMAL
7,129,-0.07301715289151,80.78,NORMAL
7,130,-0.0594045143912204,74.68,NORMAL
7,131,-0.0746230437319181,81.5,NORMAL
7,132,-0.0732496328405472,80.88,NORMAL
7,133,-0.0825059285282761,85.03,NORMAL
7,134,-0.0798001773287283,83.82,NORMAL
7,135,-0.0659323038168713,77.6,NORMAL
7,136,-0.0828057737168169,85.17,NORMAL
7,137,-0.0819604023678176,84.79,NORMAL
7,138,-0.0970281161757405,91.55,NORMAL
7,139,-0.0589482283500608,74.47,NORMAL
7,140,-0.057555805951599,73.85,NORMAL
7,141,-0.0790964258979687,83.51,NORMAL
7,142,-0.0690773473290396,79.01,NORMAL
7,143,-0.0943305316326753,90.34,NORMAL
7,144,-0.1004817147952667,93.1,NORMAL
7,145,-0.0617333464482103,75.72,NORMAL
7,146,-0.1027891821955556,94.13,NORMAL
7,147,-0.103794915203796,94.58,NORMAL
7,148,-0.0799159975368353,83.87,NORMAL
7,149,-0.1121503854450849,98.33,NORMAL
7,150,-0.0934515670276984,89.94,NORMAL
7,151,-0.0945108087465185,90.42,NORMAL
7,152,-0.0665343557284853,77.87,NORMAL
7,153,-0.0903974833307817,88.57,NORMAL
7,154,-0.0760625152515268,82.15,NORMAL
7,155,-0.0908687172104068,88.78,NORMAL
7,156,-0.0841331375430275,85.76,NORMAL
7,157,-0.0752736155685804,81.79,NORMAL
7,158,-0.1059272222724337,95.54,NORMAL
7,159,-0.107524360683149,96.25,NORMAL
7,160,-0.0937745819746973,90.09,NORMAL
7,161,-0.0918832474007556,89.24,NORMAL
7,162,-0.0677456860758708,78.42,NORMAL
7,163,-0.0982983106495135,92.12,NORMAL
7,164,-0.0533990208920366,71.98,NORMAL
7,165,-0.0862727761035495,86.72,NORMAL
7,166,-0.080155622654646,83.98,NORMAL
7,167,-0.0709427921097345,79.85,NORMAL
7,168,-0.1080604803335554,96.49,NORMAL
7,169,-0.0211723436587492,57.53,WARNING
7,170,-0.101077090226378,93.36,NORMAL
7,171,-0.0936179573458063,90.02,NORMAL
7,172,-0.0903865883486527,88.57,NORMAL
7,173,-0.0777419802271849,82.9,NORMAL
7,174,-0.0617299102834151,75.72,NORMAL
7,175,-0.0730243372499087,80.78,NORMAL
7,176,-0.0656159847574761,77.46,NORMAL
7,177,-0.1034079124519021,94.41,NORMAL
7,178,-0.0592945591583108,74.63,NORMAL
7,179,-0.0696247724864422,79.26,NORMAL
7,180,-0.0756189499753335,81.95,NORMAL
7,181,-0.1077406539709668,96.35,NORMAL
7,182,-0.1008634134149336,93.27,NORMAL
7,183,-0.0957706131532716,90.98,NORMAL
7,184,-0.0817387901369882,84.69,NORMAL
7,185,-0.0999421606855419,92.85,NORMAL
7,186,-0.1020882577891572,93.82,NORMAL
7,187,-0.0914139731594816,89.03,NORMAL
7,188,-0.1084667771511879,96.68,NORMAL
7,189,-0.06255010784059,76.09,NORMAL
7,190,-0.0941524022804796,90.26,NORMAL
7,191,-0.0674661811471475,78.29,NORMAL
7,192,-0.0974620210402262,91.74,NORMAL
7,193,-0.0688827153604231,78.93,NORMAL
7,194,-0.0872419228405698,87.16,NORMAL
7,195,-0.0792997293417859,83.6,NORMAL
7,196,-0.0863316947691846,86.75,NORMAL
7,197,-0.0896853170182414,88.25,NORMAL
7,198,-0.0901888764057353,88.48,NORMAL
7,199,-0.0864311332668915,86.79,NORMAL
7,200,-0.0740241504066887,81.23,NORMAL
7,201,-0.0600776954719294,74.98,NORMAL
7,202,-0.0485230698234435,69.8,WARNING
7,203,-0.079705925869109,83.78,NORMAL
7,204,-0.0663728582873052,77.8,NORMAL
7,205,-0.1023394727813247,93.93,NORMAL
7,206,-0.0701936562582081,79.51,NORMAL
7,207,-0.0753569461070586,81.83,NORMAL
7,208,-0.0989609445835346,92.41,NORMAL
7,209,-0.0507668437115386,70.8,NORMAL
7,210,-0.085461008020195,86.36,NORMAL
7,211,-0.065587148985917,77.45,NORMAL
7,212,-0.0823812097216471,84.98,NORMAL
7,213,-0.0624079559534556,76.02,NORMAL
7,214,-0.0808530520936746,84.29,NORMAL
7,215,-0.0665808228955954,77.89,NORMAL
7,216,-0.0445980412846724,68.04,WARNING
7,217,-0.0362550149155115,64.29,WARNING
7,218,-0.0438680552961485,67.71,WARNING
7,219,-0.0828470758129226,85.19,NORMAL
7,220,-0.0720388702154616,80.34,NORMAL
7,221,-0.0461826688394884,68.75,WARNING
7,222,-0.0414511294493628,66.62,WARNING
7,223,-0.0457225338729441,68.54,WARNING
7,224,-0.0182244514754244,56.21,WARNING
7,225,-0.0356868240739266,64.04,WARNING
7,226,-0.0699201847758211,79.39,NORMAL
7,227,-0.0507210116724124,70.78,NORMAL
7,228,-0.0404983939457814,66.2,WARNING
7,229,-0.0394175374954778,65.71,WARNING
7,230,-0.0314454956573843,62.14,WARNING
7,231,-0.0389093411001808,65.49,WARNING
7,232,-0.0362288389500564,64.28,WARNING
7,233,-0.004552086185222,50.08,WARNING
7,234,-0.0233853913051098,58.52,WARNING
7,235,-0.0648394064984987,77.11,NORMAL
7,236,-0.0665207011905972,77.87,NORMAL
7,237,0.0052716879928701,45.67,WARNING
7,238,-0.0265527791496428,59.94,WARNING
7,239,-0.0169490398233095,55.64,WARNING
7,240,-0.0012632549694864,48.6,WARNING
7,241,0.0103864027820781,43.38,WARNING
7,242,-0.0070651486208317,51.21,WARNING
7,243,0.0321970262827543,33.6,CRITICAL
7,244,0.0061284046835632,45.29,WARNING
7,245,-0.0004054674318842,48.22,WARNING
7,246,-0.0007924502905605,48.39,WARNING
7,247,-0.0035190348382284,49.62,WARNING
7,248,0.0635373906404613,19.55,CRITICAL
7,249,-0.0006360146360754,48.32,WARNING
7,250,0.0417222551464779,29.33,CRITICAL
7,251,0.0134616420052936,42.0,WARNING
7,252,0.0666768985263086,18.14,CRITICAL
7,253,0.0320868064331956,33.65,CRITICAL
7,254,0.075179761409848,14.33,CRITICAL
7,255,0.0563958136982035,22.75,CRITICAL
7,256,-0.000786274484089,48.39,WARNING
7,257,0.0886316514658643,8.29,CRITICAL
7,258,0.0464322329587646,27.22,CRITICAL
7,259,0.0678802154396759,17.6,CRITICAL
8,1,-0.062057310492928,75.86,NORMAL
8,2,-0.075453954511164,81.87,NORMAL
8,3,-0.1019303747219717,93.74,NORMAL
8,4,-0.069177898598801,79.06,NORMAL
8,5,-0.0502022811864601,70.55,NORMAL
8,6,-0.0634500903588169,76.49,NORMAL
8,7,-0.0705531063759347,79.67,NORMAL
8,8,-0.0619074715886632,75.8,NORMAL
8,9,-0.0733508616428227,80.93,NORMAL
8,10,-0.0677686993584532,78.43,NORMAL
8,11,-0.0445156030481447,68.0,WARNING
8,12,-0.0802482115272795,84.02,NORMAL
8,13,-0.0719443838384386,80.3,NORMAL
8,14,-0.0934048278345185,89.92,NORMAL
8,15,-0.0247025611457911,59.11,WARNING
8,16,-0.0323446268180845,62.54,WARNING
8,17,-0.0890717811581651,87.98,NORMAL
8,18,-0.0739406834295719,81.19,NORMAL
8,19,-0.0564572533371153,73.35,NORMAL
8,20,-0.0759090221075154,82.08,NORMAL
8,21,-0.0582836858086671,74.17,NORMAL
8,22,-0.0897193796261136,88.27,NORMAL
8,23,-0.0624714520514642,76.05,NORMAL
8,24,-0.0714261959462358,80.07,NORMAL
8,25,-0.0917467428103057,89.18,NORMAL
8,26,-0.0820168681032591,84.82,NORMAL
8,27,-0.0477411801709312,69.45,WARNING
8,28,-0.0990125952962891,92.44,NORMAL
8,29,-0.0882434924114773,87.61,NORMAL
8,30,-0.0744795033222251,81.44,NORMAL
8,31,-0.0885488407534673,87.74,NORMAL
8,32,-0.095212971505956,90.73,NORMAL
8,33,-0.0691660770092181,79.05,NORMAL
8,34,-0.0682445985152873,78.64,NORMAL
8,35,-0.0887972693085013,87.86,NORMAL
8,36,-0.098301482535135,92.12,NORMAL
8,37,-0.0754371498936815,81.86,NORMAL
8,38,-0.1022421482116289,93.88,NORMAL
8,39,-0.0754898972659165,81.89,NORMAL
8,40,-0.0802766539915693,84.03,NORMAL
8,41,-0.0355646193881684,63.99,WARNING
8,42,-0.0878143310025929,87.41,NORMAL
8,43,-0.0900476724579001,88.42,NORMAL
8,44,-0.0872507411998881,87.16,NORMAL
8,45,-0.0554870111148477,72.92,NORMAL
8,46,-0.0670144120246348,78.09,NORMAL
8,47,-0.0827233120226282,85.13,NORMAL
8,48,-0.0873663383585325,87.21,NORMAL
8,49,-0.0782629634061005,83.13,NORMAL
8,50,-0.0726033062133739,80.59,NORMAL
8,51,-0.0631101757637528,76.34,NORMAL
8,52,-0.0686939332783731,78.84,NORMAL
8,53,-0.0788673738988872,83.4,NORMAL
8,54,-0.0885792908162965,87.76,NORMAL
8,55,-0.0911793184178185,88.92,NORMAL
8,56,-0.0740850985798073,81.26,NORMAL
8,57,-0.0592404671011724,74.6,NORMAL
8,58,-0.0595991413662646,74.76,NORMAL
8,59,-0.0684913486821641,78.75,NORMAL
8,60,-0.0892465106991681,88.06,NORMAL
8,61,-0.073626502598201,81.05,NORMAL
8,62,-0.0567506378345963,73.49,NORMAL
8,63,-0.0825099655070416,85.04,NORMAL
8,64,-0.0855414442554878,86.4,NORMAL
8,65,-0.0882499977526015,87.61,NORMAL
8,66,-0.0734026450446477,80.95,NORMAL
8,67,-0.0559333315669125,73.12,NORMAL
8,68,-0.0890463391614382,87.97,NORMAL
8,69,-0.0648566117712475,77.12,NORMAL
8,70,-0.0804273968357148,84.1,NORMAL
8,71,-0.0469803428954401,69.1,WARNING
8,72,-0.086345827674731,86.76,NORMAL
8,73,-0.0788919059092778,83.41,NORMAL
8,74,-0.0904105924925946,88.58,NORMAL
8,75,-0.054660410627902,72.55,NORMAL
8,76,-0.0982516565649718,92.1,NORMAL
8,77,-0.0981961868921427,92.07,NORMAL
8,78,-0.0845922926192119,85.97,NORMAL
8,79,-0.0446152559139423,68.04,WARNING
8,80,-0.0412160093034318,66.52,WARNING
8,81,-0.0599761730487584,74.93,NORMAL
8,82,-0.0608036102083932,75.3,NORMAL
8,83,-0.052051289429757,71.38,NORMAL
8,84,-0.0618596015509826,75.78,NORMAL
8,85,-0.0415354219185336,66.66,WARNING
8,86,-0.051588964692064,71.17,NORMAL
8,87,-0.0564802847513586,73.36,NORMAL
8,88,-0.0819453325066725,84.78,NORMAL
8,89,-0.0641183637902868,76.79,NORMAL
8,90,-0.0261361087261955,59.76,WARNING
8,91,-0.0557915374340384,73.06,NORMAL
8,92,-0.0422587407661355,66.99,WARNING
8,93,-0.083555612983051,85.51,NORMAL
8,94,-0.0750016856742606,81.67,NORMAL
8,95,-0.063609703589356,76.56,NORMAL
8,96,-0.049610570598574,70.28,NORMAL
8,97,-0.0560768229819593,73.18,NORMAL
8,98,-0.0566782559079537,73.45,NORMAL
8,99,-0.0553842091477838,72.87,NORMAL
8,100,-0.0415515564696153,66.67,WARNING
8,101,-0.0669236017258566,78.05,NORMAL
8,102,-0.0506599599532074,70.75,NORMAL
8,103,-0.0579755043157482,74.03,NORMAL
8,104,-0.0422533794055048,66.98,WARNING
8,105,-0.0600998168431293,74.99,NORMAL
8,106,-0.0066904895148762,51.04,WARNING
8,107,-0.0633082731974473,76.43,NORMAL
8,108,-0.045083536515397,68.25,WARNING
8,109,-0.0082727822216263,51.75,WARNING
8,110,-0.0464772047454795,68.88,WARNING
8,111,-0.0572744604160267,73.72,NORMAL
8,112,-0.0266207130090129,59.97,WARNING
8,113,-0.0168326870018136,55.59,WARNING
8,114,-0.0369527715591128,64.61,WARNING
8,115,-0.0588308698124847,74.42,NORMAL
8,116,-0.0667123126426424,77.95,NORMAL
8,117,0.0038648788095249,46.3,WARNING
8,118,-0.0360597471974292,64.21,WARNING
8,119,-0.0470757899938438,69.15,WARNING
8,120,-0.0436315024243627,67.6,WARNING
8,121,-0.0309725382959059,61.93,WARNING
8,122,0.0039277587110795,46.28,WARNING
8,123,-0.0230912410440692,58.39,WARNING
8,124,-0.0011735309939362,48.56,WARNING
8,125,-0.0256650734957272,59.55,WARNING
8,126,-0.0032032642407537,49.47,WARNING
8,127,-0.0246127094231686,59.07,WARNING
8,128,-0.0113406784779046,53.12,WARNING
8,129,0.011452694180556,42.9,WARNING
8,130,0.0213958683463114,38.44,CRITICAL
8,131,0.0080387774411796,44.43,WARNING
8,132,0.0154551920805602,41.11,WARNING
8,133,0.0194674595783108,39.31,CRITICAL
8,134,0.0231440276637989,37.66,CRITICAL
8,135,-0.0033338514143191,49.53,WARNING
8,136,0.0069148721373373,44.94,WARNING
8,137,0.0373964874785031,31.27,CRITICAL
8,138,0.0060685766201493,45.32,WARNING
8,139,0.0242954744986007,37.14,CRITICAL
8,140,0.0112741021530111,42.98,WARNING
8,141,0.0152219942934092,41.21,WARNING
8,142,0.0385677940898312,30.74,CRITICAL
8,143,0.0794786529950153,12.4,CRITICAL
8,144,0.0592337066290769,21.48,CRITICAL
8,145,0.0574476653009899,22.28,CRITICAL
8,146,0.0691995463746552,17.01,CRITICAL
8,147,0.0753935995546398,14.23,CRITICAL
8,148,0.0432244798558307,28.65,CRITICAL
8,149,0.096377798173972,4.82,CRITICAL
8,150,0.1095324219016479,0.0,CRITICAL
9,1,-0.0156892030395062,55.07,WARNING
9,2,0.0001197347298498,47.98,WARNING
9,3,-0.0493355502991497,70.16,NORMAL
9,4,-0.0245095431513225,59.03,WARNING
9,5,0.0076354432612658,44.61,WARNING
9,6,-0.0165219395712719,55.45,WARNING
9,7,-0.0453629942365048,68.38,WARNING
9,8,0.0122644372741084,42.54,WARNING
9,9,0.0384052924310992,30.82,CRITICAL
9,10,-0.0341500949663289,63.35,WARNING
9,11,-0.0414527768319924,66.63,WARNING
9,12,-0.0500034107688964,70.46,NORMAL
9,13,-0.0431529108011274,67.39,WARNING
9,14,-0.059297208901257,74.63,NORMAL
9,15,0.0060808765218972,45.31,WARNING
9,16,-0.0231229285439018,58.41,WARNING
9,17,-0.0027262624645482,49.26,WARNING
9,18,-0.0448904663306628,68.17,WARNING
9,19,-0.0365286017394341,64.42,WARNING
9,20,-0.0031156155081332,49.43,WARNING
9,21,-0.0243948982043061,58.98,WARNING
9,22,-0.0211821794424809,57.54,WARNING
9,23,-0.0161835133467405,55.29,WARNING
9,24,-0.0093528550910952,52.23,WARNING
9,25,-0.035626349233849,64.01,WARNING
9,26,-0.0302120332784622,61.59,WARNING
9,27,0.0046291601925695,45.96,WARNING
9,28,0.0132632050961795,42.09,WARNING
9,29,-0.0297038180167982,61.36,WARNING
9,30,-0.0251125843823615,59.3,WARNING
9,31,-0.0388224898563738,65.45,WARNING
9,32,-0.0238322065198815,58.72,WARNING
9,33,0.0289095799499451,35.07,CRITICAL
9,34,-0.0384570576225906,65.28,WARNING
9,35,-0.0335152081051519,63.07,WARNING
9,36,-0.0185038321266752,56.33,WARNING
9,37,-0.064714295409526,77.06,NORMAL
9,38,-0.0040726839133773,49.86,WARNING
9,39,-0.0395928188441117,65.79,WARNING
9,40,0.0070406616834595,44.88,WARNING
9,41,-0.0508560802813231,70.84,NORMAL
9,42,-0.0624091107214015,76.02,NORMAL
9,43,0.0032810342963499,46.57,WARNING
9,44,0.0002929835702117,47.91,WARNING
9,45,-0.034407012689565,63.47,WARNING
9,46,-0.0175310158072554,55.9,WARNING
9,47,-0.0281526295097995,60.66,WARNING
9,48,-0.0167746329175377,55.56,WARNING
9,49,-0.0432706015680307,67.44,WARNING
9,50,-0.0549474408255327,72.68,NORMAL
9,51,-0.0226489780499545,58.19,WARNING
9,52,0.0643024974619216,19.2,CRITICAL
9,53,-0.0306082387926398,61.76,WARNING
9,54,0.0023355894273933,46.99,WARNING
9,55,-0.049928939602479,70.43,NORMAL
9,56,-0.0489391631465079,69.98,WARNING
9,57,-0.0426072911087032,67.14,WARNING
9,58,-0.05915904635571,74.57,NORMAL
9,59,-0.0199924244777014,57.0,WARNING
9,60,-0.0902373135651155,88.5,NORMAL
9,61,-0.0199624856430183,56.99,WARNING
9,62,-0.04309535578734,67.36,WARNING
9,63,-0.0584218397851102,74.23,NORMAL
9,64,-0.0259985927490016,59.7,WARNING
9,65,-0.0455774408445907,68.48,WARNING
9,66,-0.0702075501037024,79.52,NORMAL
9,67,-0.0504812698160435,70.67,NORMAL
9,68,-0.058238517399725,74.15,NORMAL
9,69,-0.0688395527851158,78.91,NORMAL
9,70,-0.0248356202643288,59.17,WARNING
9,71,-0.0502718086320093,70.58,NORMAL
9,72,0.0323696856988846,33.52,CRITICAL
9,73,-0.0700309383737564,79.44,NORMAL
9,74,0.023301951027257,37.59,CRITICAL
9,75,0.0098510532425291,43.62,WARNING
9,76,-0.0438862450919869,67.72,WARNING
9,77,-0.0234621297685024,58.56,WARNING
9,78,-0.0382123077531385,65.17,WARNING
9,79,-0.0080219010354929,51.63,WARNING
9,80,-0.0064492075553426,50.93,WARNING
9,81,-0.0761499880388151,82.18,NORMAL
9,82,-0.0575528838048383,73.85,NORMAL
9,83,-0.0463872854070828,68.84,WARNING
9,84,0.0024564111059854,46.94,WARNING
9,85,0.0090706084832469,43.97,WARNING
9,86,0.0271138741708992,35.88,CRITICAL
9,87,-0.0390245260697016,65.54,WARNING
9,88,-0.0271632558798722,60.22,WARNING
9,89,-0.043243930282704,67.43,WARNING
9,90,-0.0590463441419017,74.51,NORMAL
9,91,-0.0502177373631812,70.56,NORMAL
9,92,0.035474859847849,32.13,CRITICAL
9,93,-0.0348951199336242,63.68,WARNING
9,94,-0.0277579324633065,60.48,WARNING
9,95,-0.0451024701256583,68.26,WARNING
9,96,-0.0581734832456314,74.12,NORMAL
9,97,-0.0513814584224638,71.08,NORMAL
9,98,-0.060095291758013,74.99,NORMAL
9,99,-0.038131589100832,65.14,WARNING
9,100,-0.0440655762825448,67.8,WARNING
9,101,-0.0528878537861169,71.75,NORMAL
9,102,-0.0514100702066097,71.09,NORMAL
9,103,-0.0291405190992202,61.1,WARNING
9,104,-0.0610907087387342,75.43,NORMAL
9,105,-0.0279562169057325,60.57,WARNING
9,106,-0.0488229634723648,69.93,WARNING
9,107,-0.0319791415040453,62.38,WARNING
9,108,0.0335662911313248,32.99,CRITICAL
9,109,-0.0700161475166417,79.43,NORMAL
9,110,-0.0390598085326827,65.55,WARNING
9,111,0.0478222594684188,26.59,CRITICAL
9,112,-0.0604915998997089,75.16,NORMAL
9,113,-0.0224562052228541,58.11,WARNING
9,114,-0.0466522664119518,68.96,WARNING
9,115,-0.0450266911683867,68.23,WARNING
9,116,-0.0281858052212887,60.68,WARNING
9,117,-0.0410416189444345,66.44,WARNING
9,118,-0.0443689275905045,67.93,WARNING
9,119,-0.0511156260062415,70.96,NORMAL
9,120,0.0266420300976597,36.09,CRITICAL
9,121,-0.0504085730720827,70.64,NORMAL
9,122,-0.0523520019012812,71.51,NORMAL
9,123,-0.0285605843801009,60.84,WARNING
9,124,-0.0505150337706347,70.69,NORMAL
9,125,0.0313773714340003,33.97,CRITICAL
9,126,-0.0543447659158479,72.41,NORMAL
9,127,-0.0166774224594087,55.52,WARNING
9,128,-0.041913505023775,66.83,WARNING
9,129,-0.047786172126124,69.47,WARNING
9,130,-0.0403282433473723,66.12,WARNING
9,131,-0.0185599016691794,56.36,WARNING
9,132,-0.0447048200010605,68.08,WARNING
9,133,-0.0253359111306683,59.4,WARNING
9,134,-0.0225871651904069,58.17,WARNING
9,135,-0.0458477553102683,68.6,WARNING
9,136,-0.066203252171709,77.72,NORMAL
9,137,-0.0308928744300424,61.89,WARNING
9,138,0.0023367097022629,46.99,WARNING
9,139,-0.0067958384699506,51.08,WARNING
9,140,-0.0281965467843149,60.68,WARNING
9,141,-0.0243607154191734,58.96,WARNING
9,142,-0.0419664440443974,66.86,WARNING
9,143,-0.0428495148511601,67.25,WARNING
9,144,-0.028896327197682,61.0,WARNING
9,145,-0.0137177111177455,54.19,WARNING
9,146,-0.0223179840549564,58.05,WARNING
9,147,-0.0188440495655839,56.49,WARNING
9,148,-0.0424196384615408,67.06,WARNING
9,149,-0.0200474991213566,57.03,WARNING
9,150,-0.0352547161748861,63.85,WARNING
9,151,-0.0022200632919686,49.03,WARNING
9,152,0.0090390940011989,43.98,WARNING
9,153,-0.0502007327281534,70.55,NORMAL
9,154,-0.029466621085196,61.25,WARNING
9,155,-0.0564996860161623,73.37,NORMAL
9,156,-0.0424932113314215,67.09,WARNING
9,157,-0.0410559462814915,66.45,WARNING
9,158,0.0647691934579363,18.99,CRITICAL
9,159,-0.0320979159131393,62.43,WARNING
9,160,0.0201795116587502,38.99,CRITICAL
9,161,-0.0219055961035387,57.86,WARNING
9,162,-0.0144194915702772,54.5,WARNING
9,163,-0.0448168995079406,68.13,WARNING
9,164,-0.0118873477277799,53.37,WARNING
9,165,-0.030884472449265,61.89,WARNING
9,166,-0.0243538717270883,58.96,WARNING
9,167,-0.0171057987341922,55.71,WARNING
9,168,-0.0269598353682761,60.13,WARNING
9,169,-0.0028671145431315,49.32,WARNING
9,170,-0.0257592567398174,59.59,WARNING
9,171,0.0121777913605565,42.58,WARNING
9,172,-0.0112322232348104,53.07,WARNING
9,173,-0.0116685237847032,53.27,WARNING
9,174,-0.0149174527347272,54.73,WARNING
9,175,-0.0356552320574917,64.03,WARNING
9,176,-0.0064651720217914,50.94,WARNING
9,177,0.0200071057113258,39.07,CRITICAL
9,178,-0.0116510616210602,53.26,WARNING
9,179,0.0060224641541062,45.34,WARNING
9,180,0.0274541152070567,35.73,CRITICAL
9,181,0.0454834469977133,27.64,CRITICAL
9,182,-0.0008033432454117,48.4,WARNING
9,183,-0.0009447549762935,48.46,WARNING
9,184,0.0351687113792632,32.27,CRITICAL
9,185,0.0289264638026576,35.07,CRITICAL
9,186,0.0129635050923139,42.22,WARNING
9,187,0.0515119997113907,24.94,CRITICAL
9,188,0.0629775222292542,19.8,CRITICAL
9,189,0.0587669285857446,21.69,CRITICAL
9,190,0.0646670614702009,19.04,CRITICAL
9,191,0.0477154198357252,26.64,CRITICAL
9,192,0.0614374125832626,20.49,CRITICAL
9,193,0.0851802363731872,9.84,CRITICAL
9,194,0.0758895246750758,14.01,CRITICAL
9,195,0.0771489058727044,13.44,CRITICAL
9,196,0.0800240559366731,12.15,CRITICAL
9,197,0.0775519391289972,13.26,CRITICAL
9,198,0.1032551519959152,1.74,CRITICAL
9,199,0.1172594848799067,0.0,CRITICAL
9,200,0.1369744899514947,0.0,CRITICAL
9,201,0.1669784177993081,0.0,CRITICAL
10,1,-0.0150463562805072,54.78,WARNING
10,2,-0.0009564650056228,48.47,WARNING
10,3,-0.0581923204113687,74.13,NORMAL
10,4,-0.0157028298952253,55.08,WARNING
10,5,0.0267833764906163,36.03,CRITICAL
10,6,-0.016574989272901,55.47,WARNING
10,7,-0.0423299130810196,67.02,WARNING
10,8,-0.0165567787399918,55.46,WARNING
10,9,-0.0356435372260454,64.02,WARNING
10,10,-0.0405044199091081,66.2,WARNING
10,11,-0.0399878922162429,65.97,WARNING
10,12,-0.0307050765259558,61.81,WARNING
10,13,0.0436429662204029,28.47,CRITICAL
10,14,-0.0450038116571623,68.22,WARNING
10,15,-0.0242330696425198,58.9,WARNING
10,16,0.0296133067903366,34.76,CRITICAL
10,17,-0.046441589888188,68.86,WARNING
10,18,-0.0471049219223151,69.16,WARNING
10,19,0.0306618092637908,34.29,CRITICAL
10,20,-0.0594498469240836,74.7,NORMAL
10,21,-0.0383477362425045,65.23,WARNING
10,22,-0.0462191054461281,68.76,WARNING
10,23,-0.053607470842669,72.08,NORMAL
10,24,-0.0007384792852675,48.37,WARNING
10,25,-0.0248473481408416,59.18,WARNING
10,26,0.0186649650034884,39.67,CRITICAL
10,27,-0.0557088995787073,73.02,NORMAL
10,28,-0.0003680224156946,48.2,WARNING
10,29,0.0094927115247226,43.78,WARNING
10,30,-0.0186249215239859,56.39,WARNING
10,31,-0.0363563201507763,64.34,WARNING
10,32,-0.0365438024137803,64.42,WARNING
10,33,-0.0526848191587419,71.66,NORMAL
10,34,-0.054396831284544,72.43,NORMAL
10,35,0.013559787247158,41.96,WARNING
10,36,-0.0412206231770189,66.52,WARNING
10,37,-0.0278784196986585,60.54,WARNING
10,38,-0.021796480759873,57.81,WARNING
10,39,0.0090253083171926,43.99,WARNING
10,40,-0.0277833570344046,60.5,WARNING
10,41,-0.0313906065915529,62.11,WARNING
10,42,-0.028379565965791,60.76,WARNING
10,43,0.0525084039675971,24.49,CRITICAL
10,44,-0.0537250643532844,72.13,NORMAL
10,45,-0.0265393874731068,59.94,WARNING
10,46,-0.0413670320082116,66.59,WARNING
10,47,-0.0032533041452471,49.5,WARNING
10,48,-0.0307519907668485,61.83,WARNING
10,49,0.0259400399299533,36.41,CRITICAL
10,50,-0.0352617329832324,63.85,WARNING
10,51,-0.041034559921918,66.44,WARNING
10,52,-0.0647644900399647,77.08,NORMAL
10,53,-0.0504513977369768,70.66,NORMAL
10,54,-0.0487364827318652,69.89,WARNING
10,55,-0.0049048382550585,50.24,WARNING
10,56,-0.0304637560010018,61.7,WARNING
10,57,-0.0256052599433959,59.52,WARNING
10,58,-0.0480906883782687,69.6,WARNING
10,59,-0.0185884553006223,56.37,WARNING
10,60,-0.0442293426128355,67.87,WARNING
10,61,0.0431829206367413,28.67,CRITICAL
10,62,-0.085207504575638,86.25,NORMAL
10,63,-0.0624869577482826,76.06,NORMAL
10,64,-0.0352323371438705,63.84,WARNING
10,65,-0.0476678907802369,69.41,WARNING
10,66,-0.0522604325725667,71.47,NORMAL
10,67,0.0518714765285229,24.78,CRITICAL
10,68,-0.0564795779363333,73.36,NORMAL
10,69,-0.0645381919427491,76.98,NORMAL
10,70,-0.0595289868888146,74.73,NORMAL
10,71,-0.0475614317668014,69.36,WARNING
10,72,-0.0445447990523503,68.01,WARNING
10,73,-0.0649350520691623,77.16,NORMAL
10,74,-0.0501286361310121,70.52,NORMAL
10,75,0.0305753227183903,34.33,CRITICAL
10,76,-0.0778891778202396,82.96,NORMAL
10,77,-0.0346745990350493,63.59,WARNING
10,78,-0.0565185674321369,73.38,NORMAL
10,79,-0.0636659217756171,76.59,NORMAL
10,80,-0.0440132168697242,67.77,WARNING
10,81,-0.0418204359027571,66.79,WARNING
10,82,-0.0732984320167554,80.91,NORMAL
10,83,-0.0558411669019865,73.08,NORMAL
10,84,-0.0416366271807637,66.71,WARNING
10,85,-0.0531149126049189,71.86,NORMAL
10,86,-0.0688877342996429,78.93,NORMAL
10,87,-0.0866924025269452,86.91,NORMAL
10,88,-0.0632540470329308,76.4,NORMAL
10,89,-0.0198409009030247,56.93,WARNING
10,90,0.0344983816487481,32.57,CRITICAL
10,91,-0.0662778015999191,77.76,NORMAL
10,92,-0.0335239479394953,63.07,WARNING
10,93,-0.0584776838568572,74.26,NORMAL
10,94,-0.0291715071145924,61.12,WARNING
10,95,-0.0846074310380842,85.98,NORMAL
10,96,-0.0584975319168467,74.27,NORMAL
10,97,-0.052394261947159,71.53,NORMAL
10,98,-0.0693744920532969,79.15,NORMAL
10,99,-0.034901573712023,63.69,WARNING
10,100,-0.0753729160079911,81.84,NORMAL
10,101,-0.0473866128731987,69.29,WARNING
10,102,-0.055664999442985,73.0,NORMAL
10,103,0.0119865040060112,42.66,WARNING
10,104,-0.0778132640443895,82.93,NORMAL
10,105,-0.0632931958327016,76.42,NORMAL
10,106,-0.0837022443396078,85.57,NORMAL
10,107,-0.0768718386140202,82.51,NORMAL
10,108,-0.0727580852775493,80.66,NORMAL
10,109,-0.0566088964340612,73.42,NORMAL
10,110,-0.0422399078694424,66.98,WARNING
10,111,-0.072065236277589,80.35,NORMAL
10,112,-0.0694486166818044,79.18,NORMAL
10,113,-0.0766635104988324,82.41,NORMAL
10,114,-0.0554061808048649,72.88,NORMAL
10,115,-0.0879630437799389,87.48,NORMAL
10,116,-0.0549601568826284,72.68,NORMAL
10,117,-0.0814134834633488,84.54,NORMAL
10,118,-0.0678108316466921,78.44,NORMAL
10,119,-0.0938785695726917,90.13,NORMAL
10,120,-0.0900955087712049,88.44,NORMAL
10,121,-0.0670481242356147,78.1,NORMAL
10,122,-0.1063304386063668,95.72,NORMAL
10,123,-0.0892524039349037,88.06,NORMAL
10,124,-0.0658057151188449,77.55,NORMAL
10,125,-0.0835107120475705,85.49,NORMAL
10,126,-0.0824972757302302,85.03,NORMAL
10,127,-0.097978259097414,91.97,NORMAL
10,128,-0.0822414192906079,84.92,NORMAL
10,129,-0.093292796345475,89.87,NORMAL
10,130,-0.0920350514217304,89.31,NORMAL
10,131,-0.0960563530777714,91.11,NORMAL
10,132,-0.0846782827837757,86.01,NORMAL
10,133,-0.0796995608756494,83.78,NORMAL
10,134,-0.0688912595834699,78.93,NORMAL
10,135,-0.0798219576849287,83.83,NORMAL
10,136,-0.0857895198239709,86.51,NORMAL
10,137,-0.0853215220306966,86.3,NORMAL
10,138,-0.098653573048837,92.28,NORMAL
10,139,-0.0782978217014993,83.15,NORMAL
10,140,-0.0948083188753109,90.55,NORMAL
10,141,-0.0722168557480531,80.42,NORMAL
10,142,-0.066293659174084,77.76,NORMAL
10,143,-0.0647440835223094,77.07,NORMAL
10,144,-0.0982658083245034,92.1,NORMAL
10,145,-0.0656470813167466,77.47,NORMAL
10,146,-0.0990163442332681,92.44,NORMAL
10,147,-0.0930669028147486,89.77,NORMAL
10,148,-0.0936133950014498,90.02,NORMAL
10,149,-0.0773655823164271,82.73,NORMAL
10,150,-0.0979819648007057,91.97,NORMAL
10,151,-0.0971124796935745,91.58,NORMAL
10,152,-0.0804033696524363,84.09,NORMAL
10,153,-0.0690350910443052,78.99,NORMAL
10,154,-0.0617528969782694,75.73,NORMAL
10,155,-0.0490959548442374,70.05,NORMAL
10,156,-0.0762910344355293,82.25,NORMAL
10,157,-0.080995370192001,84.36,NORMAL
10,158,-0.0554076857937054,72.88,NORMAL
10,159,-0.098798212493736,92.34,NORMAL
10,160,-0.0857680961555888,86.5,NORMAL
10,161,-0.1149815035605701,99.6,NORMAL
10,162,-0.0913726540635787,89.01,NORMAL
10,163,-0.0996396825824323,92.72,NORMAL
10,164,-0.0943166516289122,90.33,NORMAL
10,165,-0.0351042643808015,63.78,WARNING
10,166,-0.0741736144247353,81.3,NORMAL
10,167,-0.0829839916581192,85.25,NORMAL
10,168,-0.0843788899801695,85.87,NORMAL
10,169,-0.0624644650771292,76.05,NORMAL
10,170,-0.0894658874333584,88.16,NORMAL
10,171,-0.0656598013197894,77.48,NORMAL
10,172,-0.1022050739400597,93.87,NORMAL
10,173,-0.0378719498344349,65.02,WARNING
10,174,-0.1016034676151572,93.6,NORMAL
10,175,-0.0889964465290042,87.94,NORMAL
10,176,-0.0899804759928273,88.39,NORMAL
10,177,-0.0662692046633898,77.75,NORMAL
10,178,-0.0660293616893912,77.65,NORMAL
10,179,-0.1061292000734598,95.63,NORMAL
10,180,-0.066337353686488,77.78,NORMAL
10,181,-0.0840579368239639,85.73,NORMAL
10,182,-0.0318572540008279,62.32,WARNING
10,183,-0.0735227542107865,81.01,NORMAL
10,184,-0.0724169919464256,80.51,NORMAL
10,185,-0.067252917735334,78.19,NORMAL
10,186,-0.083865814199902,85.64,NORMAL
10,187,-0.051867058793943,71.3,NORMAL
10,188,-0.0857264463937004,86.48,NORMAL
10,189,-0.033808233398332,63.2,WARNING
10,190,-0.0551813521137464,72.78,NORMAL
10,191,-0.0606306195328563,75.23,NORMAL
10,192,-0.0491680192167241,70.09,NORMAL
10,193,-0.0177533755301986,56.0,WARNING
10,194,-0.013667806858109,54.17,WARNING
10,195,-0.0547611767455598,72.59,NORMAL
10,196,-0.0430422406090094,67.34,WARNING
10,197,-0.047667114040149,69.41,WARNING
10,198,-0.0312664212889758,62.06,WARNING
10,199,-0.0464729357359954,68.88,WARNING
10,200,-0.0296553923723014,61.34,WARNING
10,201,-0.0560779464094627,73.18,NORMAL
10,202,-0.0406575231198518,66.27,WARNING
10,203,-0.0188311336273849,56.48,WARNING
10,204,-0.0254059058396211,59.43,WARNING
10,205,-0.0531147360994059,71.85,NORMAL
10,206,-0.0291726303226513,61.12,WARNING
10,207,-0.0221875025146466,57.99,WARNING
10,208,0.0038211573605181,46.32,WARNING
10,209,-0.0447447361878363,68.1,WARNING
10,210,0.0155734418305867,41.05,WARNING
10,211,-0.0050209505132073,50.29,WARNING
10,212,0.0016885855440087,47.28,WARNING
10,213,0.0403025439035552,29.97,CRITICAL
10,214,0.023591602469004,37.46,CRITICAL
10,215,0.0181436135495159,39.9,CRITICAL
10,216,-0.0034942826474589,49.6,WARNING
10,217,0.0357973152541843,31.99,CRITICAL
10,218,0.043849311508226,28.37,CRITICAL
10,219,0.0407670964277807,29.76,CRITICAL
10,220,0.0335184111744988,33.01,CRITICAL
10,221,0.0841306703961646,10.31,CRITICAL
10,222,0.0496989958470146,25.75,CRITICAL
11,1,-0.044649999224047,68.06,WARNING
11,2,0.0696261354308174,16.82,CRITICAL
11,3,-0.0094918945281535,52.29,WARNING
11,4,0.029504632370793,34.81,CRITICAL
11,5,-0.0479520543726065,69.54,WARNING
11,6,-0.0492266092342018,70.11,NORMAL
11,7,-0.0730740562941794,80.81,NORMAL
11,8,-0.0304148304791693,61.68,WARNING
11,9,0.0291638841318426,34.96,CRITICAL
11,10,-0.0165078669653739,55.44,WARNING
11,11,-0.057876777618266,73.99,NORMAL
11,12,-0.0472255352565444,69.21,WARNING
11,13,0.0169565908667599,40.43,WARNING
11,14,0.0415571978351841,29.4,CRITICAL
11,15,-0.0525741652458034,71.61,NORMAL
11,16,-0.0775004881455468,82.79,NORMAL
11,17,-0.045522339601035,68.45,WARNING
11,18,-0.0471016303388712,69.16,WARNING
11,19,-0.0323463189606181,62.54,WARNING
11,20,0.0124406218738448,42.46,WARNING
11,21,-0.0340407102830938,63.3,WARNING
11,22,-0.0576270229477399,73.88,NORMAL
11,23,-0.06783205755858,78.45,NORMAL
11,24,-0.0952699217338342,90.76,NORMAL
11,25,-0.0002244022066101,48.14,WARNING
11,26,-0.0423495853807867,67.03,WARNING
11,27,-0.0835596076755539,85.51,NORMAL
11,28,-0.0137972944571891,54.22,WARNING
11,29,-0.0498276483189123,70.38,NORMAL
11,30,-0.0301710330568043,61.57,WARNING
11,31,-0.033889605406096,63.23,WARNING
11,32,-0.0528068313492637,71.72,NORMAL
11,33,-0.0280687978397364,60.62,WARNING
11,34,-0.0576450500805347,73.89,NORMAL
11,35,0.0418458761859391,29.27,CRITICAL
11,36,-0.0676804156185963,78.39,NORMAL
11,37,-0.0680276658549077,78.54,NORMAL
11,38,-0.0311434825622436,62.0,WARNING
11,39,0.0278685773291953,35.54,CRITICAL
11,40,-0.0739338717857878,81.19,NORMAL
11,41,-0.0589200375748305,74.46,NORMAL
11,42,-0.0767143553202528,82.44,NORMAL
11,43,0.0231254315110516,37.67,CRITICAL
11,44,-0.0436797121211539,67.62,WARNING
11,45,0.0016150661671844,47.31,WARNING
11,46,-0.0272940123606556,60.28,WARNING
11,47,-0.0903877793766127,88.57,NORMAL
11,48,-0.0731366908380224,80.83,NORMAL
11,49,-0.0339898688552584,63.28,WARNING
11,50,-0.0086843861117579,51.93,WARNING
11,51,-0.053234141339486,71.91,NORMAL
11,52,-0.0371285044686886,64.69,WARNING
11,53,-0.0573734348854831,73.76,NORMAL
11,54,-0.0479272280860218,69.53,WARNING
11,55,-0.0493433919128935,70.16,NORMAL
11,56,-0.0355740268186175,63.99,WARNING
11,57,-0.0407936989640544,66.33,WARNING
11,58,-0.0529881573389851,71.8,NORMAL
11,59,-0.0527539199812699,71.69,NORMAL
11,60,-0.0561011470882647,73.19,NORMAL
11,61,-0.0519374923965273,71.33,NORMAL
11,62,-0.027584977966322,60.41,WARNING
11,63,-0.0626194004411023,76.12,NORMAL
11,64,-0.0310666803336239,61.97,WARNING
11,65,-0.0666917590749904,77.94,NORMAL
11,66,-0.0496901272235308,70.32,NORMAL
11,67,-0.0293576149606932,61.2,WARNING
11,68,-0.0946380063830597,90.47,NORMAL
11,69,-0.0866277770730808,86.88,NORMAL
11,70,-0.068753846575457,78.87,NORMAL
11,71,-0.0675130856848282,78.31,NORMAL
11,72,-0.0833596690218287,85.42,NORMAL
11,73,-0.0372383656101116,64.74,WARNING
11,74,-0.0860918606393383,86.64,NORMAL
11,75,-0.0460459826618941,68.69,WARNING
11,76,-0.0613460226341819,75.55,NORMAL
11,77,-0.0533575557773347,71.96,NORMAL
11,78,-0.0682293933642242,78.63,NORMAL
11,79,-0.0831997321035373,85.35,NORMAL
11,80,-0.0679171167950944,78.49,NORMAL
11,81,-0.0681968584065884,78.62,NORMAL
11,82,-0.0599623100450948,74.93,NORMAL
11,83,-0.076424834685039,82.31,NORMAL
11,84,-0.0878833040337256,87.45,NORMAL
11,85,-0.0773801327823789,82.74,NORMAL
11,86,-0.0560686480198465,73.18,NORMAL
11,87,-0.0346526297113199,63.58,WARNING
11,88,-0.0671833566499162,78.16,NORMAL
11,89,-0.0865038706574074,86.83,NORMAL
11,90,-0.0749021657012734,81.62,NORMAL
11,91,-0.0918985455635959,89.25,NORMAL
11,92,-0.0696066143877774,79.25,NORMAL
11,93,-0.0706071478423409,79.7,NORMAL
11,94,-0.0450246023467494,68.23,WARNING
11,95,-0.0514040300492558,71.09,NORMAL
11,96,-0.076593614359212,82.38,NORMAL
11,97,-0.0648919464738781,77.14,NORMAL
11,98,-0.0836095414479287,85.53,NORMAL
11,99,-0.0666464019100237,77.92,NORMAL
11,100,-0.0843542088445362,85.86,NORMAL
11,101,-0.0642581183837171,76.85,NORMAL
11,102,-0.0665980244396052,77.9,NORMAL
11,103,-0.0892869051192598,88.08,NORMAL
11,104,-0.0601272300362009,75.0,NORMAL
11,105,-0.0611551527242402,75.46,NORMAL
11,106,-0.0571668355258281,73.67,NORMAL
11,107,-0.0315489036917671,62.18,WARNING
11,108,-0.0574695245347318,73.81,NORMAL
11,109,-0.0276905297295131,60.45,WARNING
11,110,-0.0596857088419423,74.8,NORMAL
11,111,-0.0396672608024902,65.82,WARNING
11,112,-0.0609168641785406,75.35,NORMAL
11,113,0.0195084215744288,39.29,CRITICAL
11,114,-0.1005282134998724,93.12,NORMAL
11,115,-0.0692381699382934,79.08,NORMAL
11,116,-0.0767800338526067,82.47,NORMAL
11,117,-0.0749047011749304,81.63,NORMAL
11,118,-0.0571604946254397,73.67,NORMAL
11,119,-0.0856324716210962,86.44,NORMAL
11,120,-0.04074567560039,66.31,WARNING
11,121,-0.1055814572211803,95.38,NORMAL
11,122,-0.0944100022366777,90.37,NORMAL
11,123,-0.0742793438031519,81.35,NORMAL
11,124,-0.1022563890888267,93.89,NORMAL
11,125,-0.0505076987537869,70.69,NORMAL
11,126,-0.0744658100217205,81.43,NORMAL
11,127,-0.0835910859075167,85.52,NORMAL
11,128,-0.0620045773280523,75.84,NORMAL
11,129,-0.0680204331273228,78.54,NORMAL
11,130,-0.0732084822551473,80.87,NORMAL
11,131,-0.0709077387028429,79.83,NORMAL
11,132,-0.0875581124349614,87.3,NORMAL
11,133,-0.0599735971329979,74.93,NORMAL
11,134,-0.0529876626795158,71.8,NORMAL
11,135,-0.1055759864548552,95.38,NORMAL
11,136,-0.0565992978889587,73.42,NORMAL
11,137,-0.0676653950817801,78.38,NORMAL
11,138,-0.0381692116313842,65.15,WARNING
11,139,-0.0570660509438024,73.63,NORMAL
11,140,-0.0705611715944774,79.68,NORMAL
11,141,-0.0917847880913174,89.2,NORMAL
11,142,-0.0612755492055586,75.51,NORMAL
11,143,-0.0474952221383145,69.34,WARNING
11,144,-0.0523673879200233,71.52,NORMAL
11,145,-0.0873102050634907,87.19,NORMAL
11,146,-0.0674873185565927,78.3,NORMAL
11,147,-0.0909245260055731,88.81,NORMAL
11,148,-0.0791651158331485,83.54,NORMAL
11,149,-0.0794649386153523,83.67,NORMAL
11,150,-0.0902982888414219,88.53,NORMAL
11,151,-0.0934418824449501,89.94,NORMAL
11,152,-0.0918816395952086,89.24,NORMAL
11,153,-0.0860019662968202,86.6,NORMAL
11,154,-0.0899417939953609,88.37,NORMAL
11,155,-0.1001917720059035,92.97,NORMAL
11,156,-0.0916669594625498,89.14,NORMAL
11,157,-0.0524709267114472,71.57,NORMAL
11,158,-0.0902062673588448,88.49,NORMAL
11,159,-0.0021543037881039,49.0,WARNING
11,160,-0.0999544830463596,92.86,NORMAL
11,161,-0.0817862164542026,84.71,NORMAL
11,162,-0.0753200857024915,81.81,NORMAL
11,163,-0.0875481298483918,87.3,NORMAL
11,164,-0.083106992381637,85.3,NORMAL
11,165,-0.1005750935078758,93.14,NORMAL
11,166,-0.079478727780859,83.68,NORMAL
11,167,-0.1013676087066582,93.49,NORMAL
11,168,-0.087265213439632,87.17,NORMAL
11,169,-0.082587883612206,85.07,NORMAL
11,170,-0.0756776040984331,81.97,NORMAL
11,171,-0.0685314960454052,78.77,NORMAL
11,172,-0.0714226191812775,80.06,NORMAL
11,173,-0.06495135531089,77.16,NORMAL
11,174,-0.075281105235226,81.79,NORMAL
11,175,-0.085073035243647,86.19,NORMAL
11,176,-0.059378298663989,74.66,NORMAL
11,177,-0.0931692207987051,89.82,NORMAL
11,178,-0.067178055767784,78.16,NORMAL
11,179,-0.0831456257663505,85.32,NORMAL
11,180,-0.1073685098700739,96.18,NORMAL
11,181,-0.0916082493404574,89.12,NORMAL
11,182,-0.0842490527105663,85.82,NORMAL
11,183,-0.0871942505780258,87.14,NORMAL
11,184,-0.0568502480480269,73.53,NORMAL
11,185,-0.0985795661737481,92.24,NORMAL
11,186,-0.0832704302080963,85.38,NORMAL
11,187,-0.0637412396854212,76.62,NORMAL
11,188,-0.0621348104450247,75.9,NORMAL
11,189,-0.0752370691234236,81.77,NORMAL
11,190,-0.069883060409303,79.37,NORMAL
11,191,-0.0807306992520621,84.24,NORMAL
11,192,-0.0297028825428431,61.36,WARNING
11,193,-0.0794671223994809,83.67,NORMAL
11,194,-0.0511487963392233,70.97,NORMAL
11,195,-0.0556572018464501,73.0,NORMAL
11,196,-0.0578625024763689,73.98,NORMAL
11,197,-0.0545559523723799,72.5,NORMAL
11,198,-0.0614404919585427,75.59,NORMAL
11,199,-0.0607498419612748,75.28,NORMAL
11,200,-0.0584797702002156,74.26,NORMAL
11,201,-0.0446027235817514,68.04,WARNING
11,202,-0.0578233699498436,73.97,NORMAL
11,203,-0.058483448083568,74.26,NORMAL
11,204,-0.0365635048962831,64.43,WARNING
11,205,-0.0316113914005196,62.21,WARNING
11,206,-0.0500460375239587,70.48,NORMAL
11,207,-0.046321159515205,68.81,WARNING
11,208,-0.0503062120027732,70.6,NORMAL
11,209,-0.0056386307632427,50.57,WARNING
11,210,-0.0196614564668072,56.85,WARNING
11,211,-0.0135901117955402,54.13,WARNING
11,212,-0.0199714047321566,56.99,WARNING
11,213,-0.0130447828356243,53.89,WARNING
11,214,-0.0256408189436476,59.54,WARNING
11,215,-0.0425732082002988,67.13,WARNING
11,216,-0.0326139612177284,62.66,WARNING
11,217,-0.0181911672380323,56.19,WARNING
11,218,-0.0057302710939088,50.61,WARNING
11,219,-0.0092830179191303,52.2,WARNING
11,220,0.0016491918752848,47.3,WARNING
11,221,-0.0035892992934211,49.65,WARNING
11,222,-0.0103041280634356,52.66,WARNING
11,223,-0.0086383270851761,51.91,WARNING
11,224,0.0094467682816541,43.8,WARNING
11,225,0.0236057255605797,37.45,CRITICAL
11,226,-0.0070452316777223,51.2,WARNING
11,227,0.0390917086873108,30.51,CRITICAL
11,228,0.0230176138078576,37.72,CRITICAL
11,229,0.0124449557911834,42.46,WARNING
11,230,0.0440298458490933,28.29,CRITICAL
11,231,0.071465152452267,15.99,CRITICAL
11,232,0.0451220812508608,27.8,CRITICAL
11,233,0.00233559269173,46.99,WARNING
11,234,0.0414937083931538,29.43,CRITICAL
11,235,0.0607178790610791,20.81,CRITICAL
11,236,0.0902044337032514,7.59,CRITICAL
11,237,0.041295448908593,29.52,CRITICAL
11,238,0.0866859254794358,9.17,CRITICAL
11,239,0.0747240766078799,14.53,CRITICAL
11,240,0.0782897300254108,12.93,CRITICAL
12,1,-0.0792213641213094,83.56,NORMAL
12,2,-0.0895194304673744,88.18,NORMAL
12,3,-0.1069596190552657,96.0,NORMAL
12,4,-0.0595753693767472,74.75,NORMAL
12,5,-0.0528775084750984,71.75,NORMAL
12,6,-0.1124433753796353,98.46,NORMAL
12,7,-0.0968566834429452,91.47,NORMAL
12,8,-0.0779550887451352,82.99,NORMAL
12,9,-0.0909747644878983,88.83,NORMAL
12,10,-0.102011804710058,93.78,NORMAL
12,11,-0.0616936198954363,75.7,NORMAL
12,12,-0.0683473269442809,78.69,NORMAL
12,13,-0.0965389350242865,91.33,NORMAL
12,14,-0.1064722254141936,95.78,NORMAL
12,15,-0.0582544491242303,74.16,NORMAL
12,16,-0.0743331400498328,81.37,NORMAL
12,17,-0.0976603227813947,91.83,NORMAL
12,18,-0.0541285157678453,72.31,NORMAL
12,19,-0.0863590383619788,86.76,NORMAL
12,20,-0.094377665597138,90.36,NORMAL
12,21,-0.0856894480459486,86.46,NORMAL
12,22,-0.0621299675126572,75.9,NORMAL
12,23,-0.0605100139372335,75.17,NORMAL
12,24,-0.1007099068329618,93.2,NORMAL
12,25,-0.0747181896824485,81.54,NORMAL
12,26,-0.0820434407569499,84.83,NORMAL
12,27,-0.0739585370066179,81.2,NORMAL
12,28,-0.0786892327690578,83.32,NORMAL
12,29,-0.0862981808001533,86.73,NORMAL
12,30,-0.097721682805168,91.86,NORMAL
12,31,-0.0980888063138464,92.02,NORMAL
12,32,-0.0928423485214554,89.67,NORMAL
12,33,-0.1059317779710636,95.54,NORMAL
12,34,-0.0822932902517302,84.94,NORMAL
12,35,-0.0826545531143403,85.1,NORMAL
12,36,-0.0666753950919625,77.94,NORMAL
12,37,-0.1042463975064272,94.78,NORMAL
12,38,-0.0882618286004823,87.62,NORMAL
12,39,-0.1010947629908869,93.37,NORMAL
12,40,-0.0796036914369429,83.73,NORMAL
12,41,-0.0889428839671458,87.92,NORMAL
12,42,-0.0640143258146794,76.74,NORMAL
12,43,-0.1068884640296629,95.97,NORMAL
12,44,-0.0787827690438504,83.36,NORMAL
12,45,-0.088720116976811,87.82,NORMAL
12,46,-0.0875702370116877,87.31,NORMAL
12,47,-0.0947535252039824,90.53,NORMAL
12,48,-0.0958046762692504,91.0,NORMAL
12,49,-0.0829579414882128,85.24,NORMAL
12,50,-0.0508520848152575,70.84,NORMAL
12,51,-0.0694136814116516,79.16,NORMAL
12,52,-0.087690794140176,87.36,NORMAL
12,53,-0.0669739077377114,78.07,NORMAL
12,54,-0.0731470620516067,80.84,NORMAL
12,55,-0.0844211523471096,85.89,NORMAL
12,56,-0.0913956040308374,89.02,NORMAL
12,57,-0.0885104198715182,87.73,NORMAL
12,58,-0.0899861129981564,88.39,NORMAL
12,59,-0.0661507586621628,77.7,NORMAL
12,60,-0.0799569023295929,83.89,NORMAL
12,61,-0.0866705075766386,86.9,NORMAL
12,62,-0.0775322753907047,82.8,NORMAL
12,63,-0.0944004036586956,90.37,NORMAL
12,64,-0.0897651981931235,88.29,NORMAL
12,65,-0.0900955878822336,88.44,NORMAL
12,66,-0.0939891170026558,90.18,NORMAL
12,67,-0.0969878610336175,91.53,NORMAL
12,68,-0.0827056687917723,85.12,NORMAL
12,69,-0.0915245751500791,89.08,NORMAL
12,70,-0.0826190802694065,85.09,NORMAL
12,71,-0.0928054982829577,89.65,NORMAL
12,72,-0.0890691159905822,87.98,NORMAL
12,73,-0.0813436360580419,84.51,NORMAL
12,74,-0.08427551022538,85.83,NORMAL
12,75,-0.0925287046321695,89.53,NORMAL
12,76,-0.090402447287647,88.58,NORMAL
12,77,-0.072014108141295,80.33,NORMAL
12,78,-0.0952849054263564,90.76,NORMAL
12,79,-0.0906360453365243,88.68,NORMAL
12,80,-0.0602677703728659,75.06,NORMAL
12,81,-0.0862139404094309,86.7,NORMAL
12,82,-0.0290662626789981,61.07,WARNING
12,83,-0.0474800479959434,69.33,WARNING
12,84,-0.082250226098331,84.92,NORMAL
12,85,-0.0772406300113302,82.67,NORMAL
12,86,-0.051296783300372,71.04,NORMAL
12,87,-0.0839617751539374,85.69,NORMAL
12,88,-0.0685716987246611,78.79,NORMAL
12,89,-0.0362360321596798,64.29,WARNING
12,90,-0.0769125675533686,82.53,NORMAL
12,91,-0.0867759962228024,86.95,NORMAL
12,92,-0.0666990172707325,77.95,NORMAL
12,93,-0.0831668330710706,85.33,NORMAL
12,94,-0.0716112748267505,80.15,NORMAL
12,95,-0.0826038636545558,85.08,NORMAL
12,96,-0.050255268809374,70.57,NORMAL
12,97,-0.0820738648961669,84.84,NORMAL
12,98,-0.0861195974803532,86.65,NORMAL
12,99,-0.0983192033070101,92.13,NORMAL
12,100,-0.0701392961287936,79.49,NORMAL
12,101,-0.0823880095142245,84.98,NORMAL
12,102,-0.0864550563860199,86.81,NORMAL
12,103,-0.0813390142949784,84.51,NORMAL
12,104,-0.0750533267318398,81.69,NORMAL
12,105,-0.0712297348902034,79.98,NORMAL
12,106,-0.0658847585474523,77.58,NORMAL
12,107,-0.0802604179410859,84.03,NORMAL
12,108,-0.0961586716305246,91.16,NORMAL
12,109,-0.0486098334344818,69.83,WARNING
12,110,-0.081404236056663,84.54,NORMAL
12,111,-0.0777247064788046,82.89,NORMAL
12,112,-0.0710596595240296,79.9,NORMAL
12,113,-0.0784773584435345,83.23,NORMAL
12,114,-0.0234942950025623,58.57,WARNING
12,115,-0.0840971020837971,85.75,NORMAL
12,116,-0.0513702007665398,71.07,NORMAL
12,117,-0.0725342733162635,80.56,NORMAL
12,118,-0.0493848967032979,70.18,NORMAL
12,119,-0.0651518792297005,77.25,NORMAL
12,120,-0.0517052335039126,71.22,NORMAL
12,121,-0.0757569131662215,82.01,NORMAL
12,122,-0.0206895648612943,57.31,WARNING
12,123,-0.0803760390193304,84.08,NORMAL
12,124,-0.0379373774933008,65.05,WARNING
12,125,0.0024049600110791,46.96,WARNING
12,126,-0.0532585081949974,71.92,NORMAL
12,127,-0.0426954879002083,67.18,WARNING
12,128,-0.0531095566132155,71.85,NORMAL
12,129,-0.0165472954713471,55.46,WARNING
12,130,-0.0324598260513158,62.59,WARNING
12,131,-0.015396687639039,54.94,WARNING
12,132,-0.02306500632719,58.38,WARNING
12,133,-0.0616032915239291,75.66,NORMAL
12,134,-0.0369875455444316,64.62,WARNING
12,135,-0.0166195735725832,55.49,WARNING
12,136,-0.035021603390998,63.74,WARNING
12,137,-0.0327222314049556,62.71,WARNING
12,138,-0.0164619376923264,55.42,WARNING
12,139,-0.0135512045664332,54.11,WARNING
12,140,-0.0390002026569107,65.53,WARNING
12,141,0.0028255108477655,46.77,WARNING
12,142,-0.0267886938449879,60.05,WARNING
12,143,-0.0193826862526959,56.73,WARNING
12,144,-0.0055624346993681,50.53,WARNING
12,145,-0.0013631770065233,48.65,WARNING
12,146,-0.0243511029256573,58.96,WARNING
12,147,-0.014672275427561,54.62,WARNING
12,148,-0.0003427009800858,48.19,WARNING
12,149,-0.0127868235390946,53.77,WARNING
12,150,0.0030947212713031,46.65,WARNING
12,151,0.0192511772206666,39.4,CRITICAL
12,152,0.0086869977327498,44.14,WARNING
12,153,0.0074367599209393,44.7,WARNING
12,154,-0.0086638504335336,51.92,WARNING
12,155,0.0166620656765288,40.57,WARNING
12,156,0.0156953731371464,41.0,WARNING
12,157,0.0083000866855244,44.32,WARNING
12,158,0.0384347915110251,30.8,CRITICAL
12,159,0.0388228468951803,30.63,CRITICAL
12,160,0.0742249154080946,14.75,CRITICAL
12,161,0.0261936166629751,36.29,CRITICAL
12,162,0.0506272616129884,25.34,CRITICAL
12,163,0.0891622442421709,8.06,CRITICAL
12,164,0.0465558957213793,27.16,CRITICAL
12,165,0.0400259405812581,30.09,CRITICAL
12,166,0.0550010845033109,23.37,CRITICAL
12,167,0.0490076574649378,26.06,CRITICAL
12,168,0.0517496102932393,24.83,CRITICAL
12,169,0.0771165412009546,13.46,CRITICAL
12,170,0.0756453041945457,14.12,CRITICAL
13,1,-0.076874342370391,82.51,NORMAL
13,2,-0.1064098071227788,95.75,NORMAL
13,3,-0.1064639465060892,95.78,NORMAL
13,4,-0.0731385985953091,80.83,NORMAL
13,5,-0.0594926098536703,74.71,NORMAL
13,6,-0.1058687514155098,95.51,NORMAL
13,7,-0.1084918775264645,96.69,NORMAL
13,8,-0.0637449695059119,76.62,NORMAL
13,9,-0.0798727129286888,83.85,NORMAL
13,10,-0.0703987654870271,79.61,NORMAL
13,11,-0.0974163713732262,91.72,NORMAL
13,12,-0.1015007909912452,93.55,NORMAL
13,13,-0.0865910761487592,86.87,NORMAL
13,14,-0.0970466711578942,91.55,NORMAL
13,15,-0.0564416671281737,73.35,NORMAL
13,16,-0.0897874219614965,88.3,NORMAL
13,17,-0.1037786880728919,94.57,NORMAL
13,18,-0.0821596248205706,84.88,NORMAL
13,19,-0.1052903287095526,95.25,NORMAL
13,20,-0.0920552493935749,89.32,NORMAL
13,21,-0.0841000066617722,85.75,NORMAL
13,22,-0.1139457456102948,99.13,NORMAL
13,23,-0.090778918667095,88.74,NORMAL
13,24,-0.0829909422687749,85.25,NORMAL
13,25,-0.079451918507926,83.67,NORMAL
13,26,-0.0932794618997642,89.87,NORMAL
13,27,-0.1155122283721446,99.84,NORMAL
13,28,-0.1110891203325216,97.85,NORMAL
13,29,-0.1182103071718154,100.0,NORMAL
13,30,-0.0892635329423054,88.06,NORMAL
13,31,-0.112065178217947,98.29,NORMAL
13,32,-0.1217834715907847,100.0,NORMAL
13,33,-0.1142205155237348,99.26,NORMAL
13,34,-0.1104579248683985,97.57,NORMAL
13,35,-0.1069398987310829,95.99,NORMAL
13,36,-0.0925974749940695,89.56,NORMAL
13,37,-0.0668670782632695,78.02,NORMAL
13,38,-0.0851924614720793,86.24,NORMAL
13,39,-0.0975243531549349,91.77,NORMAL
13,40,-0.0735474302980321,81.02,NORMAL
13,41,-0.1017875797651416,93.68,NORMAL
13,42,-0.1039325109231791,94.64,NORMAL
13,43,-0.1191173315871323,100.0,NORMAL
13,44,-0.0957531276701447,90.97,NORMAL
13,45,-0.0890563255651509,87.97,NORMAL
13,46,-0.0871142182005342,87.1,NORMAL
13,47,-0.0827049575824595,85.12,NORMAL
13,48,-0.1009078476316017,93.29,NORMAL
13,49,-0.079274252071462,83.59,NORMAL
13,50,-0.1147637261667318,99.5,NORMAL
13,51,-0.0981065871399559,92.03,NORMAL
13,52,-0.0763954700649804,82.29,NORMAL
13,53,-0.0949510945663582,90.62,NORMAL
13,54,-0.0864664895373834,86.81,NORMAL
13,55,-0.1013647951356341,93.49,NORMAL
13,56,-0.0925225589012205,89.53,NORMAL
13,57,-0.087803919457077,87.41,NORMAL
13,58,-0.0888895225722763,87.9,NORMAL
13,59,-0.092499598926397,89.52,NORMAL
13,60,-0.0954559619509804,90.84,NORMAL
13,61,-0.0781271413575123,83.07,NORMAL
13,62,-0.0949668413193145,90.62,NORMAL
13,63,-0.0976162144745158,91.81,NORMAL
13,64,-0.1084410731235775,96.66,NORMAL
13,65,-0.0873157104012615,87.19,NORMAL
13,66,-0.0952930766442027,90.77,NORMAL
13,67,-0.0585318171229845,74.28,NORMAL
13,68,-0.0915596260489368,89.09,NORMAL
13,69,-0.1087963986967358,96.82,NORMAL
13,70,-0.0773724685243927,82.73,NORMAL
13,71,-0.0819247280187049,84.77,NORMAL
13,72,-0.0840766315734786,85.74,NORMAL
13,73,-0.0973387230917555,91.69,NORMAL
13,74,-0.0901203981158745,88.45,NORMAL
13,75,-0.1097181497631176,97.24,NORMAL
13,76,-0.1062220577243137,95.67,NORMAL
13,77,-0.0642049930782557,76.83,NORMAL
13,78,-0.096149676621958,91.15,NORMAL
13,79,-0.0853222539730472,86.3,NORMAL
13,80,-0.1012764202046578,93.45,NORMAL
13,81,-0.0811601052079826,84.43,NORMAL
13,82,-0.076010762133085,82.12,NORMAL
13,83,-0.1118439873495729,98.19,NORMAL
13,84,-0.1042034115712952,94.76,NORMAL
13,85,-0.0686015478270833,78.8,NORMAL
13,86,-0.0698638798017661,79.37,NORMAL
13,87,-0.1034752638469662,94.44,NORMAL
13,88,-0.08557949311877,86.41,NORMAL
13,89,-0.093024783922295,89.75,NORMAL
13,90,-0.0770453197636762,82.59,NORMAL
13,91,-0.0888634211253138,87.89,NORMAL
13,92,-0.061433763515134,75.59,NORMAL
13,93,-0.0976824026907035,91.84,NORMAL
13,94,-0.110155692105574,97.43,NORMAL
13,95,-0.0811426847051752,84.42,NORMAL
13,96,-0.0788042071259733,83.37,NORMAL
13,97,-0.1003859015860685,93.05,NORMAL
13,98,-0.0858336099345343,86.53,NORMAL
13,99,-0.0599900822917693,74.94,NORMAL
13,100,-0.0826363803393808,85.09,NORMAL
13,101,-0.0826011122513075,85.08,NORMAL
13,102,-0.1021825128623122,93.86,NORMAL
13,103,-0.0966384224050588,91.37,NORMAL
13,104,-0.0758530975621099,82.05,NORMAL
13,105,-0.1055173352802315,95.35,NORMAL
13,106,-0.0677446565959252,78.42,NORMAL
13,107,-0.0813203779890932,84.5,NORMAL
13,108,-0.0993306817242154,92.58,NORMAL
13,109,-0.0693673282114301,79.14,NORMAL
13,110,-0.0909218538319395,88.81,NORMAL
13,111,-0.0566888685675676,73.46,NORMAL
13,112,-0.0828363822731702,85.18,NORMAL
13,113,-0.0987159435326975,92.3,NORMAL
13,114,-0.0733719068805576,80.94,NORMAL
13,115,-0.0902072734739019,88.49,NORMAL
13,116,-0.0820968573610731,84.85,NORMAL
13,117,-0.0605669451133672,75.2,NORMAL
13,118,-0.0867753831427151,86.95,NORMAL
13,119,-0.080859758372386,84.3,NORMAL
13,120,-0.0789683194960756,83.45,NORMAL
13,121,-0.0675320985797995,78.32,NORMAL
13,122,-0.0783140183484877,83.15,NORMAL
13,123,-0.0398361228428184,65.9,WARNING
13,124,-0.0575470204309385,73.84,NORMAL
13,125,-0.0712178610659911,79.97,NORMAL
13,126,-0.0561134766511322,73.2,NORMAL
13,127,-0.0670416092928217,78.1,NORMAL
13,128,-0.0638600400802828,76.67,NORMAL
13,129,-0.056739550617302,73.48,NORMAL
13,130,-0.024920327823861,59.21,WARNING
13,131,-0.0302622311297989,61.61,WARNING
13,132,-0.0347190210697097,63.61,WARNING
13,133,-0.0524821910652217,71.57,NORMAL
13,134,-0.0592826296714901,74.62,NORMAL
13,135,-0.0589895085020504,74.49,NORMAL
13,136,-0.0416165723490886,66.7,WARNING
13,137,-0.0630347064463879,76.3,NORMAL
13,138,-0.0475506315008969,69.36,WARNING
13,139,-0.0409576399832767,66.4,WARNING
13,140,-0.0116568958575534,53.26,WARNING
13,141,-0.0209346808798738,57.42,WARNING
13,142,-0.0375717619617852,64.89,WARNING
13,143,0.0153498411943424,41.15,WARNING
13,144,-0.0071195707154818,51.23,WARNING
13,145,-0.0217282114291934,57.78,WARNING
13,146,0.0036432993004446,46.4,WARNING
13,147,-0.0133711276830029,54.03,WARNING
13,148,-0.0148043559711207,54.68,WARNING
13,149,-0.0015889358105175,48.75,WARNING
13,150,0.0056945806526773,45.48,WARNING
13,151,0.0333932803233725,33.06,CRITICAL
13,152,-0.0068354900897658,51.1,WARNING
13,153,0.0312896781042151,34.01,CRITICAL
13,154,0.0087260921991831,44.12,WARNING
13,155,0.0307940317122132,34.23,CRITICAL
13,156,0.0203391512306845,38.92,CRITICAL
13,157,0.0517388114436323,24.84,CRITICAL
13,158,0.0377685330036355,31.1,CRITICAL
13,159,0.1036778666850241,1.55,CRITICAL
13,160,0.0578004299548295,22.12,CRITICAL
13,161,0.0845048094232375,10.14,CRITICAL
13,162,0.1055046154416006,0.73,CRITICAL
13,163,0.1197095813954705,0.0,CRITICAL
14,1,-0.0835197734674494,85.49,NORMAL
14,2,-0.1120515044294604,98.28,NORMAL
14,3,-0.1018460659480379,93.71,NORMAL
14,4,-0.1132799125822212,98.83,NORMAL
14,5,-0.0970904024439049,91.57,NORMAL
14,6,-0.0949752062033054,90.63,NORMAL
14,7,-0.0933656780867852,89.9,NORMAL
14,8,-0.0893261966342388,88.09,NORMAL
14,9,-0.0844998286320222,85.93,NORMAL
14,10,-0.0700634997498141,79.46,NORMAL
14,11,-0.0877246841935376,87.37,NORMAL
14,12,-0.0558750477384704,73.09,NORMAL
14,13,-0.0863631536349811,86.76,NORMAL
14,14,-0.0921286556433512,89.35,NORMAL
14,15,-0.0905674989837697,88.65,NORMAL
14,16,-0.0914177571862037,89.03,NORMAL
14,17,-0.0561407722580171,73.21,NORMAL
14,18,-0.1075632902448107,96.27,NORMAL
14,19,-0.0822623115815238,84.93,NORMAL
14,20,-0.1120252194491674,98.27,NORMAL
14,21,-0.0636254418754907,76.57,NORMAL
14,22,-0.0707046804395777,79.74,NORMAL
14,23,-0.1095191740979761,97.15,NORMAL
14,24,-0.1050210650386983,95.13,NORMAL
14,25,-0.1062042245883407,95.66,NORMAL
14,26,-0.0948552301474706,90.57,NORMAL
14,27,-0.1048856560271206,95.07,NORMAL
14,28,-0.0844577946639341,85.91,NORMAL
14,29,-0.0676081860246683,78.35,NORMAL
14,30,-0.0948249595645073,90.56,NORMAL
14,31,-0.0598325438284373,74.87,NORMAL
14,32,-0.0803673900501647,84.08,NORMAL
14,33,-0.0947589325386338,90.53,NORMAL
14,34,-0.1162960019772962,100.0,NORMAL
14,35,-0.0838385126309453,85.63,NORMAL
14,36,-0.0974537633250483,91.74,NORMAL
14,37,-0.0864421285133804,86.8,NORMAL
14,38,-0.0819734692289795,84.8,NORMAL
14,39,-0.1010066300837587,93.33,NORMAL
14,40,-0.1118608955942835,98.2,NORMAL
14,41,-0.0806915516170482,84.22,NORMAL
14,42,-0.0992944865839234,92.56,NORMAL
14,43,-0.0940938242616507,90.23,NORMAL
14,44,-0.1085502469980096,96.71,NORMAL
14,45,-0.086568677970728,86.86,NORMAL
14,46,-0.093949794153596,90.17,NORMAL
14,47,-0.0934743009250246,89.95,NORMAL
14,48,-0.0953513539511278,90.79,NORMAL
14,49,-0.1082561154439613,96.58,NORMAL
14,50,-0.0892632916273958,88.06,NORMAL
14,51,-0.0771455748760184,82.63,NORMAL
14,52,-0.1117043631860431,98.13,NORMAL
14,53,-0.1034992645818522,94.45,NORMAL
14,54,-0.0669138489497116,78.04,NORMAL
14,55,-0.0733006203513065,80.91,NORMAL
14,56,-0.1074064136176642,96.2,NORMAL
14,57,-0.0849231517775175,86.12,NORMAL
14,58,-0.0899634803298837,88.38,NORMAL
14,59,-0.0956812559916583,90.94,NORMAL
14,60,-0.0880221393044892,87.51,NORMAL
14,61,-0.0808091504474763,84.27,NORMAL
14,62,-0.0725548098295765,80.57,NORMAL
14,63,-0.0828186781009714,85.17,NORMAL
14,64,-0.1077993704852133,96.38,NORMAL
14,65,-0.0898198813576936,88.31,NORMAL
14,66,-0.1004177549586397,93.07,NORMAL
14,67,-0.0958370539400341,91.01,NORMAL
14,68,-0.1092256084719734,97.02,NORMAL
14,69,-0.1128063029984525,98.62,NORMAL
14,70,-0.0993514417349216,92.59,NORMAL
14,71,-0.1121761585645979,98.34,NORMAL
14,72,-0.0755556704616507,81.92,NORMAL
14,73,-0.111233628749306,97.92,NORMAL
14,74,-0.0953957556393292,90.81,NORMAL
14,75,-0.0951463718092334,90.7,NORMAL
14,76,-0.0959228506921378,91.05,NORMAL
14,77,-0.091607055619603,89.12,NORMAL
14,78,-0.098398823778155,92.16,NORMAL
14,79,-0.1210256000181689,100.0,NORMAL
14,80,-0.096828345705234,91.46,NORMAL
14,81,-0.0913277327654605,88.99,NORMAL
14,82,-0.0891428969951213,88.01,NORMAL
14,83,-0.1134668511026262,98.92,NORMAL
14,84,-0.1118969167829324,98.21,NORMAL
14,85,-0.112181691533021,98.34,NORMAL
14,86,-0.1002779355349486,93.0,NORMAL
14,87,-0.0854548269485078,86.36,NORMAL
14,88,-0.0774101518169803,82.75,NORMAL
14,89,-0.1074072710563073,96.2,NORMAL
14,90,-0.0892827625725882,88.07,NORMAL
14,91,-0.0616374593317665,75.68,NORMAL
14,92,-0.0694004609474855,79.16,NORMAL
14,93,-0.0815809100735186,84.62,NORMAL
14,94,-0.0912113693845669,88.94,NORMAL
14,95,-0.0907591213794894,88.74,NORMAL
14,96,-0.0864082044770355,86.78,NORMAL
14,97,-0.1082865360788191,96.59,NORMAL
14,98,-0.0856409696959256,86.44,NORMAL
14,99,-0.076117246978183,82.17,NORMAL
14,100,-0.1059620820427501,95.55,NORMAL
14,101,-0.0660550858498126,77.66,NORMAL
14,102,-0.053704831247561,72.12,NORMAL
14,103,-0.0978598910451663,91.92,NORMAL
14,104,-0.0878602003164609,87.44,NORMAL
14,105,-0.0995748086134312,92.69,NORMAL
14,106,-0.0900241153979665,88.41,NORMAL
14,107,-0.0607002364608276,75.26,NORMAL
14,108,-0.0833498478489965,85.41,NORMAL
14,109,-0.0976827208398951,91.84,NORMAL
14,110,-0.0973380507989747,91.69,NORMAL
14,111,-0.0967755866688762,91.43,NORMAL
14,112,-0.0594080035029525,74.68,NORMAL
14,113,-0.0882553059934903,87.61,NORMAL
14,114,-0.0870389339207697,87.07,NORMAL
14,115,-0.0746538372183242,81.51,NORMAL
14,116,-0.0843522842646568,85.86,NORMAL
14,117,-0.0978969355355433,91.94,NORMAL
14,118,-0.0676856887233024,78.39,NORMAL
14,119,-0.0878457134347418,87.43,NORMAL
14,120,-0.088112268685236,87.55,NORMAL
14,121,-0.0735535399517645,81.02,NORMAL
14,122,-0.0814417204952784,84.56,NORMAL
14,123,-0.0678301735721924,78.45,NORMAL
14,124,-0.093005720045604,89.74,NORMAL
14,125,-0.0865199602004129,86.83,NORMAL
14,126,-0.0575893434318594,73.86,NORMAL
14,127,-0.0704554839164309,79.63,NORMAL
14,128,-0.0584667072332358,74.25,NORMAL
14,129,-0.0845373277204777,85.95,NORMAL
14,130,-0.0695402631929461,79.22,NORMAL
14,131,-0.0831166405844174,85.31,NORMAL
14,132,-0.0543792025152716,72.42,NORMAL
14,133,-0.0743057304705978,81.36,NORMAL
14,134,-0.0729084594937086,80.73,NORMAL
14,135,-0.0614142573035776,75.58,NORMAL
14,136,-0.0669517642640661,78.06,NORMAL
14,137,-0.031342529894004,62.09,WARNING
14,138,-0.0766505022616982,82.41,NORMAL
14,139,-0.0672245121737559,78.18,NORMAL
14,140,-0.0728327781547253,80.7,NORMAL
14,141,-0.0756352811455526,81.95,NORMAL
14,142,-0.0412211206069775,66.52,WARNING
14,143,0.0023293206631278,46.99,WARNING
14,144,-0.0504893257440984,70.68,NORMAL
14,145,-0.0627650888197425,76.18,NORMAL
14,146,-0.0578712264760053,73.99,NORMAL
14,147,-0.040172911323127,66.05,WARNING
14,148,-0.0023798999383968,49.1,WARNING
14,149,-0.0596428360308423,74.78,NORMAL
14,150,-0.0427953873257162,67.23,WARNING
14,151,-0.0157849909258095,55.12,WARNING
14,152,0.0063043248646181,45.21,WARNING
14,153,-0.0377185449870057,64.95,WARNING
14,154,-0.0289154301795186,61.0,WARNING
14,155,0.0053865575353926,45.62,WARNING
14,156,-0.0237942584133235,58.71,WARNING
14,157,-0.0297337154104019,61.37,WARNING
14,158,-0.0451379254985221,68.28,WARNING
14,159,-0.0108443289585288,52.9,WARNING
14,160,-0.0003713765131965,48.2,WARNING
14,161,-0.0064799097391142,50.94,WARNING
14,162,0.0065505388405521,45.1,WARNING
14,163,-0.0199657495263843,56.99,WARNING
14,164,0.0166596732879587,40.57,WARNING
14,165,-0.0146719289307582,54.62,WARNING
14,166,-0.0120854759783327,53.46,WARNING
14,167,0.0225243046778881,37.94,CRITICAL
14,168,0.0242857974190863,37.15,CRITICAL
14,169,0.0075225417443858,44.66,WARNING
14,170,0.0356068975737501,32.07,CRITICAL
14,171,0.0706049241852778,16.38,CRITICAL
14,172,0.0546188434896514,23.55,CRITICAL
14,173,0.0534629674624957,24.06,CRITICAL
14,174,0.0521264894475843,24.66,CRITICAL
14,175,0.0361506579149142,31.83,CRITICAL
14,176,0.0282569951232855,35.37,CRITICAL
14,177,0.0650398151268973,18.87,CRITICAL
14,178,0.0610577986705321,20.66,CRITICAL
14,179,0.086341712353039,9.32,CRITICAL
14,180,0.0787027021852275,12.75,CRITICAL
15,1,-0.0079201936363839,51.59,WARNING
15,2,-0.0397788075039846,65.87,WARNING
15,3,-0.0575773455490987,73.86,NORMAL
15,4,-0.0147875870430293,54.67,WARNING
15,5,0.0493228071356672,25.92,CRITICAL
15,6,-0.013237474547191,53.97,WARNING
15,7,-0.0163180978790074,55.35,WARNING
15,8,-0.0468117223506411,69.03,WARNING
15,9,0.0634688296182057,19.58,CRITICAL
15,10,-0.0375918891775705,64.89,WARNING
15,11,0.0122132669281658,42.56,WARNING
15,12,0.0516731832698958,24.87,CRITICAL
15,13,0.0113824760091504,42.93,WARNING
15,14,-0.0297570343648637,61.38,WARNING
15,15,-0.0362563334381475,64.3,WARNING
15,16,0.0011849347981621,47.51,WARNING
15,17,-0.0186691126806113,56.41,WARNING
15,18,0.0260316567371761,36.36,CRITICAL
15,19,0.0024817669522743,46.92,WARNING
15,20,-0.0166815215868882,55.52,WARNING
15,21,0.0322990537426147,33.55,CRITICAL
15,22,-0.0524807384685323,71.57,NORMAL
15,23,-0.0456564718505063,68.51,WARNING
15,24,0.0406298948453371,29.82,CRITICAL
15,25,-0.0402705462377728,66.1,WARNING
15,26,-0.0422188380450256,66.97,WARNING
15,27,-0.0606331422839729,75.23,NORMAL
15,28,-0.0048829405995003,50.23,WARNING
15,29,0.0188034914075015,39.61,CRITICAL
15,30,0.0108241478998653,43.18,WARNING
15,31,-0.0587296856618158,74.37,NORMAL
15,32,-0.0857593776835968,86.49,NORMAL
15,33,-0.0820407654839911,84.83,NORMAL
15,34,0.0144470917665795,41.56,WARNING
15,35,-0.0761199728717358,82.17,NORMAL
15,36,-0.0072321993972397,51.28,WARNING
15,37,-0.0471753306150839,69.19,WARNING
15,38,0.0340446256667148,32.77,CRITICAL
15,39,-0.0562524660954762,73.26,NORMAL
15,40,-0.0601577981554019,75.01,NORMAL
15,41,-0.0576099830563609,73.87,NORMAL
15,42,-0.0168258979352737,55.58,WARNING
15,43,-0.0380122031660588,65.08,WARNING
15,44,-0.0372747721332253,64.75,WARNING
15,45,-0.0564659475574945,73.36,NORMAL
15,46,-0.0415349430740293,66.66,WARNING
15,47,-0.0258282050027965,59.62,WARNING
15,48,0.0235217330825778,37.49,CRITICAL
15,49,-0.0304052892578201,61.67,WARNING
15,50,-0.0609882855025508,75.39,NORMAL
15,51,0.0013501122096832,47.43,WARNING
15,52,-0.0594955589955785,74.72,NORMAL
15,53,-0.017161763071547,55.73,WARNING
15,54,-0.0517573216960207,71.25,NORMAL
15,55,-0.064540722202724,76.98,NORMAL
15,56,-0.0329508035209819,62.81,WARNING
15,57,-0.0561471421549045,73.21,NORMAL
15,58,-0.062239591945186,75.95,NORMAL
15,59,-0.0082892494176869,51.75,WARNING
15,60,-0.0427576290790551,67.21,WARNING
15,61,-0.0306210142677129,61.77,WARNING
15,62,-0.0641404165939595,76.8,NORMAL
15,63,-0.0882294383076067,87.6,NORMAL
15,64,-0.0804878622610666,84.13,NORMAL
15,65,-0.0270419474831006,60.16,WARNING
15,66,-0.0552696491399619,72.82,NORMAL
15,67,-0.046489673131135,68.88,WARNING
15,68,-0.0661481512886691,77.7,NORMAL
15,69,-0.0161255804875909,55.27,WARNING
15,70,-0.080448562430161,84.11,NORMAL
15,71,-0.0615483204314889,75.64,NORMAL
15,72,-0.0519956517422672,71.35,NORMAL
15,73,-0.0250110094321735,59.25,WARNING
15,74,-0.0703933577060631,79.6,NORMAL
15,75,-0.0415976840483366,66.69,WARNING
15,76,-0.0524276113372501,71.55,NORMAL
15,77,-0.0792011293691611,83.55,NORMAL
15,78,-0.0049483303069358,50.26,WARNING
15,79,-0.0647075311964007,77.05,NORMAL
15,80,-0.0413054896396071,66.56,WARNING
15,81,-0.032334555875532,62.54,WARNING
15,82,-0.0564445715422678,73.35,NORMAL
15,83,-0.0737892529933265,81.13,NORMAL
15,84,-0.0502807217527865,70.58,NORMAL
15,85,-0.0433038699358474,67.46,WARNING
15,86,0.0094239573785888,43.81,WARNING
15,87,-0.0847368119002299,86.03,NORMAL
15,88,-0.0678047059697887,78.44,NORMAL
15,89,-0.0760882310069412,82.16,NORMAL
15,90,-0.0653034200850113,77.32,NORMAL
15,91,-0.0778898596919314,82.96,NORMAL
15,92,-0.0859074340573868,86.56,NORMAL
15,93,-0.0669087731705334,78.04,NORMAL
15,94,-0.0634915028892782,76.51,NORMAL
15,95,-0.0768779613820144,82.51,NORMAL
15,96,-0.0743614897046232,81.38,NORMAL
15,97,-0.0638631177713933,76.67,NORMAL
15,98,-0.0756305092313207,81.95,NORMAL
15,99,-0.0921620634500929,89.36,NORMAL
15,100,-0.0374419369891306,64.83,WARNING
15,101,-0.0571768199449385,73.68,NORMAL
15,102,-0.0652417889813669,77.29,NORMAL
15,103,-0.1097566127230528,97.25,NORMAL
15,104,-0.0666068254113181,77.91,NORMAL
15,105,-0.0761872917295,82.2,NORMAL
15,106,-0.0899694460280911,88.38,NORMAL
15,107,-0.0582574870411534,74.16,NORMAL
15,108,-0.0911123750241025,88.89,NORMAL
15,109,-0.078688785054557,83.32,NORMAL
15,110,-0.0681906486576108,78.62,NORMAL
15,111,-0.0980123243881558,91.99,NORMAL
15,112,-0.0623819644721705,76.01,NORMAL
15,113,-0.065746546467968,77.52,NORMAL
15,114,-0.070011559915836,79.43,NORMAL
15,115,-0.0960410578222228,91.1,NORMAL
15,116,-0.0913990644827186,89.02,NORMAL
15,117,-0.0998828937392272,92.83,NORMAL
15,118,-0.0757195320400219,81.99,NORMAL
15,119,-0.0506935929708619,70.77,NORMAL
15,120,-0.0651608539256061,77.26,NORMAL
15,121,-0.0726956035108005,80.64,NORMAL
15,122,-0.0541019161465166,72.3,NORMAL
15,123,-0.1033082972368612,94.36,NORMAL
15,124,-0.0377622653199083,64.97,WARNING
15,125,-0.0840464824983362,85.73,NORMAL
15,126,-0.0794803229855365,83.68,NORMAL
15,127,-0.069740611021459,79.31,NORMAL
15,128,-0.0697028935502425,79.29,NORMAL
15,129,-0.0662921540835391,77.76,NORMAL
15,130,-0.106427086761461,95.76,NORMAL
15,131,-0.1044431771217626,94.87,NORMAL
15,132,-0.0835080572975233,85.48,NORMAL
15,133,-0.0734028403592056,80.95,NORMAL
15,134,-0.1058698266557265,95.51,NORMAL
15,135,-0.0853620175188693,86.32,NORMAL
15,136,-0.0756724184419362,81.97,NORMAL
15,137,-0.0927585016479648,89.63,NORMAL
15,138,-0.1073662777553553,96.18,NORMAL
15,139,-0.1117671374415306,98.16,NORMAL
15,140,-0.0855533298049341,86.4,NORMAL
15,141,-0.1109991981546495,97.81,NORMAL
15,142,-0.1160247744244722,100.0,NORMAL
15,143,-0.1029100296490362,94.18,NORMAL
15,144,-0.0651487250917716,77.25,NORMAL
15,145,-0.0889098693222641,87.91,NORMAL
15,146,-0.0977508350523233,91.87,NORMAL
15,147,-0.0965761849925223,91.34,NORMAL
15,148,-0.106770000188176,95.91,NORMAL
15,149,-0.104339380787211,94.82,NORMAL
15,150,-0.0937412437675135,90.07,NORMAL
15,151,-0.1020447590910397,93.8,NORMAL
15,152,-0.081087369154316,84.4,NORMAL
15,153,-0.0667889496911283,77.99,NORMAL
15,154,-0.0851074909124383,86.2,NORMAL
15,155,-0.0780081486258784,83.02,NORMAL
15,156,-0.1055876495917734,95.38,NORMAL
15,157,-0.1054998037236609,95.35,NORMAL
15,158,-0.0919063477621595,89.25,NORMAL
15,159,-0.0924998110848739,89.52,NORMAL
15,160,-0.1091097435654697,96.96,NORMAL
15,161,-0.0745760442506845,81.48,NORMAL
15,162,-0.1131622653912298,98.78,NORMAL
15,163,-0.0981256222528587,92.04,NORMAL
15,164,-0.083456100153296,85.46,NORMAL
15,165,-0.1060797352839131,95.61,NORMAL
15,166,-0.0944984280412081,90.41,NORMAL
15,167,-0.0885021984574357,87.72,NORMAL
15,168,-0.0652388813982363,77.29,NORMAL
15,169,-0.0934334274559305,89.93,NORMAL
15,170,-0.0206828932881953,57.31,WARNING
15,171,-0.0550310529306207,72.71,NORMAL
15,172,-0.0950634626798475,90.67,NORMAL
15,173,-0.0468426276476252,69.04,WARNING
15,174,-0.086761748900107,86.94,NORMAL
15,175,-0.0233915662650944,58.53,WARNING
15,176,-0.0889950169711448,87.94,NORMAL
15,177,-0.0720688207165515,80.35,NORMAL
15,178,-0.047895562721947,69.51,WARNING
15,179,-0.0457862648994596,68.57,WARNING
15,180,-0.0445120273995109,68.0,WARNING
15,181,-0.0661994163100176,77.72,NORMAL
15,182,-0.0510089876021507,70.91,NORMAL
15,183,-0.0073909732420774,51.35,WARNING
15,184,-0.0479521956352444,69.54,WARNING
15,185,-0.0304479575881755,61.69,WARNING
15,186,-0.0572701466828236,73.72,NORMAL
15,187,-0.0554427823972677,72.9,NORMAL
15,188,-0.0296778409471933,61.35,WARNING
15,189,0.0041397428089228,46.18,WARNING
15,190,-0.0041712004046917,49.91,WARNING
15,191,0.0024551136144097,46.94,WARNING
15,192,-0.0107656981169904,52.86,WARNING
15,193,0.0218771575906308,38.23,CRITICAL
15,194,0.0132205196727169,42.11,WARNING
15,195,-0.0214917974168618,57.67,WARNING
15,196,0.0198065024675146,39.16,CRITICAL
15,197,0.0307958093102568,34.23,CRITICAL
15,198,0.0148522352755608,41.38,WARNING
15,199,0.025245175995418,36.72,CRITICAL
15,200,0.0375816476413086,31.19,CRITICAL
15,201,0.0219991179973433,38.17,CRITICAL
15,202,0.0697195671428989,16.77,CRITICAL
15,203,0.0912205760150505,7.13,CRITICAL
15,204,0.0615612445244139,20.43,CRITICAL
15,205,0.1045267039687845,1.17,CRITICAL
15,206,0.1071407065092658,0.0,CRITICAL
15,207,0.0812357040830533,11.61,CRITICAL
16,1,-0.0953270664515906,90.78,NORMAL
16,2,-0.084491906857285,85.93,NORMAL
16,3,-0.1101811880409784,97.44,NORMAL
16,4,-0.0696288301344585,79.26,NORMAL
16,5,-0.0938387812539748,90.12,NORMAL
16,6,-0.0780129389256638,83.02,NORMAL
16,7,-0.0513095887221864,71.05,NORMAL
16,8,-0.0865110387610434,86.83,NORMAL
16,9,-0.0870857297955482,87.09,NORMAL
16,10,-0.0933305812495687,89.89,NORMAL
16,11,-0.0970253957366127,91.55,NORMAL
16,12,-0.1036381714908766,94.51,NORMAL
16,13,-0.0731858185358014,80.86,NORMAL
16,14,-0.0787934967754582,83.37,NORMAL
16,15,-0.0801812178438564,83.99,NORMAL
16,16,-0.0925674698682705,89.55,NORMAL
16,17,-0.0699522941299493,79.41,NORMAL
16,18,-0.089892439207878,88.35,NORMAL
16,19,-0.0919570024167419,89.27,NORMAL
16,20,-0.1051062529777802,95.17,NORMAL
16,21,-0.0827359518913321,85.14,NORMAL
16,22,-0.0828515623100176,85.19,NORMAL
16,23,-0.0813544448056768,84.52,NORMAL
16,24,-0.0974632732556129,91.74,NORMAL
16,25,-0.1113399310337506,97.96,NORMAL
16,26,-0.0958536296561172,91.02,NORMAL
16,27,-0.0825383114989561,85.05,NORMAL
16,28,-0.051017702360427,70.91,NORMAL
16,29,-0.1065714994478617,95.83,NORMAL
16,30,-0.0851312543408446,86.21,NORMAL
16,31,-0.0999556588198608,92.86,NORMAL
16,32,-0.1042458257570959,94.78,NORMAL
16,33,-0.0963658700110109,91.25,NORMAL
16,34,-0.0855648933347943,86.41,NORMAL
16,35,-0.0795135887815559,83.69,NORMAL
16,36,-0.0962839750795417,91.21,NORMAL
16,37,-0.1176050524962035,100.0,NORMAL
16,38,-0.0776047450142533,82.84,NORMAL
16,39,-0.087498698594974,87.27,NORMAL
16,40,-0.1047769941708168,95.02,NORMAL
16,41,-0.0814556204480962,84.56,NORMAL
16,42,-0.0769825991917515,82.56,NORMAL
16,43,-0.0725945339275152,80.59,NORMAL
16,44,-0.098605802900397,92.25,NORMAL
16,45,-0.0805689001095216,84.17,NORMAL
16,46,-0.0781421502444666,83.08,NORMAL
16,47,-0.0869762423308649,87.04,NORMAL
16,48,-0.0817731505964914,84.71,NORMAL
16,49,-0.0677500441902376,78.42,NORMAL
16,50,-0.0915789851129973,89.1,NORMAL
16,51,-0.0987399934486861,92.31,NORMAL
16,52,-0.0832099033091416,85.35,NORMAL
16,53,-0.0762208432842173,82.22,NORMAL
16,54,-0.1108141433147288,97.73,NORMAL
16,55,-0.0745230419166255,81.45,NORMAL
16,56,-0.0708264599365748,79.8,NORMAL
16,57,-0.0818834695063789,84.76,NORMAL
16,58,-0.0798351262196165,83.84,NORMAL
16,59,-0.0750748501235771,81.7,NORMAL
16,60,-0.1072899707040924,96.15,NORMAL
16,61,-0.0976987885365222,91.85,NORMAL
16,62,-0.0642200749580462,76.83,NORMAL
16,63,-0.0881070272396278,87.55,NORMAL
16,64,-0.0774742090289451,82.78,NORMAL
16,65,-0.0982423645309222,92.09,NORMAL
16,66,-0.0907453629598463,88.73,NORMAL
16,67,-0.0878890047635505,87.45,NORMAL
16,68,-0.0839824169557906,85.7,NORMAL
16,69,-0.0923040711607862,89.43,NORMAL
16,70,-0.0556269183743926,72.98,NORMAL
16,71,-0.0758889186274103,82.07,NORMAL
16,72,-0.0626062929353764,76.11,NORMAL
16,73,-0.0624827019014787,76.06,NORMAL
16,74,-0.0980554912692415,92.01,NORMAL
16,75,-0.0912294566698241,88.95,NORMAL
16,76,-0.0654646777732589,77.39,NORMAL
16,77,-0.0859460715486841,86.58,NORMAL
16,78,-0.0667476396917576,77.97,NORMAL
16,79,-0.0881360864533796,87.56,NORMAL
16,80,-0.0827007039865708,85.12,NORMAL
16,81,-0.0877837535721335,87.4,NORMAL
16,82,-0.10238785696466,93.95,NORMAL
16,83,-0.0444061159991683,67.95,WARNING
16,84,-0.0855421282383608,86.4,NORMAL
16,85,-0.0920161965287055,89.3,NORMAL
16,86,-0.0935646161452053,89.99,NORMAL
16,87,-0.0954648175174623,90.85,NORMAL
16,88,-0.0653781692174298,77.35,NORMAL
16,89,-0.0843041225185735,85.84,NORMAL
16,90,-0.0944040290700016,90.37,NORMAL
16,91,-0.0802153372961146,84.01,NORMAL
16,92,-0.0940391895645623,90.21,NORMAL
16,93,-0.0694815258004932,79.19,NORMAL
16,94,-0.0747536416133363,81.56,NORMAL
16,95,-0.0944589312404775,90.39,NORMAL
16,96,-0.1088009586727968,96.83,NORMAL
16,97,-0.0690758322689373,79.01,NORMAL
16,98,-0.0849974433627266,86.15,NORMAL
16,99,-0.0919063122753033,89.25,NORMAL
16,100,-0.0647529048916187,77.07,NORMAL
16,101,-0.065680047584309,77.49,NORMAL
16,102,-0.081704497366499,84.68,NORMAL
16,103,-0.0678666161389139,78.47,NORMAL
16,104,-0.0497528245187027,70.35,NORMAL
16,105,-0.03914823268129,65.59,WARNING
16,106,-0.0943737620004619,90.36,NORMAL
16,107,-0.0711277679216803,79.93,NORMAL
16,108,-0.0699720966078948,79.41,NORMAL
16,109,-0.0698345102990073,79.35,NORMAL
16,110,-0.0695115440217489,79.21,NORMAL
16,111,-0.0726240987261242,80.6,NORMAL
16,112,-0.0734171415897925,80.96,NORMAL
16,113,-0.0936103903296585,90.01,NORMAL
16,114,-0.0999514065528475,92.86,NORMAL
16,115,-0.0905074705484038,88.62,NORMAL
16,116,-0.0670546164082946,78.11,NORMAL
16,117,-0.0462827276524873,68.79,WARNING
16,118,-0.0704171222520385,79.61,NORMAL
16,119,-0.079653631259186,83.76,NORMAL
16,120,-0.0441176117112475,67.82,WARNING
16,121,-0.0699811211301012,79.42,NORMAL
16,122,-0.0303762347933957,61.66,WARNING
16,123,-0.0708830882988222,79.82,NORMAL
16,124,-0.0760039154748609,82.12,NORMAL
16,125,-0.0777769400719691,82.91,NORMAL
16,126,-0.0437751781846935,67.67,WARNING
16,127,-0.0874116762275614,87.23,NORMAL
16,128,-0.0566000036450328,73.42,NORMAL
16,129,-0.0657730841552805,77.53,NORMAL
16,130,-0.077948867690429,82.99,NORMAL
16,131,-0.0318783071402207,62.33,WARNING
16,132,-0.0325516423116664,62.63,WARNING
16,133,-0.0451901165986364,68.3,WARNING
16,134,-0.0624731425429418,76.05,NORMAL
16,135,-0.0424686113401703,67.08,WARNING
16,136,-0.0545983725665179,72.52,NORMAL
16,137,-0.0476337920598022,69.4,WARNING
16,138,-0.0404777293891714,66.19,WARNING
16,139,-0.0669908232319045,78.08,NORMAL
16,140,-0.0354571106817923,63.94,WARNING
16,141,-0.0745067941641455,81.45,NORMAL
16,142,-0.0535669529210767,72.06,NORMAL
16,143,-0.051083662889878,70.94,NORMAL
16,144,-0.0807743404174877,84.26,NORMAL
16,145,-0.088862983427215,87.89,NORMAL
16,146,-0.0484432254431617,69.76,WARNING
16,147,-0.0247022015617113,59.11,WARNING
16,148,-0.0402344332375409,66.08,WARNING
16,149,-0.0771303909912475,82.62,NORMAL
16,150,-0.0356743323476399,64.03,WARNING
16,151,-0.0622280996580174,75.94,NORMAL
16,152,-0.0661236191658053,77.69,NORMAL
16,153,-0.0636972745303935,76.6,NORMAL
16,154,-0.0471425649589268,69.18,WARNING
16,155,-0.0801522083615607,83.98,NORMAL
16,156,-0.0360351742089042,64.2,WARNING
16,157,-0.0345610828913179,63.54,WARNING
16,158,-0.0744101139067658,81.4,NORMAL
16,159,-0.0423780632604228,67.04,WARNING
16,160,-0.0307412900337513,61.82,WARNING
16,161,-0.0075656094821368,51.43,WARNING
16,162,-0.0753594228329334,81.83,NORMAL
16,163,-0.0319613634076682,62.37,WARNING
16,164,-0.0260907214919831,59.74,WARNING
16,165,-0.0342367820643806,63.39,WARNING
16,166,0.0047883772874861,45.89,WARNING
16,167,-0.0416392163069523,66.71,WARNING
16,168,-0.0520108165711721,71.36,NORMAL
16,169,-0.0086229888378909,51.9,WARNING
16,170,-0.0213984953539175,57.63,WARNING
16,171,-0.0222127933778344,58.0,WARNING
16,172,-0.0335989760631297,63.1,WARNING
16,173,-0.0425641747749812,67.12,WARNING
16,174,-0.0277216045873311,60.47,WARNING
16,175,-0.0175681936418062,55.92,WARNING
16,176,-0.0281527222325115,60.66,WARNING
16,177,-0.035999762516955,64.18,WARNING
16,178,-0.0162140995004611,55.31,WARNING
16,179,-0.0102968249768155,52.65,WARNING
16,180,-0.0125072581581637,53.65,WARNING
16,181,-0.0187216288751295,56.43,WARNING
16,182,-0.0088466846296767,52.0,WARNING
16,183,0.016046636123584,40.84,WARNING
16,184,-0.0386080625816716,65.35,WARNING
16,185,0.0286954827308304,35.17,CRITICAL
16,186,0.0340913050838863,32.75,CRITICAL
16,187,-0.0097883800043351,52.43,WARNING
16,188,0.0075482831040994,44.65,WARNING
16,189,0.0282076090900532,35.39,CRITICAL
16,190,0.0257474370423421,36.49,CRITICAL
16,191,0.0036806323912403,46.39,WARNING
16,192,0.0631729456344951,19.71,CRITICAL
16,193,0.0397168072636495,30.23,CRITICAL
16,194,0.0365383169558692,31.65,CRITICAL
16,195,0.0467383960751559,27.08,CRITICAL
16,196,0.0483889963021876,26.34,CRITICAL
16,197,0.0468623738905852,27.02,CRITICAL
16,198,0.0898578341043933,7.74,CRITICAL
16,199,0.0421354697188545,29.14,CRITICAL
16,200,0.0664714604529576,18.23,CRITICAL
16,201,0.0468323953667146,27.04,CRITICAL
16,202,0.0578748045120958,22.09,CRITICAL
16,203,0.0781258265682708,13.0,CRITICAL
16,204,0.0552417747958364,23.27,CRITICAL
16,205,0.0837750662970497,10.47,CRITICAL
16,206,0.0433684652242593,28.59,CRITICAL
16,207,0.1175997078508161,0.0,CRITICAL
16,208,0.1054635615580481,0.75,CRITICAL
16,209,0.0730761391825448,15.27,CRITICAL
17,1,0.0170075875759065,40.41,WARNING
17,2,-0.0237513814812267,58.69,WARNING
17,3,-0.0204977931147943,57.23,WARNING
17,4,-0.0462893122444368,68.79,WARNING
17,5,-0.0438228355065206,67.69,WARNING
17,6,-0.0815786446973559,84.62,NORMAL
17,7,-0.058105942704161,74.09,NORMAL
17,8,0.0334135933609236,33.05,CRITICAL
17,9,-0.0362032936993459,64.27,WARNING
17,10,-0.0206700986368061,57.31,WARNING
17,11,-0.0380161495207529,65.08,WARNING
17,12,-0.0047829862910698,50.18,WARNING
17,13,0.0212938461321924,38.49,CRITICAL
17,14,0.0136908161775272,41.9,WARNING
17,15,-0.0282581569563566,60.71,WARNING
17,16,0.0517762998868376,24.82,CRITICAL
17,17,-0.0932347584188262,89.85,NORMAL
17,18,-0.0580300666433422,74.06,NORMAL
17,19,-0.0356517693195818,64.02,WARNING
17,20,0.0392468609319586,30.44,CRITICAL
17,21,0.0085017614083202,44.23,WARNING
17,22,-0.072744263173884,80.66,NORMAL
17,23,-0.0272140098580802,60.24,WARNING
17,24,-0.0180044566114732,56.11,WARNING
17,25,-0.0733690159383488,80.94,NORMAL
17,26,-0.055934318823982,73.12,NORMAL
17,27,-0.0528869050495848,71.75,NORMAL
17,28,-0.0448484217925492,68.15,WARNING
17,29,-0.0500970217936377,70.5,NORMAL
17,30,-0.0512089265380509,71.0,NORMAL
17,31,-0.0643164126991978,76.88,NORMAL
17,32,-0.0650384906565265,77.2,NORMAL
17,33,-0.0311669503694775,62.01,WARNING
17,34,-0.0533787402965735,71.97,NORMAL
17,35,-0.0746631104613789,81.52,NORMAL
17,36,-0.0660422992563581,77.65,NORMAL
17,37,-0.0452396411293542,68.32,WARNING
17,38,-0.0570184130861283,73.61,NORMAL
17,39,-0.0284256902067218,60.78,WARNING
17,40,-0.0543014228421486,72.39,NORMAL
17,41,-0.0055306915480435,50.52,WARNING
17,42,-0.0359710753948367,64.17,WARNING
17,43,-0.0097642670338771,52.42,WARNING
17,44,-0.0254748752507232,59.46,WARNING
17,45,-0.0504143367140143,70.64,NORMAL
17,46,-0.029125481218708,61.1,WARNING
17,47,-0.0630772199453882,76.32,NORMAL
17,48,-0.0450347642089777,68.23,WARNING
17,49,-0.0524018130477355,71.54,NORMAL
17,50,-0.072490793364737,80.54,NORMAL
17,51,-0.0004078411943341,48.22,WARNING
17,52,-0.0474177670343102,69.3,WARNING
17,53,0.0211280675378872,38.56,CRITICAL
17,54,-0.0714690085938299,80.09,NORMAL
17,55,-0.0686098418917258,78.8,NORMAL
17,56,-0.0470234406011301,69.12,WARNING
17,57,-0.0562816279235871,73.28,NORMAL
17,58,-0.0635425697436551,76.53,NORMAL
17,59,-0.0920917658635372,89.33,NORMAL
17,60,-0.0792738294722159,83.59,NORMAL
17,61,-0.0583586972876722,74.21,NORMAL
17,62,-0.0581049600782752,74.09,NORMAL
17,63,-0.0238756285139866,58.74,WARNING
17,64,-0.0090803522590823,52.11,WARNING
17,65,-0.0837178825617164,85.58,NORMAL
17,66,-0.0488303104656118,69.93,WARNING
17,67,-0.0828848512404747,85.2,NORMAL
17,68,-0.045047978920919,68.24,WARNING
17,69,-0.0790681581662818,83.49,NORMAL
17,70,-0.0822754159224198,84.93,NORMAL
17,71,-0.070924311825681,79.84,NORMAL
17,72,-0.061156885457514,75.46,NORMAL
17,73,-0.0435572327744845,67.57,WARNING
17,74,-0.0615864994856595,75.65,NORMAL
17,75,-0.0617651686262664,75.73,NORMAL
17,76,-0.0839310805467762,85.67,NORMAL
17,77,-0.0305360050183828,61.73,WARNING
17,78,-0.029335096130545,61.19,WARNING
17,79,-0.0925973520674612,89.56,NORMAL
17,80,-0.0834204851140968,85.44,NORMAL
17,81,-0.0750357972992811,81.68,NORMAL
17,82,-0.0696661126844283,79.28,NORMAL
17,83,-0.0482370945133798,69.67,WARNING
17,84,-0.0624859402600984,76.06,NORMAL
17,85,-0.0509253029178708,70.87,NORMAL
17,86,-0.0664355813928376,77.83,NORMAL
17,87,-0.0430378311898618,67.34,WARNING
17,88,-0.0539583391103826,72.23,NORMAL
17,89,-0.0317270425571205,62.26,WARNING
17,90,-0.0227740407568942,58.25,WARNING
17,91,-0.0317615072382531,62.28,WARNING
17,92,-0.0830990353956405,85.3,NORMAL
17,93,-0.0808346842836666,84.29,NORMAL
17,94,-0.0630653442724388,76.32,NORMAL
17,95,-0.0296078422218646,61.31,WARNING
17,96,-0.0539819431112522,72.24,NORMAL
17,97,-0.0295632703331765,61.29,WARNING
17,98,-0.097812525516967,91.9,NORMAL
17,99,-0.0554466897740522,72.9,NORMAL
17,100,-0.0482683577151716,69.68,WARNING
17,101,-0.0601004669653059,74.99,NORMAL
17,102,-0.0665513498425934,77.88,NORMAL
17,103,-0.0497370818098046,70.34,NORMAL
17,104,-0.0562539939866119,73.26,NORMAL
17,105,0.0028996977276409,46.74,WARNING
17,106,-0.0661527959856637,77.7,NORMAL
17,107,-0.0210061071851604,57.46,WARNING
17,108,-0.0701932081193533,79.51,NORMAL
17,109,-0.0568441921745788,73.53,NORMAL
17,110,-0.0757376444846417,82.0,NORMAL
17,111,-0.0762590298717165,82.23,NORMAL
17,112,-0.069525247437355,79.21,NORMAL
17,113,-0.0719559249684194,80.3,NORMAL
17,114,-0.0707308621997533,79.75,NORMAL
17,115,-0.052525815086064,71.59,NORMAL
17,116,-0.0479422552740976,69.54,WARNING
17,117,-0.0449856379874681,68.21,WARNING
17,118,-0.0696746560676208,79.28,NORMAL
17,119,-0.0455531417081915,68.46,WARNING
17,120,-0.070645619794015,79.72,NORMAL
17,121,-0.0747216445962796,81.54,NORMAL
17,122,-0.0886636981192374,87.8,NORMAL
17,123,-0.0539418275488754,72.23,NORMAL
17,124,-0.0548707631229034,72.64,NORMAL
17,125,-0.0530018881252222,71.8,NORMAL
17,126,-0.0766501508237017,82.41,NORMAL
17,127,-0.0963398333712705,91.24,NORMAL
17,128,-0.0882271877029706,87.6,NORMAL
17,129,-0.0729660764766942,80.76,NORMAL
17,130,-0.0734177550402716,80.96,NORMAL
17,131,-0.0727559226222856,80.66,NORMAL
17,132,-0.0389746949965947,65.51,WARNING
17,133,-0.0266252710847301,59.98,WARNING
17,134,-0.0438703061189424,67.71,WARNING
17,135,-0.0483804207036769,69.73,WARNING
17,136,-0.0802771982907812,84.04,NORMAL
17,137,-0.0673607547811552,78.24,NORMAL
17,138,-0.0732593504939543,80.89,NORMAL
17,139,-0.0558402642740145,73.08,NORMAL
17,140,-0.0615748396720153,75.65,NORMAL
17,141,-0.0888418251868453,87.88,NORMAL
17,142,-0.0835343238608207,85.5,NORMAL
17,143,-0.0920036316699002,89.29,NORMAL
17,144,-0.0847135349167828,86.02,NORMAL
17,145,-0.0835568213306994,85.51,NORMAL
17,146,-0.0085518869455528,51.87,WARNING
17,147,-0.0515364365613592,71.15,NORMAL
17,148,-0.0939866630487199,90.18,NORMAL
17,149,-0.0813112954487153,84.5,NORMAL
17,150,-0.0683850969446429,78.7,NORMAL
17,151,-0.0625454286546963,76.08,NORMAL
17,152,-0.0411429705843944,66.49,WARNING
17,153,-0.0673958657615869,78.26,NORMAL
17,154,-0.0728672188958535,80.71,NORMAL
17,155,-0.0832789607048122,85.38,NORMAL
17,156,-0.0754316744765289,81.86,NORMAL
17,157,-0.0856897366315021,86.46,NORMAL
17,158,0.007485064041631,44.68,WARNING
17,159,-0.053779731468719,72.15,NORMAL
17,160,-0.0769430122422242,82.54,NORMAL
17,161,-0.0852493448627275,86.26,NORMAL
17,162,-0.0610830381060945,75.43,NORMAL
17,163,-0.0507986494937741,70.82,NORMAL
17,164,-0.0431425772316267,67.38,WARNING
17,165,-0.0757321509845089,82.0,NORMAL
17,166,-0.0834777777650161,85.47,NORMAL
17,167,-0.0872804494200227,87.18,NORMAL
17,168,-0.0737995316212941,81.13,NORMAL
17,169,-0.0678098245062627,78.44,NORMAL
17,170,-0.0699977589423175,79.43,NORMAL
17,171,-0.0732892848022254,80.9,NORMAL
17,172,-0.0656844727868895,77.49,NORMAL
17,173,-0.0557976855217185,73.06,NORMAL
17,174,-0.0545253386693191,72.49,NORMAL
17,175,-0.068549569946845,78.78,NORMAL
17,176,-0.0831134607066096,85.31,NORMAL
17,177,-0.0931608892330683,89.81,NORMAL
17,178,-0.0875098050325874,87.28,NORMAL
17,179,-0.0461769283561329,68.74,WARNING
17,180,-0.0938259194454704,90.11,NORMAL
17,181,-0.0603520464234245,75.1,NORMAL
17,182,-0.0616815290228793,75.7,NORMAL
17,183,-0.0299092763029804,61.45,WARNING
17,184,-0.0814909246901598,84.58,NORMAL
17,185,-0.0723514673747388,80.48,NORMAL
17,186,-0.0722630055260619,80.44,NORMAL
17,187,-0.0390653224728692,65.55,WARNING
17,188,-0.0821471184653281,84.87,NORMAL
17,189,-0.039470203045958,65.74,WARNING
17,190,-0.0339059315537928,63.24,WARNING
17,191,-0.02036168719593,57.17,WARNING
17,192,0.0126298805360359,42.37,WARNING
17,193,-0.0711537240126426,79.94,NORMAL
17,194,-0.0666826717199375,77.94,NORMAL
17,195,-0.0410182590669319,66.43,WARNING
17,196,-0.0575067753140616,73.82,NORMAL
17,197,-0.0691877549062611,79.06,NORMAL
17,198,-0.0850524225772361,86.18,NORMAL
17,199,-0.0618784245542855,75.78,NORMAL
17,200,-0.0791053445920599,83.51,NORMAL
17,201,-0.0769668463782257,82.55,NORMAL
17,202,-0.0772463375487322,82.68,NORMAL
17,203,-0.0522093121257477,71.45,NORMAL
17,204,-0.0785182864646935,83.25,NORMAL
17,205,-0.0310061323441098,61.94,WARNING
17,206,-0.0093176657844334,52.22,WARNING
17,207,-0.064196208881596,76.82,NORMAL
17,208,-0.0728985976735051,80.73,NORMAL
17,209,-0.0559056423053456,73.11,NORMAL
17,210,-0.0530433599105202,71.82,NORMAL
17,211,-0.0671822772524132,78.16,NORMAL
17,212,-0.0558523844938407,73.08,NORMAL
17,213,-0.0457366183516219,68.55,WARNING
17,214,-0.0570303085938431,73.61,NORMAL
17,215,-0.059924689440255,74.91,NORMAL
17,216,-0.0597339775683369,74.82,NORMAL
17,217,-0.0619341093868163,75.81,NORMAL
17,218,-0.035154882547053,63.8,WARNING
17,219,-0.0497825221598463,70.36,NORMAL
17,220,-0.0580391349469743,74.06,NORMAL
17,221,-0.0637086714653789,76.61,NORMAL
17,222,-0.0293106829912001,61.18,WARNING
17,223,-0.062277936435148,75.96,NORMAL
17,224,-0.0348808748646023,63.68,WARNING
17,225,-0.0391747795214481,65.6,WARNING
17,226,-0.0371349837042403,64.69,WARNING
17,227,-0.0585377549917407,74.29,NORMAL
17,228,-0.0527731127689176,71.7,NORMAL
17,229,-0.0531344835534184,71.86,NORMAL
17,230,-0.0515626155478173,71.16,NORMAL
17,231,-0.0380712993980426,65.11,WARNING
17,232,-0.0128866452475314,53.82,WARNING
17,233,-0.0283024130094034,60.73,WARNING
17,234,-0.0400460975475659,65.99,WARNING
17,235,-0.0327053323175878,62.7,WARNING
17,236,-0.0258187460254957,59.61,WARNING
17,237,-0.0426476645084149,67.16,WARNING
17,238,-0.0399414232015494,65.95,WARNING
17,239,-0.022024732260604,57.91,WARNING
17,240,-0.0259709106408665,59.68,WARNING
17,241,-0.0397221288641924,65.85,WARNING
17,242,-0.0361548537887437,64.25,WARNING
17,243,-0.0042945517361205,49.96,WARNING
17,244,-0.0279731474027405,60.58,WARNING
17,245,-0.0023186977407928,49.08,WARNING
17,246,-0.0346800238770584,63.59,WARNING
17,247,-0.0267322474429357,60.02,WARNING
17,248,-0.0114775999162982,53.18,WARNING
17,249,0.0389904898393914,30.55,CRITICAL
17,250,-0.0168961391478152,55.61,WARNING
17,251,0.0006458593990995,47.75,WARNING
17,252,-0.0300929250066474,61.53,WARNING
17,253,-0.0015455077118624,48.73,WARNING
17,254,0.0051579790148142,45.72,WARNING
17,255,-0.0060764367198921,50.76,WARNING
17,256,0.0241734785161854,37.2,CRITICAL
17,257,0.0288314349091388,35.11,CRITICAL
17,258,0.0288842851764873,35.09,CRITICAL
17,259,0.0261997319570328,36.29,CRITICAL
17,260,0.0242715145710711,37.15,CRITICAL
17,261,0.0667618648248932,18.1,CRITICAL
17,262,0.0593776100375992,21.41,CRITICAL
17,263,0.0472077123868239,26.87,CRITICAL
17,264,0.0461485885925501,27.34,CRITICAL
17,265,0.042471817027703,28.99,CRITICAL
17,266,0.0596399205797512,21.29,CRITICAL
17,267,0.0701004981212829,16.6,CRITICAL
17,268,0.1012403345150472,2.64,CRITICAL
17,269,0.0826362773552489,10.98,CRITICAL
17,270,0.0504896964853406,25.4,CRITICAL
17,271,0.095825718492413,5.07,CRITICAL
17,272,0.0775987700625697,13.24,CRITICAL
17,273,0.0991985086348806,3.56,CRITICAL
17,274,0.0759582405476948,13.98,CRITICAL
17,275,0.1243073295069057,0.0,CRITICAL
17,276,0.1138842284003233,0.0,CRITICAL
18,1,-0.0317442382617674,62.27,WARNING
18,2,-0.0401359508569232,66.04,WARNING
18,3,-0.0511311402090795,70.97,NORMAL
18,4,-0.0003236950235721,48.18,WARNING
18,5,-0.0616532943050354,75.68,NORMAL
18,6,-0.0583471025241226,74.2,NORMAL
18,7,-0.0082438530507671,51.73,WARNING
18,8,0.0166172176891727,40.59,WARNING
18,9,-0.0527296404355147,71.68,NORMAL
18,10,-0.0507685925556506,70.8,NORMAL
18,11,-0.0847844185270486,86.06,NORMAL
18,12,-0.0572554023176855,73.71,NORMAL
18,13,-0.031834873585475,62.31,WARNING
18,14,-0.0479155751149971,69.52,WARNING
18,15,-0.0105429954129416,52.77,WARNING
18,16,-0.0852322564483934,86.26,NORMAL
18,17,-0.021832512925035,57.83,WARNING
18,18,-0.0393053112081999,65.66,WARNING
18,19,-0.0250783270678583,59.28,WARNING
18,20,-0.0783257925298961,83.16,NORMAL
18,21,-0.0428589929529618,67.26,WARNING
18,22,-0.0351948695358628,63.82,WARNING
18,23,-0.0587408237503712,74.38,NORMAL
18,24,-0.0398849304503277,65.92,WARNING
18,25,-0.0413285235997002,66.57,WARNING
18,26,-0.0516263260465878,71.19,NORMAL
18,27,-0.0439320366005486,67.74,WARNING
18,28,-0.0361367471187814,64.24,WARNING
18,29,-0.0545280148985269,72.49,NORMAL
18,30,-0.0457929020589517,68.57,WARNING
18,31,-0.0722276215276612,80.43,NORMAL
18,32,-0.0480802504786627,69.6,WARNING
18,33,-0.0647455046281548,77.07,NORMAL
18,34,-0.0446131514614389,68.04,WARNING
18,35,-0.0374438671229112,64.83,WARNING
18,36,-0.0427903707243746,67.23,WARNING
18,37,-0.0533387784681327,71.96,NORMAL
18,38,0.0540502286272742,23.8,CRITICAL
18,39,-0.0703903515647458,79.6,NORMAL
18,40,-0.0633960721728064,76.47,NORMAL
18,41,-0.0739273594704877,81.19,NORMAL
18,42,0.0010414826751546,47.57,WARNING
18,43,-0.0426446892864009,67.16,WARNING
18,44,-0.0546582464413574,72.55,NORMAL
18,45,-0.0513199828140211,71.05,NORMAL
18,46,-0.0785027663741185,83.24,NORMAL
18,47,-0.0702798828183893,79.55,NORMAL
18,48,-0.0572653058393485,73.72,NORMAL
18,49,-0.0738320893945734,81.14,NORMAL
18,50,-0.0313627068833951,62.1,WARNING
18,51,-0.0686636154466472,78.83,NORMAL
18,52,-0.0510017107620914,70.91,NORMAL
18,53,-0.0739489149357992,81.2,NORMAL
18,54,-0.0479136668149879,69.52,WARNING
18,55,-0.0578754043784697,73.99,NORMAL
18,56,-0.0648902073646476,77.14,NORMAL
18,57,-0.0559894757424563,73.14,NORMAL
18,58,-0.0409885013348862,66.42,WARNING
18,59,-0.0592915208475081,74.62,NORMAL
18,60,-0.042418795819749,67.06,WARNING
18,61,-0.0666091044065516,77.91,NORMAL
18,62,-0.051587830604624,71.17,NORMAL
18,63,-0.0479162039732654,69.52,WARNING
18,64,-0.0645438573728494,76.98,NORMAL
18,65,-0.06073303020822,75.27,NORMAL
18,66,-0.0760857450826867,82.16,NORMAL
18,67,-0.059468123904581,74.7,NORMAL
18,68,-0.0468685996458192,69.05,WARNING
18,69,-0.0641754109997673,76.81,NORMAL
18,70,-0.0575417791820083,73.84,NORMAL
18,71,-0.0698308431852795,79.35,NORMAL
18,72,-0.0185917796527465,56.37,WARNING
18,73,-0.0170834659548929,55.7,WARNING
18,74,-0.0575488147881312,73.84,NORMAL
18,75,-0.0530520450449953,71.83,NORMAL
18,76,-0.0646390643254032,77.02,NORMAL
18,77,-0.0428958202948399,67.27,WARNING
18,78,-0.0646937157315113,77.05,NORMAL
18,79,-0.0419321285911646,66.84,WARNING
18,80,-0.0711375126768554,79.94,NORMAL
18,81,-0.0639646127346993,76.72,NORMAL
18,82,-0.0442415149660272,67.88,WARNING
18,83,-0.0707266844515279,79.75,NORMAL
18,84,-0.0706405608344238,79.71,NORMAL
18,85,-0.0526650837796316,71.65,NORMAL
18,86,-0.0583747345339739,74.21,NORMAL
18,87,-0.0471742714001667,69.19,WARNING
18,88,-0.0795172694829749,83.69,NORMAL
18,89,-0.0694247337722784,79.17,NORMAL
18,90,-0.0519759283373219,71.34,NORMAL
18,91,-0.0737095801973484,81.09,NORMAL
18,92,-0.0619830315331053,75.83,NORMAL
18,93,-0.0694982634460627,79.2,NORMAL
18,94,-0.0445965128133327,68.04,WARNING
18,95,-0.0604932612509035,75.16,NORMAL
18,96,-0.0574760147738628,73.81,NORMAL
18,97,-0.0643425513639909,76.89,NORMAL
18,98,-0.0742957385015083,81.35,NORMAL
18,99,-0.052584933674142,71.62,NORMAL
18,100,-0.0757734545789746,82.02,NORMAL
18,101,-0.1013489062574689,93.48,NORMAL
18,102,-0.0467619542997535,69.01,WARNING
18,103,-0.0707464409942412,79.76,NORMAL
18,104,-0.0644168256390473,76.92,NORMAL
18,105,-0.0556888226050321,73.01,NORMAL
18,106,-0.0959906174288373,91.08,NORMAL
18,107,-0.0667498597870648,77.97,NORMAL
18,108,-0.0688947669624611,78.93,NORMAL
18,109,-0.0302678224595271,61.61,WARNING
18,110,-0.0654998501209263,77.41,NORMAL
18,111,-0.0468122349885744,69.03,WARNING
18,112,-0.0689541566319992,78.96,NORMAL
18,113,-0.0896017298032254,88.22,NORMAL
18,114,-0.0833721047223248,85.42,NORMAL
18,115,-0.0657043654653988,77.5,NORMAL
18,116,-0.0526467239214645,71.65,NORMAL
18,117,-0.0502817798956304,70.58,NORMAL
18,118,-0.0478130575503881,69.48,WARNING
18,119,-0.0663274049155608,77.78,NORMAL
18,120,-0.0599824266320631,74.93,NORMAL
18,121,0.0093288252511017,43.85,WARNING
18,122,-0.0693881921619926,79.15,NORMAL
18,123,-0.0435313913741333,67.56,WARNING
18,124,-0.0662250344084687,77.73,NORMAL
18,125,-0.068909610828048,78.94,NORMAL
18,126,-0.0531993249394278,71.89,NORMAL
18,127,-0.032092360503839,62.43,WARNING
18,128,0.0069675515766204,44.91,WARNING
18,129,-0.0452705132570704,68.34,WARNING
18,130,-0.0700504389040948,79.45,NORMAL
18,131,-0.0623851098431281,76.01,NORMAL
18,132,-0.0333647930879376,63.0,WARNING
18,133,-0.0578483538050688,73.98,NORMAL
18,134,-0.0620044848782265,75.84,NORMAL
18,135,-0.0934923922761055,89.96,NORMAL
18,136,-0.0529764878214901,71.79,NORMAL
18,137,-0.0753030406565714,81.8,NORMAL
18,138,-0.0533945323747896,71.98,NORMAL
18,139,-0.068299929766152,78.66,NORMAL
18,140,-0.0633151732097565,76.43,NORMAL
18,141,-0.0466258904290497,68.95,WARNING
18,142,-0.0607900911063922,75.3,NORMAL
18,143,-0.0311467658958672,62.0,WARNING
18,144,-0.0457559292975074,68.56,WARNING
18,145,-0.0609606415186495,75.37,NORMAL
18,146,-0.0206794099112375,57.31,WARNING
18,147,-0.0545839795395642,72.51,NORMAL
18,148,-0.0546055454668704,72.52,NORMAL
18,149,-0.0360996322351895,64.23,WARNING
18,150,-0.0157646647158128,55.11,WARNING
18,151,-0.0449054369365027,68.17,WARNING
18,152,-0.0465603545232461,68.92,WARNING
18,153,-0.0294243737534656,61.23,WARNING
18,154,-0.022969650371558,58.34,WARNING
18,155,-0.0168457612483775,55.59,WARNING
18,156,-0.0257274999818238,59.57,WARNING
18,157,-0.0379237416112639,65.04,WARNING
18,158,-0.013228234115332,53.97,WARNING
18,159,-0.0476621178336774,69.41,WARNING
18,160,-0.0120922384503767,53.46,WARNING
18,161,-0.0231395546684615,58.41,WARNING
18,162,-0.0443266513661217,67.91,WARNING
18,163,-6.528331271710153e-05,48.07,WARNING
18,164,-0.0106592369195442,52.82,WARNING
18,165,-0.0011325908271074,48.55,WARNING
18,166,0.0082283984200014,44.35,WARNING
18,167,-0.0140871768437971,54.35,WARNING
18,168,-0.0313987144860363,62.12,WARNING
18,169,-0.0119046149566163,53.38,WARNING
18,170,-0.003696016184875,49.69,WARNING
18,171,-0.0304928397395021,61.71,WARNING
18,172,0.0411019959168509,29.61,CRITICAL
18,173,-0.0224066143435007,58.08,WARNING
18,174,0.0282794774097304,35.36,CRITICAL
18,175,0.0087207448054752,44.13,WARNING
18,176,0.0037641483778746,46.35,WARNING
18,177,0.0274420279851279,35.73,CRITICAL
18,178,0.0315081753801025,33.91,CRITICAL
18,179,0.023642572549933,37.44,CRITICAL
18,180,0.0406604726752479,29.8,CRITICAL
18,181,0.0313147949866667,34.0,CRITICAL
18,182,0.0463972979826931,27.23,CRITICAL
18,183,0.0563439886961716,22.77,CRITICAL
18,184,0.0688071523398944,17.18,CRITICAL
18,185,0.0293519351820847,34.88,CRITICAL
18,186,0.0834022583303649,10.64,CRITICAL
18,187,0.0778324674792063,13.14,CRITICAL
18,188,0.0521706947618528,24.64,CRITICAL
18,189,0.0771687433507753,13.43,CRITICAL
18,190,0.119904603286952,0.0,CRITICAL
18,191,0.0966096799746897,4.72,CRITICAL
18,192,0.1263868730667553,0.0,CRITICAL
18,193,0.1156011037917918,0.0,CRITICAL
18,194,0.1405352812474113,0.0,CRITICAL
18,195,0.1642891123025455,0.0,CRITICAL
19,1,-0.0708013310081895,79.79,NORMAL
19,2,-0.0901364612470587,88.46,NORMAL
19,3,-0.0548936353340798,72.65,NORMAL
19,4,-0.1083754008694078,96.63,NORMAL
19,5,-0.0908591652385611,88.78,NORMAL
19,6,-0.0771170990875803,82.62,NORMAL
19,7,-0.0569805926125699,73.59,NORMAL
19,8,-0.114133476694008,99.22,NORMAL
19,9,-0.0827868880491928,85.16,NORMAL
19,10,-0.0767348423987746,82.45,NORMAL
19,11,-0.0747412971610385,81.55,NORMAL
19,12,-0.0759253563295398,82.08,NORMAL
19,13,-0.0699849310832321,79.42,NORMAL
19,14,-0.0724896072800337,80.54,NORMAL
19,15,-0.081907404471569,84.77,NORMAL
19,16,-0.0855664351195726,86.41,NORMAL
19,17,-0.0973506994085855,91.69,NORMAL
19,18,-0.0620505827624214,75.86,NORMAL
19,19,-0.0693791568454593,79.15,NORMAL
19,20,-0.0918804543081284,89.24,NORMAL
19,21,-0.0974954343843796,91.76,NORMAL
19,22,-0.0944664276844339,90.4,NORMAL
19,23,-0.0829442536245114,85.23,NORMAL
19,24,-0.0739034340139815,81.18,NORMAL
19,25,-0.089269709361128,88.07,NORMAL
19,26,-0.0896730535303525,88.25,NORMAL
19,27,-0.097109466362258,91.58,NORMAL
19,28,-0.0759395082656231,82.09,NORMAL
19,29,-0.0668586558551859,78.02,NORMAL
19,30,-0.0796973461692049,83.78,NORMAL
19,31,-0.0914847145817375,89.06,NORMAL
19,32,-0.0929237687467832,89.71,NORMAL
19,33,-0.0995957377804595,92.7,NORMAL
19,34,-0.0762978826443875,82.25,NORMAL
19,35,-0.0951508276575228,90.7,NORMAL
19,36,-0.0674877002007981,78.3,NORMAL
19,37,-0.1043396701889128,94.83,NORMAL
19,38,-0.1069569037299035,96.0,NORMAL
19,39,-0.0860569986872867,86.63,NORMAL
19,40,-0.0925154423500446,89.52,NORMAL
19,41,-0.0847216859136372,86.03,NORMAL
19,42,-0.1165905333287232,100.0,NORMAL
19,43,-0.09112390647221,88.9,NORMAL
19,44,-0.0785855861525949,83.28,NORMAL
19,45,-0.0820801448064569,84.84,NORMAL
19,46,-0.0812004764070922,84.45,NORMAL
19,47,-0.0850567247336805,86.18,NORMAL
19,48,-0.0754618001172144,81.88,NORMAL
19,49,-0.059846142477837,74.87,NORMAL
19,50,-0.0524902079738223,71.57,NORMAL
19,51,-0.0974478636808094,91.73,NORMAL
19,52,-0.0717936691447833,80.23,NORMAL
19,53,-0.0799537188801664,83.89,NORMAL
19,54,-0.0776995276449531,82.88,NORMAL
19,55,-0.0734859335167822,80.99,NORMAL
19,56,-0.0981511589829482,92.05,NORMAL
19,57,-0.0808346896841563,84.29,NORMAL
19,58,-0.0779367713747931,82.99,NORMAL
19,59,-0.1031980530445249,94.31,NORMAL
19,60,-0.0534371089711332,72.0,NORMAL
19,61,-0.0799004620783085,83.87,NORMAL
19,62,-0.0663088738304749,77.77,NORMAL
19,63,-0.0894044459600457,88.13,NORMAL
19,64,-0.0649851040537756,77.18,NORMAL
19,65,-0.0827934509050504,85.16,NORMAL
19,66,-0.079688660252902,83.77,NORMAL
19,67,-0.0744264171108688,81.41,NORMAL
19,68,-0.0760119590461566,82.12,NORMAL
19,69,-0.0664286950735958,77.83,NORMAL
19,70,-0.0831374070819895,85.32,NORMAL
19,71,-0.0953099999006695,90.78,NORMAL
19,72,-0.0758712942456533,82.06,NORMAL
19,73,-0.0780682002028946,83.04,NORMAL
19,74,-0.0735114998801901,81.0,NORMAL
19,75,-0.0704535149869768,79.63,NORMAL
19,76,-0.0714485318614528,80.08,NORMAL
19,77,-0.0617547260989035,75.73,NORMAL
19,78,-0.0625093923940404,76.07,NORMAL
19,79,-0.0683734509377206,78.7,NORMAL
19,80,-0.0656670812881488,77.48,NORMAL
19,81,-0.0281020435710993,60.64,WARNING
19,82,-0.0774006663043468,82.75,NORMAL
19,83,-0.0440437387999851,67.79,WARNING
19,84,-0.0808068830847124,84.27,NORMAL
19,85,-0.0554008881166457,72.88,NORMAL
19,86,-0.0741276199367553,81.28,NORMAL
19,87,-0.0608808956747047,75.34,NORMAL
19,88,-0.0852347299120636,86.26,NORMAL
19,89,-0.0639035493724232,76.69,NORMAL
19,90,-0.0836386015428025,85.54,NORMAL
19,91,-0.0733921646553559,80.95,NORMAL
19,92,-0.0655544005833515,77.43,NORMAL
19,93,-0.0619784222466964,75.83,NORMAL
19,94,-0.0317567215754786,62.28,WARNING
19,95,-0.0639149211169197,76.7,NORMAL
19,96,-0.053311515990627,71.94,NORMAL
19,97,-0.0217750967615393,57.8,WARNING
19,98,-0.0608062167195403,75.3,NORMAL
19,99,-0.0889496263056771,87.92,NORMAL
19,100,-0.0445212310154733,68.0,WARNING
19,101,-0.0486158545919878,69.84,WARNING
19,102,-0.081689204390188,84.67,NORMAL
19,103,-0.0740134001918369,81.23,NORMAL
19,104,-0.0269874419820139,60.14,WARNING
19,105,-0.0404466945225527,66.17,WARNING
19,106,-0.0403016869577928,66.11,WARNING
19,107,-0.0763641402176153,82.28,NORMAL
19,108,-0.0714719763759614,80.09,NORMAL
19,109,-0.0459174713147255,68.63,WARNING
19,110,-0.0527830743010276,71.71,NORMAL
19,111,-0.0335293972930241,63.07,WARNING
19,112,-0.0208809727519813,57.4,WARNING
19,113,-0.0180885383805216,56.15,WARNING
19,114,-0.0331131856707476,62.89,WARNING
19,115,-0.0460827697942163,68.7,WARNING
19,116,-0.0612983571334165,75.52,NORMAL
19,117,-0.0410197018193853,66.43,WARNING
19,118,-0.0417923168642712,66.78,WARNING
19,119,-0.0235396431553815,58.59,WARNING
19,120,0.0014798242829375,47.37,WARNING
19,121,-0.0360763218141317,64.21,WARNING
19,122,0.0047414459167811,45.91,WARNING
19,123,-0.0263256358385363,59.84,WARNING
19,124,-0.0133527435592113,54.03,WARNING
19,125,-0.0421859997829843,66.95,WARNING
19,126,-0.0511291890307329,70.96,NORMAL
19,127,-0.0504453889208897,70.66,NORMAL
19,128,-0.0035031637871363,49.61,WARNING
19,129,-0.0247403129263883,59.13,WARNING
19,130,-0.0033095609463779,49.52,WARNING
19,131,-0.0106783008221059,52.83,WARNING
19,132,-0.0083300326834463,51.77,WARNING
19,133,0.0088836581674442,44.05,WARNING
19,134,0.0272953329088873,35.8,CRITICAL
19,135,0.0096557659087571,43.71,WARNING
19,136,0.0266961767326717,36.07,CRITICAL
19,137,0.0232675698431338,37.6,CRITICAL
19,138,0.024195486333032,37.19,CRITICAL
19,139,0.060197478786762,21.04,CRITICAL
19,140,0.0004829705015574,47.82,WARNING
19,141,0.0211104199774009,38.57,CRITICAL
19,142,0.0247810100922514,36.93,CRITICAL
19,143,0.0444098531973454,28.12,CRITICAL
19,144,0.0489121383587395,26.1,CRITICAL
19,145,0.020504014761129,38.84,CRITICAL
19,146,0.089906383024099,7.72,CRITICAL
19,147,0.0373181739080704,31.3,CRITICAL
19,148,0.0620660089176156,20.21,CRITICAL
19,149,0.0802060961642696,12.07,CRITICAL
19,150,0.0461755250447689,27.33,CRITICAL
19,151,0.0813632021783387,11.55,CRITICAL
19,152,0.0462151557892116,27.31,CRITICAL
19,153,0.0667809174752125,18.09,CRITICAL
19,154,0.0949967535663205,5.44,CRITICAL
19,155,0.083726041593599,10.49,CRITICAL
19,156,0.075099598433509,14.36,CRITICAL
19,157,0.070639052859219,16.36,CRITICAL
19,158,0.136227633642625,0.0,CRITICAL
20,1,-0.088246866211938,87.61,NORMAL
20,2,-0.1056778855152949,95.43,NORMAL
20,3,-0.1014970779614445,93.55,NORMAL
20,4,-0.0936845970638043,90.05,NORMAL
20,5,-0.1076356494447274,96.3,NORMAL
20,6,-0.0992520766831647,92.54,NORMAL
20,7,-0.0840927465047614,85.75,NORMAL
20,8,-0.0927499890228094,89.63,NORMAL
20,9,-0.0798542347203628,83.85,NORMAL
20,10,-0.0655852388779287,77.45,NORMAL
20,11,-0.1069182309695619,95.98,NORMAL
20,12,-0.078847728981096,83.39,NORMAL
20,13,-0.0905908968940777,88.66,NORMAL
20,14,-0.0869285361409893,87.02,NORMAL
20,15,-0.0426434519781606,67.16,WARNING
20,16,-0.0925836240252747,89.55,NORMAL
20,17,-0.0762698976771213,82.24,NORMAL
20,18,-0.0877239450447288,87.37,NORMAL
20,19,-0.0589313265475199,74.46,NORMAL
20,20,-0.1164743684935635,100.0,NORMAL
20,21,-0.078477883957039,83.23,NORMAL
20,22,-0.1053321105344414,95.27,NORMAL
20,23,-0.0662138627829864,77.73,NORMAL
20,24,-0.0851406624106365,86.22,NORMAL
20,25,-0.094714378560624,90.51,NORMAL
20,26,-0.0984063842800512,92.16,NORMAL
20,27,-0.0974403776520048,91.73,NORMAL
20,28,-0.0871493732265726,87.12,NORMAL
20,29,-0.0986650163572402,92.28,NORMAL
20,30,-0.0707661898914994,79.77,NORMAL
20,31,-0.0839489685602167,85.68,NORMAL
20,32,-0.1031540543131307,94.29,NORMAL
20,33,-0.115659195794675,99.9,NORMAL
20,34,-0.1031477545806228,94.29,NORMAL
20,35,-0.1158868666251342,100.0,NORMAL
20,36,-0.0711079845572724,79.92,NORMAL
20,37,-0.0916622555202273,89.14,NORMAL
20,38,-0.1007586696574022,93.22,NORMAL
20,39,-0.0891668736258651,88.02,NORMAL
20,40,-0.1005032568556973,93.1,NORMAL
20,41,-0.0708575505718237,79.81,NORMAL
20,42,-0.0942639785270407,90.31,NORMAL
20,43,-0.0598327396605337,74.87,NORMAL
20,44,-0.0648294192988276,77.11,NORMAL
20,45,-0.0923623735259753,89.45,NORMAL
20,46,-0.0730500499544962,80.79,NORMAL
20,47,-0.0888680132784912,87.89,NORMAL
20,48,-0.1024031872352785,93.96,NORMAL
20,49,-0.1127257430216506,98.59,NORMAL
20,50,-0.1190023552189805,100.0,NORMAL
20,51,-0.1055713957001412,95.38,NORMAL
20,52,-0.0673523655405974,78.24,NORMAL
20,53,-0.0780665158975965,83.04,NORMAL
20,54,-0.079567698881997,83.72,NORMAL
20,55,-0.1073417982108388,96.17,NORMAL
20,56,-0.107089934854075,96.06,NORMAL
20,57,-0.0758268213333355,82.04,NORMAL
20,58,-0.0857861704652376,86.51,NORMAL
20,59,-0.1065837406344339,95.83,NORMAL
20,60,-0.0918222557470509,89.21,NORMAL
20,61,-0.064836417810084,77.11,NORMAL
20,62,-0.0513576304954541,71.07,NORMAL
20,63,-0.0981411148792337,92.05,NORMAL
20,64,-0.1064662827295348,95.78,NORMAL
20,65,-0.0801954050004304,84.0,NORMAL
20,66,-0.0354064451185185,63.91,WARNING
20,67,-0.1128955383287687,98.66,NORMAL
20,68,-0.0797932321077745,83.82,NORMAL
20,69,-0.120980987986744,100.0,NORMAL
20,70,-0.1110946451156866,97.85,NORMAL
20,71,-0.0995260310503972,92.67,NORMAL
20,72,-0.0809759495234945,84.35,NORMAL
20,73,-0.0768734100652881,82.51,NORMAL
20,74,-0.0890041296462518,87.95,NORMAL
20,75,-0.0999608099796111,92.86,NORMAL
20,76,-0.0763000266821604,82.25,NORMAL
20,77,-0.10996451085101,97.35,NORMAL
20,78,-0.0925586652119794,89.54,NORMAL
20,79,-0.1061745256388106,95.65,NORMAL
20,80,-0.1105646750262412,97.62,NORMAL
20,81,-0.1034853454311441,94.44,NORMAL
20,82,-0.0669178869274465,78.04,NORMAL
20,83,-0.0381046936175769,65.12,WARNING
20,84,-0.109268454020514,97.04,NORMAL
20,85,-0.0926201684410173,89.57,NORMAL
20,86,-0.1109284785310744,97.78,NORMAL
20,87,-0.1067871596123966,95.92,NORMAL
20,88,-0.0565222643643587,73.38,NORMAL
20,89,-0.1074064017427959,96.2,NORMAL
20,90,-0.0916736101274869,89.15,NORMAL
20,91,-0.1007478230138366,93.21,NORMAL
20,92,-0.0685379432911366,78.77,NORMAL
20,93,-0.0749869495028799,81.66,NORMAL
20,94,-0.1078917347952985,96.42,NORMAL
20,95,-0.087579881233613,87.31,NORMAL
20,96,-0.1054473090284126,95.32,NORMAL
20,97,-0.0711860181493534,79.96,NORMAL
20,98,-0.0947430406148594,90.52,NORMAL
20,99,-0.0981234220001553,92.04,NORMAL
20,100,-0.0940720152860414,90.22,NORMAL
20,101,-0.091706430792521,89.16,NORMAL
20,102,-0.1188953282082845,100.0,NORMAL
20,103,-0.1047711978487651,95.02,NORMAL
20,104,-0.0507221961993688,70.78,NORMAL
20,105,-0.0695454673569897,79.22,NORMAL
20,106,-0.1032141743106552,94.32,NORMAL
20,107,-0.1035830122337034,94.49,NORMAL
20,108,-0.1181426871702042,100.0,NORMAL
20,109,-0.0916260827098437,89.12,NORMAL
20,110,-0.0755529655908206,81.92,NORMAL
20,111,-0.1009845713803483,93.32,NORMAL
20,112,-0.0674008556389973,78.26,NORMAL
20,113,-0.0933589500232415,89.9,NORMAL
20,114,-0.087602626711518,87.32,NORMAL
20,115,-0.1220529375705851,100.0,NORMAL
20,116,-0.0920079043745227,89.3,NORMAL
20,117,-0.0790659590836911,83.49,NORMAL
20,118,-0.0764356433483091,82.31,NORMAL
20,119,-0.1138778242878316,99.1,NORMAL
20,120,-0.0888777873525739,87.89,NORMAL
20,121,-0.0982488355608602,92.09,NORMAL
20,122,-0.0940695423245119,90.22,NORMAL
20,123,-0.1032958372815007,94.36,NORMAL
20,124,-0.0931219551520545,89.79,NORMAL
20,125,-0.0697577421640459,79.32,NORMAL
20,126,-0.1045297918016392,94.91,NORMAL
20,127,-0.1134374164984437,98.9,NORMAL
20,128,-0.0937428510902345,90.07,NORMAL
20,129,-0.0635028429419661,76.51,NORMAL
20,130,-0.1027500709952363,94.11,NORMAL
20,131,-0.0997807189937955,92.78,NORMAL
20,132,-0.0718873889887781,80.27,NORMAL
20,133,-0.1142243435640235,99.26,NORMAL
20,134,-0.1046243214842657,94.95,NORMAL
20,135,-0.0743493745392624,81.38,NORMAL
20,136,-0.0635790212143356,76.55,NORMAL
20,137,-0.0779154533100459,82.98,NORMAL
20,138,-0.0931462283170197,89.81,NORMAL
20,139,-0.0917885464500677,89.2,NORMAL
20,140,-0.0993532841274266,92.59,NORMAL
20,141,-0.0301669700290693,61.56,WARNING
20,142,-0.0713299988629121,80.02,NORMAL
20,143,-0.0851963695359274,86.24,NORMAL
20,144,-0.073053659084265,80.8,NORMAL
20,145,-0.0509364076648992,70.88,NORMAL
20,146,-0.0861641206421685,86.67,NORMAL
20,147,-0.0907719752637194,88.74,NORMAL
20,148,-0.1190635592924312,100.0,NORMAL
20,149,-0.0599315951007015,74.91,NORMAL
20,150,-0.0729268196539887,80.74,NORMAL
20,151,-0.0818597067259687,84.74,NORMAL
20,152,-0.0441252565507558,67.82,WARNING
20,153,-0.0872773267977859,87.17,NORMAL
20,154,-0.0931705870665414,89.82,NORMAL
20,155,-0.0686852336888596,78.84,NORMAL
20,156,-0.0749780490734156,81.66,NORMAL
20,157,-0.0688194787327364,78.9,NORMAL
20,158,-0.0644189001575847,76.92,NORMAL
20,159,-0.0621225449214932,75.89,NORMAL
20,160,-0.0401895206358408,66.06,WARNING
20,161,-0.0656985010561646,77.5,NORMAL
20,162,-0.0818529097856266,84.74,NORMAL
20,163,-0.071453871154135,80.08,NORMAL
20,164,-0.0635697566391353,76.54,NORMAL
20,165,-0.0515574230821567,71.16,NORMAL
20,166,-0.0704266143197301,79.62,NORMAL
20,167,-0.086438978858954,86.8,NORMAL
20,168,-0.0600703622719019,74.97,NORMAL
20,169,-0.0545737655785776,72.51,NORMAL
20,170,-0.0725155741167452,80.55,NORMAL
20,171,-0.0471699106924038,69.19,WARNING
20,172,-0.0868536289594629,86.98,NORMAL
20,173,-0.049234818051738,70.12,NORMAL
20,174,-0.0670341839880155,78.1,NORMAL
20,175,-0.0513187810575488,71.05,NORMAL
20,176,-0.0788336768809001,83.39,NORMAL
20,177,-0.0566251806337708,73.43,NORMAL
20,178,-0.063824810043445,76.66,NORMAL
20,179,-0.047687065663519,69.42,WARNING
20,180,-0.0459124596426728,68.63,WARNING
20,181,-0.0702178549535654,79.52,NORMAL
20,182,-0.0222708598480886,58.02,WARNING
20,183,-0.0783927684792141,83.19,NORMAL
20,184,-0.0645188726975226,76.97,NORMAL
20,185,-0.0538565744792826,72.19,NORMAL
20,186,-0.0535194583311459,72.04,NORMAL
20,187,-0.0699490900960559,79.4,NORMAL
20,188,-0.0286476147989691,60.88,WARNING
20,189,-0.0593616034931811,74.66,NORMAL
20,190,-0.0341016275882775,63.33,WARNING
20,191,-0.0409715696351085,66.41,WARNING
20,192,-0.0483675589690753,69.73,WARNING
20,193,-0.0489405276245994,69.98,WARNING
20,194,-0.0410071193542824,66.43,WARNING
20,195,-0.0666029133355544,77.9,NORMAL
20,196,-0.0091504129228058,52.14,WARNING
20,197,-0.0247143055168121,59.12,WARNING
20,198,-0.0285511720944679,60.84,WARNING
20,199,-0.0237397803681538,58.68,WARNING
20,200,-0.0675300634863111,78.32,NORMAL
20,201,-0.0097448727677591,52.41,WARNING
20,202,-0.0372618335652647,64.75,WARNING
20,203,-0.0036013134622371,49.65,WARNING
20,204,0.020966578562911,38.64,CRITICAL
20,205,-0.0253277011666673,59.39,WARNING
20,206,-0.0258946899255172,59.65,WARNING
20,207,-0.0326450755852567,62.68,WARNING
20,208,0.0054450798715744,45.6,WARNING
20,209,-0.0127857613681806,53.77,WARNING
20,210,-0.0352310654914123,63.84,WARNING
20,211,-0.000348008292807,48.19,WARNING
20,212,0.0075014413975892,44.67,WARNING
20,213,0.0023371177260693,46.99,WARNING
20,214,0.0369742589116268,31.46,CRITICAL
20,215,0.037407247200621,31.26,CRITICAL
20,216,6.191269243127628e-05,48.01,WARNING
20,217,0.0135443515955133,41.96,WARNING
20,218,0.0197163008555725,39.2,CRITICAL
20,219,-0.0081898032274341,51.71,WARNING
20,220,0.0160525914371321,40.84,WARNING
20,221,0.0078314227489849,44.53,WARNING
20,222,0.0213247979235891,38.48,CRITICAL
20,223,0.0198464764432164,39.14,CRITICAL
20,224,0.0081639020928627,44.38,WARNING
20,225,0.0364410195545746,31.7,CRITICAL
20,226,-0.0109256208051545,52.94,WARNING
20,227,0.0260176364414254,36.37,CRITICAL
20,228,0.0371310110584992,31.39,CRITICAL
20,229,0.0472185997707972,26.86,CRITICAL
20,230,0.0195890516891096,39.25,CRITICAL
20,231,0.0896825878251765,7.82,CRITICAL
20,232,0.1121277521781262,0.0,CRITICAL
20,233,0.0539951026789894,23.83,CRITICAL
20,234,0.0823675109185084,11.1,CRITICAL
21,1,-0.0642983729212463,76.87,NORMAL
21,2,-0.0542018856557833,72.34,NORMAL
21,3,-0.100398937937573,93.06,NORMAL
21,4,-0.0864639702264427,86.81,NORMAL
21,5,-0.0857607847207282,86.49,NORMAL
21,6,-0.0460480634817894,68.69,WARNING
21,7,-0.0799979747591428,83.91,NORMAL
21,8,-0.0931113852326232,89.79,NORMAL
21,9,-0.0616687181107826,75.69,NORMAL
21,10,-0.0663561279005772,77.79,NORMAL
21,11,-0.0856161713903654,86.43,NORMAL
21,12,-0.0611062705621985,75.44,NORMAL
21,13,-0.0913480799727802,89.0,NORMAL
21,14,-0.0728828382110362,80.72,NORMAL
21,15,-0.1062285816773487,95.67,NORMAL
21,16,-0.0803503966818383,84.07,NORMAL
21,17,-0.0275725830495626,60.4,WARNING
21,18,-0.0942638360579596,90.31,NORMAL
21,19,-0.0882847075659589,87.63,NORMAL
21,20,-0.0733568135368858,80.93,NORMAL
21,21,-0.1018470122731786,93.71,NORMAL
21,22,-0.0382361336237508,65.18,WARNING
21,23,-0.0865306469790584,86.84,NORMAL
21,24,-0.0862399245005945,86.71,NORMAL
21,25,-0.0683655697359241,78.69,NORMAL
21,26,-0.1023366175160325,93.93,NORMAL
21,27,-0.0945708076477576,90.44,NORMAL
21,28,-0.0705172916017627,79.66,NORMAL
21,29,-0.0762385999970127,82.22,NORMAL
21,30,-0.0926356955314751,89.58,NORMAL
21,31,-0.1020614793464145,93.8,NORMAL
21,32,-0.0750272929747263,81.68,NORMAL
21,33,-0.0659062890370871,77.59,NORMAL
21,34,-0.0950261172870635,90.65,NORMAL
21,35,-0.1127569175379007,98.6,NORMAL
21,36,-0.073474500038423,80.98,NORMAL
21,37,-0.0561102887733794,73.2,NORMAL
21,38,-0.0838463300993716,85.64,NORMAL
21,39,-0.0719383950201034,80.3,NORMAL
21,40,-0.0815963035888973,84.63,NORMAL
21,41,-0.1006147130865373,93.15,NORMAL
21,42,-0.0723767558648595,80.49,NORMAL
21,43,-0.0975882020042124,91.8,NORMAL
21,44,-0.0883278791778029,87.65,NORMAL
21,45,-0.1021289308384268,93.83,NORMAL
21,46,-0.0837313002560732,85.58,NORMAL
21,47,-0.0873810511282021,87.22,NORMAL
21,48,-0.0733539427333072,80.93,NORMAL
21,49,-0.0858678049385924,86.54,NORMAL
21,50,-0.0971966976360607,91.62,NORMAL
21,51,-0.071091772803021,79.92,NORMAL
21,52,-0.0778053883871189,82.93,NORMAL
21,53,-0.0705317826998806,79.67,NORMAL
21,54,-0.0870359311855598,87.07,NORMAL
21,55,-0.0947161997442025,90.51,NORMAL
21,56,-0.0705911940441406,79.69,NORMAL
21,57,-0.1011943429997211,93.41,NORMAL
21,58,-0.1062637705019535,95.69,NORMAL
21,59,-0.0679889755955105,78.52,NORMAL
21,60,-0.0809862041458218,84.35,NORMAL
21,61,-0.0491017128606542,70.06,NORMAL
21,62,-0.1088467887695287,96.85,NORMAL
21,63,-0.1158281842829915,99.98,NORMAL
21,64,-0.0879675749818399,87.48,NORMAL
21,65,-0.0872595527429697,87.17,NORMAL
21,66,-0.093142318529972,89.8,NORMAL
21,67,-0.0726914693384027,80.63,NORMAL
21,68,-0.0549107237688992,72.66,NORMAL
21,69,-0.0380846335394977,65.12,WARNING
21,70,-0.0903524141625912,88.55,NORMAL
21,71,-0.0938032585921273,90.1,NORMAL
21,72,-0.1055885899052285,95.39,NORMAL
21,73,-0.0928048366242325,89.65,NORMAL
21,74,-0.0668863514394891,78.03,NORMAL
21,75,-0.088293130307073,87.63,NORMAL
21,76,-0.0744530532222564,81.42,NORMAL
21,77,-0.083805668162119,85.62,NORMAL
21,78,-0.1004430966839157,93.08,NORMAL
21,79,-0.0981433726415677,92.05,NORMAL
21,80,-0.1005507643827977,93.13,NORMAL
21,81,-0.069377683034377,79.15,NORMAL
21,82,-0.0725050510935783,80.55,NORMAL
21,83,-0.0874280528011842,87.24,NORMAL
21,84,-0.1040231696272366,94.68,NORMAL
21,85,-0.0633818856917364,76.46,NORMAL
21,86,-0.0808815217121602,84.31,NORMAL
21,87,-0.0650593703546612,77.21,NORMAL
21,88,-0.0944556347784419,90.39,NORMAL
21,89,-0.0553276108848849,72.85,NORMAL
21,90,-0.0834081089003854,85.44,NORMAL
21,91,-0.1070263062967372,96.03,NORMAL
21,92,-0.0507473710071311,70.79,NORMAL
21,93,-0.105844690333838,95.5,NORMAL
21,94,-0.0759900078701923,82.11,NORMAL
21,95,-0.0844669576639041,85.91,NORMAL
21,96,-0.1149701488433252,99.59,NORMAL
21,97,-0.0821953086746988,84.9,NORMAL
21,98,-0.1086854657855819,96.77,NORMAL
21,99,-0.032846270654929,62.77,WARNING
21,100,-0.1136858468937785,99.02,NORMAL
21,101,-0.0999700539088152,92.87,NORMAL
21,102,-0.0708096916890843,79.79,NORMAL
21,103,-0.0933266017111896,89.89,NORMAL
21,104,-0.1153291742375289,99.75,NORMAL
21,105,-0.0746823327643494,81.53,NORMAL
21,106,-0.0849538873332051,86.13,NORMAL
21,107,-0.0969718071944752,91.52,NORMAL
21,108,-0.1039084168212001,94.63,NORMAL
21,109,-0.0901092673740282,88.44,NORMAL
21,110,-0.0868597881536103,86.99,NORMAL
21,111,-0.0744241237927632,81.41,NORMAL
21,112,-0.0988226648342049,92.35,NORMAL
21,113,-0.0778951316926465,82.97,NORMAL
21,114,-0.0667631633624303,77.98,NORMAL
21,115,-0.0764098934212199,82.3,NORMAL
21,116,-0.0731001713704195,80.82,NORMAL
21,117,-0.1124827495048377,98.48,NORMAL
21,118,-0.1006372576824989,93.16,NORMAL
21,119,-0.0981794860295435,92.06,NORMAL
21,120,-0.0929341303053175,89.71,NORMAL
21,121,-0.0351315881099884,63.79,WARNING
21,122,-0.0886475154131757,87.79,NORMAL
21,123,-0.0692183505545979,79.08,NORMAL
21,124,-0.0615890910710986,75.66,NORMAL
21,125,-0.1048354025994955,95.05,NORMAL
21,126,-0.1000000845675443,92.88,NORMAL
21,127,-0.1143861763792213,99.33,NORMAL
21,128,-0.0620703517654073,75.87,NORMAL
21,129,-0.0872464344242776,87.16,NORMAL
21,130,-0.0806447014420523,84.2,NORMAL
21,131,-0.0843657494005905,85.87,NORMAL
21,132,-0.1001423261860408,92.94,NORMAL
21,133,-0.027220953005921,60.24,WARNING
21,134,-0.074941478150437,81.64,NORMAL
21,135,-0.1010263325779883,93.34,NORMAL
21,136,-0.0888942554180358,87.9,NORMAL
21,137,-0.0750785529859987,81.7,NORMAL
21,138,-0.0952112602897045,90.73,NORMAL
21,139,-0.0696225913497041,79.26,NORMAL
21,140,-0.0794074209588044,83.65,NORMAL
21,141,-0.0845022971258105,85.93,NORMAL
21,142,-0.1115293907656224,98.05,NORMAL
21,143,-0.0504700106184389,70.67,NORMAL
21,144,-0.0691475221811884,79.04,NORMAL
21,145,-0.0677698351921062,78.43,NORMAL
21,146,-0.0739743496363243,81.21,NORMAL
21,147,-0.0345965962508776,63.55,WARNING
21,148,-0.0947449001078706,90.52,NORMAL
21,149,-0.0723200827912911,80.47,NORMAL
21,150,-0.0710216875118485,79.88,NORMAL
21,151,-0.0722067337470462,80.42,NORMAL
21,152,-0.0503674648694669,70.62,NORMAL
21,153,-0.0391377763024888,65.59,WARNING
21,154,-0.0527573166824968,71.69,NORMAL
21,155,-0.0716521262765376,80.17,NORMAL
21,156,-0.0231076722035101,58.4,WARNING
21,157,-0.0300184251789898,61.5,WARNING
21,158,-0.0714058455544189,80.06,NORMAL
21,159,-0.0672888699466243,78.21,NORMAL
21,160,-0.0571353907993194,73.66,NORMAL
21,161,-0.0486248512719607,69.84,WARNING
21,162,-0.0663130748206288,77.77,NORMAL
21,163,-0.0521820655237578,71.44,NORMAL
21,164,-0.0375930126051214,64.89,WARNING
21,165,-0.0252738872825892,59.37,WARNING
21,166,-0.0418513368561045,66.8,WARNING
21,167,-0.051604732234272,71.18,NORMAL
21,168,-0.0366247091485713,64.46,WARNING
21,169,-0.0437885986951901,67.67,WARNING
21,170,-0.0348004032232899,63.64,WARNING
21,171,-0.0641099404235324,76.79,NORMAL
21,172,-0.0358762286006077,64.12,WARNING
21,173,-0.006136601389411,50.79,WARNING
21,174,-0.0181554873830473,56.18,WARNING
21,175,-0.0094176059336594,52.26,WARNING
21,176,-0.0126843556562185,53.73,WARNING
21,177,-0.0108248885197581,52.89,WARNING
21,178,-0.0214242447715632,57.64,WARNING
21,179,-0.0194614262473326,56.76,WARNING
21,180,0.0302744390930698,34.46,CRITICAL
21,181,0.0117278841275917,42.78,WARNING
21,182,0.0637854277063151,19.43,CRITICAL
21,183,-0.0123168800357784,53.56,WARNING
21,184,0.043133665357421,28.7,CRITICAL
21,185,-0.0046797665151643,50.14,WARNING
21,186,0.012796784295642,42.3,WARNING
21,187,0.0693241134082879,16.95,CRITICAL
21,188,0.0192975314419243,39.38,CRITICAL
21,189,0.0330327823544323,33.22,CRITICAL
21,190,0.0631560287987158,19.72,CRITICAL
21,191,0.0521743976766814,24.64,CRITICAL
21,192,0.0810667756432601,11.69,CRITICAL
21,193,0.0751240234423501,14.35,CRITICAL
21,194,0.1290266642688896,0.0,CRITICAL
21,195,0.1081470119905825,0.0,CRITICAL
22,1,-0.0916960236500571,89.16,NORMAL
22,2,-0.0924178525408967,89.48,NORMAL
22,3,-0.0881154670187897,87.55,NORMAL
22,4,-0.088249666949039,87.61,NORMAL
22,5,-0.0661037539207529,77.68,NORMAL
22,6,-0.0999102771425329,92.84,NORMAL
22,7,-0.0864330075412603,86.8,NORMAL
22,8,-0.0681761880386909,78.61,NORMAL
22,9,-0.0613003433724275,75.53,NORMAL
22,10,-0.0894710161924571,88.16,NORMAL
22,11,-0.0591033368524288,74.54,NORMAL
22,12,-0.0751275842550303,81.73,NORMAL
22,13,-0.0673555696411412,78.24,NORMAL
22,14,-0.0693019090769818,79.11,NORMAL
22,15,-0.0633575285627802,76.45,NORMAL
22,16,-0.0913090036707119,88.98,NORMAL
22,17,-0.0696671989967966,79.28,NORMAL
22,18,-0.0834617133192521,85.46,NORMAL
22,19,-0.080549213102186,84.16,NORMAL
22,20,-0.0798753816308049,83.85,NORMAL
22,21,-0.0971651344226559,91.61,NORMAL
22,22,-0.0828747762790104,85.2,NORMAL
22,23,-0.0924255282841667,89.48,NORMAL
22,24,-0.0810429831915826,84.38,NORMAL
22,25,-0.0839760036382749,85.69,NORMAL
22,26,-0.0822010037068619,84.9,NORMAL
22,27,-0.1029607519991566,94.21,NORMAL
22,28,-0.0649768854568093,77.17,NORMAL
22,29,-0.1095009742037627,97.14,NORMAL
22,30,-0.077941903466113,82.99,NORMAL
22,31,-0.0867694403455733,86.95,NORMAL
22,32,-0.0961250325638732,91.14,NORMAL
22,33,-0.0731234875831536,80.83,NORMAL
22,34,-0.0716895183090597,80.18,NORMAL
22,35,-0.105370628210832,95.29,NORMAL
22,36,-0.0889228824747981,87.91,NORMAL
22,37,-0.0877599752793815,87.39,NORMAL
22,38,-0.0986961328588901,92.29,NORMAL
22,39,-0.0717730174487041,80.22,NORMAL
22,40,-0.084361361118502,85.87,NORMAL
22,41,-0.0926817386719172,89.6,NORMAL
22,42,-0.074423326650297,81.41,NORMAL
22,43,-0.0932079777876786,89.83,NORMAL
22,44,-0.0474853924985395,69.33,WARNING
22,45,-0.0859826014463811,86.59,NORMAL
22,46,-0.0743958389504673,81.4,NORMAL
22,47,-0.0859858835016713,86.59,NORMAL
22,48,-0.0647832820527178,77.09,NORMAL
22,49,-0.0807327405807396,84.24,NORMAL
22,50,-0.0880615044351881,87.53,NORMAL
22,51,-0.0709712671943638,79.86,NORMAL
22,52,-0.0594989786774901,74.72,NORMAL
22,53,-0.0912702016230771,88.96,NORMAL
22,54,-0.0712513624857186,79.99,NORMAL
22,55,-0.0661676614586839,77.71,NORMAL
22,56,-0.0522765930224431,71.48,NORMAL
22,57,-0.0887948430248928,87.85,NORMAL
22,58,-0.007036168009315,51.19,WARNING
22,59,-0.0786679521091491,83.31,NORMAL
22,60,-0.0681242690428208,78.59,NORMAL
22,61,-0.0260156026895287,59.7,WARNING
22,62,-0.0642788793240186,76.86,NORMAL
22,63,-0.0731455516171157,80.84,NORMAL
22,64,-0.0889712704332917,87.93,NORMAL
22,65,-0.0899969506690189,88.39,NORMAL
22,66,-0.0690585883643736,79.0,NORMAL
22,67,-0.0776791609793201,82.87,NORMAL
22,68,-0.0907286332761417,88.72,NORMAL
22,69,-0.0460727231053516,68.7,WARNING
22,70,-0.0862433010956351,86.71,NORMAL
22,71,-0.0846443886151907,85.99,NORMAL
22,72,-0.0945213760811486,90.42,NORMAL
22,73,-0.0508828466435382,70.85,NORMAL
22,74,-0.0727010734447595,80.64,NORMAL
22,75,-0.084954624316027,86.13,NORMAL
22,76,-0.083671471023219,85.56,NORMAL
22,77,-0.0776581030082346,82.86,NORMAL
22,78,-0.0750239121240791,81.68,NORMAL
22,79,-0.0797227150094219,83.79,NORMAL
22,80,-0.0800766704452136,83.95,NORMAL
22,81,-0.0639787043583227,76.73,NORMAL
22,82,-0.07792072755728,82.98,NORMAL
22,83,-0.0993560568128059,92.59,NORMAL
22,84,-0.075041050138903,81.69,NORMAL
22,85,-0.0933912412371775,89.92,NORMAL
22,86,-0.0897859180594858,88.3,NORMAL
22,87,-0.08480644231957,86.07,NORMAL
22,88,-0.0747277945598224,81.55,NORMAL
22,89,-0.0795341215880579,83.7,NORMAL
22,90,-0.0592620298857844,74.61,NORMAL
22,91,-0.0846775668929576,86.01,NORMAL
22,92,-0.0586348715418086,74.33,NORMAL
22,93,-0.0636905346908325,76.6,NORMAL
22,94,-0.0778624163019436,82.95,NORMAL
22,95,-0.089345980846228,88.1,NORMAL
22,96,-0.0549261227271047,72.67,NORMAL
22,97,-0.0990691718478066,92.46,NORMAL
22,98,-0.0818793995059271,84.75,NORMAL
22,99,-0.0736121021118423,81.05,NORMAL
22,100,-0.0514943526866101,71.13,NORMAL
22,101,-0.0922964116921669,89.42,NORMAL
22,102,-0.0701508013300513,79.49,NORMAL
22,103,-0.0763819545049899,82.29,NORMAL
22,104,-0.064469623812401,76.95,NORMAL
22,105,-0.0906575909840589,88.69,NORMAL
22,106,-0.0959447026465976,91.06,NORMAL
22,107,-0.0489052087754048,69.97,WARNING
22,108,-0.0622334167858159,75.94,NORMAL
22,109,-0.0569655488340433,73.58,NORMAL
22,110,-0.0966333493242193,91.37,NORMAL
22,111,-0.0622561153939982,75.95,NORMAL
22,112,-0.0386607799361329,65.37,WARNING
22,113,-0.0292546033199541,61.16,WARNING
22,114,-0.0794958620519713,83.68,NORMAL
22,115,-0.0562587564247581,73.26,NORMAL
22,116,-0.0668646950302533,78.02,NORMAL
22,117,-0.0764684282736815,82.33,NORMAL
22,118,-0.0312023710962655,62.03,WARNING
22,119,-0.0548995685343057,72.66,NORMAL
22,120,-0.0675397441227062,78.32,NORMAL
22,121,-0.0812690929433533,84.48,NORMAL
22,122,-0.0494986924539262,70.23,NORMAL
22,123,-0.0662342917902329,77.74,NORMAL
22,124,-0.0449174577882442,68.18,WARNING
22,125,-0.0821869411004679,84.89,NORMAL
22,126,-0.0551484552622727,72.77,NORMAL
22,127,-0.0390400687735442,65.54,WARNING
22,128,-0.0808532592411453,84.29,NORMAL
22,129,-0.060407209420049,75.13,NORMAL
22,130,-0.0629159118560296,76.25,NORMAL
22,131,-0.0247799168950076,59.15,WARNING
22,132,-0.0492970026438069,70.14,NORMAL
22,133,-0.052929607830003,71.77,NORMAL
22,134,-0.0401473228335549,66.04,WARNING
22,135,-0.0470002784363565,69.11,WARNING
22,136,-0.0574718610599596,73.81,NORMAL
22,137,-0.0517968396557929,71.26,NORMAL
22,138,-0.0556365210489567,72.99,NORMAL
22,139,-0.033946188818172,63.26,WARNING
22,140,-0.0619870381148878,75.83,NORMAL
22,141,-0.0296424594630022,61.33,WARNING
22,142,-0.0630582070215625,76.31,NORMAL
22,143,-0.0298603683097928,61.43,WARNING
22,144,-0.0420747809179322,66.9,WARNING
22,145,-0.0730515858991242,80.79,NORMAL
22,146,-0.0382595725253351,65.19,WARNING
22,147,-0.0194283246327323,56.75,WARNING
22,148,-0.0221160134031346,57.95,WARNING
22,149,-0.016649837244862,55.5,WARNING
22,150,-0.0399284057364212,65.94,WARNING
22,151,-0.0547433107459616,72.59,NORMAL
22,152,-0.0286247427222982,60.87,WARNING
22,153,-0.0495875841968689,70.27,NORMAL
22,154,-0.0217689887979327,57.8,WARNING
22,155,-0.0016702517609858,48.79,WARNING
22,156,-0.0226974279452454,58.22,WARNING
22,157,-0.0376521183141821,64.92,WARNING
22,158,-0.0183633333670571,56.27,WARNING
22,159,0.0093392477146209,43.85,WARNING
22,160,-0.0348623024798228,63.67,WARNING
22,161,4.721164171606063e-05,48.02,WARNING
22,162,-0.0237883819383576,58.7,WARNING
22,163,-0.0231802937860575,58.43,WARNING
22,164,-0.0146424692117096,54.6,WARNING
22,165,-0.0467364443016747,68.99,WARNING
22,166,-0.0248351414613629,59.17,WARNING
22,167,-0.0207083704487365,57.32,WARNING
22,168,-0.0160522201061245,55.24,WARNING
22,169,0.0014059892534229,47.41,WARNING
22,170,-0.0091976609886,52.16,WARNING
22,171,0.0094890507908075,43.78,WARNING
22,172,0.022052091129442,38.15,CRITICAL
22,173,0.0282393122548527,35.37,CRITICAL
22,174,-0.0208895799611321,57.4,WARNING
22,175,-0.0312145866421135,62.03,WARNING
22,176,-0.0155632232916875,55.02,WARNING
22,177,0.0274865270469782,35.71,CRITICAL
22,178,0.045310857362929,27.72,CRITICAL
22,179,0.0166468680229926,40.57,WARNING
22,180,0.0048303011198013,45.87,WARNING
22,181,0.0079516837695046,44.47,WARNING
22,182,-0.0149630546923103,54.75,WARNING
22,183,0.0371700093061271,31.37,CRITICAL
22,184,-0.0130004667746185,53.87,WARNING
22,185,0.0527565696034459,24.38,CRITICAL
22,186,-0.0065069335372356,50.96,WARNING
22,187,0.0390260300449761,30.54,CRITICAL
22,188,0.0391616603638629,30.48,CRITICAL
22,189,0.0752754088007314,14.28,CRITICAL
22,190,0.0008323061189975,47.66,WARNING
22,191,0.0401107608190379,30.05,CRITICAL
22,192,0.058268043178243,21.91,CRITICAL
22,193,0.0783205236524889,12.92,CRITICAL
22,194,0.0550309010017581,23.36,CRITICAL
22,195,0.1005699392722627,2.94,CRITICAL
22,196,0.0203652522760194,38.91,CRITICAL
22,197,0.0684465135799047,17.34,CRITICAL
22,198,0.0484084620953053,26.33,CRITICAL
22,199,0.0669598608733962,18.01,CRITICAL
22,200,0.0403951848944331,29.92,CRITICAL
22,201,0.0837498438296927,10.48,CRITICAL
22,202,0.1159851695632473,0.0,CRITICAL
23,1,-0.0790248775418874,83.47,NORMAL
23,2,-0.1043058521417129,94.81,NORMAL
23,3,-0.0869091511619938,87.01,NORMAL
23,4,-0.0839319166294394,85.67,NORMAL
23,5,-0.1095919652548185,97.18,NORMAL
23,6,-0.1033716088569851,94.39,NORMAL
23,7,-0.0716082092844403,80.15,NORMAL
23,8,-0.1139550924462438,99.14,NORMAL
23,9,-0.085567307257594,86.41,NORMAL
23,10,-0.0898818193724375,88.34,NORMAL
23,11,-0.0817721417110037,84.71,NORMAL
23,12,-0.069951212215544,79.4,NORMAL
23,13,-0.1031499920746112,94.29,NORMAL
23,14,-0.0921371092980083,89.35,NORMAL
23,15,-0.1019865314938532,93.77,NORMAL
23,16,-0.0902281413241369,88.5,NORMAL
23,17,-0.0965735652427568,91.34,NORMAL
23,18,-0.0834689254114416,85.47,NORMAL
23,19,-0.1075759600939957,96.28,NORMAL
23,20,-0.1007599193974282,93.22,NORMAL
23,21,-0.0927947804935499,89.65,NORMAL
23,22,-0.1069879069531611,96.01,NORMAL
23,23,-0.1083330871059169,96.62,NORMAL
23,24,-0.0714726694618164,80.09,NORMAL
23,25,-0.0817218406376621,84.68,NORMAL
23,26,-0.0870684885468804,87.08,NORMAL
23,27,-0.0868817280103849,87.0,NORMAL
23,28,-0.0738775822310343,81.17,NORMAL
23,29,-0.0664081740318474,77.82,NORMAL
23,30,-0.0688052091073446,78.89,NORMAL
23,31,-0.0948924396827623,90.59,NORMAL
23,32,-0.0841555858396598,85.77,NORMAL
23,33,-0.0695322772944816,79.22,NORMAL
23,34,-0.0909187529682932,88.81,NORMAL
23,35,-0.0992102655861058,92.52,NORMAL
23,36,-0.0930493662782905,89.76,NORMAL
23,37,-0.1002495237069437,92.99,NORMAL
23,38,-0.0889898364179134,87.94,NORMAL
23,39,-0.070718544557141,79.75,NORMAL
23,40,-0.0857462820545209,86.49,NORMAL
23,41,-0.0933260948729635,89.89,NORMAL
23,42,-0.0785422182595563,83.26,NORMAL
23,43,-0.0980150351455069,91.99,NORMAL
23,44,-0.0743119921160048,81.36,NORMAL
23,45,-0.0902949408253283,88.53,NORMAL
23,46,-0.0926269132506939,89.57,NORMAL
23,47,-0.1063047448414212,95.71,NORMAL
23,48,-0.1069289401019476,95.99,NORMAL
23,49,-0.0972800740696452,91.66,NORMAL
23,50,-0.0778999365475516,82.97,NORMAL
23,51,-0.1067267747466512,95.9,NORMAL
23,52,-0.0839564418892727,85.68,NORMAL
23,53,-0.0497332783739387,70.34,NORMAL
23,54,-0.1028519981973103,94.16,NORMAL
23,55,-0.0605960042722945,75.21,NORMAL
23,56,-0.0998285464616156,92.8,NORMAL
23,57,-0.0596820693844096,74.8,NORMAL
23,58,-0.0682160729760373,78.63,NORMAL
23,59,-0.0922132458102481,89.39,NORMAL
23,60,-0.0949189093327685,90.6,NORMAL
23,61,-0.0710586109181037,79.9,NORMAL
23,62,-0.0881733461026912,87.58,NORMAL
23,63,-0.0419642944341958,66.85,WARNING
23,64,-0.0850587958645035,86.18,NORMAL
23,65,-0.1021571236971277,93.85,NORMAL
23,66,-0.0812035158608098,84.45,NORMAL
23,67,-0.0801221301239615,83.97,NORMAL
23,68,-0.07629864193781,82.25,NORMAL
23,69,-0.1046069763611337,94.94,NORMAL
23,70,-0.094169131391921,90.26,NORMAL
23,71,-0.0749999303972623,81.67,NORMAL
23,72,-0.1056613620342446,95.42,NORMAL
23,73,-0.0881429205176082,87.56,NORMAL
23,74,-0.0547172716010288,72.57,NORMAL
23,75,-0.1068114933853275,95.93,NORMAL
23,76,-0.0672028833287732,78.17,NORMAL
23,77,-0.0814230824888623,84.55,NORMAL
23,78,-0.0774276974892388,82.76,NORMAL
23,79,-0.0995036694462202,92.66,NORMAL
23,80,-0.0998070417146522,92.79,NORMAL
23,81,-0.0625030942124152,76.06,NORMAL
23,82,-0.1167401297332815,100.0,NORMAL
23,83,-0.099966723114296,92.86,NORMAL
23,84,-0.0975555457504607,91.78,NORMAL
23,85,-0.0889299331840693,87.92,NORMAL
23,86,-0.0663625666906749,77.8,NORMAL
23,87,-0.0927714655289431,89.64,NORMAL
23,88,-0.0567671503353301,73.49,NORMAL
23,89,-0.1003141210219392,93.02,NORMAL
23,90,-0.0962269434566998,91.19,NORMAL
23,91,-0.0983673283012794,92.15,NORMAL
23,92,-0.0912884747831995,88.97,NORMAL
23,93,-0.0943407875258944,90.34,NORMAL
23,94,-0.0891001259453306,87.99,NORMAL
23,95,-0.0923728725348524,89.46,NORMAL
23,96,-0.1037228193885413,94.55,NORMAL
23,97,-0.0987020900746118,92.3,NORMAL
23,98,-0.1039421124920117,94.65,NORMAL
23,99,-0.0762396487711181,82.22,NORMAL
23,100,-0.0768553852290064,82.5,NORMAL
23,101,-0.0837165862750045,85.58,NORMAL
23,102,-0.0700282665785054,79.44,NORMAL
23,103,-0.0923913736383469,89.47,NORMAL
23,104,-0.065191693625198,77.27,NORMAL
23,105,-0.0832001585471103,85.35,NORMAL
23,106,-0.093249967066938,89.85,NORMAL
23,107,-0.0373702342594774,64.79,WARNING
23,108,-0.0938966226931296,90.14,NORMAL
23,109,-0.0828954403169449,85.21,NORMAL
23,110,-0.0853503703292183,86.31,NORMAL
23,111,-0.0864008355302088,86.78,NORMAL
23,112,-0.0739388396980496,81.19,NORMAL
23,113,-0.0616345754166865,75.68,NORMAL
23,114,-0.0468639997772595,69.05,WARNING
23,115,-0.0746802218300706,81.53,NORMAL
23,116,-0.0587147602389249,74.37,NORMAL
23,117,-0.0602941843567218,75.07,NORMAL
23,118,-0.0475385850074335,69.35,WARNING
23,119,-0.0854316044860622,86.35,NORMAL
23,120,-0.0697396842943037,79.31,NORMAL
23,121,-0.0803568170751141,84.07,NORMAL
23,122,-0.0167372451750316,55.54,WARNING
23,123,-0.0705293445808874,79.66,NORMAL
23,124,-0.0580214395265763,74.06,NORMAL
23,125,-0.0667037643174686,77.95,NORMAL
23,126,-0.0487144591524488,69.88,WARNING
23,127,-0.0607301081667885,75.27,NORMAL
23,128,-0.0476228202498184,69.39,WARNING
23,129,-0.0369575902356986,64.61,WARNING
23,130,-0.0316370681746478,62.22,WARNING
23,131,-0.0437987764772739,67.68,WARNING
23,132,-0.0206890623425189,57.31,WARNING
23,133,-0.0404231370313076,66.16,WARNING
23,134,-0.0635805080231881,76.55,NORMAL
23,135,-0.0627631040878614,76.18,NORMAL
23,136,-0.0513927207399616,71.08,NORMAL
23,137,-0.0347040956336538,63.6,WARNING
23,138,-0.0250175899641237,59.26,WARNING
23,139,-0.0337507535338082,63.17,WARNING
23,140,-0.0346613692571487,63.58,WARNING
23,141,-0.0160712259910514,55.24,WARNING
23,142,-0.0435848311397084,67.58,WARNING
23,143,-0.0229574685913895,58.33,WARNING
23,144,-0.0332853987266644,62.96,WARNING
23,145,-0.0393303001493603,65.67,WARNING
23,146,0.0043859150742588,46.07,WARNING
23,147,-0.0421119941203187,66.92,WARNING
23,148,-0.0243038193176592,58.94,WARNING
23,149,-0.0012923387869369,48.62,WARNING
23,150,0.0471102164399035,26.91,CRITICAL
23,151,-0.0133730500829957,54.03,WARNING
23,152,-0.0030566082531246,49.41,WARNING
23,153,0.011143631607964,43.04,WARNING
23,154,0.0048025059548472,45.88,WARNING
23,155,-0.0262622806341036,59.81,WARNING
23,156,0.0073973508969868,44.72,WARNING
23,157,0.0499986674698545,25.62,CRITICAL
23,158,0.0180427207619469,39.95,CRITICAL
23,159,0.0470895045000625,26.92,CRITICAL
23,160,0.0214189686952023,38.43,CRITICAL
23,161,0.0364909477306051,31.67,CRITICAL
23,162,0.0705330098541047,16.41,CRITICAL
23,163,0.0394040555774996,30.37,CRITICAL
23,164,0.0509665900072323,25.18,CRITICAL
23,165,0.0541005930914041,23.78,CRITICAL
23,166,0.0809418420713123,11.74,CRITICAL
23,167,0.0892008262008234,8.04,CRITICAL
23,168,0.1040698817847686,1.37,CRITICAL
24,1,-0.0626011889373187,76.11,NORMAL
24,2,-0.0563295040411481,73.3,NORMAL
24,3,-0.0638677772496471,76.68,NORMAL
24,4,-0.0721228349070968,80.38,NORMAL
24,5,-0.0764122577673943,82.3,NORMAL
24,6,-0.0668407136623455,78.01,NORMAL
24,7,-0.0633441867849174,76.44,NORMAL
24,8,-0.0590636648298615,74.52,NORMAL
24,9,-0.079347111085578,83.62,NORMAL
24,10,-0.0164453074097539,55.41,WARNING
24,11,-0.067884192023073,78.48,NORMAL
24,12,-0.0574110915051591,73.78,NORMAL
24,13,-0.0823112359374237,84.95,NORMAL
24,14,-0.0731849165210577,80.85,NORMAL
24,15,-0.0754272870998246,81.86,NORMAL
24,16,-0.0633558750677076,76.45,NORMAL
24,17,-0.0674614675908367,78.29,NORMAL
24,18,-0.0797862998560922,83.81,NORMAL
24,19,-0.0086711331029619,51.93,WARNING
24,20,-0.0776003991352208,82.83,NORMAL
24,21,-0.0753371788009958,81.82,NORMAL
24,22,-0.0676659962375273,78.38,NORMAL
24,23,-0.0827424566224492,85.14,NORMAL
24,24,-0.0695323341860241,79.22,NORMAL
24,25,-0.0657878253370504,77.54,NORMAL
24,26,-0.0685473525678836,78.78,NORMAL
24,27,-0.0964787835390847,91.3,NORMAL
24,28,-0.0705283922833108,79.66,NORMAL
24,29,-0.0644218550872541,76.93,NORMAL
24,30,-0.0896872275485183,88.25,NORMAL
24,31,-0.0972572035670256,91.65,NORMAL
24,32,-0.0688480439733212,78.91,NORMAL
24,33,-0.0755022796219108,81.89,NORMAL
24,34,-0.0730178254785423,80.78,NORMAL
24,35,-0.0754405553656675,81.87,NORMAL
24,36,-0.084661858158274,86.0,NORMAL
24,37,-0.0522537776943502,71.47,NORMAL
24,38,-0.0881084831013818,87.55,NORMAL
24,39,-0.0843647938092064,85.87,NORMAL
24,40,-0.0571842709442479,73.68,NORMAL
24,41,-0.0719216867482101,80.29,NORMAL
24,42,-0.0738772119652769,81.17,NORMAL
24,43,-0.0729137969321073,80.73,NORMAL
24,44,-0.0487079136835247,69.88,WARNING
24,45,-0.1030105004308664,94.23,NORMAL
24,46,-0.0810324388174946,84.37,NORMAL
24,47,-0.072945997683222,80.75,NORMAL
24,48,-0.0683424948264919,78.68,NORMAL
24,49,-0.0954564122120171,90.84,NORMAL
24,50,-0.0825836379479165,85.07,NORMAL
24,51,-0.0778927847512205,82.97,NORMAL
24,52,-0.0649383410451754,77.16,NORMAL
24,53,-0.100002421512464,92.88,NORMAL
24,54,-0.078936876564927,83.43,NORMAL
24,55,-0.0509127590252418,70.87,NORMAL
24,56,-0.0622579737592312,75.95,NORMAL
24,57,-0.0734831738808565,80.99,NORMAL
24,58,-0.082644525125744,85.1,NORMAL
24,59,-0.0970669646994569,91.56,NORMAL
24,60,-0.0815407456495332,84.6,NORMAL
24,61,-0.0857433451514217,86.49,NORMAL
24,62,-0.1041149304764728,94.72,NORMAL
24,63,-0.0648851410728577,77.13,NORMAL
24,64,-0.0681743671792547,78.61,NORMAL
24,65,-0.106039115431648,95.59,NORMAL
24,66,-0.0806056204498813,84.18,NORMAL
24,67,-0.0853413906907569,86.31,NORMAL
24,68,-0.1019263707482729,93.74,NORMAL
24,69,-0.0877038765771703,87.37,NORMAL
24,70,-0.0480140788086068,69.57,WARNING
24,71,-0.107313823819826,96.16,NORMAL
24,72,-0.0801194651221582,83.96,NORMAL
24,73,-0.0646282910059124,77.02,NORMAL
24,74,-0.1067905455926177,95.92,NORMAL
24,75,-0.0623877998604687,76.01,NORMAL
24,76,-0.0969893764963247,91.53,NORMAL
24,77,-0.0940581399541515,90.21,NORMAL
24,78,-0.0922787138346356,89.42,NORMAL
24,79,-0.0794944061848911,83.68,NORMAL
24,80,-0.0774645261613205,82.77,NORMAL
24,81,-0.0866574962291778,86.9,NORMAL
24,82,-0.0933539238391092,89.9,NORMAL
24,83,-0.0993404322123543,92.58,NORMAL
24,84,-0.1125555663352612,98.51,NORMAL
24,85,-0.0904028687415859,88.58,NORMAL
24,86,-0.1142894758044837,99.29,NORMAL
24,87,-0.1093044601660761,97.05,NORMAL
24,88,-0.0965832965493022,91.35,NORMAL
24,89,-0.0776067379523312,82.84,NORMAL
24,90,-0.0927806518786092,89.64,NORMAL
24,91,-0.0902739511134293,88.52,NORMAL
24,92,-0.0869193063577735,87.01,NORMAL
24,93,-0.0930134082290896,89.75,NORMAL
24,94,-0.1125695040546382,98.52,NORMAL
24,95,-0.0848985567695747,86.11,NORMAL
24,96,-0.1037232283973312,94.55,NORMAL
24,97,-0.1090065423121866,96.92,NORMAL
24,98,-0.0894375723066476,88.14,NORMAL
24,99,-0.0798291266928097,83.83,NORMAL
24,100,-0.1069043370299199,95.98,NORMAL
24,101,-0.1073144119855445,96.16,NORMAL
24,102,-0.09061843071824,88.67,NORMAL
24,103,-0.1121500139890919,98.33,NORMAL
24,104,-0.0889340073921604,87.92,NORMAL
24,105,-0.1109680219508947,97.8,NORMAL
24,106,-0.111219287905274,97.91,NORMAL
24,107,-0.0938927776326263,90.14,NORMAL
24,108,-0.104511355538603,94.9,NORMAL
24,109,-0.0948605479268501,90.57,NORMAL
24,110,-0.0535776469834433,72.06,NORMAL
24,111,-0.0839232644919995,85.67,NORMAL
24,112,-0.062967494372744,76.27,NORMAL
24,113,-0.0554230261587955,72.89,NORMAL
24,114,-0.0861015622524325,86.65,NORMAL
24,115,-0.0845297119717521,85.94,NORMAL
24,116,-0.0473308030469582,69.26,WARNING
24,117,-0.034485048183793,63.5,WARNING
24,118,-0.0822878850944499,84.94,NORMAL
24,119,-0.0984151597579705,92.17,NORMAL
24,120,-0.0788453977316916,83.39,NORMAL
24,121,-0.0427393106991181,67.2,WARNING
24,122,-0.0464379245707519,68.86,WARNING
24,123,-0.0452401225145639,68.32,WARNING
24,124,-0.0417668709988144,66.77,WARNING
24,125,-0.0491698468928254,70.09,NORMAL
24,126,-0.0491763608016512,70.09,NORMAL
24,127,-0.0288021612724941,60.95,WARNING
24,128,-0.0517901907148157,71.26,NORMAL
24,129,-0.0454870040279101,68.43,WARNING
24,130,-0.0601952581778558,75.03,NORMAL
24,131,-0.0535279558496856,72.04,NORMAL
24,132,-0.0300798561919903,61.53,WARNING
24,133,0.0018160828630124,47.22,WARNING
24,134,0.0246032469401201,37.0,CRITICAL
24,135,-0.0007920941397302,48.39,WARNING
24,136,0.005592063577938,45.53,WARNING
24,137,0.0241182225539126,37.22,CRITICAL
24,138,-0.0081737246112407,51.7,WARNING
24,139,0.0091397675975988,43.94,WARNING
24,140,0.0331884052312096,33.16,CRITICAL
24,141,0.0267073044734547,36.06,CRITICAL
24,142,0.081191765401854,11.63,CRITICAL
24,143,0.0863176760714126,9.33,CRITICAL
24,144,0.1229323925433083,0.0,CRITICAL
24,145,0.1013836030191482,2.58,CRITICAL
24,146,0.1091049774951851,0.0,CRITICAL
24,147,0.1146887667342251,0.0,CRITICAL
25,1,-0.0676226087109835,78.36,NORMAL
25,2,-0.0757077329259035,81.99,NORMAL
25,3,-0.0985030555745226,92.21,NORMAL
25,4,-0.0835365356490607,85.5,NORMAL
25,5,-0.0806015312789355,84.18,NORMAL
25,6,-0.0834485909957013,85.46,NORMAL
25,7,-0.0573657995312159,73.76,NORMAL
25,8,-0.0522181760031593,71.45,NORMAL
25,9,-0.0800546741481459,83.94,NORMAL
25,10,-0.102775648475501,94.12,NORMAL
25,11,-0.0710714901618778,79.91,NORMAL
25,12,-0.071499648523414,80.1,NORMAL
25,13,-0.1014600931420288,93.53,NORMAL
25,14,-0.0735317449253053,81.01,NORMAL
25,15,-0.0746789559399669,81.52,NORMAL
25,16,-0.0526811266848426,71.66,NORMAL
25,17,-0.0628138224437716,76.2,NORMAL
25,18,-0.0881955236800446,87.59,NORMAL
25,19,-0.0970144479957565,91.54,NORMAL
25,20,-0.0823253018040816,84.95,NORMAL
25,21,-0.0892774327022746,88.07,NORMAL
25,22,-0.0724147630671004,80.51,NORMAL
25,23,-0.0534506992526352,72.01,NORMAL
25,24,-0.0987176210692285,92.3,NORMAL
25,25,-0.0642259414852474,76.84,NORMAL
25,26,-0.0521450558052033,71.42,NORMAL
25,27,-0.0519418690171024,71.33,NORMAL
25,28,-0.0959182257929184,91.05,NORMAL
25,29,-0.1020634726156923,93.8,NORMAL
25,30,-0.0349109477057809,63.69,WARNING
25,31,-0.090368799319366,88.56,NORMAL
25,32,-0.087909922773634,87.46,NORMAL
25,33,-0.0831895705636824,85.34,NORMAL
25,34,-0.0735206356587862,81.01,NORMAL
25,35,-0.058279129701546,74.17,NORMAL
25,36,-0.098484164129063,92.2,NORMAL
25,37,-0.0739408430925674,81.19,NORMAL
25,38,-0.0787555051970368,83.35,NORMAL
25,39,-0.0542674588269671,72.37,NORMAL
25,40,-0.0718603952016514,80.26,NORMAL
25,41,-0.0766584260180002,82.41,NORMAL
25,42,-0.0881942095186131,87.59,NORMAL
25,43,-0.0990241730504917,92.44,NORMAL
25,44,-0.1005478436823555,93.12,NORMAL
25,45,-0.0953563538473137,90.8,NORMAL
25,46,-0.083927608437681,85.67,NORMAL
25,47,-0.0821885623437448,84.89,NORMAL
25,48,-0.091535582753273,89.08,NORMAL
25,49,-0.0446125118569634,68.04,WARNING
25,50,-0.0823408558699262,84.96,NORMAL
25,51,-0.0713484121583991,80.03,NORMAL
25,52,-0.0867492487408641,86.94,NORMAL
25,53,-0.0678925178606033,78.48,NORMAL
25,54,-0.0797123875153568,83.78,NORMAL
25,55,-0.1065801921338162,95.83,NORMAL
25,56,-0.0824884789920465,85.03,NORMAL
25,57,-0.0615025109004627,75.62,NORMAL
25,58,-0.1123200194273904,98.4,NORMAL
25,59,-0.1038261832775643,94.59,NORMAL
25,60,-0.1000518031547299,92.9,NORMAL
25,61,-0.0777870001470991,82.92,NORMAL
25,62,-0.1021312346862642,93.83,NORMAL
25,63,-0.071447932496301,80.08,NORMAL
25,64,-0.063454661454166,76.49,NORMAL
25,65,-0.0976954189010055,91.85,NORMAL
25,66,-0.0706089959787453,79.7,NORMAL
25,67,-0.1065342343293877,95.81,NORMAL
25,68,-0.0740225546719718,81.23,NORMAL
25,69,-0.0758848862343074,82.07,NORMAL
25,70,-0.0880637239593145,87.53,NORMAL
25,71,-0.0760733340412788,82.15,NORMAL
25,72,-0.0987157500155256,92.3,NORMAL
25,73,-0.0917453420532271,89.18,NORMAL
25,74,-0.0886003994141471,87.77,NORMAL
25,75,-0.0798705479342956,83.85,NORMAL
25,76,-0.1008578827916723,93.26,NORMAL
25,77,-0.105461820730439,95.33,NORMAL
25,78,-0.0987194941994757,92.3,NORMAL
25,79,-0.0695131256987227,79.21,NORMAL
25,80,-0.0639106694008008,76.7,NORMAL
25,81,-0.0706015237815631,79.7,NORMAL
25,82,-0.0685414499944808,78.77,NORMAL
25,83,-0.0566490567821958,73.44,NORMAL
25,84,-0.073726602716206,81.1,NORMAL
25,85,-0.0976323076764217,91.82,NORMAL
25,86,-0.1038443090868362,94.6,NORMAL
25,87,-0.1030552075558303,94.25,NORMAL
25,88,-0.0583498326008717,74.2,NORMAL
25,89,-0.102014688341369,93.78,NORMAL
25,90,-0.1042618761369377,94.79,NORMAL
25,91,-0.1114350361210734,98.01,NORMAL
25,92,-0.1020791587747173,93.81,NORMAL
25,93,-0.0914859962712501,89.06,NORMAL
25,94,-0.0896643165184296,88.24,NORMAL
25,95,-0.1184575102832443,100.0,NORMAL
25,96,-0.1134032139779565,98.89,NORMAL
25,97,-0.1059265247971034,95.54,NORMAL
25,98,-0.0884714025046015,87.71,NORMAL
25,99,-0.0980869841636853,92.02,NORMAL
25,100,-0.0920540925564253,89.32,NORMAL
25,101,-0.1020762281040962,93.81,NORMAL
25,102,-0.0919760517556551,89.28,NORMAL
25,103,-0.0615260988625337,75.63,NORMAL
25,104,-0.1044640429719894,94.88,NORMAL
25,105,-0.0974411650226906,91.73,NORMAL
25,106,-0.0911751407662861,88.92,NORMAL
25,107,-0.0939530644178231,90.17,NORMAL
25,108,-0.0476817871106813,69.42,WARNING
25,109,-0.0737026919972857,81.09,NORMAL
25,110,-0.0996339525656334,92.71,NORMAL
25,111,-0.1060994773368025,95.61,NORMAL
25,112,-0.0904659770897025,88.6,NORMAL
25,113,-0.0807301232050531,84.24,NORMAL
25,114,-0.1093583915028381,97.08,NORMAL
25,115,-0.0682692381748756,78.65,NORMAL
25,116,-0.110580335068719,97.62,NORMAL
25,117,-0.0721413482113574,80.39,NORMAL
25,118,-0.0635553428530141,76.54,NORMAL
25,119,-0.0939650790712691,90.17,NORMAL
25,120,-0.1017138663124431,93.65,NORMAL
25,121,-0.0927593868847684,89.63,NORMAL
25,122,-0.0585853887283033,74.31,NORMAL
25,123,-0.111594724453657,98.08,NORMAL
25,124,-0.0967009684504412,91.4,NORMAL
25,125,-0.0877558131689612,87.39,NORMAL
25,126,-0.0938926983915583,90.14,NORMAL
25,127,-0.0752373974933708,81.78,NORMAL
25,128,-0.1065318582583791,95.81,NORMAL
25,129,-0.0936173529986255,90.02,NORMAL
25,130,-0.087992147279332,87.49,NORMAL
25,131,-0.0912542767607497,88.96,NORMAL
25,132,-0.0835765565253514,85.51,NORMAL
25,133,-0.061610429200913,75.66,NORMAL
25,134,-0.1071760294320343,96.1,NORMAL
25,135,-0.0985320542903009,92.22,NORMAL
25,136,-0.0954605894233096,90.84,NORMAL
25,137,-0.0933660309375747,89.9,NORMAL
25,138,-0.0625405280888971,76.08,NORMAL
25,139,-0.0962406122919397,91.19,NORMAL
25,140,-0.1028174520169819,94.14,NORMAL
25,141,-0.10203954086074,93.79,NORMAL
25,142,-0.0798118159039893,83.83,NORMAL
25,143,-0.1079868378100487,96.46,NORMAL
25,144,-0.0867955039941846,86.96,NORMAL
25,145,-0.0767032986180716,82.43,NORMAL
25,146,-0.0762949690007391,82.25,NORMAL
25,147,-0.1047059417161005,94.99,NORMAL
25,148,-0.1005113662120854,93.11,NORMAL
25,149,-0.0699456331666388,79.4,NORMAL
25,150,-0.0599978988220961,74.94,NORMAL
25,151,-0.0915660318950569,89.1,NORMAL
25,152,-0.0895553088805011,88.2,NORMAL
25,153,-0.0702885059756627,79.56,NORMAL
25,154,-0.0924770914790213,89.51,NORMAL
25,155,-0.0591617364615757,74.57,NORMAL
25,156,-0.082031236321675,84.82,NORMAL
25,157,-0.0964433529275969,91.28,NORMAL
25,158,-0.0838443913786303,85.63,NORMAL
25,159,-0.0833615583914845,85.42,NORMAL
25,160,-0.0924518903158868,89.49,NORMAL
25,161,-0.0948726770780264,90.58,NORMAL
25,162,-0.0846433235990023,85.99,NORMAL
25,163,-0.0849905164035784,86.15,NORMAL
25,164,-0.0769291852068266,82.53,NORMAL
25,165,-0.0750667942162742,81.7,NORMAL
25,166,-0.0318259142120487,62.31,WARNING
25,167,-0.0645938171046802,77.0,NORMAL
25,168,-0.0573500246824934,73.75,NORMAL
25,169,-0.0826340544956451,85.09,NORMAL
25,170,-0.0751089843599087,81.72,NORMAL
25,171,-0.0826931999243564,85.12,NORMAL
25,172,-0.075721524957355,81.99,NORMAL
25,173,-0.0828340082422203,85.18,NORMAL
25,174,-0.080733599839993,84.24,NORMAL
25,175,-0.0610882564866733,75.43,NORMAL
25,176,-0.0869034715642792,87.01,NORMAL
25,177,-0.0186829429098383,56.42,WARNING
25,178,-0.0828555932652563,85.19,NORMAL
25,179,-0.0767258332927979,82.44,NORMAL
25,180,-0.0560696094896199,73.18,NORMAL
25,181,-0.0481031158170309,69.61,WARNING
25,182,-0.0564875062138457,73.37,NORMAL
25,183,-0.07572819071876,82.0,NORMAL
25,184,-0.06583615420242,77.56,NORMAL
25,185,-0.0446281402246012,68.05,WARNING
25,186,-0.0769867430448244,82.56,NORMAL
25,187,-0.0374122513871008,64.81,WARNING
25,188,-0.0475371984343258,69.35,WARNING
25,189,-0.0564621055477934,73.36,NORMAL
25,190,-0.0619135115472989,75.8,NORMAL
25,191,-0.0594888737843214,74.71,NORMAL
25,192,-0.0319757257579351,62.38,WARNING
25,193,-0.0480425901570614,69.58,WARNING
25,194,-0.0501142594974503,70.51,NORMAL
25,195,-0.0404255423814772,66.16,WARNING
25,196,0.007887181485661,44.5,WARNING
25,197,-0.0795326167487245,83.7,NORMAL
25,198,-0.0425555985117341,67.12,WARNING
25,199,-0.0342559790890923,63.4,WARNING
25,200,-0.018454032905796,56.31,WARNING
25,201,-0.013863321368412,54.25,WARNING
25,202,-0.0234542914474152,58.55,WARNING
25,203,-0.0355821873878463,63.99,WARNING
25,204,0.0061421935169325,45.28,WARNING
25,205,-0.0023131968491394,49.07,WARNING
25,206,-0.0424275652210188,67.06,WARNING
25,207,0.0122079408569253,42.56,WARNING
25,208,0.0117636269069429,42.76,WARNING
25,209,0.0002652720682408,47.92,WARNING
25,210,0.0076420474542236,44.61,WARNING
25,211,-0.0052134572527576,50.38,WARNING
25,212,0.0115587936434362,42.85,WARNING
25,213,0.0177535914335356,40.08,WARNING
25,214,0.0149282488354935,41.34,WARNING
25,215,0.0151299944675564,41.25,WARNING
25,216,0.0268536465770364,36.0,CRITICAL
25,217,0.0394053441609442,30.37,CRITICAL
25,218,0.0173814472001855,40.24,WARNING
25,219,0.0301747039137953,34.51,CRITICAL
25,220,0.0344415429065146,32.59,CRITICAL
25,221,0.0192830128185387,39.39,CRITICAL
25,222,0.0600340431246328,21.12,CRITICAL
25,223,0.0481064673139353,26.47,CRITICAL
25,224,0.0886886978405903,8.27,CRITICAL
25,225,0.0588166054794315,21.66,CRITICAL
25,226,0.0502048499462461,25.52,CRITICAL
25,227,0.0791412985461956,12.55,CRITICAL
25,228,0.0990019789546214,3.64,CRITICAL
25,229,0.062536194913792,20.0,CRITICAL
25,230,0.1072166451795317,0.0,CRITICAL
26,1,-0.1095838527113977,97.18,NORMAL
26,2,-0.0969630816609138,91.52,NORMAL
26,3,-0.0861124643631868,86.65,NORMAL
26,4,-0.1090575913734314,96.94,NORMAL
26,5,-0.0768216717311187,82.49,NORMAL
26,6,-0.0845777088709692,85.96,NORMAL
26,7,-0.0767221027903465,82.44,NORMAL
26,8,-0.0787542302332902,83.35,NORMAL
26,9,-0.0713529359300333,80.03,NORMAL
26,10,-0.0551876468665956,72.78,NORMAL
26,11,-0.0960143594117327,91.09,NORMAL
26,12,-0.1066326271137506,95.85,NORMAL
26,13,-0.1009928357925794,93.32,NORMAL
26,14,-0.0791849637600582,83.55,NORMAL
26,15,-0.0805999242252491,84.18,NORMAL
26,16,-0.083813414962291,85.62,NORMAL
26,17,-0.0757198539260592,81.99,NORMAL
26,18,-0.1032860567315571,94.35,NORMAL
26,19,-0.0825765688412943,85.07,NORMAL
26,20,-0.0714919134662015,80.1,NORMAL
26,21,-0.0575727277714908,73.85,NORMAL
26,22,-0.085223398022892,86.25,NORMAL
26,23,-0.0837111208680614,85.57,NORMAL
26,24,-0.0751024041795949,81.71,NORMAL
26,25,-0.1038490499769833,94.61,NORMAL
26,26,-0.0825530761273086,85.06,NORMAL
26,27,-0.0612290568953506,75.49,NORMAL
26,28,-0.1015630474181215,93.58,NORMAL
26,29,-0.0994064004844303,92.61,NORMAL
26,30,-0.1000580623214179,92.91,NORMAL
26,31,-0.0854508057646157,86.36,NORMAL
26,32,-0.116277252048476,100.0,NORMAL
26,33,-0.0533135122499823,71.94,NORMAL
26,34,-0.0698612119146453,79.36,NORMAL
26,35,-0.0346750891036015,63.59,WARNING
26,36,-0.0973327275843143,91.68,NORMAL
26,37,-0.073995801260816,81.22,NORMAL
26,38,-0.0874025372175661,87.23,NORMAL
26,39,-0.0811568480942594,84.43,NORMAL
26,40,-0.0745967224202162,81.49,NORMAL
26,41,-0.0896747421001297,88.25,NORMAL
26,42,-0.1004856503888134,93.1,NORMAL
26,43,-0.0724325840258393,80.52,NORMAL
26,44,-0.0936451485478678,90.03,NORMAL
26,45,-0.075516918335816,81.9,NORMAL
26,46,-0.0679046475858383,78.49,NORMAL
26,47,-0.0658898968688606,77.58,NORMAL
26,48,-0.0870075265435895,87.05,NORMAL
26,49,-0.0953947686000246,90.81,NORMAL
26,50,-0.0882706078505688,87.62,NORMAL
26,51,-0.096682763967467,91.39,NORMAL
26,52,-0.0692069214103884,79.07,NORMAL
26,53,-0.0730010507145276,80.77,NORMAL
26,54,-0.067738370148121,78.41,NORMAL
26,55,-0.0929619672581983,89.72,NORMAL
26,56,-0.0980058014084427,91.98,NORMAL
26,57,-0.0441064749688038,67.82,WARNING
26,58,-0.0970789834745259,91.57,NORMAL
26,59,-0.0849491496820989,86.13,NORMAL
26,60,-0.0725067914099995,80.55,NORMAL
26,61,-0.1056011959382933,95.39,NORMAL
26,62,-0.0574693134649704,73.81,NORMAL
26,63,-0.0761790971279707,82.2,NORMAL
26,64,-0.0877089361935011,87.37,NORMAL
26,65,-0.0641610898541033,76.81,NORMAL
26,66,-0.1012795399668196,93.45,NORMAL
26,67,-0.0953806707943732,90.81,NORMAL
26,68,-0.0953243082419064,90.78,NORMAL
26,69,-0.0917398542829763,89.18,NORMAL
26,70,-0.107237789910249,96.12,NORMAL
26,71,-0.0980774688488538,92.02,NORMAL
26,72,-0.0873525703610236,87.21,NORMAL
26,73,-0.0958374381945111,91.01,NORMAL
26,74,-0.0961784436715945,91.17,NORMAL
26,75,-0.1074159454366841,96.2,NORMAL
26,76,-0.0766329083503167,82.4,NORMAL
26,77,-0.0876790470578477,87.35,NORMAL
26,78,-0.0693682935021037,79.14,NORMAL
26,79,-0.0625640658119196,76.09,NORMAL
26,80,-0.0377344808804565,64.96,WARNING
26,81,-0.0499000519270116,70.41,NORMAL
26,82,-0.0937492219684507,90.08,NORMAL
26,83,-0.0742422970691584,81.33,NORMAL
26,84,-0.0757596234783948,82.01,NORMAL
26,85,-0.0737479475821999,81.11,NORMAL
26,86,-0.1044808803269821,94.89,NORMAL
26,87,-0.0778803214659462,82.96,NORMAL
26,88,-0.0811857779704246,84.44,NORMAL
26,89,-0.0853664150478238,86.32,NORMAL
26,90,-0.0811521180152458,84.43,NORMAL
26,91,-0.0915394874954303,89.09,NORMAL
26,92,-0.0856087098144737,86.43,NORMAL
26,93,-0.0881992178222387,87.59,NORMAL
26,94,-0.0819785461738433,84.8,NORMAL
26,95,-0.0918346883246484,89.22,NORMAL
26,96,-0.0884329535861468,87.69,NORMAL
26,97,-0.0689729568908591,78.97,NORMAL
26,98,-0.097687125456346,91.84,NORMAL
26,99,-0.0978352236077716,91.91,NORMAL
26,100,-0.0821456481699717,84.87,NORMAL
26,101,-0.0955314350667754,90.88,NORMAL
26,102,-0.1033649894448027,94.39,NORMAL
26,103,-0.1071885700432603,96.1,NORMAL
26,104,-0.0978159583578419,91.9,NORMAL
26,105,-0.0832472418187934,85.37,NORMAL
26,106,-0.0879971684248104,87.5,NORMAL
26,107,-0.0718633414008332,80.26,NORMAL
26,108,-0.1090888308271608,96.95,NORMAL
26,109,-0.1039815343542909,94.66,NORMAL
26,110,-0.0700571780506241,79.45,NORMAL
26,111,-0.0926536080016864,89.58,NORMAL
26,112,-0.1079624151910988,96.45,NORMAL
26,113,-0.0893615269211973,88.11,NORMAL
26,114,-0.0645003032592737,76.96,NORMAL
26,115,-0.0928997181969161,89.7,NORMAL
26,116,-0.0762979175732417,82.25,NORMAL
26,117,-0.0995913327879523,92.7,NORMAL
26,118,-0.1145078019721965,99.38,NORMAL
26,119,-0.0995469563602134,92.68,NORMAL
26,120,-0.0740970441054542,81.26,NORMAL
26,121,-0.0567621351999365,73.49,NORMAL
26,122,-0.0739725262279943,81.21,NORMAL
26,123,-0.0862052767981941,86.69,NORMAL
26,124,-0.1033811695484094,94.4,NORMAL
26,125,-0.0631232601373409,76.34,NORMAL
26,126,-0.0865982531278007,86.87,NORMAL
26,127,-0.1157927598224611,99.96,NORMAL
26,128,-0.0907659896664318,88.74,NORMAL
26,129,-0.0993867171589805,92.6,NORMAL
26,130,-0.0895895977500015,88.21,NORMAL
26,131,-0.1140743468605402,99.19,NORMAL
26,132,-0.1038418448397331,94.6,NORMAL
26,133,-0.0487060228216133,69.88,WARNING
26,134,-0.0367583979235623,64.52,WARNING
26,135,-0.0947053382501972,90.5,NORMAL
26,136,-0.0854888258592584,86.37,NORMAL
26,137,-0.0988947789368028,92.38,NORMAL
26,138,-0.0897278892966226,88.27,NORMAL
26,139,-0.0375701168858297,64.88,WARNING
26,140,-0.0522023967134482,71.45,NORMAL
26,141,-0.0703458625789056,79.58,NORMAL
26,142,-0.062073796564081,75.87,NORMAL
26,143,-0.0753227071352774,81.81,NORMAL
26,144,-0.0491913291418326,70.1,NORMAL
26,145,-0.0722820211052348,80.45,NORMAL
26,146,-0.057942120874615,74.02,NORMAL
26,147,-0.0827901917594115,85.16,NORMAL
26,148,-0.050629525946729,70.74,NORMAL
26,149,-0.093836905027214,90.12,NORMAL
26,150,-0.0392469044325348,65.64,WARNING
26,151,-0.0650782122196214,77.22,NORMAL
26,152,-0.0576363380757162,73.88,NORMAL
26,153,-0.0741529351376198,81.29,NORMAL
26,154,-0.0629298416350769,76.26,NORMAL
26,155,-0.0794319949015311,83.66,NORMAL
26,156,-0.0590032570611899,74.5,NORMAL
26,157,-0.0486773986257726,69.87,WARNING
26,158,-0.0765894729396821,82.38,NORMAL
26,159,-0.0189672837863324,56.54,WARNING
26,160,-0.038253801115836,65.19,WARNING
26,161,-0.023122115372658,58.41,WARNING
26,162,-0.0163279662927046,55.36,WARNING
26,163,-0.0366247810659017,64.46,WARNING
26,164,-0.0284017116263063,60.77,WARNING
26,165,-0.0097023716692414,52.39,WARNING
26,166,-0.0456174416151437,68.49,WARNING
26,167,-0.0475457103239288,69.36,WARNING
26,168,-0.0210035309267794,57.46,WARNING
26,169,-0.0361346532951636,64.24,WARNING
26,170,-0.0100289897976819,52.53,WARNING
26,171,-0.0187744622333373,56.46,WARNING
26,172,-0.0177662042651173,56.0,WARNING
26,173,-0.0228545737141345,58.29,WARNING
26,174,-0.0400544539222756,66.0,WARNING
26,175,-0.0380390585003772,65.09,WARNING
26,176,-0.0091824525495372,52.16,WARNING
26,177,-0.0011904640932142,48.57,WARNING
26,178,-0.003717145946363,49.7,WARNING
26,179,0.02527938582664,36.7,CRITICAL
26,180,0.0055301291806852,45.56,WARNING
26,181,0.017702429610696,40.1,WARNING
26,182,-0.0179120484387804,56.07,WARNING
26,183,0.0180688470958814,39.94,CRITICAL
26,184,0.002692737896566,46.83,WARNING
26,185,0.0053102652446456,45.66,WARNING
26,186,0.032337970825895,33.54,CRITICAL
26,187,0.0300048465829684,34.58,CRITICAL
26,188,0.0145177316015493,41.53,WARNING
26,189,0.0046172554211196,45.97,WARNING
26,190,0.005971309319903,45.36,WARNING
26,191,0.0785795313971118,12.8,CRITICAL
26,192,0.0503510896015294,25.46,CRITICAL
26,193,0.0267058665446896,36.06,CRITICAL
26,194,0.0594705197871446,21.37,CRITICAL
26,195,0.0417034951129556,29.34,CRITICAL
26,196,0.0648732993187936,18.95,CRITICAL
26,197,0.0825904667851814,11.0,CRITICAL
26,198,0.0533254054343788,24.13,CRITICAL
26,199,0.1184369257549416,0.0,CRITICAL
27,1,-0.0752332543643987,81.77,NORMAL
27,2,-0.0683429774099663,78.68,NORMAL
27,3,-0.0835035207199486,85.48,NORMAL
27,4,-0.1108332021221276,97.74,NORMAL
27,5,-0.0605030038059858,75.17,NORMAL
27,6,-0.0907805652180416,88.74,NORMAL
27,7,-0.0947479962146889,90.52,NORMAL
27,8,-0.0895679448379276,88.2,NORMAL
27,9,-0.0899000231817868,88.35,NORMAL
27,10,-0.0967370928677848,91.42,NORMAL
27,11,-0.0650926218882481,77.23,NORMAL
27,12,-0.1070335828746013,96.03,NORMAL
27,13,-0.0626314891520151,76.12,NORMAL
27,14,-0.0965494530541817,91.33,NORMAL
27,15,-0.1087836829579991,96.82,NORMAL
27,16,-0.092694630452423,89.6,NORMAL
27,17,-0.0817576243698621,84.7,NORMAL
27,18,-0.0973664826495408,91.7,NORMAL
27,19,-0.0912252479350534,88.94,NORMAL
27,20,-0.1133983668654498,98.89,NORMAL
27,21,-0.0938923266893185,90.14,NORMAL
27,22,-0.100730578945043,93.21,NORMAL
27,23,-0.0793645531899418,83.63,NORMAL
27,24,-0.0654825469082925,77.4,NORMAL
27,25,-0.0630753753134651,76.32,NORMAL
27,26,-0.088768043019044,87.84,NORMAL
27,27,-0.0768261775613121,82.49,NORMAL
27,28,-0.0826753169544849,85.11,NORMAL
27,29,-0.0666242705959365,77.91,NORMAL
27,30,-0.0875016934855945,87.27,NORMAL
27,31,-0.1059143984975748,95.53,NORMAL
27,32,-0.1069662436054669,96.0,NORMAL
27,33,-0.0936422275984639,90.03,NORMAL
27,34,-0.0693645070786571,79.14,NORMAL
27,35,-0.1048747302733364,95.07,NORMAL
27,36,-0.0657679363308221,77.53,NORMAL
27,37,-0.0874414023782491,87.25,NORMAL
27,38,-0.0974817605698411,91.75,NORMAL
27,39,-0.1024147086349527,93.96,NORMAL
27,40,-0.0978686485106673,91.92,NORMAL
27,41,-0.0938024207458136,90.1,NORMAL
27,42,-0.0656376778085995,77.47,NORMAL
27,43,-0.0914628520191925,89.05,NORMAL
27,44,-0.0870175435704453,87.06,NORMAL
27,45,-0.081143176599597,84.42,NORMAL
27,46,-0.0857569691818285,86.49,NORMAL
27,47,-0.1064551189201858,95.77,NORMAL
27,48,-0.0954733683264892,90.85,NORMAL
27,49,-0.0968222407635147,91.45,NORMAL
27,50,-0.0939127724377987,90.15,NORMAL
27,51,-0.0982545473218438,92.1,NORMAL
27,52,-0.0189321174551145,56.53,WARNING
27,53,-0.0827825196850465,85.16,NORMAL
27,54,-0.0995367469799782,92.67,NORMAL
27,55,-0.0885617279860618,87.75,NORMAL
27,56,-0.077328606138103,82.71,NORMAL
27,57,-0.0955387252411795,90.88,NORMAL
27,58,-0.0998699898279983,92.82,NORMAL
27,59,-0.078646010757672,83.3,NORMAL
27,60,-0.0950653977385094,90.67,NORMAL
27,61,-0.0904914206895073,88.62,NORMAL
27,62,-0.0956217979129601,90.92,NORMAL
27,63,-0.0950329045177255,90.65,NORMAL
27,64,-0.0781907065897511,83.1,NORMAL
27,65,-0.1101019814581702,97.41,NORMAL
27,66,-0.0844661470455708,85.91,NORMAL
27,67,-0.0967843477983668,91.44,NORMAL
27,68,-0.0975289042586119,91.77,NORMAL
27,69,-0.0700080825126913,79.43,NORMAL
27,70,-0.1054635785061363,95.33,NORMAL
27,71,-0.095353429042149,90.8,NORMAL
27,72,-0.0799207109294667,83.88,NORMAL
27,73,-0.0873554416806164,87.21,NORMAL
27,74,-0.1019139789539089,93.74,NORMAL
27,75,-0.0904565456683443,88.6,NORMAL
27,76,-0.116627555390235,100.0,NORMAL
27,77,-0.0860121714287824,86.61,NORMAL
27,78,-0.0942445551955082,90.3,NORMAL
27,79,-0.1000151676186851,92.89,NORMAL
27,80,-0.0545638742640549,72.5,NORMAL
27,81,-0.1073194548059199,96.16,NORMAL
27,82,-0.0688618160099395,78.92,NORMAL
27,83,-0.0836754622761335,85.56,NORMAL
27,84,-0.0913323751494504,88.99,NORMAL
27,85,-0.0637807527545637,76.64,NORMAL
27,86,-0.0821055658260352,84.85,NORMAL
27,87,-0.0732896645853666,80.9,NORMAL
27,88,-0.0592904486876615,74.62,NORMAL
27,89,-0.0815553272397974,84.61,NORMAL
27,90,-0.0911935268546011,88.93,NORMAL
27,91,-0.0796585520624593,83.76,NORMAL
27,92,-0.0753187536849204,81.81,NORMAL
27,93,-0.0882018220276462,87.59,NORMAL
27,94,-0.0790950841646018,83.5,NORMAL
27,95,-0.0667571488225909,77.97,NORMAL
27,96,-0.0772215079812757,82.66,NORMAL
27,97,-0.0668817846192367,78.03,NORMAL
27,98,-0.0586031164114745,74.32,NORMAL
27,99,-0.0783668687271558,83.18,NORMAL
27,100,-0.0915466412864374,89.09,NORMAL
27,101,-0.1107139448126076,97.68,NORMAL
27,102,-0.0779771943262934,83.0,NORMAL
27,103,-0.0369828943087652,64.62,WARNING
27,104,-0.0971544261126194,91.6,NORMAL
27,105,-0.0937727389507273,90.09,NORMAL
27,106,-0.0522320612130845,71.46,NORMAL
27,107,-0.0795770459044515,83.72,NORMAL
27,108,-0.0904549780578892,88.6,NORMAL
27,109,-0.066660342609582,77.93,NORMAL
27,110,-0.0615937139607488,75.66,NORMAL
27,111,-0.0805465291811342,84.16,NORMAL
27,112,-0.0634911827538171,76.51,NORMAL
27,113,-0.0589239571775939,74.46,NORMAL
27,114,-0.0853440852647288,86.31,NORMAL
27,115,-0.0698579567136037,79.36,NORMAL
27,116,-0.0573218228554704,73.74,NORMAL
27,117,-0.0742448290313978,81.33,NORMAL
27,118,-0.0739271700015767,81.19,NORMAL
27,119,-0.0537112314483932,72.12,NORMAL
27,120,-0.0352649421336508,63.85,WARNING
27,121,-0.0653474207854465,77.34,NORMAL
27,122,-0.0945989797036992,90.46,NORMAL
27,123,-0.0426453368945322,67.16,WARNING
27,124,-0.069469547033212,79.19,NORMAL
27,125,-0.0497167782321185,70.33,NORMAL
27,126,-0.0304768092478725,61.7,WARNING
27,127,-0.0570521073173401,73.62,NORMAL
27,128,-0.0431063571940592,67.37,WARNING
27,129,-0.0587814775091435,74.4,NORMAL
27,130,-0.0548749561152588,72.64,NORMAL
27,131,-0.0342580671858969,63.4,WARNING
27,132,-0.0341027847960391,63.33,WARNING
27,133,-0.0254378663020818,59.44,WARNING
27,134,-0.0122321512254,53.52,WARNING
27,135,-0.0275045181061853,60.37,WARNING
27,136,-0.0090855317452987,52.11,WARNING
27,137,0.0132996686244173,42.07,WARNING
27,138,0.0296728667569411,34.73,CRITICAL
27,139,-0.0020309211727481,48.95,WARNING
27,140,-0.0003885696888801,48.21,WARNING
27,141,-0.0092486258103152,52.18,WARNING
27,142,-0.0291283990088656,61.1,WARNING
27,143,-0.0126020133182667,53.69,WARNING
27,144,0.0062270361264656,45.25,WARNING
27,145,0.0277081189791861,35.61,CRITICAL
27,146,0.0419647029079985,29.22,CRITICAL
27,147,0.0227526879615901,37.83,CRITICAL
27,148,0.021265744578543,38.5,CRITICAL
27,149,0.0227606567606856,37.83,CRITICAL
27,150,0.0498563154474644,25.68,CRITICAL
27,151,0.069973432180681,16.66,CRITICAL
27,152,0.0392119668000991,30.45,CRITICAL
27,153,0.0329259198347772,33.27,CRITICAL
27,154,0.0766108161563061,13.68,CRITICAL
27,155,0.0807697015168869,11.82,CRITICAL
27,156,0.0953376384493643,5.29,CRITICAL
28,1,-0.0198304813092237,56.93,WARNING
28,2,0.0198159163784157,39.15,CRITICAL
28,3,0.0274969914323668,35.71,CRITICAL
28,4,-0.0189722212071407,56.54,WARNING
28,5,-0.0108028793117059,52.88,WARNING
28,6,-0.0386254984781146,65.36,WARNING
28,7,-0.0130216314894877,53.88,WARNING
28,8,-0.0387466945665381,65.41,WARNING
28,9,-0.0403821853871312,66.15,WARNING
28,10,-0.0345272951597811,63.52,WARNING
28,11,-0.0454679814758269,68.43,WARNING
28,12,-0.0331649160226029,62.91,WARNING
28,13,-0.025206868434675,59.34,WARNING
28,14,-0.0277506601410114,60.48,WARNING
28,15,-0.0056786656415281,50.58,WARNING
28,16,-0.0374821776839585,64.85,WARNING
28,17,-0.0302763191004356,61.61,WARNING
28,18,-0.0344052889841066,63.47,WARNING
28,19,-0.0022192326616257,49.03,WARNING
28,20,0.0005171532943133,47.81,WARNING
28,21,-0.0377321277382729,64.96,WARNING
28,22,-0.0215427396490595,57.7,WARNING
28,23,0.0092142203259178,43.91,WARNING
28,24,-0.0343790651680749,63.45,WARNING
28,25,-0.0391600934863066,65.6,WARNING
28,26,0.021850795595285,38.24,CRITICAL
28,27,-0.0201114004983585,57.06,WARNING
28,28,0.0200009871833316,39.07,CRITICAL
28,29,-0.0186907035715058,56.42,WARNING
28,30,-0.0157584578402741,55.1,WARNING
28,31,-0.0625851125193564,76.1,NORMAL
28,32,0.0079078162095628,44.49,WARNING
28,33,-0.0292119276892925,61.14,WARNING
28,34,-0.0263796053567771,59.87,WARNING
28,35,-0.0326689379253917,62.69,WARNING
28,36,-0.0167223463190476,55.54,WARNING
28,37,0.0065860617566163,45.08,WARNING
28,38,-0.0286253330376062,60.87,WARNING
28,39,-0.02298960021153,58.35,WARNING
28,40,-0.0473144335370088,69.25,WARNING
28,41,0.0210503044837668,38.6,CRITICAL
28,42,-0.023735114333192,58.68,WARNING
28,43,-0.0597918461124594,74.85,NORMAL
28,44,-0.0297318566349156,61.37,WARNING
28,45,0.0029631531809906,46.71,WARNING
28,46,-0.0357477001225562,64.07,WARNING
28,47,-0.0070265387137393,51.19,WARNING
28,48,-0.0077744972185075,51.52,WARNING
28,49,-0.038751183460954,65.41,WARNING
28,50,-0.0139774267130733,54.31,WARNING
28,51,-0.0059002555205143,50.68,WARNING
28,52,-0.0303216881208612,61.63,WARNING
28,53,-0.0270966706038185,60.19,WARNING
28,54,-0.0583337799900265,74.2,NORMAL
28,55,-0.0846731252448458,86.01,NORMAL
28,56,-0.0080293560067901,51.64,WARNING
28,57,-0.082726955143499,85.13,NORMAL
28,58,0.0229916651213449,37.73,CRITICAL
28,59,-0.0282476370987817,60.7,WARNING
28,60,-0.0411471100669789,66.49,WARNING
28,61,-0.0540402437541859,72.27,NORMAL
28,62,-0.0566194447063012,73.43,NORMAL
28,63,-0.0287731654209635,60.94,WARNING
28,64,-0.0458692311628741,68.61,WARNING
28,65,-0.066317115505672,77.78,NORMAL
28,66,-0.0629839469468127,76.28,NORMAL
28,67,-0.0850502867539055,86.18,NORMAL
28,68,-0.0404302411084638,66.17,WARNING
28,69,-0.02858289048747,60.85,WARNING
28,70,0.0269710251858164,35.94,CRITICAL
28,71,-0.0393264736665323,65.67,WARNING
28,72,-0.0242789407914045,58.92,WARNING
28,73,-0.0473899614574794,69.29,WARNING
28,74,-0.0605443789149097,75.19,NORMAL
28,75,-0.0612184196344659,75.49,NORMAL
28,76,-0.0610707569863368,75.42,NORMAL
28,77,-0.0110664189775871,53.0,WARNING
28,78,-0.0701685883132014,79.5,NORMAL
28,79,-0.0790543019223221,83.49,NORMAL
28,80,-0.0439767305047054,67.76,WARNING
28,81,-0.0756728342911585,81.97,NORMAL
28,82,-0.0453293532242806,68.36,WARNING
28,83,-0.0724835078097454,80.54,NORMAL
28,84,-0.08047637531981,84.12,NORMAL
28,85,-0.0514169446485817,71.09,NORMAL
28,86,-0.0606741290078171,75.24,NORMAL
28,87,-0.0844919717898321,85.93,NORMAL
28,88,-0.0783325697305026,83.16,NORMAL
28,89,-0.0930283652579185,89.75,NORMAL
28,90,-0.0685924290948859,78.8,NORMAL
28,91,-0.0938056380998902,90.1,NORMAL
28,92,0.025916695691497,36.42,CRITICAL
28,93,-0.0168373704531973,55.59,WARNING
28,94,-0.0174629210316456,55.87,WARNING
28,95,-0.1090759664824358,96.95,NORMAL
28,96,-0.0806501557082636,84.2,NORMAL
28,97,-0.078463787126607,83.22,NORMAL
28,98,-0.0767855217288319,82.47,NORMAL
28,99,-0.0802882774871828,84.04,NORMAL
28,100,-0.078410504504941,83.2,NORMAL
28,101,-0.0914856973350844,89.06,NORMAL
28,102,-0.0905685894899233,88.65,NORMAL
28,103,-0.0652867436280444,77.31,NORMAL
28,104,-0.0758626344876054,82.06,NORMAL
28,105,-0.0927443086790943,89.63,NORMAL
28,106,-0.1051679106939622,95.2,NORMAL
28,107,-0.1014847761712547,93.54,NORMAL
28,108,-0.0194065703384128,56.74,WARNING
28,109,-0.0901382507268077,88.46,NORMAL
28,110,-0.0778195813608442,82.93,NORMAL
28,111,-0.0798948762038161,83.86,NORMAL
28,112,-0.1012545334318233,93.44,NORMAL
28,113,-0.0939838844050031,90.18,NORMAL
28,114,-0.1026561678380422,94.07,NORMAL
28,115,-0.1041484879365349,94.74,NORMAL
28,116,-0.0674329659232114,78.28,NORMAL
28,117,-0.0842389563218174,85.81,NORMAL
28,118,-0.1104717495508493,97.57,NORMAL
28,119,-0.1074457185314705,96.22,NORMAL
28,120,-0.1091222000503495,96.97,NORMAL
28,121,-0.0663413065212777,77.79,NORMAL
28,122,-0.0706082953964352,79.7,NORMAL
28,123,-0.0996416301596718,92.72,NORMAL
28,124,-0.082578935515142,85.07,NORMAL
28,125,-0.0957779067046085,90.99,NORMAL
28,126,-0.0863532768764006,86.76,NORMAL
28,127,-0.0627188803187259,76.16,NORMAL
28,128,-0.087355920985825,87.21,NORMAL
28,129,-0.0886903137654782,87.81,NORMAL
28,130,-0.0741457298447209,81.29,NORMAL
28,131,-0.0882469799763032,87.61,NORMAL
28,132,-0.0767515039816679,82.45,NORMAL
28,133,-0.0638996618604496,76.69,NORMAL
28,134,-0.0774563415177728,82.77,NORMAL
28,135,-0.0687478495020212,78.87,NORMAL
28,136,-0.0614835000906768,75.61,NORMAL
28,137,-0.0654353825884935,77.38,NORMAL
28,138,-0.0384092643036332,65.26,WARNING
28,139,-0.0699058538485255,79.38,NORMAL
28,140,-0.0931175141366006,89.79,NORMAL
28,141,-0.0837625100261274,85.6,NORMAL
28,142,-0.0436658799452818,67.62,WARNING
28,143,-0.0753114996379052,81.81,NORMAL
28,144,-0.0894714965212683,88.16,NORMAL
28,145,-0.0543166384043343,72.39,NORMAL
28,146,-0.0319357104957083,62.36,WARNING
28,147,-0.0455145497346047,68.45,WARNING
28,148,-0.0232432064051149,58.46,WARNING
28,149,-0.0326661775954142,62.69,WARNING
28,150,-0.0420231710352178,66.88,WARNING
28,151,-0.0334398065726675,63.03,WARNING
28,152,-0.0256082122362329,59.52,WARNING
28,153,-0.0369356043107952,64.6,WARNING
28,154,-0.0232295736965066,58.45,WARNING
28,155,-0.0375637704581414,64.88,WARNING
28,156,-0.0443724230749124,67.93,WARNING
28,157,-0.0062011670586811,50.82,WARNING
28,158,0.0009787411730829,47.6,WARNING
28,159,0.041659221913724,29.36,CRITICAL
28,160,0.0095061702443615,43.77,WARNING
28,161,0.0244160900524251,37.09,CRITICAL
28,162,0.0574438660714043,22.28,CRITICAL
28,163,0.0391981374970089,30.46,CRITICAL
28,164,0.0527554959045172,24.38,CRITICAL
28,165,0.0720298305566182,15.74,CRITICAL
29,1,-0.0782048241404197,83.11,NORMAL
29,2,-0.1017075949350224,93.64,NORMAL
29,3,-0.102099828522292,93.82,NORMAL
29,4,-0.0592914130901446,74.62,NORMAL
29,5,-0.1025658753312087,94.03,NORMAL
29,6,-0.0969817778264734,91.53,NORMAL
29,7,-0.087944371052741,87.47,NORMAL
29,8,-0.0880404576129805,87.52,NORMAL
29,9,-0.0921492592261842,89.36,NORMAL
29,10,-0.1078210900462964,96.39,NORMAL
29,11,-0.1170468607703746,100.0,NORMAL
29,12,-0.101362873390012,93.49,NORMAL
29,13,-0.087363375637264,87.21,NORMAL
29,14,-0.0897366577112709,88.28,NORMAL
29,15,-0.1047106855334844,94.99,NORMAL
29,16,-0.0902618356235132,88.51,NORMAL
29,17,-0.078957838511273,83.44,NORMAL
29,18,-0.0901205193913644,88.45,NORMAL
29,19,-0.1173030491995643,100.0,NORMAL
29,20,-0.0613966379518583,75.57,NORMAL
29,21,-0.0846037210070501,85.98,NORMAL
29,22,-0.0702560723412004,79.54,NORMAL
29,23,-0.0982283387937644,92.08,NORMAL
29,24,-0.1018919089373472,93.73,NORMAL
29,25,-0.0859533158385958,86.58,NORMAL
29,26,-0.09727795117415,91.66,NORMAL
29,27,-0.0728584138289048,80.71,NORMAL
29,28,-0.0930135381902858,89.75,NORMAL
29,29,-0.0698662207060112,79.37,NORMAL
29,30,-0.0784767091471683,83.23,NORMAL
29,31,-0.080473686822991,84.12,NORMAL
29,32,-0.1120107614882384,98.26,NORMAL
29,33,-0.0856551672602383,86.45,NORMAL
29,34,-0.070779688790871,79.78,NORMAL
29,35,-0.0688041234212645,78.89,NORMAL
29,36,-0.0866198565701576,86.88,NORMAL
29,37,-0.0821123662114276,84.86,NORMAL
29,38,-0.0924439179499985,89.49,NORMAL
29,39,-0.0805287041389435,84.15,NORMAL
29,40,-0.0783683574729132,83.18,NORMAL
29,41,-0.0957982793832665,90.99,NORMAL
29,42,-0.0814208590702999,84.55,NORMAL
29,43,-0.056242512486888,73.26,NORMAL
29,44,-0.1028761060564803,94.17,NORMAL
29,45,-0.062332981051824,75.99,NORMAL
29,46,-0.0957563608918593,90.98,NORMAL
29,47,-0.1105741177208081,97.62,NORMAL
29,48,-0.1010810772036228,93.36,NORMAL
29,49,-0.0956356892029136,90.92,NORMAL
29,50,-0.0984818824214647,92.2,NORMAL
29,51,-0.1090590603221935,96.94,NORMAL
29,52,-0.0966047664698284,91.36,NORMAL
29,53,-0.0966450478180327,91.37,NORMAL
29,54,-0.1061694899428384,95.65,NORMAL
29,55,-0.107692477499139,96.33,NORMAL
29,56,-0.1057108011331112,95.44,NORMAL
29,57,-0.0918914860460051,89.24,NORMAL
29,58,-0.1052328575764811,95.23,NORMAL
29,59,-0.0964426569122641,91.28,NORMAL
29,60,-0.0790766420599218,83.5,NORMAL
29,61,-0.0979817558671953,91.97,NORMAL
29,62,-0.064547484015053,76.98,NORMAL
29,63,-0.0981128224923013,92.03,NORMAL
29,64,-0.1018567555174686,93.71,NORMAL
29,65,-0.1009297957883286,93.3,NORMAL
29,66,-0.1016445568235449,93.62,NORMAL
29,67,-0.0831747547745382,85.33,NORMAL
29,68,-0.1097338899055844,97.24,NORMAL
29,69,-0.0861970773667302,86.69,NORMAL
29,70,-0.0682304672005336,78.63,NORMAL
29,71,-0.0905343390264263,88.63,NORMAL
29,72,-0.0644300741596256,76.93,NORMAL
29,73,-0.0916892940293379,89.15,NORMAL
29,74,-0.0632376984891294,76.39,NORMAL
29,75,-0.1095567782780784,97.16,NORMAL
29,76,-0.0948855141953093,90.59,NORMAL
29,77,-0.075246234476242,81.78,NORMAL
29,78,-0.0922551826994145,89.41,NORMAL
29,79,-0.0922165802364654,89.39,NORMAL
29,80,-0.0825327258853557,85.05,NORMAL
29,81,-0.1048651020531517,95.06,NORMAL
29,82,-0.0927061945867414,89.61,NORMAL
29,83,-0.0816483805876434,84.65,NORMAL
29,84,-0.0965488979769261,91.33,NORMAL
29,85,-0.0934875071521572,89.96,NORMAL
29,86,-0.1004824256838856,93.1,NORMAL
29,87,-0.0878422748333234,87.43,NORMAL
29,88,-0.0865070919501545,86.83,NORMAL
29,89,-0.0931836926246688,89.82,NORMAL
29,90,-0.0984784514943271,92.2,NORMAL
29,91,-0.1061268412829959,95.63,NORMAL
29,92,-0.0608170420652994,75.31,NORMAL
29,93,-0.0676218569862228,78.36,NORMAL
29,94,-0.0935591739789625,89.99,NORMAL
29,95,-0.074948413658583,81.65,NORMAL
29,96,-0.1078212004637036,96.39,NORMAL
29,97,-0.0954254662180584,90.83,NORMAL
29,98,-0.075734594912686,82.0,NORMAL
29,99,-0.0999300977540026,92.85,NORMAL
29,100,-0.0857488434912965,86.49,NORMAL
29,101,-0.0864664460661306,86.81,NORMAL
29,102,-0.0612845880601893,75.52,NORMAL
29,103,-0.1037328335439928,94.55,NORMAL
29,104,-0.0996607505140609,92.73,NORMAL
29,105,-0.0664769749384598,77.85,NORMAL
29,106,-0.0702818702442979,79.55,NORMAL
29,107,-0.1033740847411115,94.39,NORMAL
29,108,-0.063017314669132,76.3,NORMAL
29,109,-0.0827879621414275,85.16,NORMAL
29,110,-0.0549742865390619,72.69,NORMAL
29,111,-0.0811716458291884,84.44,NORMAL
29,112,-0.0915583585693361,89.09,NORMAL
29,113,-0.0538104799965649,72.17,NORMAL
29,114,-0.0806956072635008,84.22,NORMAL
29,115,-0.0776784919016346,82.87,NORMAL
29,116,-0.0865785087026199,86.86,NORMAL
29,117,-0.0565864658627353,73.41,NORMAL
29,118,-0.0917948650192148,89.2,NORMAL
29,119,-0.0797691182016157,83.81,NORMAL
29,120,-0.0674662925125005,78.29,NORMAL
29,121,-0.037545631077564,64.87,WARNING
29,122,-0.0961280338732522,91.14,NORMAL
29,123,-0.0514032984248337,71.09,NORMAL
29,124,-0.0781831098536726,83.1,NORMAL
29,125,-0.0464816585643774,68.88,WARNING
29,126,-0.0710281278570412,79.89,NORMAL
29,127,-0.0857125612765571,86.47,NORMAL
29,128,-0.0855918086178976,86.42,NORMAL
29,129,-0.0801363969815143,83.97,NORMAL
29,130,-0.0470482287023053,69.13,WARNING
29,131,-0.041733538122387,66.75,WARNING
29,132,-0.0266494652705841,59.99,WARNING
29,133,-0.0388782441951526,65.47,WARNING
29,134,-0.078097140847692,83.06,NORMAL
29,135,-0.0513723062397996,71.07,NORMAL
29,136,-0.035087435724089,63.77,WARNING
29,137,-0.0758573787167053,82.05,NORMAL
29,138,-0.032950657572731,62.81,WARNING
29,139,-0.0371363949943953,64.69,WARNING
29,140,-0.0721510216995129,80.39,NORMAL
29,141,0.0072543680626812,44.78,WARNING
29,142,-0.0199746494811869,56.99,WARNING
29,143,-0.04636328646033,68.83,WARNING
29,144,-0.0185743931795271,56.37,WARNING
29,145,0.0026380312632652,46.85,WARNING
29,146,-0.0343051222613686,63.42,WARNING
29,147,0.0265042540650781,36.15,CRITICAL
29,148,-0.0202453407644576,57.12,WARNING
29,149,0.0136558007849421,41.91,WARNING
29,150,0.0478548152323636,26.58,CRITICAL
29,151,0.0079912625102281,44.45,WARNING
29,152,0.0218518769155419,38.24,CRITICAL
29,153,0.0277627268789969,35.59,CRITICAL
29,154,0.0698060340196716,16.74,CRITICAL
29,155,0.0366043682360955,31.62,CRITICAL
29,156,0.0528986169166039,24.32,CRITICAL
29,157,0.0266403736927882,36.09,CRITICAL
29,158,0.0784804471018297,12.85,CRITICAL
29,159,0.0743436146552639,14.7,CRITICAL
29,160,0.060953723251942,20.7,CRITICAL
29,161,0.0838143697470369,10.45,CRITICAL
29,162,0.0799349351028829,12.19,CRITICAL
29,163,0.0784942622101774,12.84,CRITICAL
30,1,-0.023797236082074,58.71,WARNING
30,2,-0.009489311331928,52.29,WARNING
30,3,-0.0568766412884704,73.54,NORMAL
30,4,-0.0314506642000131,62.14,WARNING
30,5,-0.0409816080970792,66.41,WARNING
30,6,0.0040229821581407,46.23,WARNING
30,7,-0.0420877052026938,66.91,WARNING
30,8,-0.041643324483552,66.71,WARNING
30,9,0.0011161334008805,47.54,WARNING
30,10,0.0416732745858244,29.35,CRITICAL
30,11,0.0155278951967101,41.07,WARNING
30,12,0.0420450944921776,29.18,CRITICAL
30,13,-0.0386194610728929,65.36,WARNING
30,14,0.0576190009034854,22.2,CRITICAL
30,15,-0.029213801411829,61.14,WARNING
30,16,-0.0312108886145234,62.03,WARNING
30,17,-0.0459750060939014,68.65,WARNING
30,18,-0.0301020280239691,61.54,WARNING
30,19,0.0534988011211603,24.05,CRITICAL
30,20,-0.0291004390202526,61.09,WARNING
30,21,0.0037765625642832,46.34,WARNING
30,22,0.0038374272316181,46.32,WARNING
30,23,-0.0196639677137255,56.86,WARNING
30,24,0.0206001369554233,38.8,CRITICAL
30,25,0.02706760936613,35.9,CRITICAL
30,26,-0.0628192106643771,76.21,NORMAL
30,27,0.0085338090451279,44.21,WARNING
30,28,-0.0304668331446187,61.7,WARNING
30,29,-0.0423626434877106,67.03,WARNING
30,30,-0.017859543912383,56.05,WARNING
30,31,-0.0208412297053122,57.38,WARNING
30,32,-0.0162076392329427,55.31,WARNING
30,33,-0.052662031602758,71.65,NORMAL
30,34,-0.0437234039720319,67.64,WARNING
30,35,-0.0467227409905467,68.99,WARNING
30,36,-0.0212008451181664,57.54,WARNING
30,37,-0.0475274192826336,69.35,WARNING
30,38,-0.0368932559602395,64.58,WARNING
30,39,0.0462585150048484,27.29,CRITICAL
30,40,-0.0442492081415024,67.88,WARNING
30,41,-0.0186789364858719,56.41,WARNING
30,42,-0.0277118628186579,60.46,WARNING
30,43,-0.0261609215617829,59.77,WARNING
30,44,-0.0517845000086795,71.26,NORMAL
30,45,-0.0618197698395375,75.76,NORMAL
30,46,-0.0226538695215636,58.2,WARNING
30,47,-0.0004962954788891,48.26,WARNING
30,48,-0.0585314947334569,74.28,NORMAL
30,49,-0.0331264668059896,62.89,WARNING
30,50,-0.0414145634080582,66.61,WARNING
30,51,-0.0124613972055306,53.63,WARNING
30,52,-0.0376832902788326,64.94,WARNING
30,53,0.0109731309764555,43.12,WARNING
30,54,-0.0575588623932188,73.85,NORMAL
30,55,0.0757917737287384,14.05,CRITICAL
30,56,-0.0540217852426448,72.26,NORMAL
30,57,-0.0548526700549042,72.63,NORMAL
30,58,-0.0386620009221633,65.37,WARNING
30,59,0.0042792154605584,46.12,WARNING
30,60,-0.0355402066055602,63.97,WARNING
30,61,-0.0365386858596497,64.42,WARNING
30,62,0.0324670734544464,33.48,CRITICAL
30,63,-0.0255600466061955,59.5,WARNING
30,64,-0.0261894056059642,59.78,WARNING
30,65,-0.0700752068844343,79.46,NORMAL
30,66,-0.0449438682285995,68.19,WARNING
30,67,-0.009155966123387,52.14,WARNING
30,68,-0.0211180013696877,57.51,WARNING
30,69,-0.0372127140877537,64.72,WARNING
30,70,-0.0429561548773002,67.3,WARNING
30,71,-0.0138767947170335,54.26,WARNING
30,72,-0.0668963481625884,78.03,NORMAL
30,73,-0.0436978985149881,67.63,WARNING
30,74,-0.0523154241170997,71.5,NORMAL
30,75,-0.0453834730123841,68.39,WARNING
30,76,-0.0495610377934035,70.26,NORMAL
30,77,-0.0780909836820338,83.05,NORMAL
30,78,0.0325143196967165,33.46,CRITICAL
30,79,-0.0887043015886646,87.81,NORMAL
30,80,-0.0547405467039552,72.58,NORMAL
30,81,-0.0593201431422001,74.64,NORMAL
30,82,-0.0009666001434396,48.47,WARNING
30,83,-0.0444670753038577,67.98,WARNING
30,84,-0.0685656729738285,78.78,NORMAL
30,85,-0.0790994640197639,83.51,NORMAL
30,86,-0.0048384044481764,50.21,WARNING
30,87,-0.0286045690927356,60.86,WARNING
30,88,0.0103324461837001,43.4,WARNING
30,89,-0.0504750205943871,70.67,NORMAL
30,90,-0.0718020571371707,80.23,NORMAL
30,91,-0.0584391980751786,74.24,NORMAL
30,92,-0.0633306453906233,76.44,NORMAL
30,93,-0.0284431301930361,60.79,WARNING
30,94,-0.0660413634271786,77.65,NORMAL
30,95,-0.0214941991715604,57.68,WARNING
30,96,-0.087410806991901,87.23,NORMAL
30,97,-0.1041414939169039,94.74,NORMAL
30,98,-0.0751182427656029,81.72,NORMAL
30,99,-0.0718369577270976,80.25,NORMAL
30,100,-0.0917767797320729,89.19,NORMAL
30,101,-0.0628016151514887,76.2,NORMAL
30,102,-0.0539521824360152,72.23,NORMAL
30,103,-0.0712396214235617,79.98,NORMAL
30,104,-0.0845606036695443,85.96,NORMAL
30,105,-0.0822357993748308,84.91,NORMAL
30,106,-0.1043679755339636,94.84,NORMAL
30,107,-0.0803599787417044,84.07,NORMAL
30,108,-0.0650368060448428,77.2,NORMAL
30,109,-0.1024771388805161,93.99,NORMAL
30,110,-0.0763997781397152,82.3,NORMAL
30,111,-0.0805136695085747,84.14,NORMAL
30,112,-0.0836740011835255,85.56,NORMAL
30,113,-0.0613987491799692,75.57,NORMAL
30,114,-0.0809390739937007,84.33,NORMAL
30,115,-0.0747108330651935,81.54,NORMAL
30,116,-0.0793686208241036,83.63,NORMAL
30,117,-0.0788579618254484,83.4,NORMAL
30,118,-0.0592208261653501,74.59,NORMAL
30,119,-0.0823186142569904,84.95,NORMAL
30,120,-0.0995017970228147,92.66,NORMAL
30,121,-0.0797824747328733,83.81,NORMAL
30,122,-0.0888495047174583,87.88,NORMAL
30,123,-0.1019826119924715,93.77,NORMAL
30,124,-0.0760663038960043,82.15,NORMAL
30,125,-0.0646150043883201,77.01,NORMAL
30,126,-0.0750870698285146,81.71,NORMAL
30,127,-0.110630850914215,97.65,NORMAL
30,128,-0.0829784630884752,85.25,NORMAL
30,129,-0.0907430919214241,88.73,NORMAL
30,130,-0.0784643911492991,83.22,NORMAL
30,131,-0.1132379879236979,98.82,NORMAL
30,132,-0.0872561510324936,87.16,NORMAL
30,133,-0.0995105486730171,92.66,NORMAL
30,134,-0.0971542808922508,91.6,NORMAL
30,135,-0.0943965777447903,90.37,NORMAL
30,136,-0.0702327692262367,79.53,NORMAL
30,137,-0.0849349444663917,86.12,NORMAL
30,138,-0.093886742264417,90.14,NORMAL
30,139,-0.1018907847521793,93.73,NORMAL
30,140,-0.101651767786564,93.62,NORMAL
30,141,-0.1091058644720552,96.96,NORMAL
30,142,-0.0962438830164851,91.19,NORMAL
30,143,-0.1017162435401241,93.65,NORMAL
30,144,-0.0960408108807952,91.1,NORMAL
30,145,-0.1030464269978819,94.25,NORMAL
30,146,-0.1066324388812535,95.85,NORMAL
30,147,-0.093801031830831,90.1,NORMAL
30,148,-0.1010032606772225,93.33,NORMAL
30,149,-0.1043946547612465,94.85,NORMAL
30,150,-0.0929731229960149,89.73,NORMAL
30,151,-0.1008459985558557,93.26,NORMAL
30,152,-0.1044385386615992,94.87,NORMAL
30,153,-0.0843364683868348,85.86,NORMAL
30,154,-0.1122901082366127,98.39,NORMAL
30,155,-0.07961732590303,83.74,NORMAL
30,156,-0.0844926634191844,85.93,NORMAL
30,157,-0.0952187866186489,90.74,NORMAL
30,158,-0.0881095425604344,87.55,NORMAL
30,159,-0.0792234574802256,83.56,NORMAL
30,160,-0.0663999442553101,77.81,NORMAL
30,161,-0.0679987294064347,78.53,NORMAL
30,162,-0.0606482082204309,75.23,NORMAL
30,163,-0.0609778254028642,75.38,NORMAL
30,164,-0.092140061969038,89.35,NORMAL
30,165,-0.0821058002479015,84.86,NORMAL
30,166,-0.0706598688298338,79.72,NORMAL
30,167,-0.0659154859089801,77.6,NORMAL
30,168,-0.0622902027558341,75.97,NORMAL
30,169,-0.0266022540979454,59.97,WARNING
30,170,-0.0509817621576507,70.9,NORMAL
30,171,-0.0539116651613769,72.21,NORMAL
30,172,-0.0704888751877211,79.65,NORMAL
30,173,-0.0312368283990278,62.04,WARNING
30,174,-0.0314770462002464,62.15,WARNING
30,175,-0.0551254894568087,72.76,NORMAL
30,176,-0.0249703135153528,59.23,WARNING
30,177,-0.037778645661588,64.98,WARNING
30,178,-0.0557489073652471,73.04,NORMAL
30,179,-0.0293037040537584,61.18,WARNING
30,180,-0.0078476353804901,51.56,WARNING
30,181,-0.0213106421844088,57.59,WARNING
30,182,0.0032654184045135,46.57,WARNING
30,183,-0.0033002012717089,49.52,WARNING
30,184,-0.0037181453571919,49.7,WARNING
30,185,0.0099255729640356,43.59,WARNING
30,186,-0.0098200982012724,52.44,WARNING
30,187,0.046115040305816,27.36,CRITICAL
30,188,0.0247938026910088,36.92,CRITICAL
30,189,0.0436018697311936,28.49,CRITICAL
30,190,0.0401767210581983,30.02,CRITICAL
30,191,0.0614452049409663,20.48,CRITICAL
30,192,0.0609913008219701,20.69,CRITICAL
30,193,0.08217392017857,11.19,CRITICAL
30,194,0.1152971287909557,0.0,CRITICAL
31,1,-0.0742889547673258,81.35,NORMAL
31,2,-0.0688547929711415,78.91,NORMAL
31,3,-0.0503371192706305,70.61,NORMAL
31,4,-0.0059500961803988,50.71,WARNING
31,5,-0.0235778209254955,58.61,WARNING
31,6,-0.0486191492104936,69.84,WARNING
31,7,-0.0184499664787228,56.31,WARNING
31,8,-0.0503278897925822,70.61,NORMAL
31,9,-0.0275046819954285,60.37,WARNING
31,10,-0.0142114586019856,54.41,WARNING
31,11,-0.0510745084646612,70.94,NORMAL
31,12,-0.0366920341059807,64.49,WARNING
31,13,-0.046714615728589,68.99,WARNING
31,14,-0.0312521331786652,62.05,WARNING
31,15,-0.0468097162434161,69.03,WARNING
31,16,-0.0523698700714028,71.52,NORMAL
31,17,-0.0486842736053693,69.87,WARNING
31,18,-0.0170883885462815,55.7,WARNING
31,19,-0.066708043778789,77.95,NORMAL
31,20,-0.0591526499900449,74.56,NORMAL
31,21,-0.0606264756278507,75.22,NORMAL
31,22,-0.0104771638360581,52.74,WARNING
31,23,-0.0715800024836198,80.14,NORMAL
31,24,-0.0357760134769066,64.08,WARNING
31,25,-0.0510377239553997,70.92,NORMAL
31,26,-0.0341349353099891,63.34,WARNING
31,27,-0.0263604093882448,59.86,WARNING
31,28,-0.0475957247187011,69.38,WARNING
31,29,0.0459319190994216,27.44,CRITICAL
31,30,-0.0656941335630154,77.5,NORMAL
31,31,-0.0464128755170366,68.85,WARNING
31,32,0.0188927294987615,39.57,CRITICAL
31,33,-0.0652751591835839,77.31,NORMAL
31,34,-0.0391704449700197,65.6,WARNING
31,35,-0.0798699444750824,83.85,NORMAL
31,36,-0.0359167140059828,64.14,WARNING
31,37,-0.0341237541948256,63.34,WARNING
31,38,-0.0338090036638644,63.2,WARNING
31,39,-0.0718159463990502,80.24,NORMAL
31,40,0.0281754137294036,35.4,CRITICAL
31,41,0.0093663694235581,43.84,WARNING
31,42,-0.0314962940238764,62.16,WARNING
31,43,-0.0072811896793363,51.3,WARNING
31,44,-0.0280206427478645,60.6,WARNING
31,45,-0.0351776546386123,63.81,WARNING
31,46,-0.0075338293051698,51.42,WARNING
31,47,0.0114313523769067,42.91,WARNING
31,48,0.0125220259234343,42.42,WARNING
31,49,-0.0161837238940219,55.29,WARNING
31,50,0.0106325913511998,43.27,WARNING
31,51,-0.0597705175507414,74.84,NORMAL
31,52,0.0141469490074913,41.69,WARNING
31,53,-0.073792295987134,81.13,NORMAL
31,54,-0.0564316244209571,73.34,NORMAL
31,55,-0.0594439597155846,74.69,NORMAL
31,56,-0.0455807903084856,68.48,WARNING
31,57,-0.0214571190621335,57.66,WARNING
31,58,-0.0555083162981765,72.93,NORMAL
31,59,-0.0650457969110064,77.21,NORMAL
31,60,-0.0357788472996895,64.08,WARNING
31,61,0.0083173995746365,44.31,WARNING
31,62,-0.0781840408656261,83.1,NORMAL
31,63,-0.0628700560161498,76.23,NORMAL
31,64,0.0171019326537216,40.37,WARNING
31,65,-0.0655449174332812,77.43,NORMAL
31,66,-0.0620689687048134,75.87,NORMAL
31,67,-0.0374926928302582,64.85,WARNING
31,68,-0.037337063334803,64.78,WARNING
31,69,-0.0290191172157234,61.05,WARNING
31,70,-0.0240146382495794,58.81,WARNING
31,71,-0.0100263885586837,52.53,WARNING
31,72,-0.0702271110498223,79.53,NORMAL
31,73,-0.0570431826419772,73.62,NORMAL
31,74,-0.0632566633470694,76.4,NORMAL
31,75,-0.027260641789398,60.26,WARNING
31,76,-0.0874458340989565,87.25,NORMAL
31,77,-0.0827590813211009,85.15,NORMAL
31,78,-0.0673514419120402,78.24,NORMAL
31,79,-0.0534594973351866,72.01,NORMAL
31,80,-0.0691684311940505,79.05,NORMAL
31,81,-0.0499024641871434,70.41,NORMAL
31,82,0.0037319609701619,46.36,WARNING
31,83,-0.0839479811251265,85.68,NORMAL
31,84,-0.0701018503159335,79.47,NORMAL
31,85,-0.0515433154531502,71.15,NORMAL
31,86,-0.0449069879219258,68.17,WARNING
31,87,-0.0761871008097302,82.2,NORMAL
31,88,-0.0510336897182101,70.92,NORMAL
31,89,-0.06761845757558,78.36,NORMAL
31,90,-0.0591620336368107,74.57,NORMAL
31,91,-0.0773956439412649,82.74,NORMAL
31,92,-0.0473520461680495,69.27,WARNING
31,93,-0.0437047814905975,67.64,WARNING
31,94,-0.068381468423384,78.7,NORMAL
31,95,-0.0801077310979753,83.96,NORMAL
31,96,-0.0663771312367907,77.8,NORMAL
31,97,-0.0849061320865326,86.11,NORMAL
31,98,-0.0596384215298709,74.78,NORMAL
31,99,-0.0703971144609682,79.6,NORMAL
31,100,-0.0677085435352479,78.4,NORMAL
31,101,0.0030768270683348,46.66,WARNING
31,102,-0.058666818681661,74.34,NORMAL
31,103,-0.0843167770100737,85.85,NORMAL
31,104,-0.0377599384698187,64.97,WARNING
31,105,0.0002322505753884,47.93,WARNING
31,106,-0.0675898459812408,78.35,NORMAL
31,107,-0.0725176594746725,80.56,NORMAL
31,108,-0.0494525230191629,70.21,NORMAL
31,109,-0.056906284264057,73.56,NORMAL
31,110,-0.0635287652686856,76.52,NORMAL
31,111,-0.1060703373805574,95.6,NORMAL
31,112,-0.060432907462964,75.14,NORMAL
31,113,-0.0506471857283495,70.75,NORMAL
31,114,-0.0219380384117779,57.87,WARNING
31,115,-0.0813096229664515,84.5,NORMAL
31,116,-0.0658680929436845,77.57,NORMAL
31,117,-0.0937974773081673,90.1,NORMAL
31,118,-0.0904384041404771,88.59,NORMAL
31,119,-0.0588327508842872,74.42,NORMAL
31,120,-0.0739366388780108,81.19,NORMAL
31,121,-0.0380339010268575,65.09,WARNING
31,122,-0.0559180096153617,73.11,NORMAL
31,123,-0.0862875095848645,86.73,NORMAL
31,124,-0.095624817815092,90.92,NORMAL
31,125,-0.0721161151524112,80.38,NORMAL
31,126,-0.0627829750080803,76.19,NORMAL
31,127,-0.1061730215721035,95.65,NORMAL
31,128,-0.0886635944150423,87.8,NORMAL
31,129,-0.0204401941382895,57.2,WARNING
31,130,-0.0073557026583095,51.34,WARNING
31,131,-0.0960633777568915,91.11,NORMAL
31,132,-0.0860631186993215,86.63,NORMAL
31,133,-0.1033575671279999,94.38,NORMAL
31,134,-0.0782481928090538,83.13,NORMAL
31,135,-0.0283129751701963,60.73,WARNING
31,136,-0.0862058745674979,86.69,NORMAL
31,137,-0.0673003954174798,78.22,NORMAL
31,138,-0.0962073027990754,91.18,NORMAL
31,139,-0.0759739274661628,82.11,NORMAL
31,140,-0.0689842906430135,78.97,NORMAL
31,141,-0.0649740882052037,77.17,NORMAL
31,142,-0.1035814839544063,94.49,NORMAL
31,143,-0.1071934869597801,96.1,NORMAL
31,144,-0.0753195200447325,81.81,NORMAL
31,145,-0.1046491547106106,94.96,NORMAL
31,146,-0.0652767727951048,77.31,NORMAL
31,147,-0.104773242098165,95.02,NORMAL
31,148,-0.0990428144582694,92.45,NORMAL
31,149,-0.0674138102909695,78.27,NORMAL
31,150,-0.0961896527471738,91.17,NORMAL
31,151,-0.033127271340152,62.89,WARNING
31,152,-0.1075969632900127,96.29,NORMAL
31,153,-0.0956488788105571,90.93,NORMAL
31,154,-0.1033237271839077,94.37,NORMAL
31,155,-0.1043988692564765,94.85,NORMAL
31,156,-0.0984212839322928,92.17,NORMAL
31,157,-0.0863844969414563,86.77,NORMAL
31,158,-0.1030848169383624,94.26,NORMAL
31,159,-0.1110887822797107,97.85,NORMAL
31,160,-0.0966979601667996,91.4,NORMAL
31,161,-0.0954861234842176,90.86,NORMAL
31,162,-0.0711766039953654,79.95,NORMAL
31,163,-0.109727970142152,97.24,NORMAL
31,164,-0.0902046450982586,88.49,NORMAL
31,165,-0.0830607742963561,85.28,NORMAL
31,166,-0.1002933745708795,93.01,NORMAL
31,167,-0.06027302845255,75.06,NORMAL
31,168,-0.095616620721011,90.91,NORMAL
31,169,-0.0739684244204131,81.21,NORMAL
31,170,-0.0932893837456876,89.87,NORMAL
31,171,-0.0775152607635812,82.8,NORMAL
31,172,-0.0829450035097943,85.23,NORMAL
31,173,-0.0986280355369026,92.26,NORMAL
31,174,-0.0941834942181094,90.27,NORMAL
31,175,-0.0910789746863612,88.88,NORMAL
31,176,-0.078657143638903,83.31,NORMAL
31,177,-0.0989365947317706,92.4,NORMAL
31,178,-0.0671135554119231,78.13,NORMAL
31,179,-0.0765506113271403,82.36,NORMAL
31,180,-0.1132488560413853,98.82,NORMAL
31,181,-0.0772060087140633,82.66,NORMAL
31,182,-0.0826958681031866,85.12,NORMAL
31,183,-0.0783375219756686,83.17,NORMAL
31,184,-0.0935721432581643,90.0,NORMAL
31,185,-0.0630994895882826,76.33,NORMAL
31,186,-0.1035918099939889,94.49,NORMAL
31,187,-0.0745643803365641,81.47,NORMAL
31,188,-0.0604550270915323,75.15,NORMAL
31,189,-0.065631452557906,77.47,NORMAL
31,190,-0.0834912527567254,85.48,NORMAL
31,191,-0.0966260334473947,91.37,NORMAL
31,192,-0.0886944976844962,87.81,NORMAL
31,193,-0.0820003223279031,84.81,NORMAL
31,194,-0.0826282622050339,85.09,NORMAL
31,195,-0.0820946010452261,84.85,NORMAL
31,196,-0.0683620937063271,78.69,NORMAL
31,197,-0.0796407321651022,83.75,NORMAL
31,198,-0.0657917240227864,77.54,NORMAL
31,199,-0.0387740934745821,65.42,WARNING
31,200,-0.0649904636723765,77.18,NORMAL
31,201,-0.0482102519676092,69.66,WARNING
31,202,-0.0606004435137521,75.21,NORMAL
31,203,-0.0549860062580578,72.69,NORMAL
31,204,-0.0363742905061773,64.35,WARNING
31,205,-0.0098187680224445,52.44,WARNING
31,206,-0.0306564372494242,61.78,WARNING
31,207,-0.0440141900057952,67.77,WARNING
31,208,-0.0355488857554649,63.98,WARNING
31,209,-0.0594694222972081,74.7,NORMAL
31,210,-0.0122983801921271,53.55,WARNING
31,211,0.006608252315697,45.07,WARNING
31,212,-0.0252383394446663,59.35,WARNING
31,213,-0.0315072196988621,62.17,WARNING
31,214,-0.0091441005622506,52.14,WARNING
31,215,0.0123153092438934,42.52,WARNING
31,216,-0.0192176668330903,56.65,WARNING
31,217,-0.0182801509757751,56.23,WARNING
31,218,-0.0221916981080587,57.99,WARNING
31,219,-0.0042913266578041,49.96,WARNING
31,220,0.0301892794801986,34.5,CRITICAL
31,221,0.018470440468675,39.75,CRITICAL
31,222,-0.0267179846076121,60.02,WARNING
31,223,0.0598858838636039,21.18,CRITICAL
31,224,0.0315026377679888,33.91,CRITICAL
31,225,0.0545265506234695,23.59,CRITICAL
31,226,0.0527843826586381,24.37,CRITICAL
31,227,0.0378916045385427,31.05,CRITICAL
31,228,0.0311820295642059,34.05,CRITICAL
31,229,0.1041803139802411,1.32,CRITICAL
31,230,0.0436843412281973,28.45,CRITICAL
31,231,0.0720740191026682,15.72,CRITICAL
31,232,0.0771065849986014,13.46,CRITICAL
31,233,0.0526577731618754,24.42,CRITICAL
31,234,0.0960346185302014,4.97,CRITICAL
32,1,-0.0856500196649891,86.44,NORMAL
32,2,-0.0977099403318315,91.85,NORMAL
32,3,-0.1041214572250709,94.73,NORMAL
32,4,-0.0915418486089145,89.09,NORMAL
32,5,-0.1022926672639474,93.91,NORMAL
32,6,-0.1146973547891972,99.47,NORMAL
32,7,-0.0887756398385748,87.85,NORMAL
32,8,-0.0664727934052313,77.84,NORMAL
32,9,-0.0825514511829086,85.05,NORMAL
32,10,-0.0707918028307475,79.78,NORMAL
32,11,-0.0765375094160062,82.36,NORMAL
32,12,-0.0836757698481321,85.56,NORMAL
32,13,-0.0916970089828176,89.16,NORMAL
32,14,-0.0937325313505958,90.07,NORMAL
32,15,-0.0870889422561866,87.09,NORMAL
32,16,-0.0692518557129256,79.09,NORMAL
32,17,-0.0956697261820991,90.94,NORMAL
32,18,-0.1056323233147421,95.4,NORMAL
32,19,-0.0822077000629983,84.9,NORMAL
32,20,-0.0748753989801477,81.61,NORMAL
32,21,-0.0649532897632259,77.16,NORMAL
32,22,-0.080683748485705,84.22,NORMAL
32,23,-0.0832869370030571,85.38,NORMAL
32,24,-0.1115079623304967,98.04,NORMAL
32,25,-0.1101055495767918,97.41,NORMAL
32,26,-0.059687842514969,74.8,NORMAL
32,27,-0.0860655474761463,86.63,NORMAL
32,28,-0.0951167005509345,90.69,NORMAL
32,29,-0.1137860980714096,99.06,NORMAL
32,30,-0.0773548317092158,82.72,NORMAL
32,31,-0.0994342688076659,92.63,NORMAL
32,32,-0.0748460824032856,81.6,NORMAL
32,33,-0.0791758664801659,83.54,NORMAL
32,34,-0.114610797655047,99.43,NORMAL
32,35,-0.0923030557376476,89.43,NORMAL
32,36,-0.0617777246946145,75.74,NORMAL
32,37,-0.0853496611750921,86.31,NORMAL
32,38,-0.0654741801213876,77.4,NORMAL
32,39,-0.0605246843583707,75.18,NORMAL
32,40,-0.0937091792014502,90.06,NORMAL
32,41,-0.1182585851874312,100.0,NORMAL
32,42,-0.0959924630729687,91.08,NORMAL
32,43,-0.1043535632206246,94.83,NORMAL
32,44,-0.0752864845414504,81.8,NORMAL
32,45,-0.0890371021009847,87.96,NORMAL
32,46,-0.1034624032002914,94.43,NORMAL
32,47,-0.0967329921954054,91.41,NORMAL
32,48,-0.0989544219107529,92.41,NORMAL
32,49,-0.0931678537285355,89.82,NORMAL
32,50,-0.068610477734526,78.8,NORMAL
32,51,-0.0850552540169218,86.18,NORMAL
32,52,-0.09038415084669,88.57,NORMAL
32,53,-0.0691613917547822,79.05,NORMAL
32,54,-0.1105158384560073,97.59,NORMAL
32,55,-0.0836196157646518,85.53,NORMAL
32,56,-0.0767845322476181,82.47,NORMAL
32,57,-0.1012230773239643,93.43,NORMAL
32,58,-0.1038621342262258,94.61,NORMAL
32,59,-0.0851736557953913,86.23,NORMAL
32,60,-0.1071825883036771,96.1,NORMAL
32,61,-0.083665671684343,85.55,NORMAL
32,62,-0.0673875961699145,78.26,NORMAL
32,63,-0.0992259332321993,92.53,NORMAL
32,64,-0.0480685773413634,69.59,WARNING
32,65,-0.0760503574742996,82.14,NORMAL
32,66,-0.062721002860709,76.16,NORMAL
32,67,-0.0831922169476923,85.34,NORMAL
32,68,-0.0784659213514365,83.22,NORMAL
32,69,-0.0673091048619189,78.22,NORMAL
32,70,-0.0973015161897744,91.67,NORMAL
32,71,-0.078199338586788,83.1,NORMAL
32,72,-0.0431685295996618,67.39,WARNING
32,73,-0.0926275296611346,89.57,NORMAL
32,74,-0.0855430576871505,86.4,NORMAL
32,75,-0.1004220884205153,93.07,NORMAL
32,76,-0.1032502355388763,94.34,NORMAL
32,77,-0.1002942416636544,93.01,NORMAL
32,78,-0.0836642774263153,85.55,NORMAL
32,79,-0.0871867967745626,87.13,NORMAL
32,80,-0.0797371629254022,83.79,NORMAL
32,81,-0.104870503926402,95.06,NORMAL
32,82,-0.0929651509518541,89.72,NORMAL
32,83,-0.0654970563524026,77.41,NORMAL
32,84,-0.0669965914246674,78.08,NORMAL
32,85,-0.0957814386889677,90.99,NORMAL
32,86,-0.0667141385827823,77.95,NORMAL
32,87,-0.0745593423560727,81.47,NORMAL
32,88,-0.0899368866656343,88.37,NORMAL
32,89,-0.0702981884603209,79.56,NORMAL
32,90,-0.0975915859514227,91.8,NORMAL
32,91,-0.0867833014214933,86.95,NORMAL
32,92,-0.0782395958130988,83.12,NORMAL
32,93,-0.0737567136315485,81.11,NORMAL
32,94,-0.0951025533400591,90.68,NORMAL
32,95,-0.1043979245330021,94.85,NORMAL
32,96,-0.077622860921199,82.84,NORMAL
32,97,-0.1001187628854166,92.93,NORMAL
32,98,-0.0488610353541997,69.95,WARNING
32,99,-0.0912392189653605,88.95,NORMAL
32,100,-0.0997601676702409,92.77,NORMAL
32,101,-0.0884886987822927,87.72,NORMAL
32,102,-0.0723567982032259,80.48,NORMAL
32,103,-0.0811566364866456,84.43,NORMAL
32,104,-0.0521208565460125,71.41,NORMAL
32,105,-0.0850555895587827,86.18,NORMAL
32,106,-0.096879583990589,91.48,NORMAL
32,107,-0.074180945185911,81.3,NORMAL
32,108,-0.0723162206203147,80.47,NORMAL
32,109,-0.0736755209236502,81.07,NORMAL
32,110,-0.0683968715820184,78.71,NORMAL
32,111,-0.0631750243219656,76.37,NORMAL
32,112,-0.1049435367108874,95.1,NORMAL
32,113,-0.1049000796797552,95.08,NORMAL
32,114,-0.093288366809368,89.87,NORMAL
32,115,-0.0598608805809408,74.88,NORMAL
32,116,-0.0790660210920705,83.49,NORMAL
32,117,-0.081288202588523,84.49,NORMAL
32,118,-0.0439019131003242,67.72,WARNING
32,119,-0.0913679945313586,89.01,NORMAL
32,120,-0.0721372691458811,80.38,NORMAL
32,121,-0.0362523355755124,64.29,WARNING
32,122,-0.0608054847866271,75.3,NORMAL
32,123,-0.0664833577808058,77.85,NORMAL
32,124,-0.0941364975593907,90.25,NORMAL
32,125,-0.0827909241974219,85.16,NORMAL
32,126,-0.0928546747026864,89.68,NORMAL
32,127,-0.0878020536808563,87.41,NORMAL
32,128,-0.0582947058536829,74.18,NORMAL
32,129,-0.0511944807340206,70.99,NORMAL
32,130,-0.0912834274095548,88.97,NORMAL
32,131,-0.0427519263532041,67.21,WARNING
32,132,-0.0654041407593893,77.37,NORMAL
32,133,-0.0636947354669634,76.6,NORMAL
32,134,-0.0489287681271632,69.98,WARNING
32,135,-0.0559920159348207,73.15,NORMAL
32,136,-0.0510057445590472,70.91,NORMAL
32,137,-0.0903910596107526,88.57,NORMAL
32,138,-0.053369148253244,71.97,NORMAL
32,139,-0.0737326927935085,81.1,NORMAL
32,140,-0.0702873906534746,79.56,NORMAL
32,141,-0.0524297863338309,71.55,NORMAL
32,142,-0.0184324304565597,56.3,WARNING
32,143,-0.0597763223166027,74.84,NORMAL
32,144,-0.031051164386502,61.96,WARNING
32,145,-0.0419864143336211,66.86,WARNING
32,146,-0.0331927325502052,62.92,WARNING
32,147,-0.0583735436611296,74.21,NORMAL
32,148,-0.0839870348512509,85.7,NORMAL
32,149,-0.0622257193402637,75.94,NORMAL
32,150,-0.0685904755381211,78.79,NORMAL
32,151,-0.0548182591718581,72.62,NORMAL
32,152,-0.057569873955888,73.85,NORMAL
32,153,-0.0109322494443031,52.94,WARNING
32,154,-0.0416856387325182,66.73,WARNING
32,155,-0.0535217854644682,72.04,NORMAL
32,156,-0.0285959521371177,60.86,WARNING
32,157,-0.0680827441821645,78.57,NORMAL
32,158,-0.0248277098601493,59.17,WARNING
32,159,0.0010806303091516,47.55,WARNING
32,160,-0.035387949500829,63.91,WARNING
32,161,0.0055910916099527,45.53,WARNING
32,162,-0.0369459649249931,64.6,WARNING
32,163,0.0128395996467708,42.28,WARNING
32,164,-0.0312204834057645,62.04,WARNING
32,165,-0.0272707090525801,60.27,WARNING
32,166,-0.0144661830536875,54.52,WARNING
32,167,-0.0025563407794059,49.18,WARNING
32,168,-0.0146574489290574,54.61,WARNING
32,169,0.003073476084746,46.66,WARNING
32,170,-0.0371352025157616,64.69,WARNING
32,171,0.0003152058868866,47.9,WARNING
32,172,0.0032207121283012,46.59,WARNING
32,173,0.0219021783957997,38.22,CRITICAL
32,174,0.0080582485482263,44.42,WARNING
32,175,0.004932833368811,45.83,WARNING
32,176,0.0021850387758398,47.06,WARNING
32,177,0.0185249908718028,39.73,CRITICAL
32,178,0.0369452328833652,31.47,CRITICAL
32,179,0.0545540092714765,23.57,CRITICAL
32,180,0.0013027069870799,47.45,WARNING
32,181,0.0629565825528425,19.81,CRITICAL
32,182,0.0124062367564111,42.47,WARNING
32,183,-0.0017833495267833,48.84,WARNING
32,184,0.0339927452209949,32.79,CRITICAL
32,185,0.0428379656661197,28.83,CRITICAL
32,186,0.0404213261004137,29.91,CRITICAL
32,187,0.0327632174720929,33.35,CRITICAL
32,188,0.0459062046871914,27.45,CRITICAL
32,189,0.031643745831881,33.85,CRITICAL
32,190,0.0785662581962478,12.81,CRITICAL
32,191,0.075477803745336,14.19,CRITICAL
33,1,-0.0377504131332817,64.97,WARNING
33,2,0.0608969434346612,20.73,CRITICAL
33,3,-0.0347227692944551,63.61,WARNING
33,4,-0.0199952668643482,57.0,WARNING
33,5,-0.0192196255422787,56.66,WARNING
33,6,-0.0012214659992781,48.59,WARNING
33,7,0.0412311874532158,29.55,CRITICAL
33,8,-0.0280870624321312,60.63,WARNING
33,9,-0.0399160090718404,65.94,WARNING
33,10,-0.0406308341474722,66.26,WARNING
33,11,0.0201151163456505,39.02,CRITICAL
33,12,-0.051477940745204,71.12,NORMAL
33,13,-0.047329983610625,69.26,WARNING
33,14,-0.0339103097444887,63.24,WARNING
33,15,0.0675643662580675,17.74,CRITICAL
33,16,0.024613836041348,37.0,CRITICAL
33,17,0.0383547315112113,30.84,CRITICAL
33,18,0.0676919825302269,17.68,CRITICAL
33,19,0.0239325388601818,37.31,CRITICAL
33,20,0.0426291892359645,28.92,CRITICAL
33,21,-0.017597553917906,55.93,WARNING
33,22,-0.050531805120925,70.7,NORMAL
33,23,-0.045531508773615,68.45,WARNING
33,24,0.0115215480770036,42.87,WARNING
33,25,-0.0466515521148548,68.96,WARNING
33,26,-0.0544865641941814,72.47,NORMAL
33,27,0.080973704849369,11.73,CRITICAL
33,28,-0.0275275162914959,60.38,WARNING
33,29,0.0416871653824698,29.34,CRITICAL
33,30,-0.0290043205259095,61.04,WARNING
33,31,0.0016360963536282,47.3,WARNING
33,32,-0.0080944958157164,51.67,WARNING
33,33,0.038125519559011,30.94,CRITICAL
33,34,-0.0195649113500452,56.81,WARNING
33,35,-0.0477463946624364,69.45,WARNING
33,36,-0.0222604833394406,58.02,WARNING
33,37,-0.0177821921711406,56.01,WARNING
33,38,-0.0151959240257013,54.85,WARNING
33,39,0.0047544638162977,45.91,WARNING
33,40,-0.020208459826148,57.1,WARNING
33,41,-0.0178625027342418,56.05,WARNING
33,42,-0.0462737386029525,68.79,WARNING
33,43,-0.0204526858580402,57.21,WARNING
33,44,-0.0303794708611752,61.66,WARNING
33,45,-0.0390659884515591,65.56,WARNING
33,46,0.0522733668006144,24.6,CRITICAL
33,47,-0.0307612863104709,61.83,WARNING
33,48,-0.0484832930171666,69.78,WARNING
33,49,-0.0374949231701725,64.85,WARNING
33,50,-0.0529824791783863,71.8,NORMAL
33,51,-0.0244979231591256,59.02,WARNING
33,52,-0.0568829307995625,73.54,NORMAL
33,53,-0.0028996209395367,49.34,WARNING
33,54,0.0081298981466952,44.39,WARNING
33,55,-0.0395991037276,65.79,WARNING
33,56,-0.0155413469973548,55.01,WARNING
33,57,0.0102827119689501,43.43,WARNING
33,58,-0.0236942515494885,58.66,WARNING
33,59,-0.0180261031163141,56.12,WARNING
33,60,-0.056878286756601,73.54,NORMAL
33,61,-0.0550686779606152,72.73,NORMAL
33,62,-0.0289918426937657,61.04,WARNING
33,63,0.0219296741253923,38.2,CRITICAL
33,64,-0.0682959822270526,78.66,NORMAL
33,65,-0.0600483004793752,74.96,NORMAL
33,66,-0.0490791599518464,70.05,NORMAL
33,67,-0.0681107904882047,78.58,NORMAL
33,68,-0.0021276839419339,48.99,WARNING
33,69,-0.0345587505015737,63.53,WARNING
33,70,-0.0478656617804031,69.5,WARNING
33,71,-0.0656068025961027,77.46,NORMAL
33,72,-0.035779337747473,64.08,WARNING
33,73,-0.0644017057932319,76.92,NORMAL
33,74,-0.0671407907229786,78.14,NORMAL
33,75,-0.0509170976927664,70.87,NORMAL
33,76,-0.0319746374499469,62.38,WARNING
33,77,0.0726039106875162,15.48,CRITICAL
33,78,-0.0467889448699248,69.02,WARNING
33,79,-0.0856610998219403,86.45,NORMAL
33,80,-0.0408357702245458,66.35,WARNING
33,81,-0.0508174774114337,70.82,NORMAL
33,82,-0.0294271333615017,61.23,WARNING
33,83,-0.0062147354211791,50.82,WARNING
33,84,-0.0335576030226444,63.09,WARNING
33,85,-0.0784415678141347,83.21,NORMAL
33,86,-0.0327251113121213,62.71,WARNING
33,87,-0.04482395570231,68.14,WARNING
33,88,-0.0639060170354344,76.69,NORMAL
33,89,-0.0736000476350631,81.04,NORMAL
33,90,-0.0759989864624889,82.12,NORMAL
33,91,-0.0735933714657957,81.04,NORMAL
33,92,-0.0625034626638823,76.07,NORMAL
33,93,-0.0473253763837409,69.26,WARNING
33,94,-0.0835421600601051,85.5,NORMAL
33,95,-0.0852178386328275,86.25,NORMAL
33,96,-0.0593347494005038,74.64,NORMAL
33,97,-0.0576141621821627,73.87,NORMAL
33,98,-0.0701074892722299,79.47,NORMAL
33,99,-0.0813658616083607,84.52,NORMAL
33,100,-0.062242944070731,75.95,NORMAL
33,101,-0.0950750169599168,90.67,NORMAL
33,102,-0.0519003494691048,71.31,NORMAL
33,103,0.0584263362376026,21.84,CRITICAL
33,104,-0.087256542631335,87.16,NORMAL
33,105,-0.0526459846819477,71.64,NORMAL
33,106,0.0311015102020677,34.09,CRITICAL
33,107,-0.0923174294563013,89.43,NORMAL
33,108,-0.0655317526716928,77.42,NORMAL
33,109,-0.0491424557938365,70.07,NORMAL
33,110,-0.0924523248778043,89.49,NORMAL
33,111,-0.1007154819680712,93.2,NORMAL
33,112,-0.0667149482254878,77.95,NORMAL
33,113,-0.0674880601185047,78.3,NORMAL
33,114,-0.0778683000933656,82.95,NORMAL
33,115,-0.0999516457817337,92.86,NORMAL
33,116,-0.093578048289328,90.0,NORMAL
33,117,-0.060409632777154,75.13,NORMAL
33,118,-0.0712403371696263,79.98,NORMAL
33,119,-0.1046577325269863,94.97,NORMAL
33,120,-0.0939613552186368,90.17,NORMAL
33,121,-0.0772511797511248,82.68,NORMAL
33,122,-0.0692698497441808,79.1,NORMAL
33,123,-0.1000047051965625,92.88,NORMAL
33,124,-0.0709388678064527,79.85,NORMAL
33,125,-0.1014052513189105,93.51,NORMAL
33,126,-0.0614858674131534,75.61,NORMAL
33,127,-0.1197436704277462,100.0,NORMAL
33,128,-0.0800414972605416,83.93,NORMAL
33,129,-0.0596195177226708,74.77,NORMAL
33,130,-0.0714573935261108,80.08,NORMAL
33,131,-0.0670368943259089,78.1,NORMAL
33,132,-0.0354876184083571,63.95,WARNING
33,133,-0.0844940178818728,85.93,NORMAL
33,134,-0.0993175504945052,92.57,NORMAL
33,135,-0.1124678546801304,98.47,NORMAL
33,136,-0.0951112254617514,90.69,NORMAL
33,137,-0.0970473525183441,91.56,NORMAL
33,138,-0.0604620998943469,75.15,NORMAL
33,139,-0.0750159001053279,81.68,NORMAL
33,140,-0.1113436769640001,97.97,NORMAL
33,141,-0.0622223620146634,75.94,NORMAL
33,142,-0.0745694393161687,81.48,NORMAL
33,143,-0.105240104592809,95.23,NORMAL
33,144,-0.0248505984279561,59.18,WARNING
33,145,-0.1208845262072607,100.0,NORMAL
33,146,-0.1059585862631897,95.55,NORMAL
33,147,-0.0685153088564761,78.76,NORMAL
33,148,-0.0870807776063361,87.09,NORMAL
33,149,-0.0641102313827056,76.79,NORMAL
33,150,-0.1014444289295564,93.53,NORMAL
33,151,-0.0999886724294836,92.87,NORMAL
33,152,-0.0703189313806427,79.57,NORMAL
33,153,-0.1164401361368642,100.0,NORMAL
33,154,-0.1044493630811457,94.87,NORMAL
33,155,-0.0625618020523484,76.09,NORMAL
33,156,-0.1158120304273226,99.97,NORMAL
33,157,-0.0975372449124998,91.77,NORMAL
33,158,-0.0765927237588969,82.38,NORMAL
33,159,-0.0751860231243077,81.75,NORMAL
33,160,-0.1059131106770834,95.53,NORMAL
33,161,-0.1052951586421266,95.25,NORMAL
33,162,-0.0885645530643153,87.75,NORMAL
33,163,-0.0689407150366559,78.95,NORMAL
33,164,-0.0775537634308464,82.81,NORMAL
33,165,-0.078638726930253,83.3,NORMAL
33,166,-0.0673535389478425,78.24,NORMAL
33,167,-0.0524649583656134,71.56,NORMAL
33,168,-0.0564762347938161,73.36,NORMAL
33,169,-0.0908491997171939,88.78,NORMAL
33,170,-0.0439713630568922,67.75,WARNING
33,171,-0.063585805907448,76.55,NORMAL
33,172,-0.0556021064598178,72.97,NORMAL
33,173,-0.099275345191154,92.55,NORMAL
33,174,-0.0717854352532404,80.23,NORMAL
33,175,-0.0485847132819464,69.82,WARNING
33,176,-0.03052280977866,61.72,WARNING
33,177,-0.0229900211936657,58.35,WARNING
33,178,-0.0715796409181169,80.13,NORMAL
33,179,-0.0607441148492903,75.28,NORMAL
33,180,-0.0555017981788422,72.93,NORMAL
33,181,-0.0318677989764829,62.33,WARNING
33,182,-0.0508984172865283,70.86,NORMAL
33,183,-0.0287376674993034,60.92,WARNING
33,184,-0.0486482846439765,69.85,WARNING
33,185,-0.0432657006311925,67.44,WARNING
33,186,-0.019335164011826,56.71,WARNING
33,187,-0.0181520854393271,56.18,WARNING
33,188,-0.0160315112806803,55.23,WARNING
33,189,0.020536545868692,38.83,CRITICAL
33,190,0.0142467392778928,41.65,WARNING
33,191,0.0222705211005938,38.05,CRITICAL
33,192,0.017379854795766,40.24,WARNING
33,193,0.0262852322935953,36.25,CRITICAL
33,194,0.0835156481243362,10.59,CRITICAL
33,195,0.0176309233446539,40.13,WARNING
33,196,0.061183002764509,20.6,CRITICAL
33,197,0.0796890470525449,12.3,CRITICAL
33,198,0.0584494270206924,21.83,CRITICAL
33,199,0.0866753911342115,9.17,CRITICAL
33,200,0.106282325363439,0.38,CRITICAL
34,1,-0.0980417500652395,92.0,NORMAL
34,2,-0.0742390136280781,81.33,NORMAL
34,3,-0.077691684892956,82.88,NORMAL
34,4,-0.0834153507178673,85.44,NORMAL
34,5,-0.0747158315994188,81.54,NORMAL
34,6,-0.0952499351034733,90.75,NORMAL
34,7,-0.0915321775192148,89.08,NORMAL
34,8,-0.0384515726912345,65.28,WARNING
34,9,-0.1063972313549508,95.75,NORMAL
34,10,-0.0901509394248278,88.46,NORMAL
34,11,-0.1034846978346287,94.44,NORMAL
34,12,-0.062451309579955,76.04,NORMAL
34,13,-0.0907887016287156,88.75,NORMAL
34,14,-0.1051234655017895,95.18,NORMAL
34,15,-0.0746124219274106,81.49,NORMAL
34,16,-0.0749167776262015,81.63,NORMAL
34,17,-0.080754142634602,84.25,NORMAL
34,18,-0.0981119569274701,92.03,NORMAL
34,19,-0.1065631419260849,95.82,NORMAL
34,20,-0.0745144882646777,81.45,NORMAL
34,21,-0.1083502847779581,96.62,NORMAL
34,22,-0.0700401235408043,79.44,NORMAL
34,23,-0.0919331979796029,89.26,NORMAL
34,24,-0.095319577238469,90.78,NORMAL
34,25,-0.0588697169230558,74.44,NORMAL
34,26,-0.0504230632364056,70.65,NORMAL
34,27,-0.0887061763883647,87.81,NORMAL
34,28,-0.118158210310339,100.0,NORMAL
34,29,-0.0639441708438942,76.71,NORMAL
34,30,-0.0820178064406967,84.82,NORMAL
34,31,-0.0910044415528452,88.85,NORMAL
34,32,-0.0908400296579583,88.77,NORMAL
34,33,-0.0965930479283867,91.35,NORMAL
34,34,-0.0988280349812893,92.35,NORMAL
34,35,-0.1052968783622997,95.25,NORMAL
34,36,-0.0611527080902374,75.46,NORMAL
34,37,-0.0836312406447343,85.54,NORMAL
34,38,-0.0876072160133586,87.32,NORMAL
34,39,-0.0724329499779081,80.52,NORMAL
34,40,-0.1113828449151427,97.98,NORMAL
34,41,-0.0855213160994502,86.39,NORMAL
34,42,-0.0668361634832296,78.01,NORMAL
34,43,-0.0932039574237432,89.83,NORMAL
34,44,-0.0810372388013578,84.38,NORMAL
34,45,-0.0552881758379927,72.83,NORMAL
34,46,-0.0787798829716895,83.36,NORMAL
34,47,-0.1069233234014509,95.98,NORMAL
34,48,-0.0510272172841665,70.92,NORMAL
34,49,-0.029560740979519,61.29,WARNING
34,50,-0.110815660696149,97.73,NORMAL
34,51,-0.097278808034993,91.66,NORMAL
34,52,-0.0964466097421683,91.29,NORMAL
34,53,-0.1052702689022819,95.24,NORMAL
34,54,-0.092708277033354,89.61,NORMAL
34,55,-0.1142328954700197,99.26,NORMAL
34,56,-0.0964512809089244,91.29,NORMAL
34,57,-0.0876973119085868,87.36,NORMAL
34,58,-0.1087929569352192,96.82,NORMAL
34,59,-0.0772904130508823,82.7,NORMAL
34,60,-0.0921019370339899,89.34,NORMAL
34,61,-0.0964365881729566,91.28,NORMAL
34,62,-0.1000921268789491,92.92,NORMAL
34,63,-0.0971819889803237,91.62,NORMAL
34,64,-0.0826217566965649,85.09,NORMAL
34,65,-0.0996824076675571,92.74,NORMAL
34,66,-0.0998908663665034,92.83,NORMAL
34,67,-0.0836762087405353,85.56,NORMAL
34,68,-0.1096299453926376,97.2,NORMAL
34,69,-0.1007766714815492,93.23,NORMAL
34,70,-0.084992379247824,86.15,NORMAL
34,71,-0.0963043156696742,91.22,NORMAL
34,72,-0.0985460636167316,92.23,NORMAL
34,73,-0.1063073201121767,95.71,NORMAL
34,74,-0.1028952698507257,94.18,NORMAL
34,75,-0.0829923674739284,85.25,NORMAL
34,76,-0.0779240492440931,82.98,NORMAL
34,77,-0.0820668178664494,84.84,NORMAL
34,78,-0.1112182110296162,97.91,NORMAL
34,79,-0.0987939813437185,92.34,NORMAL
34,80,-0.0726584447086228,80.62,NORMAL
34,81,-0.0816165995381643,84.64,NORMAL
34,82,-0.1033889837607692,94.4,NORMAL
34,83,-0.0606174750107091,75.22,NORMAL
34,84,-0.0879561312089488,87.48,NORMAL
34,85,-0.0972210491823584,91.63,NORMAL
34,86,-0.1116975958218259,98.12,NORMAL
34,87,-0.1102074213378866,97.46,NORMAL
34,88,-0.0650111694346534,77.19,NORMAL
34,89,-0.0975629184230922,91.79,NORMAL
34,90,-0.1006724364069598,93.18,NORMAL
34,91,-0.0834816023138637,85.47,NORMAL
34,92,-0.0687053321264901,78.85,NORMAL
34,93,-0.0365057234964807,64.41,WARNING
34,94,-0.0829543675198359,85.24,NORMAL
34,95,-0.1033799266093597,94.39,NORMAL
34,96,-0.087816296129021,87.42,NORMAL
34,97,-0.09842537217024,92.17,NORMAL
34,98,-0.1086366515057432,96.75,NORMAL
34,99,-0.1032881833061756,94.35,NORMAL
34,100,-0.077462859316604,82.77,NORMAL
34,101,-0.0872251085678845,87.15,NORMAL
34,102,-0.0604438916971681,75.14,NORMAL
34,103,-0.0983745219967148,92.15,NORMAL
34,104,-0.1096256257825016,97.2,NORMAL
34,105,-0.1132673977669263,98.83,NORMAL
34,106,-0.0625040231842801,76.07,NORMAL
34,107,-0.0896343775158022,88.23,NORMAL
34,108,-0.0751446327442794,81.73,NORMAL
34,109,-0.0858516675199537,86.53,NORMAL
34,110,-0.0969686569101488,91.52,NORMAL
34,111,-0.0902969792107273,88.53,NORMAL
34,112,-0.0852225477871704,86.25,NORMAL
34,113,-0.0734027621946225,80.95,NORMAL
34,114,-0.0859640660906458,86.59,NORMAL
34,115,-0.0934910054798704,89.96,NORMAL
34,116,-0.0897853602356846,88.3,NORMAL
34,117,-0.1036087223744682,94.5,NORMAL
34,118,-0.0932695209732409,89.86,NORMAL
34,119,-0.0963524173183525,91.24,NORMAL
34,120,-0.1000167582280768,92.89,NORMAL
34,121,-0.0717239180710105,80.2,NORMAL
34,122,-0.0849422659419915,86.13,NORMAL
34,123,-0.0571200275524307,73.65,NORMAL
34,124,-0.0490912033973456,70.05,NORMAL
34,125,-0.075767465319974,82.01,NORMAL
34,126,-0.0728502424609074,80.7,NORMAL
34,127,-0.0653406615176969,77.34,NORMAL
34,128,-0.0805733082287418,84.17,NORMAL
34,129,-0.089437745699925,88.14,NORMAL
34,130,-0.0717494426895033,80.21,NORMAL
34,131,-0.0825988615458845,85.08,NORMAL
34,132,-0.0666947463902682,77.94,NORMAL
34,133,-0.0824356281277511,85.0,NORMAL
34,134,-0.082327999304552,84.95,NORMAL
34,135,-0.0871537312330976,87.12,NORMAL
34,136,-0.0619165420336088,75.8,NORMAL
34,137,-0.0967584809378867,91.43,NORMAL
34,138,-0.092669964823685,89.59,NORMAL
34,139,-0.0754668002997541,81.88,NORMAL
34,140,-0.0419835565944667,66.86,WARNING
34,141,-0.0436242419896757,67.6,WARNING
34,142,-0.0492033586053444,70.1,NORMAL
34,143,-0.0834510234286323,85.46,NORMAL
34,144,-0.0583953039377028,74.22,NORMAL
34,145,-0.0557737725228035,73.05,NORMAL
34,146,-0.0578903668723139,74.0,NORMAL
34,147,-0.0539326997336713,72.22,NORMAL
34,148,-0.0409055749484035,66.38,WARNING
34,149,-0.0814567468122776,84.56,NORMAL
34,150,-0.0344291660385599,63.48,WARNING
34,151,-0.0361576334541173,64.25,WARNING
34,152,-0.0972301109086689,91.64,NORMAL
34,153,-0.0474232346483464,69.3,WARNING
34,154,-0.0470017479785288,69.11,WARNING
34,155,-0.0380919977600613,65.12,WARNING
34,156,-0.062354224133366,76.0,NORMAL
34,157,-0.05528607602582,72.83,NORMAL
34,158,-0.0171421196372429,55.72,WARNING
34,159,-0.017779698092084,56.01,WARNING
34,160,-0.0267637406091194,60.04,WARNING
34,161,-0.0629004518010039,76.24,NORMAL
34,162,-0.0377159946717052,64.95,WARNING
34,163,-0.0495150107971121,70.24,NORMAL
34,164,-0.0101956537137399,52.61,WARNING
34,165,-0.0231176941419506,58.4,WARNING
34,166,-0.022553247864859,58.15,WARNING
34,167,0.0010088071639816,47.59,WARNING
34,168,-0.0277459199400555,60.48,WARNING
34,169,-0.0326421603903017,62.67,WARNING
34,170,-0.0110080458248707,52.97,WARNING
34,171,-0.0227128521091362,58.22,WARNING
34,172,0.007586276706348,44.64,WARNING
34,173,0.0069864500628452,44.9,WARNING
34,174,-0.0157980697670077,55.12,WARNING
34,175,-0.0110366540281086,52.99,WARNING
34,176,-0.0103238640406976,52.67,WARNING
34,177,-0.0130471061140044,53.89,WARNING
34,178,0.0109440209293641,43.13,WARNING
34,179,-0.0303177127907647,61.63,WARNING
34,180,-0.0001594672442911,48.11,WARNING
34,181,0.0025982175592329,46.87,WARNING
34,182,0.0062178080268788,45.25,WARNING
34,183,0.0339539373092845,32.81,CRITICAL
34,184,0.0228962415102575,37.77,CRITICAL
34,185,0.0320273493385629,33.68,CRITICAL
34,186,0.0530264690979489,24.26,CRITICAL
34,187,0.0503684827868422,25.45,CRITICAL
34,188,0.0451743039911837,27.78,CRITICAL
34,189,0.0548484383242465,23.44,CRITICAL
34,190,0.0800912358780421,12.12,CRITICAL
34,191,0.073808352713473,14.94,CRITICAL
34,192,0.0972410409412249,4.43,CRITICAL
34,193,0.0486672358351045,26.21,CRITICAL
34,194,0.0863395707474243,9.32,CRITICAL
34,195,0.1415614556034423,0.0,CRITICAL
35,1,-0.1028649782020297,94.16,NORMAL
35,2,-0.0957943856994161,90.99,NORMAL
35,3,-0.0848072042952133,86.07,NORMAL
35,4,-0.0599093566282019,74.9,NORMAL
35,5,-0.0656171983401326,77.46,NORMAL
35,6,-0.1061057451404123,95.62,NORMAL
35,7,-0.1137002699051719,99.02,NORMAL
35,8,-0.0709206394284042,79.84,NORMAL
35,9,-0.1026409153817569,94.06,NORMAL
35,10,-0.067969989268378,78.52,NORMAL
35,11,-0.1024056694608045,93.96,NORMAL
35,12,-0.0770331968699067,82.58,NORMAL
35,13,-0.0762943044370969,82.25,NORMAL
35,14,-0.0801908183708948,84.0,NORMAL
35,15,-0.0776161685104465,82.84,NORMAL
35,16,-0.0712631672883502,79.99,NORMAL
35,17,-0.0733326919827282,80.92,NORMAL
35,18,-0.054407818500025,72.43,NORMAL
35,19,-0.0847690237160792,86.05,NORMAL
35,20,-0.0643851993780385,76.91,NORMAL
35,21,-0.0750789480935118,81.7,NORMAL
35,22,-0.0879547115719334,87.48,NORMAL
35,23,-0.1158417268745871,99.98,NORMAL
35,24,-0.0825163162997916,85.04,NORMAL
35,25,-0.1036784371475098,94.53,NORMAL
35,26,-0.0940588060000832,90.21,NORMAL
35,27,-0.0779162204860338,82.98,NORMAL
35,28,-0.0959742060514144,91.07,NORMAL
35,29,-0.0798648516844103,83.85,NORMAL
35,30,-0.0960423874776946,91.1,NORMAL
35,31,-0.0870698543118229,87.08,NORMAL
35,32,-0.0894957613970937,88.17,NORMAL
35,33,-0.0913930608395302,89.02,NORMAL
35,34,-0.0957263733674966,90.96,NORMAL
35,35,-0.0876180054099526,87.33,NORMAL
35,36,-0.0858414625568725,86.53,NORMAL
35,37,-0.0879384468821347,87.47,NORMAL
35,38,-0.0756288162323852,81.95,NORMAL
35,39,-0.0563310003504823,73.3,NORMAL
35,40,-0.0550022457782808,72.7,NORMAL
35,41,-0.0735886443706211,81.04,NORMAL
35,42,-0.0790345207232077,83.48,NORMAL
35,43,-0.1039015989262359,94.63,NORMAL
35,44,-0.089979768441257,88.39,NORMAL
35,45,-0.1074820712176602,96.23,NORMAL
35,46,-0.1082102845137369,96.56,NORMAL
35,47,-0.0570847886008614,73.64,NORMAL
35,48,-0.0882725036604912,87.62,NORMAL
35,49,-0.0697986144255976,79.34,NORMAL
35,50,-0.0849820433207955,86.14,NORMAL
35,51,-0.0745600249609352,81.47,NORMAL
35,52,-0.092654297422116,89.59,NORMAL
35,53,-0.0776324429560419,82.85,NORMAL
35,54,-0.0888646162764084,87.89,NORMAL
35,55,-0.0778580687271648,82.95,NORMAL
35,56,-0.0685807821288126,78.79,NORMAL
35,57,-0.0626114645086862,76.11,NORMAL
35,58,-0.0533446165473364,71.96,NORMAL
35,59,-0.0860773893580506,86.64,NORMAL
35,60,-0.0953782912970275,90.81,NORMAL
35,61,-0.097553113566916,91.78,NORMAL
35,62,-0.0963013297008337,91.22,NORMAL
35,63,-0.0757147991206429,81.99,NORMAL
35,64,-0.0866015517942065,86.87,NORMAL
35,65,-0.0831186197562854,85.31,NORMAL
35,66,-0.0840044636847786,85.71,NORMAL
35,67,-0.108018530401017,96.47,NORMAL
35,68,-0.0787461864383413,83.35,NORMAL
35,69,-0.0825276334796367,85.04,NORMAL
35,70,-0.099178652582964,92.51,NORMAL
35,71,-0.1000528630474623,92.9,NORMAL
35,72,-0.0836584845579849,85.55,NORMAL
35,73,-0.0510597410755737,70.93,NORMAL
35,74,-0.0960812557767336,91.12,NORMAL
35,75,-0.1109766836923485,97.8,NORMAL
35,76,-0.1063997407600897,95.75,NORMAL
35,77,-0.0686033976783231,78.8,NORMAL
35,78,-0.1230593504489743,100.0,NORMAL
35,79,-0.0635376560931273,76.53,NORMAL
35,80,-0.0692593571221488,79.09,NORMAL
35,81,-0.0968619892853037,91.47,NORMAL
35,82,-0.0951787673175188,90.72,NORMAL
35,83,-0.0815946504744609,84.63,NORMAL
35,84,-0.0812927085197717,84.49,NORMAL
35,85,-0.0989385397308915,92.4,NORMAL
35,86,-0.1009991152745683,93.33,NORMAL
35,87,-0.0967527183075313,91.42,NORMAL
35,88,-0.0813230451209606,84.5,NORMAL
35,89,-0.0799119013377391,83.87,NORMAL
35,90,-0.0954012320323932,90.82,NORMAL
35,91,-0.0689853438924453,78.97,NORMAL
35,92,-0.1150769687787628,99.64,NORMAL
35,93,-0.0619392432082068,75.81,NORMAL
35,94,-0.0893110559385696,88.09,NORMAL
35,95,-0.0846279615702199,85.99,NORMAL
35,96,-0.0983953643709751,92.16,NORMAL
35,97,-0.0965322128238359,91.32,NORMAL
35,98,-0.0938087104661519,90.1,NORMAL
35,99,-0.0983394651412383,92.13,NORMAL
35,100,-0.1053215629544682,95.27,NORMAL
35,101,-0.0746871268250768,81.53,NORMAL
35,102,-0.0951663143292586,90.71,NORMAL
35,103,-0.1074194685048057,96.21,NORMAL
35,104,-0.0895062599565333,88.17,NORMAL
35,105,-0.0995440749452727,92.67,NORMAL
35,106,-0.0673846498857514,78.25,NORMAL
35,107,-0.099020383747318,92.44,NORMAL
35,108,-0.1111822077067609,97.89,NORMAL
35,109,-0.0838826026140125,85.65,NORMAL
35,110,-0.0924222466053908,89.48,NORMAL
35,111,-0.1122050297733524,98.35,NORMAL
35,112,-0.0899540818383807,88.37,NORMAL
35,113,-0.1123175032243883,98.4,NORMAL
35,114,-0.1070548783548809,96.04,NORMAL
35,115,-0.0764760243894675,82.33,NORMAL
35,116,-0.1069834903914012,96.01,NORMAL
35,117,-0.0949964233352888,90.64,NORMAL
35,118,-0.0858799021973852,86.55,NORMAL
35,119,-0.058300924118993,74.18,NORMAL
35,120,-0.094946081884252,90.61,NORMAL
35,121,-0.0854495954354095,86.35,NORMAL
35,122,-0.0976455944137353,91.82,NORMAL
35,123,-0.0543634069233177,72.41,NORMAL
35,124,-0.0928227581742504,89.66,NORMAL
35,125,-0.0949993902323714,90.64,NORMAL
35,126,-0.0754105695284806,81.85,NORMAL
35,127,-0.1039267317888323,94.64,NORMAL
35,128,-0.0918914934814961,89.24,NORMAL
35,129,-0.0915951089151402,89.11,NORMAL
35,130,-0.0630336664149431,76.3,NORMAL
35,131,-0.0726059357064395,80.6,NORMAL
35,132,-0.0477730911048866,69.46,WARNING
35,133,-0.0668124987994799,78.0,NORMAL
35,134,-0.0738400211720962,81.15,NORMAL
35,135,-0.0856960076656854,86.46,NORMAL
35,136,-0.0802671274372831,84.03,NORMAL
35,137,-0.0732930073153564,80.9,NORMAL
35,138,-0.0665488732751353,77.88,NORMAL
35,139,-0.060542943476213,75.19,NORMAL
35,140,-0.0827577068057054,85.15,NORMAL
35,141,-0.0824543115436841,85.01,NORMAL
35,142,-0.0680014449130261,78.53,NORMAL
35,143,-0.0569206680258519,73.56,NORMAL
35,144,-0.0691097247557831,79.03,NORMAL
35,145,-0.086720761197707,86.92,NORMAL
35,146,-0.0653369070120912,77.34,NORMAL
35,147,-0.049031428678422,70.02,NORMAL
35,148,-0.0495229759707177,70.24,NORMAL
35,149,-0.0518726605360599,71.3,NORMAL
35,150,-0.081590484030975,84.62,NORMAL
35,151,-0.0653700800551073,77.35,NORMAL
35,152,-0.0092060917514216,52.17,WARNING
35,153,-0.055401504117128,72.88,NORMAL
35,154,-0.0765135004517259,82.35,NORMAL
35,155,-0.0217499387315205,57.79,WARNING
35,156,-0.0559031106607591,73.11,NORMAL
35,157,-0.0519584836607514,71.34,NORMAL
35,158,-0.0143530244465246,54.47,WARNING
35,159,0.0066604513903022,45.05,WARNING
35,160,0.0057724302596375,45.45,WARNING
35,161,-0.0368779519244027,64.57,WARNING
35,162,-0.0360086785734317,64.18,WARNING
35,163,-0.007391502098644,51.35,WARNING
35,164,0.0044425221980249,46.05,WARNING
35,165,0.0166017352263903,40.59,WARNING
35,166,-0.008554501280292,51.87,WARNING
35,167,0.027574579055523,35.67,CRITICAL
35,168,0.0020634513951011,47.11,WARNING
35,169,-0.028670199289267,60.89,WARNING
35,170,-0.0137460447166208,54.2,WARNING
35,171,0.0110192672749578,43.1,WARNING
35,172,0.0586926786182161,21.72,CRITICAL
35,173,0.029618501245647,34.76,CRITICAL
35,174,0.0355385360334462,32.1,CRITICAL
35,175,0.0161264912134855,40.81,WARNING
35,176,0.0576708710456422,22.18,CRITICAL
35,177,0.0334463926802245,33.04,CRITICAL
35,178,0.0265360720558736,36.14,CRITICAL
35,179,0.056540759639059,22.68,CRITICAL
35,180,0.0361215741997472,31.84,CRITICAL
35,181,0.0571047551121706,22.43,CRITICAL
36,1,-0.0978335308147313,91.91,NORMAL
36,2,-0.088886525005751,87.9,NORMAL
36,3,-0.1102855586711266,97.49,NORMAL
36,4,-0.1008347410858748,93.25,NORMAL
36,5,-0.096578806456279,91.34,NORMAL
36,6,-0.1126684658928577,98.56,NORMAL
36,7,-0.0777317095167879,82.89,NORMAL
36,8,-0.0959882388913457,91.08,NORMAL
36,9,-0.1000100103941242,92.88,NORMAL
36,10,-0.0727814842165034,80.67,NORMAL
36,11,-0.1038946185714175,94.63,NORMAL
36,12,-0.0954877382880838,90.86,NORMAL
36,13,-0.1084343553617193,96.66,NORMAL
36,14,-0.0844534801415486,85.91,NORMAL
36,15,-0.1067752776605493,95.92,NORMAL
36,16,-0.0983196774565697,92.13,NORMAL
36,17,-0.0676074727423789,78.35,NORMAL
36,18,-0.0804157647056237,84.1,NORMAL
36,19,-0.1219568939504211,100.0,NORMAL
36,20,-0.1139245211020209,99.12,NORMAL
36,21,-0.0997266634192914,92.76,NORMAL
36,22,-0.0956773716828147,90.94,NORMAL
36,23,-0.0871650762454067,87.12,NORMAL
36,24,-0.0696015314144953,79.25,NORMAL
36,25,-0.1116041423369182,98.08,NORMAL
36,26,-0.1099595750815574,97.35,NORMAL
36,27,-0.0913807736327457,89.01,NORMAL
36,28,-0.0710120047414568,79.88,NORMAL
36,29,-0.097207052558115,91.63,NORMAL
36,30,-0.0862738494522004,86.72,NORMAL
36,31,-0.0937689773445237,90.09,NORMAL
36,32,-0.074207840749327,81.31,NORMAL
36,33,-0.1005913673809946,93.14,NORMAL
36,34,-0.0935810448932923,90.0,NORMAL
36,35,-0.098073476481702,92.02,NORMAL
36,36,-0.103202044366901,94.31,NORMAL
36,37,-0.081806092764823,84.72,NORMAL
36,38,-0.109045437937421,96.94,NORMAL
36,39,-0.0968485238597822,91.47,NORMAL
36,40,-0.1037978955679905,94.58,NORMAL
36,41,-0.0909304706222597,88.81,NORMAL
36,42,-0.108782325729177,96.82,NORMAL
36,43,-0.1000670362466818,92.91,NORMAL
36,44,-0.1030281774068265,94.24,NORMAL
36,45,-0.0920916377150547,89.33,NORMAL
36,46,-0.0934367579131489,89.94,NORMAL
36,47,-0.1028178795666672,94.14,NORMAL
36,48,-0.1163421430179481,100.0,NORMAL
36,49,-0.1135709288450938,98.96,NORMAL
36,50,-0.0959081116531457,91.04,NORMAL
36,51,-0.1029211716315491,94.19,NORMAL
36,52,-0.0947213358983691,90.51,NORMAL
36,53,-0.0981095287873699,92.03,NORMAL
36,54,-0.1018320805384234,93.7,NORMAL
36,55,-0.0590019987860204,74.49,NORMAL
36,56,-0.1059496159126326,95.55,NORMAL
36,57,-0.0865100227757983,86.83,NORMAL
36,58,-0.0864657586271122,86.81,NORMAL
36,59,-0.1027837238618447,94.13,NORMAL
36,60,-0.0987875504251698,92.34,NORMAL
36,61,-0.1079252901028758,96.43,NORMAL
36,62,-0.1077661129455657,96.36,NORMAL
36,63,-0.0864031059612913,86.78,NORMAL
36,64,-0.0835711900501195,85.51,NORMAL
36,65,-0.0915856928533964,89.11,NORMAL
36,66,-0.0939492097687691,90.17,NORMAL
36,67,-0.0875826668984043,87.31,NORMAL
36,68,-0.0894871926359279,88.16,NORMAL
36,69,-0.078818206683248,83.38,NORMAL
36,70,-0.0866313536770073,86.88,NORMAL
36,71,-0.0855531197873541,86.4,NORMAL
36,72,-0.0221214572330772,57.96,WARNING
36,73,-0.0960083743929522,91.09,NORMAL
36,74,-0.1070062975257359,96.02,NORMAL
36,75,-0.0738790947023856,81.17,NORMAL
36,76,-0.0904090607678251,88.58,NORMAL
36,77,-0.0815477733844096,84.6,NORMAL
36,78,-0.0538698445690028,72.19,NORMAL
36,79,-0.0604274549479705,75.13,NORMAL
36,80,-0.0822405889662222,84.92,NORMAL
36,81,-0.083199776521486,85.35,NORMAL
36,82,-0.0940630397342799,90.22,NORMAL
36,83,-0.0671470338551771,78.15,NORMAL
36,84,-0.096242925006708,91.19,NORMAL
36,85,-0.0987055415899457,92.3,NORMAL
36,86,-0.0700791852464413,79.46,NORMAL
36,87,-0.0996776880813047,92.73,NORMAL
36,88,-0.0822976315585629,84.94,NORMAL
36,89,-0.0935368305679,89.98,NORMAL
36,90,-0.0983215075179863,92.13,NORMAL
36,91,-0.0936204683038375,90.02,NORMAL
36,92,-0.0979991219522251,91.98,NORMAL
36,93,-0.0992917793036086,92.56,NORMAL
36,94,-0.0473779953124134,69.28,WARNING
36,95,-0.0912071675753606,88.94,NORMAL
36,96,-0.0941077265478129,90.24,NORMAL
36,97,-0.0588659571400476,74.43,NORMAL
36,98,-0.0637493576061368,76.62,NORMAL
36,99,-0.0898652383432846,88.33,NORMAL
36,100,-0.0833794973729176,85.43,NORMAL
36,101,-0.0878780074490377,87.44,NORMAL
36,102,-0.0725104764651501,80.55,NORMAL
36,103,-0.0939449638619607,90.16,NORMAL
36,104,-0.0788476090844965,83.39,NORMAL
36,105,-0.0919110946960329,89.25,NORMAL
36,106,-0.0527533152746132,71.69,NORMAL
36,107,-0.0899690076393455,88.38,NORMAL
36,108,-0.0796352977898292,83.75,NORMAL
36,109,-0.0521511228140102,71.42,NORMAL
36,110,-0.0755356958814189,81.91,NORMAL
36,111,-0.0654541407545974,77.39,NORMAL
36,112,-0.0389248410229353,65.49,WARNING
36,113,-0.055511568834941,72.93,NORMAL
36,114,-0.0834730098905142,85.47,NORMAL
36,115,-0.0611556899404214,75.46,NORMAL
36,116,-0.0792656044830855,83.58,NORMAL
36,117,-0.0779195277714022,82.98,NORMAL
36,118,-0.0646062392214306,77.01,NORMAL
36,119,-0.0916603958001853,89.14,NORMAL
36,120,-0.0704690149652758,79.64,NORMAL
36,121,-0.0287931796196672,60.95,WARNING
36,122,-0.0473845526434524,69.29,WARNING
36,123,-0.0037535739253111,49.72,WARNING
36,124,-0.0578861487300932,73.99,NORMAL
36,125,-0.0276481485517559,60.44,WARNING
36,126,-0.0679545032278481,78.51,NORMAL
36,127,-0.0432241024926261,67.42,WARNING
36,128,-0.028065800502055,60.62,WARNING
36,129,-0.0432582342902343,67.44,WARNING
36,130,-0.0350624928564105,63.76,WARNING
36,131,-0.0189401744380636,56.53,WARNING
36,132,-0.0460308780386995,68.68,WARNING
36,133,-0.0363655948544038,64.34,WARNING
36,134,0.0110754295507192,43.07,WARNING
36,135,0.0199997611839397,39.07,CRITICAL
36,136,-0.0131405284618737,53.93,WARNING
36,137,-0.0292939594575113,61.17,WARNING
36,138,-0.0066304004500338,51.01,WARNING
36,139,-0.0152235761499514,54.86,WARNING
36,140,0.0330132680498325,33.23,CRITICAL
36,141,-0.0175483909254549,55.91,WARNING
36,142,-0.0415861754138059,66.69,WARNING
36,143,-0.0112202287185159,53.07,WARNING
36,144,0.0187770317819104,39.62,CRITICAL
36,145,0.0038169845815255,46.33,WARNING
36,146,0.0062422330298463,45.24,WARNING
36,147,0.0220332478393306,38.16,CRITICAL
36,148,-0.0039285920279308,49.8,WARNING
36,149,0.0212406235605935,38.51,CRITICAL
36,150,0.0309367941590757,34.16,CRITICAL
36,151,0.0660946196118662,18.4,CRITICAL
36,152,0.0293711985712309,34.87,CRITICAL
36,153,0.014866458682364,41.37,WARNING
36,154,0.0661267463344063,18.39,CRITICAL
36,155,0.0779769793555112,13.07,CRITICAL
36,156,0.0621930966293023,20.15,CRITICAL
36,157,0.0470628127657404,26.93,CRITICAL
36,158,0.0886118896459021,8.3,CRITICAL
37,1,-0.0719165043386177,80.29,NORMAL
37,2,-0.093339416094445,89.89,NORMAL
37,3,-0.0907422036676919,88.73,NORMAL
37,4,-0.0560692976489624,73.18,NORMAL
37,5,-0.0775325742086462,82.8,NORMAL
37,6,-0.069797791070234,79.34,NORMAL
37,7,-0.0734894856934768,80.99,NORMAL
37,8,-0.0543413568808874,72.41,NORMAL
37,9,-0.052119627531277,71.41,NORMAL
37,10,-0.0633133042081069,76.43,NORMAL
37,11,-0.0346541837954495,63.58,WARNING
37,12,-0.0753331321898547,81.82,NORMAL
37,13,-0.0806867391862209,84.22,NORMAL
37,14,-0.0812541601381749,84.47,NORMAL
37,15,-0.0865636781214515,86.85,NORMAL
37,16,-0.068577927535504,78.79,NORMAL
37,17,-0.0830018857891424,85.26,NORMAL
37,18,-0.095804279380776,91.0,NORMAL
37,19,-0.1096167667479453,97.19,NORMAL
37,20,-0.0673988190139178,78.26,NORMAL
37,21,-0.0918743555969691,89.24,NORMAL
37,22,-0.0969059884221767,91.49,NORMAL
37,23,-0.0773317784140414,82.71,NORMAL
37,24,-0.0825419859336178,85.05,NORMAL
37,25,-0.0911938442842724,88.93,NORMAL
37,26,-0.0776222955925032,82.84,NORMAL
37,27,-0.1047580237893636,95.01,NORMAL
37,28,-0.0771357563766642,82.63,NORMAL
37,29,-0.0913287724011813,88.99,NORMAL
37,30,-0.0823518975925532,84.97,NORMAL
37,31,-0.0892390636639677,88.05,NORMAL
37,32,-0.0617552857337164,75.73,NORMAL
37,33,-0.0884051821061394,87.68,NORMAL
37,34,-0.086486932167021,86.82,NORMAL
37,35,-0.0663172531368944,77.78,NORMAL
37,36,-0.0755858905862629,81.93,NORMAL
37,37,-0.0921132466895306,89.34,NORMAL
37,38,-0.1157658312007802,99.95,NORMAL
37,39,-0.0703529572373509,79.58,NORMAL
37,40,-0.0580249438849709,74.06,NORMAL
37,41,-0.0830971455408784,85.3,NORMAL
37,42,-0.0924523347780645,89.49,NORMAL
37,43,-0.0903307878431094,88.54,NORMAL
37,44,-0.0736907734765601,81.08,NORMAL
37,45,-0.0812664737243379,84.48,NORMAL
37,46,-0.0858348049054498,86.53,NORMAL
37,47,-0.0311310403443424,62.0,WARNING
37,48,-0.0866714918032726,86.9,NORMAL
37,49,-0.0892969125084984,88.08,NORMAL
37,50,-0.0648906742107823,77.14,NORMAL
37,51,-0.0985351465392835,92.22,NORMAL
37,52,-0.0990766617560779,92.47,NORMAL
37,53,-0.0830931404399862,85.3,NORMAL
37,54,-0.0772500164534484,82.68,NORMAL
37,55,-0.0733599324537948,80.93,NORMAL
37,56,-0.0835162824226573,85.49,NORMAL
37,57,-0.0662970153536923,77.77,NORMAL
37,58,-0.0793093701004157,83.6,NORMAL
37,59,-0.0762941617003304,82.25,NORMAL
37,60,-0.062530454732934,76.08,NORMAL
37,61,-0.072972157660816,80.76,NORMAL
37,62,-0.0596615961839787,74.79,NORMAL
37,63,-0.1078393866719942,96.39,NORMAL
37,64,-0.0701207746277474,79.48,NORMAL
37,65,-0.0947431179284067,90.52,NORMAL
37,66,-0.0884624262270352,87.71,NORMAL
37,67,-0.1000137122287476,92.89,NORMAL
37,68,-0.0588067311692373,74.41,NORMAL
37,69,-0.0923720451700542,89.46,NORMAL
37,70,-0.0700853926393427,79.46,NORMAL
37,71,-0.080225772612766,84.01,NORMAL
37,72,-0.0901408424785296,88.46,NORMAL
37,73,-0.0897463616854713,88.28,NORMAL
37,74,-0.0669120659883076,78.04,NORMAL
37,75,-0.0867624425515907,86.94,NORMAL
37,76,-0.0815320010783208,84.6,NORMAL
37,77,-0.0678751656384928,78.47,NORMAL
37,78,-0.0526159515642916,71.63,NORMAL
37,79,-0.1015830295624215,93.59,NORMAL
37,80,-0.0884246593474928,87.69,NORMAL
37,81,-0.1074451030847445,96.22,NORMAL
37,82,-0.0927423270177542,89.62,NORMAL
37,83,-0.0751613407434773,81.74,NORMAL
37,84,-0.0708077416104844,79.79,NORMAL
37,85,-0.0822747860921098,84.93,NORMAL
37,86,-0.0826325532321151,85.09,NORMAL
37,87,-0.0661321511852987,77.69,NORMAL
37,88,-0.0399724123075948,65.96,WARNING
37,89,-0.0628937820703339,76.24,NORMAL
37,90,-0.0682716409846245,78.65,NORMAL
37,91,-0.0749962046408945,81.67,NORMAL
37,92,-0.0980153693886196,91.99,NORMAL
37,93,-0.0770734942562892,82.6,NORMAL
37,94,-0.046325454901786,68.81,WARNING
37,95,-0.0972681873879145,91.65,NORMAL
37,96,-0.0604018537713462,75.12,NORMAL
37,97,-0.0714737516349778,80.09,NORMAL
37,98,-0.0643230627449333,76.88,NORMAL
37,99,-0.0490866133429728,70.05,NORMAL
37,100,-0.0771186540213589,82.62,NORMAL
37,101,-0.0636127667841874,76.56,NORMAL
37,102,-0.0695311818662505,79.22,NORMAL
37,103,-0.0673018910425105,78.22,NORMAL
37,104,-0.100946575209077,93.3,NORMAL
37,105,-0.0603784849204847,75.11,NORMAL
37,106,-0.0162758060298783,55.34,WARNING
37,107,-0.0412200154683554,66.52,WARNING
37,108,-0.0582105865565574,74.14,NORMAL
37,109,-0.057276324270018,73.72,NORMAL
37,110,-0.0733533673635879,80.93,NORMAL
37,111,-0.0785098562042393,83.24,NORMAL
37,112,-0.0779407485434757,82.99,NORMAL
37,113,-0.0832820208288099,85.38,NORMAL
37,114,-0.070912437469648,79.84,NORMAL
37,115,-0.0492014539414271,70.1,NORMAL
37,116,-0.0704989625986532,79.65,NORMAL
37,117,-0.0713066136551288,80.01,NORMAL
37,118,-0.0437901020734881,67.67,WARNING
37,119,-0.0615067773893575,75.62,NORMAL
37,120,-0.062499474729205,76.06,NORMAL
37,121,-0.0615563862100517,75.64,NORMAL
37,122,-0.0446956369406241,68.08,WARNING
37,123,-0.075187666989575,81.75,NORMAL
37,124,-0.0264529223604362,59.9,WARNING
37,125,-0.0277715565855857,60.49,WARNING
37,126,-0.0173097342611118,55.8,WARNING
37,127,-0.0528667665843682,71.74,NORMAL
37,128,-0.0492844267831406,70.14,NORMAL
37,129,-0.057815812711697,73.96,NORMAL
37,130,-0.0496974722747161,70.32,NORMAL
37,131,-0.0248549063040532,59.18,WARNING
37,132,-0.0138500329762416,54.25,WARNING
37,133,-0.0461890878242234,68.75,WARNING
37,134,-0.0617756756938144,75.74,NORMAL
37,135,-0.0261787806332521,59.78,WARNING
37,136,-0.0650664928774594,77.21,NORMAL
37,137,-0.0030805799563017,49.42,WARNING
37,138,-0.0061673045172411,50.8,WARNING
37,139,-0.0309945198388962,61.94,WARNING
37,140,-0.010670700468185,52.82,WARNING
37,141,-0.0019605130279937,48.92,WARNING
37,142,-0.0025720030483555,49.19,WARNING
37,143,0.0018630068628225,47.2,WARNING
37,144,-0.0378949434994727,65.03,WARNING
37,145,0.0139116835688108,41.8,WARNING
37,146,0.0103837041153898,43.38,WARNING
37,147,-0.0354089579643223,63.92,WARNING
37,148,0.0135204768469393,41.97,WARNING
37,149,-0.0073204423925971,51.32,WARNING
37,150,0.0237245316964943,37.4,CRITICAL
37,151,-0.0221252664227794,57.96,WARNING
37,152,0.0255678764865764,36.57,CRITICAL
37,153,-0.0088519059915415,52.01,WARNING
37,154,-0.009953379958717,52.5,WARNING
37,155,0.0523644600576244,24.56,CRITICAL
37,156,0.0144244044495226,41.57,WARNING
37,157,0.0401382153464472,30.04,CRITICAL
37,158,0.0006027090707475,47.77,WARNING
37,159,0.0128250851338048,42.29,WARNING
37,160,0.0209847091688148,38.63,CRITICAL
37,161,0.0769690123083691,13.52,CRITICAL
37,162,0.0513659263757785,25.0,CRITICAL
37,163,0.0459937704773917,27.41,CRITICAL
37,164,0.08585665791493,9.54,CRITICAL
37,165,0.0724615040408039,15.54,CRITICAL
37,166,0.0545880965553512,23.56,CRITICAL
37,167,0.0890201405539652,8.12,CRITICAL
37,168,0.0824283384995989,11.08,CRITICAL
37,169,0.0705689413522623,16.39,CRITICAL
37,170,0.1139128312981361,0.0,CRITICAL
38,1,-0.0761411366967715,82.18,NORMAL
38,2,-0.0973762365525003,91.7,NORMAL
38,3,-0.0884227879306471,87.69,NORMAL
38,4,-0.106571448837877,95.83,NORMAL
38,5,-0.053546957455573,72.05,NORMAL
38,6,-0.0985087913990724,92.21,NORMAL
38,7,-0.0825499195886238,85.05,NORMAL
38,8,-0.0634194330033601,76.48,NORMAL
38,9,-0.0641679856326677,76.81,NORMAL
38,10,-0.0971281527067893,91.59,NORMAL
38,11,-0.0905118619768091,88.62,NORMAL
38,12,-0.0660382805464486,77.65,NORMAL
38,13,-0.0884873697665223,87.72,NORMAL
38,14,-0.0672449715463326,78.19,NORMAL
38,15,-0.0859594123306579,86.58,NORMAL
38,16,-0.068513250255637,78.76,NORMAL
38,17,-0.0909743298355613,88.83,NORMAL
38,18,-0.0815047614112752,84.59,NORMAL
38,19,-0.0944249405836909,90.38,NORMAL
38,20,-0.1020738016502277,93.81,NORMAL
38,21,-0.0754970363178738,81.89,NORMAL
38,22,-0.0800157797677491,83.92,NORMAL
38,23,-0.0855825673989672,86.41,NORMAL
38,24,-0.1001366883915275,92.94,NORMAL
38,25,-0.0548083752020728,72.61,NORMAL
38,26,-0.0607615981288634,75.28,NORMAL
38,27,-0.1015454953008934,93.57,NORMAL
38,28,-0.1034747079153009,94.44,NORMAL
38,29,-0.0964455416499638,91.29,NORMAL
38,30,-0.0972546186389705,91.65,NORMAL
38,31,-0.0899892176332036,88.39,NORMAL
38,32,-0.0793920167942988,83.64,NORMAL
38,33,-0.0961660429021227,91.16,NORMAL
38,34,-0.0649981116738979,77.18,NORMAL
38,35,-0.0771212521297824,82.62,NORMAL
38,36,-0.0866770307660237,86.9,NORMAL
38,37,-0.1175654362019312,100.0,NORMAL
38,38,-0.0854678963472453,86.36,NORMAL
38,39,-0.1119488805755685,98.24,NORMAL
38,40,-0.0855901550925647,86.42,NORMAL
38,41,-0.0583130888763073,74.19,NORMAL
38,42,-0.1054625109712761,95.33,NORMAL
38,43,-0.0761724662777145,82.19,NORMAL
38,44,-0.0713776719306368,80.04,NORMAL
38,45,-0.0989938071309708,92.43,NORMAL
38,46,-0.0775304037360135,82.8,NORMAL
38,47,-0.1019721418198648,93.76,NORMAL
38,48,-0.0941033211091925,90.23,NORMAL
38,49,-0.0515139895502722,71.14,NORMAL
38,50,-0.0995838104657705,92.69,NORMAL
38,51,-0.1107678174793931,97.71,NORMAL
38,52,-0.0951337239874914,90.7,NORMAL
38,53,-0.091331977005948,88.99,NORMAL
38,54,-0.0974935276232447,91.76,NORMAL
38,55,-0.0870197676581999,87.06,NORMAL
38,56,-0.0954152202579706,90.82,NORMAL
38,57,-0.0825116013243661,85.04,NORMAL
38,58,-0.0585209108814919,74.28,NORMAL
38,59,-0.1095859439607527,97.18,NORMAL
38,60,-0.058045789313611,74.07,NORMAL
38,61,-0.0951522903593384,90.71,NORMAL
38,62,-0.0854797082862908,86.37,NORMAL
38,63,-0.090606476973203,88.67,NORMAL
38,64,-0.1089379884163261,96.89,NORMAL
38,65,-0.0732325930091515,80.88,NORMAL
38,66,-0.1070193573710223,96.03,NORMAL
38,67,-0.0732817467149093,80.9,NORMAL
38,68,-0.1117594739544931,98.15,NORMAL
38,69,-0.0817272690733137,84.69,NORMAL
38,70,-0.1036845681896879,94.53,NORMAL
38,71,-0.0778955349063313,82.97,NORMAL
38,72,-0.064853710007841,77.12,NORMAL
38,73,-0.1065544277505382,95.82,NORMAL
38,74,-0.086557192796136,86.85,NORMAL
38,75,-0.1151028233441431,99.65,NORMAL
38,76,-0.0654575724194974,77.39,NORMAL
38,77,-0.112762610431452,98.6,NORMAL
38,78,-0.1026235239001001,94.06,NORMAL
38,79,-0.0704426374003663,79.63,NORMAL
38,80,-0.1007960091100415,93.24,NORMAL
38,81,-0.0845595318564361,85.96,NORMAL
38,82,-0.0934202774885976,89.93,NORMAL
38,83,-0.069196587619009,79.07,NORMAL
38,84,-0.0998352074651512,92.81,NORMAL
38,85,-0.0941454194286064,90.25,NORMAL
38,86,-0.0881438474101261,87.56,NORMAL
38,87,-0.0878041832395175,87.41,NORMAL
38,88,-0.0942461538695129,90.3,NORMAL
38,89,-0.1050674785637922,95.15,NORMAL
38,90,-0.0944263349419637,90.38,NORMAL
38,91,-0.094904446294277,90.59,NORMAL
38,92,-0.1044758456372079,94.89,NORMAL
38,93,-0.1014510734756247,93.53,NORMAL
38,94,-0.1088361121284615,96.84,NORMAL
38,95,-0.1067686905891661,95.91,NORMAL
38,96,-0.0937857868838242,90.09,NORMAL
38,97,-0.0934028179769685,89.92,NORMAL
38,98,-0.098003378643239,91.98,NORMAL
38,99,-0.090141923797633,88.46,NORMAL
38,100,-0.0972090520248483,91.63,NORMAL
38,101,-0.0753829934367147,81.84,NORMAL
38,102,-0.0939110880131501,90.15,NORMAL
38,103,-0.1100000508947657,97.36,NORMAL
38,104,-0.063074737806087,76.32,NORMAL
38,105,-0.0786414616179905,83.3,NORMAL
38,106,-0.0780048746764585,83.02,NORMAL
38,107,-0.0772127007196089,82.66,NORMAL
38,108,-0.0675286663414729,78.32,NORMAL
38,109,-0.1134735761339529,98.92,NORMAL
38,110,-0.1110920283731733,97.85,NORMAL
38,111,-0.0687798193559915,78.88,NORMAL
38,112,-0.0563907659915013,73.32,NORMAL
38,113,-0.0870555933474818,87.07,NORMAL
38,114,-0.0944271769775192,90.38,NORMAL
38,115,-0.0747991572810011,81.58,NORMAL
38,116,-0.1022625028399835,93.89,NORMAL
38,117,-0.0779205671437416,82.98,NORMAL
38,118,-0.0693212748753914,79.12,NORMAL
38,119,-0.0735976609451563,81.04,NORMAL
38,120,-0.0758872071394605,82.07,NORMAL
38,121,-0.0912802392841797,88.97,NORMAL
38,122,-0.1101195537484074,97.42,NORMAL
38,123,-0.0998553982395035,92.81,NORMAL
38,124,-0.0919073744432548,89.25,NORMAL
38,125,-0.099379947409046,92.6,NORMAL
38,126,-0.0724548182515931,80.53,NORMAL
38,127,-0.0915074776016963,89.07,NORMAL
38,128,-0.0452770194126793,68.34,WARNING
38,129,-0.0671346776384763,78.14,NORMAL
38,130,-0.1021680550753778,93.85,NORMAL
38,131,-0.041118488671729,66.48,WARNING
38,132,-0.0966768199620029,91.39,NORMAL
38,133,-0.0960281733625169,91.1,NORMAL
38,134,-0.0830422270878544,85.27,NORMAL
38,135,-0.0430494788886018,67.34,WARNING
38,136,-0.0724831984891599,80.54,NORMAL
38,137,-0.0864988579259221,86.82,NORMAL
38,138,-0.0301791957702884,61.57,WARNING
38,139,-0.0920838836857054,89.33,NORMAL
38,140,-0.0891640099145368,88.02,NORMAL
38,141,-0.0744442490311459,81.42,NORMAL
38,142,-0.067302015906276,78.22,NORMAL
38,143,-0.0168554090452133,55.6,WARNING
38,144,-0.0839844766326401,85.7,NORMAL
38,145,-0.0154610871189094,54.97,WARNING
38,146,-0.0528185681452585,71.72,NORMAL
38,147,-0.0087226032532358,51.95,WARNING
38,148,-0.0563134467464365,73.29,NORMAL
38,149,-0.0677214740355852,78.4,NORMAL
38,150,-0.056409432508681,73.33,NORMAL
38,151,-0.0680568088760442,78.56,NORMAL
38,152,-0.0531665486588202,71.88,NORMAL
38,153,-0.0460500311469448,68.69,WARNING
38,154,-0.069857772510093,79.36,NORMAL
38,155,-0.0123496810631434,53.58,WARNING
38,156,-0.0137656988462401,54.21,WARNING
38,157,-0.0613912912815366,75.57,NORMAL
38,158,-0.0431978328296747,67.41,WARNING
38,159,-0.0393264647081756,65.67,WARNING
38,160,-0.0511337665244528,70.97,NORMAL
38,161,-0.0241940183762524,58.89,WARNING
38,162,-0.0539166048263612,72.21,NORMAL
38,163,-0.0500911723744058,70.5,NORMAL
38,164,-0.0508856576205833,70.86,NORMAL
38,165,-0.0206870924548736,57.31,WARNING
38,166,-0.0069696135082196,51.16,WARNING
38,167,-0.0432242107918294,67.42,WARNING
38,168,-0.0214644731608647,57.66,WARNING
38,169,0.0093074559426947,43.86,WARNING
38,170,-0.0022188766452315,49.03,WARNING
38,171,-0.0367909474293681,64.54,WARNING
38,172,-0.0016668208913507,48.78,WARNING
38,173,-0.0089154010356849,52.04,WARNING
38,174,0.0128799666282382,42.26,WARNING
38,175,-0.0203626401455483,57.17,WARNING
38,176,-0.0089335042140633,52.04,WARNING
38,177,0.0069385963006463,44.93,WARNING
38,178,0.0342044456413986,32.7,CRITICAL
38,179,0.0329131099335848,33.28,CRITICAL
38,180,0.0156115991582977,41.04,WARNING
38,181,-0.0005586407805967,48.29,WARNING
38,182,0.0032431009173258,46.58,WARNING
38,183,0.0177113652498538,40.1,WARNING
38,184,0.0277201073675382,35.61,CRITICAL
38,185,0.0732858032218525,15.17,CRITICAL
38,186,0.0207479902136411,38.73,CRITICAL
38,187,0.0525652824877626,24.47,CRITICAL
38,188,0.0339370356068376,32.82,CRITICAL
38,189,0.071757330896886,15.86,CRITICAL
38,190,0.0884920806893063,8.36,CRITICAL
38,191,0.0784487156081297,12.86,CRITICAL
38,192,0.1020289526836217,2.29,CRITICAL
38,193,0.0982497550703493,3.98,CRITICAL
38,194,0.139005546460127,0.0,CRITICAL
39,1,-0.104074036927201,94.71,NORMAL
39,2,-0.0604764387022608,75.16,NORMAL
39,3,-0.0779209050033382,82.98,NORMAL
39,4,-0.0615297795558367,75.63,NORMAL
39,5,-0.0970384794824574,91.55,NORMAL
39,6,-0.077929661422609,82.98,NORMAL
39,7,-0.1102115959672283,97.46,NORMAL
39,8,-0.0656201041018768,77.46,NORMAL
39,9,-0.0846313939814537,85.99,NORMAL
39,10,-0.0839219237596016,85.67,NORMAL
39,11,-0.0954098695838952,90.82,NORMAL
39,12,-0.087108035063381,87.1,NORMAL
39,13,-0.066517360778115,77.86,NORMAL
39,14,-0.0335689613910338,63.09,WARNING
39,15,-0.0784869495655527,83.23,NORMAL
39,16,-0.0987679890291439,92.33,NORMAL
39,17,-0.0994417668139561,92.63,NORMAL
39,18,-0.0408253922105529,66.34,WARNING
39,19,-0.0620888468990381,75.88,NORMAL
39,20,-0.1116521815098822,98.1,NORMAL
39,21,-0.0958148500328336,91.0,NORMAL
39,22,-0.0671979820010761,78.17,NORMAL
39,23,-0.0845737372878267,85.96,NORMAL
39,24,-0.1058859077395908,95.52,NORMAL
39,25,-0.105038705287533,95.14,NORMAL
39,26,-0.0729032814007352,80.73,NORMAL
39,27,-0.0840070602368855,85.71,NORMAL
39,28,-0.0768189873414964,82.48,NORMAL
39,29,-0.0845402897513105,85.95,NORMAL
39,30,-0.0887069026771377,87.82,NORMAL
39,31,-0.062032005481783,75.85,NORMAL
39,32,-0.0794561008402631,83.67,NORMAL
39,33,-0.087270008612596,87.17,NORMAL
39,34,-0.0877305902912791,87.38,NORMAL
39,35,-0.0889377384498145,87.92,NORMAL
39,36,-0.0765999252664889,82.39,NORMAL
39,37,-0.084187859650822,85.79,NORMAL
39,38,-0.0819408540152473,84.78,NORMAL
39,39,-0.1038847040604095,94.62,NORMAL
39,40,-0.0940313019086696,90.2,NORMAL
39,41,-0.0853950474985533,86.33,NORMAL
39,42,-0.0967633226507176,91.43,NORMAL
39,43,-0.0754396907797002,81.87,NORMAL
39,44,-0.0871505254153185,87.12,NORMAL
39,45,-0.0688765860890513,78.92,NORMAL
39,46,-0.072589200956067,80.59,NORMAL
39,47,-0.1026677009539409,94.08,NORMAL
39,48,-0.0664689515088347,77.84,NORMAL
39,49,-0.0723806102732625,80.49,NORMAL
39,50,-0.0615257957518724,75.63,NORMAL
39,51,-0.077663652642816,82.86,NORMAL
39,52,-0.0697549740442164,79.32,NORMAL
39,53,-0.0845179911248833,85.94,NORMAL
39,54,-0.0780974892073171,83.06,NORMAL
39,55,-0.0982283289474885,92.08,NORMAL
39,56,-0.0769065390974995,82.52,NORMAL
39,57,-0.0896605721431406,88.24,NORMAL
39,58,-0.0757492475876638,82.0,NORMAL
39,59,-0.0902930909532186,88.53,NORMAL
39,60,-0.0888222542002399,87.87,NORMAL
39,61,-0.0424325299246595,67.06,WARNING
39,62,-0.0921979033981083,89.38,NORMAL
39,63,-0.0619077083021847,75.8,NORMAL
39,64,-0.0779326573476749,82.98,NORMAL
39,65,-0.0847314721591267,86.03,NORMAL
39,66,-0.0669031987718938,78.04,NORMAL
39,67,-0.0814920054025186,84.58,NORMAL
39,68,-0.0495649639054305,70.26,NORMAL
39,69,-0.0245788331753631,59.06,WARNING
39,70,-0.05199955273832,71.35,NORMAL
39,71,-0.0819956667640983,84.81,NORMAL
39,72,-0.0774364020969021,82.76,NORMAL
39,73,-0.0633011048089184,76.42,NORMAL
39,74,-0.0493675513729559,70.17,NORMAL
39,75,-0.0846748649758403,86.01,NORMAL
39,76,-0.0468318770491553,69.04,WARNING
39,77,-0.0486345260118711,69.85,WARNING
39,78,-0.0144094173580031,54.5,WARNING
39,79,-0.081014924340395,84.37,NORMAL
39,80,-0.0734751230206987,80.98,NORMAL
39,81,-0.0669584846675349,78.06,NORMAL
39,82,-0.0515529346053403,71.15,NORMAL
39,83,-0.0609619697650513,75.37,NORMAL
39,84,-0.0615868129021195,75.65,NORMAL
39,85,-0.0826302837969262,85.09,NORMAL
39,86,-0.0646547381266401,77.03,NORMAL
39,87,-0.0537063178503074,72.12,NORMAL
39,88,-0.0690629429935517,79.01,NORMAL
39,89,-0.0702140628230769,79.52,NORMAL
39,90,-0.0606208565301422,75.22,NORMAL
39,91,-0.0467400309972998,69.0,WARNING
39,92,-0.0118317060813898,53.34,WARNING
39,93,-0.0565350859373735,73.39,NORMAL
39,94,-0.0201065975688518,57.05,WARNING
39,95,-0.0524455156456528,71.55,NORMAL
39,96,-0.0181810842295361,56.19,WARNING
39,97,-0.045383960811385,68.39,WARNING
39,98,-0.033268245653367,62.96,WARNING
39,99,-0.0543161727628891,72.39,NORMAL
39,100,-0.0305402640246837,61.73,WARNING
39,101,-0.0275319947521267,60.38,WARNING
39,102,-0.0200844446663221,57.04,WARNING
39,103,-0.0108891340298878,52.92,WARNING
39,104,-0.0310337730768289,61.95,WARNING
39,105,-0.0239116108475384,58.76,WARNING
39,106,0.0747115099266607,14.54,CRITICAL
39,107,-0.0443838943948838,67.94,WARNING
39,108,-0.0514771380572853,71.12,NORMAL
39,109,-0.0223971582352993,58.08,WARNING
39,110,0.0135329571083657,41.97,WARNING
39,111,-0.0058135193979133,50.64,WARNING
39,112,0.035766510348605,32.0,CRITICAL
39,113,0.0013481612712699,47.43,WARNING
39,114,0.0617506556154356,20.35,CRITICAL
39,115,0.0332479704432664,33.13,CRITICAL
39,116,0.0877391982274717,8.69,CRITICAL
39,117,0.0441134086917244,28.26,CRITICAL
39,118,0.0985749945354916,3.83,CRITICAL
39,119,0.0403225926720752,29.96,CRITICAL
39,120,0.0560923770166187,22.88,CRITICAL
39,121,0.0622796696842748,20.11,CRITICAL
39,122,0.0630513737433923,19.76,CRITICAL
39,123,0.0495285978293216,25.83,CRITICAL
39,124,0.0906755381118054,7.38,CRITICAL
39,125,0.1288300094490904,0.0,CRITICAL
39,126,0.0974729767672138,4.33,CRITICAL
39,127,0.1089517404337369,0.0,CRITICAL
39,128,0.1151924140333796,0.0,CRITICAL
40,1,-0.1008831108842785,93.28,NORMAL
40,2,-0.0950666142104532,90.67,NORMAL
40,3,-0.096390769496898,91.26,NORMAL
40,4,-0.0776263213895688,82.85,NORMAL
40,5,-0.1015784042548711,93.59,NORMAL
40,6,-0.1061821890672366,95.65,NORMAL
40,7,-0.0908299241447159,88.77,NORMAL
40,8,-0.0988490066558041,92.36,NORMAL
40,9,-0.0743845031967325,81.39,NORMAL
40,10,-0.0900506904443293,88.42,NORMAL
40,11,-0.0862546802808956,86.72,NORMAL
40,12,-0.0809951771721173,84.36,NORMAL
40,13,-0.1036330185833843,94.51,NORMAL
40,14,-0.0949961110819634,90.64,NORMAL
40,15,-0.1022823662473907,93.9,NORMAL
40,16,-0.1020790550046049,93.81,NORMAL
40,17,-0.0852931066631343,86.28,NORMAL
40,18,-0.0951855828207071,90.72,NORMAL
40,19,-0.0656730462399354,77.49,NORMAL
40,20,-0.0861941397979886,86.69,NORMAL
40,21,-0.089751774776292,88.28,NORMAL
40,22,-0.0659436647831538,77.61,NORMAL
40,23,-0.0789306197485057,83.43,NORMAL
40,24,-0.094563493102904,90.44,NORMAL
40,25,-0.0937346092978677,90.07,NORMAL
40,26,-0.0628381642432083,76.22,NORMAL
40,27,-0.0806786041928844,84.22,NORMAL
40,28,-0.1157153955139889,99.93,NORMAL
40,29,-0.0985799797909806,92.24,NORMAL
40,30,-0.1090822292152515,96.95,NORMAL
40,31,-0.1016467337274877,93.62,NORMAL
40,32,-0.0956943878077463,90.95,NORMAL
40,33,-0.0814018231406716,84.54,NORMAL
40,34,-0.0829991406000458,85.26,NORMAL
40,35,-0.1109786994090182,97.8,NORMAL
40,36,-0.0638363388309193,76.66,NORMAL
40,37,-0.1049337250319943,95.09,NORMAL
40,38,-0.0916825902590283,89.15,NORMAL
40,39,-0.0524057433358743,71.54,NORMAL
40,40,-0.0830653454296131,85.29,NORMAL
40,41,-0.0868917726097639,87.0,NORMAL
40,42,-0.1090611146032016,96.94,NORMAL
40,43,-0.1058996523218711,95.52,NORMAL
40,44,-0.0981849104375124,92.07,NORMAL
40,45,-0.0935452290539254,89.98,NORMAL
40,46,-0.0915261369024579,89.08,NORMAL
40,47,-0.0939435938330502,90.16,NORMAL
40,48,-0.0898555205947503,88.33,NORMAL
40,49,-0.1145376839416151,99.4,NORMAL
40,50,-0.077499884110229,82.79,NORMAL
40,51,-0.1019551396217596,93.76,NORMAL
40,52,-0.0806059966112968,84.18,NORMAL
40,53,-0.0936526940886632,90.03,NORMAL
40,54,-0.088116129675315,87.55,NORMAL
40,55,-0.0701821391107704,79.51,NORMAL
40,56,-0.0934004366936474,89.92,NORMAL
40,57,-0.0990526626154433,92.45,NORMAL
40,58,-0.0940623304884919,90.22,NORMAL
40,59,-0.1134661248443164,98.92,NORMAL
40,60,-0.0873418414877421,87.2,NORMAL
40,61,-0.102983728160152,94.22,NORMAL
40,62,-0.0582806180696926,74.17,NORMAL
40,63,-0.1063431087671181,95.72,NORMAL
40,64,-0.0928590977549794,89.68,NORMAL
40,65,-0.0816151112210512,84.64,NORMAL
40,66,-0.1028226651051401,94.14,NORMAL
40,67,-0.1140026178203955,99.16,NORMAL
40,68,-0.0508902986229515,70.86,NORMAL
40,69,-0.0716615726330101,80.17,NORMAL
40,70,-0.069914697937065,79.39,NORMAL
40,71,-0.0562724009454793,73.27,NORMAL
40,72,-0.1016930025502597,93.64,NORMAL
40,73,-0.0803686596133756,84.08,NORMAL
40,74,-0.0999507680064605,92.86,NORMAL
40,75,-0.1082365517691901,96.57,NORMAL
40,76,-0.0850049229177177,86.16,NORMAL
40,77,-0.073078379207657,80.81,NORMAL
40,78,-0.0809851362069702,84.35,NORMAL
40,79,-0.0978017976674,91.89,NORMAL
40,80,-0.1118356789417737,98.19,NORMAL
40,81,-0.0676851194625751,78.39,NORMAL
40,82,-0.0919067894894831,89.25,NORMAL
40,83,-0.0914879186283978,89.06,NORMAL
40,84,-0.0826553217170392,85.1,NORMAL
40,85,-0.0787139783650266,83.33,NORMAL
40,86,-0.0498963376947916,70.41,NORMAL
40,87,-0.0593133426374224,74.63,NORMAL
40,88,-0.0684262300986688,78.72,NORMAL
40,89,-0.0890272491569614,87.96,NORMAL
40,90,-0.102355807159899,93.94,NORMAL
40,91,-0.0772141214830294,82.66,NORMAL
40,92,-0.083092902299155,85.3,NORMAL
40,93,-0.0660205336326895,77.64,NORMAL
40,94,-0.0906055781522835,88.67,NORMAL
40,95,-0.06257984088282,76.1,NORMAL
40,96,-0.0820615251932308,84.84,NORMAL
40,97,-0.0997211202026698,92.75,NORMAL
40,98,-0.0623427138586394,75.99,NORMAL
40,99,-0.1017678307111586,93.67,NORMAL
40,100,-0.0762363935886408,82.22,NORMAL
40,101,-0.0558030429690274,73.06,NORMAL
40,102,-0.078183084939201,83.1,NORMAL
40,103,-0.060791596447814,75.3,NORMAL
40,104,-0.0829368368879709,85.23,NORMAL
40,105,-0.1019186065314637,93.74,NORMAL
40,106,-0.0706528374840694,79.72,NORMAL
40,107,-0.0588096915557985,74.41,NORMAL
40,108,-0.0649556591802822,77.16,NORMAL
40,109,-0.1014022423893723,93.51,NORMAL
40,110,-0.064031419862753,76.75,NORMAL
40,111,-0.0914754350714517,89.06,NORMAL
40,112,-0.0985149705962656,92.21,NORMAL
40,113,-0.0963977696980294,91.26,NORMAL
40,114,-0.0786142133033684,83.29,NORMAL
40,115,-0.0903697102334353,88.56,NORMAL
40,116,-0.0723978978378537,80.5,NORMAL
40,117,-0.069513999968163,79.21,NORMAL
40,118,-0.0647824210486173,77.09,NORMAL
40,119,-0.0640137505033701,76.74,NORMAL
40,120,-0.0750667249476523,81.7,NORMAL
40,121,-0.0786974576333233,83.33,NORMAL
40,122,-0.0581302925907786,74.1,NORMAL
40,123,-0.0926110762108808,89.57,NORMAL
40,124,-0.0764689922765852,82.33,NORMAL
40,125,-0.0844605436522816,85.91,NORMAL
40,126,-0.0453421768400694,68.37,WARNING
40,127,-0.0630984742448846,76.33,NORMAL
40,128,-0.0644667133772007,76.95,NORMAL
40,129,-0.0665337816979744,77.87,NORMAL
40,130,-0.0363179521356163,64.32,WARNING
40,131,-0.0289238497803038,61.01,WARNING
40,132,-0.0534664230176997,72.01,NORMAL
40,133,-0.0461727760310917,68.74,WARNING
40,134,-0.0631693169044079,76.36,NORMAL
40,135,-0.0376047435535375,64.9,WARNING
40,136,-0.0744130501917764,81.41,NORMAL
40,137,-0.0698625670265071,79.36,NORMAL
40,138,-0.0478459130184735,69.49,WARNING
40,139,-0.0894185807097005,88.13,NORMAL
40,140,-0.029753019697178,61.38,WARNING
40,141,-0.0239828707727029,58.79,WARNING
40,142,-0.0580806826995281,74.08,NORMAL
40,143,-0.0436772322122983,67.62,WARNING
40,144,-0.0569929455000758,73.59,NORMAL
40,145,-0.026521243651472,59.93,WARNING
40,146,-0.0376501068954279,64.92,WARNING
40,147,-0.0709313510908424,79.84,NORMAL
40,148,-0.0404646321136305,66.18,WARNING
40,149,-0.0536141360486701,72.08,NORMAL
40,150,-0.0307320904146406,61.82,WARNING
40,151,-0.0588621870820946,74.43,NORMAL
40,152,-0.0149168972845079,54.73,WARNING
40,153,-0.0268452776180905,60.08,WARNING
40,154,-0.0075576522070488,51.43,WARNING
40,155,-0.0182082977359156,56.2,WARNING
40,156,-0.0192973300894035,56.69,WARNING
40,157,-0.0389448931579315,65.5,WARNING
40,158,-0.0092826833691826,52.2,WARNING
40,159,-0.0269201846463559,60.11,WARNING
40,160,-0.0176210902248164,55.94,WARNING
40,161,0.0107405912275383,43.22,WARNING
40,162,0.0286399078582194,35.19,CRITICAL
40,163,-0.0565653878972574,73.4,NORMAL
40,164,-0.0210379672307358,57.47,WARNING
40,165,-0.0187401558820803,56.44,WARNING
40,166,-0.006438337922898,50.92,WARNING
40,167,-0.0194999815420542,56.78,WARNING
40,168,0.0352274765072831,32.24,CRITICAL
40,169,0.0078873837318665,44.5,WARNING
40,170,0.0151653028820331,41.24,WARNING
40,171,0.020782011592706,38.72,CRITICAL
40,172,0.0128454903885729,42.28,WARNING
40,173,0.0321851755822054,33.61,CRITICAL
40,174,0.0497312261937058,25.74,CRITICAL
40,175,0.0056556767689228,45.5,WARNING
40,176,0.0621545602079279,20.17,CRITICAL
40,177,0.0421637353415046,29.13,CRITICAL
40,178,0.0545714854366883,23.57,CRITICAL
40,179,0.0416410410408503,29.36,CRITICAL
40,180,0.0802645508616105,12.05,CRITICAL
40,181,0.0330807175560516,33.2,CRITICAL
40,182,0.1192849268850797,0.0,CRITICAL
40,183,0.0587798010279805,21.68,CRITICAL
40,184,0.031719019336344,33.81,CRITICAL
40,185,0.0609393137451466,20.71,CRITICAL
40,186,0.0750488618153292,14.38,CRITICAL
40,187,0.0847841595127524,10.02,CRITICAL
40,188,0.1160083398053629,0.0,CRITICAL
41,1,-0.0414102538914566,66.61,WARNING
41,2,-0.0620566533390118,75.86,NORMAL
41,3,-0.0424013459032079,67.05,WARNING
41,4,-0.0271005252639974,60.19,WARNING
41,5,-0.0414860346205476,66.64,WARNING
41,6,-0.0378203804200584,65.0,WARNING
41,7,-0.0480165723373692,69.57,WARNING
41,8,-0.0845926254565446,85.97,NORMAL
41,9,-0.0738539132776823,81.15,NORMAL
41,10,-0.0294419464223187,61.24,WARNING
41,11,-0.0010632520837968,48.51,WARNING
41,12,-0.0485016351734051,69.79,WARNING
41,13,-0.0377311205138093,64.96,WARNING
41,14,-0.0820809299020196,84.84,NORMAL
41,15,-0.0240784856627373,58.83,WARNING
41,16,0.0091936056350705,43.91,WARNING
41,17,0.0104159428660007,43.37,WARNING
41,18,-0.0214689876030142,57.66,WARNING
41,19,-0.0213413443307156,57.61,WARNING
41,20,-0.0803281504202026,84.06,NORMAL
41,21,-0.0092405442421747,52.18,WARNING
41,22,-0.0320330516634125,62.4,WARNING
41,23,-0.0681264793866544,78.59,NORMAL
41,24,-0.0411376885245173,66.48,WARNING
41,25,-0.0582755141359351,74.17,NORMAL
41,26,-0.0569277355736109,73.56,NORMAL
41,27,-0.0589500492830313,74.47,NORMAL
41,28,-0.0892569367065151,88.06,NORMAL
41,29,-0.0725450295821915,80.57,NORMAL
41,30,-0.0851886777973635,86.24,NORMAL
41,31,-0.0603620815871102,75.1,NORMAL
41,32,-0.0949319881868916,90.61,NORMAL
41,33,-0.0661883862360092,77.72,NORMAL
41,34,-0.0579115678576053,74.01,NORMAL
41,35,0.0228415239956826,37.79,CRITICAL
41,36,-0.041298894622214,66.56,WARNING
41,37,-0.0251220099964351,59.3,WARNING
41,38,-0.0637503389977089,76.62,NORMAL
41,39,-0.0686435075745984,78.82,NORMAL
41,40,0.0329765739770845,33.25,CRITICAL
41,41,-0.0506388835634026,70.74,NORMAL
41,42,-0.036914446850797,64.59,WARNING
41,43,-0.024486620752455,59.02,WARNING
41,44,-0.0150216772585403,54.77,WARNING
41,45,-0.0400090546569852,65.98,WARNING
41,46,-0.0574879213590072,73.82,NORMAL
41,47,-0.0478037522276899,69.47,WARNING
41,48,-0.055746400468048,73.04,NORMAL
41,49,-0.0643201000153501,76.88,NORMAL
41,50,-0.0635822773121264,76.55,NORMAL
41,51,-0.0698403100666888,79.35,NORMAL
41,52,-0.0660522553166074,77.66,NORMAL
41,53,-0.079595352620204,83.73,NORMAL
41,54,-0.0150058494729153,54.77,WARNING
41,55,-0.091353343531114,89.0,NORMAL
41,56,-0.0326028000103378,62.66,WARNING
41,57,-0.0546447617743245,72.54,NORMAL
41,58,-0.0731441441681586,80.84,NORMAL
41,59,-0.0683776102735967,78.7,NORMAL
41,60,-0.0804330587230864,84.1,NORMAL
41,61,-0.0273214490254619,60.29,WARNING
41,62,-0.0939927825507318,90.19,NORMAL
41,63,-0.0762628595451781,82.23,NORMAL
41,64,-0.0723639849832486,80.49,NORMAL
41,65,-0.071214213467518,79.97,NORMAL
41,66,-0.0698744030465047,79.37,NORMAL
41,67,-0.0708229231591525,79.8,NORMAL
41,68,-0.0377588954884448,64.97,WARNING
41,69,-0.0528144293271687,71.72,NORMAL
41,70,-0.0814057055879873,84.54,NORMAL
41,71,-0.0711021525972993,79.92,NORMAL
41,72,-0.0568336081082521,73.52,NORMAL
41,73,-0.0690167937872415,78.99,NORMAL
41,74,-0.0696738047056189,79.28,NORMAL
41,75,-0.0579424234688055,74.02,NORMAL
41,76,-0.053782260155105,72.15,NORMAL
41,77,-0.0724832120270586,80.54,NORMAL
41,78,-0.0654114659472274,77.37,NORMAL
41,79,-0.0753750994794471,81.84,NORMAL
41,80,-0.0605813039693426,75.2,NORMAL
41,81,-0.0709322239331426,79.84,NORMAL
41,82,-0.0851155130726047,86.2,NORMAL
41,83,-0.0833126181755852,85.4,NORMAL
41,84,-0.0190469212246375,56.58,WARNING
41,85,-0.0833371942879202,85.41,NORMAL
41,86,-0.0585045787252849,74.27,NORMAL
41,87,-0.0077464246913599,51.51,WARNING
41,88,-0.0668142754376398,78.0,NORMAL
41,89,-0.0305149216899435,61.72,WARNING
41,90,-0.0469595631039095,69.09,WARNING
41,91,-0.0606283607572799,75.22,NORMAL
41,92,-0.0495765954747557,70.27,NORMAL
41,93,-0.0532068478587251,71.9,NORMAL
41,94,-0.0356021860214256,64.0,WARNING
41,95,-0.0792810993016621,83.59,NORMAL
41,96,-0.0718144611312844,80.24,NORMAL
41,97,-0.0994586859922709,92.64,NORMAL
41,98,-0.0803850546249517,84.08,NORMAL
41,99,-0.0511619964875489,70.98,NORMAL
41,100,-0.0550775996370079,72.74,NORMAL
41,101,-0.0496088683446561,70.28,NORMAL
41,102,-0.0938267772522858,90.11,NORMAL
41,103,-0.0588606787683713,74.43,NORMAL
41,104,-0.065384518675685,77.36,NORMAL
41,105,-0.0887551014263172,87.84,NORMAL
41,106,-0.0508300366994515,70.83,NORMAL
41,107,-0.0792523065911015,83.58,NORMAL
41,108,-0.0785214067721092,83.25,NORMAL
41,109,-0.0798252503262572,83.83,NORMAL
41,110,-0.0791170492822279,83.51,NORMAL
41,111,-0.061424921462999,75.58,NORMAL
41,112,-0.0044012271999946,50.01,WARNING
41,113,-0.0811823244939135,84.44,NORMAL
41,114,-0.0681277779631205,78.59,NORMAL
41,115,-0.0474691921955155,69.32,WARNING
41,116,-0.0791046292749335,83.51,NORMAL
41,117,-0.0768804362712583,82.51,NORMAL
41,118,-0.0747418877213582,81.55,NORMAL
41,119,-0.0716476330017355,80.17,NORMAL
41,120,-0.0299878625179303,61.48,WARNING
41,121,-0.0779309859985218,82.98,NORMAL
41,122,-0.0693919328054268,79.15,NORMAL
41,123,-0.079651034365363,83.75,NORMAL
41,124,-0.0977651637344331,91.88,NORMAL
41,125,-0.0757732111108683,82.02,NORMAL
41,126,-0.0802090073280345,84.0,NORMAL
41,127,-0.0923590231709662,89.45,NORMAL
41,128,-0.0730096731897638,80.78,NORMAL
41,129,-0.0648475727900658,77.12,NORMAL
41,130,-0.0804476911268917,84.11,NORMAL
41,131,-0.057153035807032,73.67,NORMAL
41,132,-0.0377916894882223,64.98,WARNING
41,133,-0.0842349721047769,85.81,NORMAL
41,134,-0.0890301367826576,87.96,NORMAL
41,135,-0.0903997950893868,88.57,NORMAL
41,136,-0.0856105573501898,86.43,NORMAL
41,137,-0.0946501760851809,90.48,NORMAL
41,138,-0.1032406692149792,94.33,NORMAL
41,139,-0.0742505727698994,81.33,NORMAL
41,140,-0.0742097562747881,81.31,NORMAL
41,141,-0.0492907763522696,70.14,NORMAL
41,142,-0.0839905304399786,85.7,NORMAL
41,143,-0.08854454607788,87.74,NORMAL
41,144,-0.065590053266966,77.45,NORMAL
41,145,-0.0942815477977286,90.31,NORMAL
41,146,-0.0755295658057567,81.91,NORMAL
41,147,-0.0922912709511308,89.42,NORMAL
41,148,-0.0836912584604939,85.57,NORMAL
41,149,-0.0711944692087318,79.96,NORMAL
41,150,-0.0893152870507429,88.09,NORMAL
41,151,-0.0509848862628383,70.9,NORMAL
41,152,-0.0915800248904581,89.1,NORMAL
41,153,-0.0680598067267678,78.56,NORMAL
41,154,-0.0660352089393796,77.65,NORMAL
41,155,-0.0698672989104084,79.37,NORMAL
41,156,-0.0472384762680788,69.22,WARNING
41,157,-0.0503412430823141,70.61,NORMAL
41,158,-0.0742990716540615,81.35,NORMAL
41,159,-0.0788711956179859,83.4,NORMAL
41,160,-0.0438166223094979,67.69,WARNING
41,161,-0.0845019524237501,85.93,NORMAL
41,162,-0.0674438586810037,78.28,NORMAL
41,163,-0.0285601860992245,60.84,WARNING
41,164,-0.0558559390724144,73.08,NORMAL
41,165,-0.0774947656619208,82.79,NORMAL
41,166,-0.0445806694793404,68.03,WARNING
41,167,-0.0737018475259851,81.09,NORMAL
41,168,-0.061871705653646,75.78,NORMAL
41,169,-0.0555872564922572,72.96,NORMAL
41,170,-0.040085946487426,66.01,WARNING
41,171,-0.0802266426697228,84.01,NORMAL
41,172,-0.0665935921693003,77.9,NORMAL
41,173,-0.047923973020659,69.53,WARNING
41,174,-0.0127906486837003,53.77,WARNING
41,175,-0.0311986709812817,62.03,WARNING
41,176,-0.0598856314489187,74.89,NORMAL
41,177,-0.032976074099134,62.82,WARNING
41,178,-0.0644379761707126,76.93,NORMAL
41,179,-0.0587354443402595,74.38,NORMAL
41,180,-0.029221677981135,61.14,WARNING
41,181,-0.0386697249780395,65.38,WARNING
41,182,-0.0212619467178362,57.57,WARNING
41,183,-0.0596784573807319,74.8,NORMAL
41,184,-0.0398876081452024,65.92,WARNING
41,185,-0.0323532626584808,62.55,WARNING
41,186,-0.0405201093696941,66.21,WARNING
41,187,-0.0309942355826564,61.94,WARNING
41,188,-0.0222593804531793,58.02,WARNING
41,189,-0.0065855908326234,50.99,WARNING
41,190,-0.0331997522912503,62.92,WARNING
41,191,-0.0293831432351823,61.21,WARNING
41,192,-0.0261028939138819,59.74,WARNING
41,193,-0.0239550627702757,58.78,WARNING
41,194,-0.0088769692607374,52.02,WARNING
41,195,0.0228821076744005,37.78,CRITICAL
41,196,-0.0155204905590157,55.0,WARNING
41,197,-0.0090280052934423,52.09,WARNING
41,198,-0.0182638651734914,56.23,WARNING
41,199,-0.0097464346371802,52.41,WARNING
41,200,0.0026878525485739,46.83,WARNING
41,201,0.015729611015538,40.98,WARNING
41,202,0.0181948582123423,39.88,CRITICAL
41,203,-0.0117074127670105,53.29,WARNING
41,204,-0.011078033175365,53.01,WARNING
41,205,0.0122050310727314,42.56,WARNING
41,206,0.0229972963399532,37.73,CRITICAL
41,207,0.0356413775362021,32.06,CRITICAL
41,208,0.0417162445087472,29.33,CRITICAL
41,209,0.0390707980509924,30.52,CRITICAL
41,210,0.0583526244274034,21.87,CRITICAL
41,211,0.0835614812968709,10.57,CRITICAL
41,212,0.093742703646808,6.0,CRITICAL
41,213,0.091821100852537,6.86,CRITICAL
41,214,0.1204320808619376,0.0,CRITICAL
41,215,0.0996604921958387,3.35,CRITICAL
41,216,0.0904693034474329,7.47,CRITICAL
42,1,-0.0686172735876057,78.81,NORMAL
42,2,-0.0610134861038124,75.4,NORMAL
42,3,-0.0505306294386864,70.7,NORMAL
42,4,0.0088130189534938,44.09,WARNING
42,5,-0.0843094164836132,85.84,NORMAL
42,6,-0.0680239792215952,78.54,NORMAL
42,7,-0.0429324189601234,67.29,WARNING
42,8,-0.0651083997129244,77.23,NORMAL
42,9,-0.0989924167598852,92.43,NORMAL
42,10,-0.0890275855715673,87.96,NORMAL
42,11,-0.0717029355126813,80.19,NORMAL
42,12,-0.0649730789526218,77.17,NORMAL
42,13,-0.0703683704036319,79.59,NORMAL
42,14,-0.0434376335242016,67.52,WARNING
42,15,-0.0604827286062311,75.16,NORMAL
42,16,-0.0844840676036391,85.92,NORMAL
42,17,-0.0626873149345054,76.15,NORMAL
42,18,-0.073255597060177,80.89,NORMAL
42,19,-0.0763443805541645,82.27,NORMAL
42,20,-0.0937514059961102,90.08,NORMAL
42,21,-0.0526204991343012,71.63,NORMAL
42,22,-0.0828078176584197,85.17,NORMAL
42,23,-0.0579137089270338,74.01,NORMAL
42,24,-0.0697588112086149,79.32,NORMAL
42,25,-0.0839200493660308,85.67,NORMAL
42,26,-0.1030052078106071,94.23,NORMAL
42,27,-0.0829462284045646,85.23,NORMAL
42,28,-0.0474935851120386,69.33,WARNING
42,29,-0.0739634600278951,81.2,NORMAL
42,30,-0.071250758935486,79.99,NORMAL
42,31,-0.0019089493872015,48.89,WARNING
42,32,-0.0776359378511467,82.85,NORMAL
42,33,-0.0993561668565531,92.59,NORMAL
42,34,-0.0780492657709169,83.04,NORMAL
42,35,-0.0777450045866687,82.9,NORMAL
42,36,-0.071514138621333,80.11,NORMAL
42,37,-0.0992432905663406,92.54,NORMAL
42,38,0.0092716240181879,43.88,WARNING
42,39,-0.0841272129508469,85.76,NORMAL
42,40,-0.0736429401582455,81.06,NORMAL
42,41,-0.0732299203901472,80.87,NORMAL
42,42,-0.0518875000074203,71.3,NORMAL
42,43,-0.0844608290295272,85.91,NORMAL
42,44,-0.0999150440228017,92.84,NORMAL
42,45,-0.0729176253264263,80.73,NORMAL
42,46,-0.0671515602207056,78.15,NORMAL
42,47,-0.0815009530673287,84.58,NORMAL
42,48,-0.0571694615021328,73.67,NORMAL
42,49,-0.1005323509962021,93.12,NORMAL
42,50,-0.0907275500848711,88.72,NORMAL
42,51,-0.0165867021515946,55.48,WARNING
42,52,-0.0649078958173832,77.14,NORMAL
42,53,-0.0651536783154695,77.25,NORMAL
42,54,-0.0521355064041005,71.42,NORMAL
42,55,-0.0792547396366811,83.58,NORMAL
42,56,-0.0628769382507284,76.23,NORMAL
42,57,-0.0784118951441227,83.2,NORMAL
42,58,-0.1069120632568568,95.98,NORMAL
42,59,-0.1066453084266049,95.86,NORMAL
42,60,-0.053647885766635,72.09,NORMAL
42,61,-0.043656933545845,67.61,WARNING
42,62,-0.0850852668032681,86.19,NORMAL
42,63,-0.1056060321143578,95.39,NORMAL
42,64,-0.071235315315395,79.98,NORMAL
42,65,-0.0440917278677028,67.81,WARNING
42,66,-0.0990825253410062,92.47,NORMAL
42,67,-0.0887208154577779,87.82,NORMAL
42,68,-0.0928543781063558,89.67,NORMAL
42,69,-0.0612934713787218,75.52,NORMAL
42,70,-0.1044563835133085,94.88,NORMAL
42,71,-0.0895738872163883,88.2,NORMAL
42,72,-0.0903566868125983,88.55,NORMAL
42,73,-0.0930808149479072,89.78,NORMAL
42,74,-0.0948134516700895,90.55,NORMAL
42,75,-0.0810511737584442,84.38,NORMAL
42,76,-0.1041341744656508,94.73,NORMAL
42,77,-0.0672203521427322,78.18,NORMAL
42,78,-0.1015609636174834,93.58,NORMAL
42,79,-0.0675807571002181,78.34,NORMAL
42,80,-0.0890420883901165,87.97,NORMAL
42,81,-0.094384087320047,90.36,NORMAL
42,82,-0.1063281628397189,95.72,NORMAL
42,83,-0.0881158445981687,87.55,NORMAL
42,84,-0.0764567112294845,82.32,NORMAL
42,85,-0.0668435474179413,78.01,NORMAL
42,86,-0.0934657146885444,89.95,NORMAL
42,87,-0.094455051408325,90.39,NORMAL
42,88,-0.0903482609791003,88.55,NORMAL
42,89,-0.1037835365299716,94.58,NORMAL
42,90,-0.0373306938101732,64.78,WARNING
42,91,-0.0944874057665218,90.41,NORMAL
42,92,-0.0949110259328003,90.6,NORMAL
42,93,-0.0747991061414048,81.58,NORMAL
42,94,-0.0939176035529799,90.15,NORMAL
42,95,-0.1091964080487154,97.0,NORMAL
42,96,-0.1041530547734623,94.74,NORMAL
42,97,-0.1025175800154631,94.01,NORMAL
42,98,-0.1019647218884629,93.76,NORMAL
42,99,-0.0857980058933337,86.51,NORMAL
42,100,-0.0876811671347271,87.36,NORMAL
42,101,-0.0802392154780645,84.02,NORMAL
42,102,-0.1168460118675225,100.0,NORMAL
42,103,-0.0953131202017801,90.78,NORMAL
42,104,-0.0775281525479602,82.8,NORMAL
42,105,-0.0910300495902497,88.86,NORMAL
42,106,-0.1026402785941835,94.06,NORMAL
42,107,-0.1158380305904325,99.98,NORMAL
42,108,-0.1008444327810078,93.26,NORMAL
42,109,-0.080408486062809,84.09,NORMAL
42,110,-0.1157737389722705,99.95,NORMAL
42,111,-0.0830140395260786,85.26,NORMAL
42,112,-0.0855654066344031,86.41,NORMAL
42,113,-0.1057994674368437,95.48,NORMAL
42,114,-0.0899032195311083,88.35,NORMAL
42,115,-0.0945560283006586,90.44,NORMAL
42,116,-0.0928613718487665,89.68,NORMAL
42,117,-0.0954842537906692,90.85,NORMAL
42,118,-0.0990319544246567,92.45,NORMAL
42,119,-0.1007427617159446,93.21,NORMAL
42,120,-0.083350810207221,85.41,NORMAL
42,121,-0.0949143564871523,90.6,NORMAL
42,122,-0.1082768023396242,96.59,NORMAL
42,123,-0.0913144491041885,88.98,NORMAL
42,124,-0.0809407008944538,84.33,NORMAL
42,125,-0.088793452695742,87.85,NORMAL
42,126,-0.1113039274654149,97.95,NORMAL
42,127,-0.1032183901201125,94.32,NORMAL
42,128,-0.0821554660180308,84.88,NORMAL
42,129,-0.0759517789637085,82.1,NORMAL
42,130,-0.0807744095856842,84.26,NORMAL
42,131,-0.1182312542976101,100.0,NORMAL
42,132,-0.0944909183073645,90.41,NORMAL
42,133,-0.0857831665400588,86.5,NORMAL
42,134,-0.0767900848842117,82.47,NORMAL
42,135,-0.1046020627856462,94.94,NORMAL
42,136,-0.0917768529349886,89.19,NORMAL
42,137,-0.0686050688610077,78.8,NORMAL
42,138,-0.080017030018648,83.92,NORMAL
42,139,-0.0985769884119304,92.24,NORMAL
42,140,-0.0703590453282733,79.59,NORMAL
42,141,-0.1110179297319244,97.82,NORMAL
42,142,-0.0789847436008988,83.46,NORMAL
42,143,-0.0605357636374669,75.18,NORMAL
42,144,-0.0778993943476232,82.97,NORMAL
42,145,-0.0867491554276677,86.94,NORMAL
42,146,-0.0734997367377263,81.0,NORMAL
42,147,-0.1098810931299966,97.31,NORMAL
42,148,-0.0880853935549838,87.54,NORMAL
42,149,-0.0920249425314286,89.3,NORMAL
42,150,-0.0529030187388008,71.76,NORMAL
42,151,-0.0971095675527153,91.58,NORMAL
42,152,-0.0769602440358551,82.55,NORMAL
42,153,-0.0428535500981111,67.25,WARNING
42,154,-0.0967865581918992,91.44,NORMAL
42,155,-0.0781329357112203,83.07,NORMAL
42,156,-0.0737401125006879,81.1,NORMAL
42,157,-0.0739076731984074,81.18,NORMAL
42,158,-0.0489006318914424,69.97,WARNING
42,159,-0.1126513944314125,98.55,NORMAL
42,160,-0.082131394250747,84.87,NORMAL
42,161,-0.0519813753442404,71.35,NORMAL
42,162,-0.0634918787695873,76.51,NORMAL
42,163,-0.0635838433837819,76.55,NORMAL
42,164,-0.0459864058238392,68.66,WARNING
42,165,-0.0305793780672712,61.75,WARNING
42,166,-0.0720949383773708,80.37,NORMAL
42,167,-0.0617073624720311,75.71,NORMAL
42,168,0.0053506158628824,45.64,WARNING
42,169,-0.0388950158428809,65.48,WARNING
42,170,-0.0360568713573085,64.21,WARNING
42,171,-0.0440236084621444,67.78,WARNING
42,172,-0.0572340586113074,73.7,NORMAL
42,173,-0.0460289573298166,68.68,WARNING
42,174,-0.0385600696049964,65.33,WARNING
42,175,-0.033067004959399,62.87,WARNING
42,176,-0.0514921291720832,71.13,NORMAL
42,177,-0.0380289077144443,65.09,WARNING
42,178,0.0041356347080163,46.18,WARNING
42,179,0.0141123819764854,41.71,WARNING
42,180,-0.0015172015750901,48.72,WARNING
42,181,0.0130757377943397,42.17,WARNING
42,182,-0.0054368368726375,50.48,WARNING
42,183,-0.011317011473114,53.11,WARNING
42,184,-0.0282884533705896,60.72,WARNING
42,185,-0.0144159356704617,54.5,WARNING
42,186,-0.0006253686611201,48.32,WARNING
42,187,-0.0211835865635533,57.54,WARNING
42,188,0.0145555324938259,41.51,WARNING
42,189,-0.0049666594936139,50.26,WARNING
42,190,0.0229612584535184,37.74,CRITICAL
42,191,0.0353017010313632,32.21,CRITICAL
42,192,-0.002891319762211,49.33,WARNING
42,193,0.064020737901102,19.33,CRITICAL
42,194,0.0440857838500012,28.27,CRITICAL
42,195,0.058811694489861,21.67,CRITICAL
42,196,0.0600332823765842,21.12,CRITICAL
43,1,-0.0345384052615587,63.53,WARNING
43,2,-0.0159194825094397,55.18,WARNING
43,3,0.002636763479871,46.86,WARNING
43,4,-0.0612235658942049,75.49,NORMAL
43,5,-0.0284608516664985,60.8,WARNING
43,6,-0.0505555457569148,70.71,NORMAL
43,7,-0.0632476960034094,76.4,NORMAL
43,8,-0.0344860112025484,63.5,WARNING
43,9,-0.0566087260476463,73.42,NORMAL
43,10,-0.068579126309176,78.79,NORMAL
43,11,-0.026752878987774,60.03,WARNING
43,12,-0.0446649199772654,68.07,WARNING
43,13,-0.0662869510141706,77.76,NORMAL
43,14,-0.0094387307892312,52.27,WARNING
43,15,-0.0650225419953227,77.19,NORMAL
43,16,0.0226106447123054,37.9,CRITICAL
43,17,-0.0121586919157307,53.49,WARNING
43,18,-0.0379113330581467,65.04,WARNING
43,19,-0.0177103999407542,55.98,WARNING
43,20,-0.0688895046954068,78.93,NORMAL
43,21,-0.0634512470395993,76.49,NORMAL
43,22,-0.0550475030631552,72.72,NORMAL
43,23,-0.0214599413443176,57.66,WARNING
43,24,-0.032632281799651,62.67,WARNING
43,25,-0.0501560176613476,70.53,NORMAL
43,26,0.0105672555491207,43.3,WARNING
43,27,-0.0684115811452893,78.71,NORMAL
43,28,-0.0471199130732505,69.17,WARNING
43,29,-0.077701853636607,82.88,NORMAL
43,30,-0.0238325817077744,58.72,WARNING
43,31,0.0147724989544879,41.41,WARNING
43,32,-0.0450583563333374,68.24,WARNING
43,33,-0.0602581314934903,75.06,NORMAL
43,34,-0.0288400484218946,60.97,WARNING
43,35,-0.0221765177931749,57.98,WARNING
43,36,-0.0759188383267598,82.08,NORMAL
43,37,-0.0324025016825506,62.57,WARNING
43,38,-0.0469662117022265,69.1,WARNING
43,39,-0.0392205866778659,65.62,WARNING
43,40,-0.0544312274449586,72.45,NORMAL
43,41,-0.0351894135667628,63.82,WARNING
43,42,-0.0002699280496377,48.16,WARNING
43,43,-0.0695220694035786,79.21,NORMAL
43,44,-0.0349876029852216,63.73,WARNING
43,45,-0.0065320504885833,50.97,WARNING
43,46,-0.0398166218836762,65.89,WARNING
43,47,-0.0461762523116708,68.74,WARNING
43,48,-0.0423522799776597,67.03,WARNING
43,49,-0.0810413284700262,84.38,NORMAL
43,50,-0.0780828598547665,83.05,NORMAL
43,51,-0.07138152000501,80.05,NORMAL
43,52,-0.0207961407964828,57.36,WARNING
43,53,-0.0358880817072037,64.13,WARNING
43,54,-0.0663547989162792,77.79,NORMAL
43,55,-0.0915385997389626,89.08,NORMAL
43,56,-0.087256255421895,87.16,NORMAL
43,57,-0.0037925058341259,49.74,WARNING
43,58,-0.0378687548373958,65.02,WARNING
43,59,-0.0419647870289504,66.86,WARNING
43,60,-0.0816923569627887,84.67,NORMAL
43,61,-0.0761329142131087,82.18,NORMAL
43,62,-0.0671159131513726,78.13,NORMAL
43,63,-0.0536637335069499,72.1,NORMAL
43,64,-0.0769359527058773,82.54,NORMAL
43,65,-0.0435467469858322,67.56,WARNING
43,66,-0.0608823501735402,75.34,NORMAL
43,67,-0.0561272229429631,73.21,NORMAL
43,68,-0.0631541786599854,76.36,NORMAL
43,69,-0.0844363719174546,85.9,NORMAL
43,70,-0.0958686209815576,91.03,NORMAL
43,71,-0.0822488456771501,84.92,NORMAL
43,72,-0.0921184975204296,89.34,NORMAL
43,73,-0.0773965922542441,82.74,NORMAL
43,74,-0.0687332033720363,78.86,NORMAL
43,75,-0.0317039973908102,62.25,WARNING
43,76,-0.0735642862863411,81.02,NORMAL
43,77,-0.0686096642173222,78.8,NORMAL
43,78,-0.0691577691154076,79.05,NORMAL
43,79,-0.0901780807759775,88.47,NORMAL
43,80,-0.0768640088606439,82.5,NORMAL
43,81,-0.0491505937200543,70.08,NORMAL
43,82,-0.0773318001780665,82.71,NORMAL
43,83,-0.0480941136977344,69.6,WARNING
43,84,-0.0886846770828385,87.81,NORMAL
43,85,-0.1071856560671503,96.1,NORMAL
43,86,-0.0963649051523754,91.25,NORMAL
43,87,-0.076333861804021,82.27,NORMAL
43,88,-0.083827653283848,85.63,NORMAL
43,89,-0.0659886030304952,77.63,NORMAL
43,90,-0.0554616230337803,72.91,NORMAL
43,91,-0.0420092130103324,66.88,WARNING
43,92,-0.0861905070867704,86.69,NORMAL
43,93,-0.0690036220403724,78.98,NORMAL
43,94,-0.0740964967355487,81.26,NORMAL
43,95,-0.0783891284352482,83.19,NORMAL
43,96,-0.0818471405585502,84.74,NORMAL
43,97,-0.053857674516604,72.19,NORMAL
43,98,-0.0480228485430495,69.57,WARNING
43,99,-0.0699790434448354,79.42,NORMAL
43,100,-0.0611367796716676,75.45,NORMAL
43,101,-0.0810477659266233,84.38,NORMAL
43,102,-0.08504972273346,86.18,NORMAL
43,103,-0.0562361612364021,73.25,NORMAL
43,104,-0.0718541900728658,80.26,NORMAL
43,105,-0.0659728216091478,77.62,NORMAL
43,106,-0.0925773768394285,89.55,NORMAL
43,107,-0.0924849087466767,89.51,NORMAL
43,108,-0.077736772223028,82.9,NORMAL
43,109,-0.0907857759115386,88.75,NORMAL
43,110,-0.094956912800118,90.62,NORMAL
43,111,-0.0844272392425343,85.9,NORMAL
43,112,-0.0927264473805167,89.62,NORMAL
43,113,-0.0996538228267872,92.72,NORMAL
43,114,-0.1067774379168331,95.92,NORMAL
43,115,-0.0976879851378793,91.84,NORMAL
43,116,-0.0815610874424013,84.61,NORMAL
43,117,-0.0860503618839151,86.62,NORMAL
43,118,-0.1004620074405628,93.09,NORMAL
43,119,0.0019786007303026,47.15,WARNING
43,120,-0.0634780188126694,76.5,NORMAL
43,121,-0.0921815529278481,89.37,NORMAL
43,122,-0.0999605802848041,92.86,NORMAL
43,123,-0.0834266100192658,85.45,NORMAL
43,124,-0.0572963493467994,73.73,NORMAL
43,125,-0.0853506164779686,86.31,NORMAL
43,126,-0.06704577489814,78.1,NORMAL
43,127,-0.091044895991652,88.86,NORMAL
43,128,-0.0687012506698629,78.84,NORMAL
43,129,-0.1102642773926849,97.48,NORMAL
43,130,-0.0829222932685759,85.22,NORMAL
43,131,-0.0749764673267344,81.66,NORMAL
43,132,-0.0966946562496471,91.4,NORMAL
43,133,-0.0700463935524084,79.45,NORMAL
43,134,-0.1010355516789536,93.34,NORMAL
43,135,-0.0994377236632791,92.63,NORMAL
43,136,-0.0844748066474224,85.92,NORMAL
43,137,-0.0553884365397953,72.87,NORMAL
43,138,-0.1004268619209307,93.07,NORMAL
43,139,-0.0934148244059385,89.93,NORMAL
43,140,-0.1022230119247998,93.88,NORMAL
43,141,-0.0650849582040681,77.22,NORMAL
43,142,-0.0843024500025969,85.84,NORMAL
43,143,-0.1107711418815148,97.71,NORMAL
43,144,-0.1123961260893582,98.44,NORMAL
43,145,-0.1006142793543888,93.15,NORMAL
43,146,-0.0862121229117194,86.7,NORMAL
43,147,-0.1100098550369564,97.37,NORMAL
43,148,-0.0948251964969184,90.56,NORMAL
43,149,-0.0893976187763005,88.12,NORMAL
43,150,-0.0636204476019798,76.57,NORMAL
43,151,-0.0873544353055698,87.21,NORMAL
43,152,-0.0752898283674538,81.8,NORMAL
43,153,-0.0913178050447615,88.99,NORMAL
43,154,-0.090249256374533,88.51,NORMAL
43,155,-0.0632754184581035,76.41,NORMAL
43,156,-0.0791214896980752,83.52,NORMAL
43,157,-0.063855431102072,76.67,NORMAL
43,158,-0.0890887705516203,87.99,NORMAL
43,159,-0.0885332710547576,87.74,NORMAL
43,160,-0.0936485633970695,90.03,NORMAL
43,161,-0.1027774293204351,94.12,NORMAL
43,162,-0.0644868712573176,76.95,NORMAL
43,163,-0.0613422552226063,75.54,NORMAL
43,164,-0.0763053116935721,82.25,NORMAL
43,165,-0.0960028479642455,91.09,NORMAL
43,166,-0.057039924513095,73.62,NORMAL
43,167,-0.0913893013787787,89.02,NORMAL
43,168,-0.0492150737072902,70.11,NORMAL
43,169,-0.0633645847486753,76.45,NORMAL
43,170,-0.0454539258503067,68.42,WARNING
43,171,-0.0543856003061088,72.42,NORMAL
43,172,-0.0687672979826573,78.87,NORMAL
43,173,-0.087496090656978,87.27,NORMAL
43,174,-0.0451198309132287,68.27,WARNING
43,175,-0.0461595099465196,68.74,WARNING
43,176,-0.0550892126813784,72.74,NORMAL
43,177,-0.0577872915186874,73.95,NORMAL
43,178,-0.0608380161647457,75.32,NORMAL
43,179,-0.052143284200556,71.42,NORMAL
43,180,-0.0476238355650668,69.39,WARNING
43,181,-0.0219858052853952,57.9,WARNING
43,182,-0.0486233250723349,69.84,WARNING
43,183,-0.0170121767735907,55.67,WARNING
43,184,-0.0333161856628811,62.98,WARNING
43,185,-0.0121811350665567,53.5,WARNING
43,186,-0.0121276726912791,53.48,WARNING
43,187,-0.0177120629060584,55.98,WARNING
43,188,-0.0026893151276111,49.24,WARNING
43,189,0.0178247494498269,40.04,WARNING
43,190,-0.0254223662900215,59.44,WARNING
43,191,0.0530756831505985,24.24,CRITICAL
43,192,0.017543963858666,40.17,WARNING
43,193,0.0313258568658385,33.99,CRITICAL
43,194,0.0222959030023526,38.04,CRITICAL
43,195,0.0145612024107633,41.51,WARNING
43,196,-0.0016202442114635,48.76,WARNING
43,197,0.0689211682547654,17.13,CRITICAL
43,198,0.0306325603851709,34.3,CRITICAL
43,199,0.056549931930243,22.68,CRITICAL
43,200,0.0243228904606214,37.13,CRITICAL
43,201,0.061854361973395,20.3,CRITICAL
43,202,0.0477673972531896,26.62,CRITICAL
43,203,0.0920072539758138,6.78,CRITICAL
43,204,0.0595685088087298,21.33,CRITICAL
43,205,0.1066552934012827,0.21,CRITICAL
43,206,0.0994113860817438,3.46,CRITICAL
43,207,0.1086376078171241,0.0,CRITICAL
44,1,-0.0788676433908384,83.4,NORMAL
44,2,-0.0813803717837926,84.53,NORMAL
44,3,-0.0849481895203143,86.13,NORMAL
44,4,-0.0730695772534377,80.8,NORMAL
44,5,-0.0572446896692926,73.71,NORMAL
44,6,-0.0517313415803876,71.23,NORMAL
44,7,-0.0190707853018397,56.59,WARNING
44,8,-0.037141956842613,64.69,WARNING
44,9,-0.075932541050487,82.09,NORMAL
44,10,-0.0991037404673917,92.48,NORMAL
44,11,-0.0767457442272228,82.45,NORMAL
44,12,-0.0367690473654641,64.53,WARNING
44,13,-0.0500762174936524,70.49,NORMAL
44,14,-0.0648115433845225,77.1,NORMAL
44,15,-0.0357215120074101,64.06,WARNING
44,16,-0.0829393493457587,85.23,NORMAL
44,17,0.0077427760427185,44.57,WARNING
44,18,-0.0802648210113705,84.03,NORMAL
44,19,-0.0762277295421403,82.22,NORMAL
44,20,-0.0290076922922194,61.04,WARNING
44,21,-0.0296701698261259,61.34,WARNING
44,22,-0.060750652397673,75.28,NORMAL
44,23,-0.0567870993939625,73.5,NORMAL
44,24,-0.001691162014362,48.8,WARNING
44,25,-0.0167619375354291,55.55,WARNING
44,26,-0.0762087780287782,82.21,NORMAL
44,27,-0.0489178283951475,69.97,WARNING
44,28,0.0095105323712084,43.77,WARNING
44,29,-0.0328477279958617,62.77,WARNING
44,30,-0.0232598149353012,58.47,WARNING
44,31,-0.0545522115128403,72.5,NORMAL
44,32,-0.0724740160594071,80.54,NORMAL
44,33,-0.0875443049356211,87.29,NORMAL
44,34,-0.0783185547486225,83.16,NORMAL
44,35,-0.0759285150835996,82.09,NORMAL
44,36,-0.0639318507232276,76.71,NORMAL
44,37,-0.0786072473375544,83.29,NORMAL
44,38,-0.0539838989209665,72.24,NORMAL
44,39,-0.0335690341575831,63.09,WARNING
44,40,-0.0166454021758267,55.5,WARNING
44,41,-0.0477111977644176,69.43,WARNING
44,42,-0.0860881016548749,86.64,NORMAL
44,43,-0.0618388721938172,75.77,NORMAL
44,44,-0.0568196441954168,73.52,NORMAL
44,45,-0.0202404075121861,57.11,WARNING
44,46,-0.082670816114422,85.11,NORMAL
44,47,-0.0876661956825355,87.35,NORMAL
44,48,-0.0457753275064378,68.56,WARNING
44,49,-0.0796624574124277,83.76,NORMAL
44,50,-0.0675317159942953,78.32,NORMAL
44,51,-0.0566819084771011,73.45,NORMAL
44,52,-0.0455717435761578,68.47,WARNING
44,53,-0.0585365175481946,74.29,NORMAL
44,54,-0.0891341181170454,88.01,NORMAL
44,55,-0.0149230350777407,54.73,WARNING
44,56,-0.0617543924804719,75.73,NORMAL
44,57,-0.0057092968237072,50.6,WARNING
44,58,-0.002784511882299,49.29,WARNING
44,59,-0.0716743886430704,80.18,NORMAL
44,60,-0.0026944673089946,49.25,WARNING
44,61,-0.0675879621424307,78.35,NORMAL
44,62,-0.0417890820611388,66.78,WARNING
44,63,-0.0371008464342102,64.67,WARNING
44,64,-0.0041532354626592,49.9,WARNING
44,65,-0.0818573851623105,84.74,NORMAL
44,66,-0.0874749012031483,87.26,NORMAL
44,67,-0.0893732136069263,88.11,NORMAL
44,68,-0.0587775601430193,74.39,NORMAL
44,69,-0.0601582732253719,75.01,NORMAL
44,70,-0.0755683380406191,81.92,NORMAL
44,71,-0.0648093806988031,77.1,NORMAL
44,72,-0.0332241753262289,62.94,WARNING
44,73,-0.085864442807136,86.54,NORMAL
44,74,-0.0434022702850408,67.5,WARNING
44,75,-0.0754761650350382,81.88,NORMAL
44,76,-0.0700223920338745,79.44,NORMAL
44,77,-0.0674223650060663,78.27,NORMAL
44,78,-0.042059902106385,66.9,WARNING
44,79,-0.0630722143514125,76.32,NORMAL
44,80,-0.0493297372648343,70.16,NORMAL
44,81,-0.0724033494580043,80.5,NORMAL
44,82,-0.0870892873675122,87.09,NORMAL
44,83,-0.0202734501542841,57.13,WARNING
44,84,-0.0702502168164128,79.54,NORMAL
44,85,-0.0627952380656887,76.2,NORMAL
44,86,-0.0750724087001056,81.7,NORMAL
44,87,-0.0809428284442121,84.33,NORMAL
44,88,-0.0784181210346953,83.2,NORMAL
44,89,-0.0703050709771446,79.56,NORMAL
44,90,-0.0398081475058465,65.89,WARNING
44,91,-0.0916906892858917,89.15,NORMAL
44,92,-0.0905083754186332,88.62,NORMAL
44,93,-0.0845863753134297,85.97,NORMAL
44,94,-0.0825312354969207,85.05,NORMAL
44,95,-0.0203495833958709,57.16,WARNING
44,96,-0.0407694894175671,66.32,WARNING
44,97,-0.0600473936724407,74.96,NORMAL
44,98,-0.0941144197740158,90.24,NORMAL
44,99,-0.0582613265484475,74.16,NORMAL
44,100,-0.0765800632582187,82.38,NORMAL
44,101,-0.070709347156296,79.74,NORMAL
44,102,-0.0716678994160684,80.17,NORMAL
44,103,-0.0849339800360522,86.12,NORMAL
44,104,-0.0875231782160085,87.28,NORMAL
44,105,-0.0754759811067132,81.88,NORMAL
44,106,-0.0986773114234504,92.29,NORMAL
44,107,-0.1006063342460816,93.15,NORMAL
44,108,-0.1034929867819907,94.45,NORMAL
44,109,-0.0797080737825274,83.78,NORMAL
44,110,-0.0708720966867554,79.82,NORMAL
44,111,-0.0904567856411054,88.6,NORMAL
44,112,-0.0705487207598729,79.67,NORMAL
44,113,-0.0911792401368037,88.92,NORMAL
44,114,-0.0929392289345054,89.71,NORMAL
44,115,-0.0771610191318429,82.64,NORMAL
44,116,-0.0794154399459668,83.65,NORMAL
44,117,-0.0922076827512314,89.38,NORMAL
44,118,-0.1032569034334119,94.34,NORMAL
44,119,-0.0852581681997009,86.27,NORMAL
44,120,-0.0514657814524903,71.12,NORMAL
44,121,-0.0969754298829155,91.52,NORMAL
44,122,-0.0595451850356191,74.74,NORMAL
44,123,-0.0944652304588881,90.4,NORMAL
44,124,-0.082310047835859,84.95,NORMAL
44,125,-0.1037898120184927,94.58,NORMAL
44,126,-0.0901936275442528,88.48,NORMAL
44,127,-0.0835068004932461,85.48,NORMAL
44,128,-0.0753398702746525,81.82,NORMAL
44,129,-0.1006256107879657,93.16,NORMAL
44,130,-0.0789777108527041,83.45,NORMAL
44,131,-0.0901401758738383,88.46,NORMAL
44,132,-0.0858509741087562,86.53,NORMAL
44,133,-0.0831705336594932,85.33,NORMAL
44,134,-0.1023875600824887,93.95,NORMAL
44,135,-0.1072698846570569,96.14,NORMAL
44,136,-0.0760932260916746,82.16,NORMAL
44,137,-0.0926752902151702,89.59,NORMAL
44,138,-0.069268103264072,79.1,NORMAL
44,139,-0.1079532680108747,96.45,NORMAL
44,140,-0.0954518128654489,90.84,NORMAL
44,141,-0.0880082699879912,87.5,NORMAL
44,142,-0.0800803951096107,83.95,NORMAL
44,143,-0.0699393355649609,79.4,NORMAL
44,144,-0.0568464481870405,73.53,NORMAL
44,145,-0.0893856171597534,88.12,NORMAL
44,146,-0.0651855966582577,77.27,NORMAL
44,147,-0.1029014915776926,94.18,NORMAL
44,148,-0.0819007203143085,84.76,NORMAL
44,149,-0.0997937033108941,92.79,NORMAL
44,150,-0.1013388173012875,93.48,NORMAL
44,151,-0.0715630753037557,80.13,NORMAL
44,152,-0.0609992525573841,75.39,NORMAL
44,153,-0.037510833917596,64.86,WARNING
44,154,-0.0931636966873848,89.81,NORMAL
44,155,-0.0758324177046353,82.04,NORMAL
44,156,-0.0785063720670171,83.24,NORMAL
44,157,-0.0665289745262421,77.87,NORMAL
44,158,-0.0565927761928165,73.41,NORMAL
44,159,-0.0477899794229072,69.47,WARNING
44,160,-0.0741818723902455,81.3,NORMAL
44,161,-0.0632594778273583,76.4,NORMAL
44,162,-0.0760764983257232,82.15,NORMAL
44,163,-0.0419325665204924,66.84,WARNING
44,164,-0.0611593790772151,75.46,NORMAL
44,165,-0.0453633074673879,68.38,WARNING
44,166,-0.0692387609781362,79.09,NORMAL
44,167,-0.0610909193445765,75.43,NORMAL
44,168,-0.0382515201360562,65.19,WARNING
44,169,-0.0546830375624752,72.56,NORMAL
44,170,-0.0337394542115543,63.17,WARNING
44,171,-0.015426904293281,54.96,WARNING
44,172,-0.0345333462474964,63.52,WARNING
44,173,-0.0212775709244614,57.58,WARNING
44,174,-0.0349549389129403,63.71,WARNING
44,175,-0.0446209934737756,68.05,WARNING
44,176,-0.0459249204636304,68.63,WARNING
44,177,-0.0098683397159681,52.46,WARNING
44,178,-0.0353534766663081,63.89,WARNING
44,179,-0.0135430543908849,54.11,WARNING
44,180,0.010086513142916,43.51,WARNING
44,181,0.0408478158899057,29.72,CRITICAL
44,182,0.0101743678249235,43.48,WARNING
44,183,-0.0413170347579409,66.56,WARNING
44,184,0.0066275599545825,45.07,WARNING
44,185,0.0416963776233499,29.34,CRITICAL
44,186,0.0026580574994569,46.85,WARNING
44,187,0.0276128197521103,35.66,CRITICAL
44,188,0.0289907057965659,35.04,CRITICAL
44,189,0.0224070516151507,37.99,CRITICAL
44,190,0.040837296299994,29.73,CRITICAL
44,191,0.0701894544855397,16.56,CRITICAL
44,192,0.0787507739487369,12.72,CRITICAL
45,1,-0.0168895395284978,55.61,WARNING
45,2,-0.011007559014373,52.97,WARNING
45,3,0.0017923845345696,47.23,WARNING
45,4,-0.0339496006387722,63.26,WARNING
45,5,-0.0343001068732854,63.42,WARNING
45,6,-0.0318773886049741,62.33,WARNING
45,7,-0.0258409582335141,59.62,WARNING
45,8,-0.0331256256684868,62.89,WARNING
45,9,0.0653419129353878,18.74,CRITICAL
45,10,-0.0295855978852915,61.3,WARNING
45,11,-0.0450971936830757,68.26,WARNING
45,12,-0.0294462684931536,61.24,WARNING
45,13,-0.0121444112581244,53.48,WARNING
45,14,0.0019011706106838,47.18,WARNING
45,15,-0.0566999339553106,73.46,NORMAL
45,16,-0.0222203836936582,58.0,WARNING
45,17,0.0417087041691656,29.33,CRITICAL
45,18,-0.0396738687687056,65.83,WARNING
45,19,-0.0183133009770286,56.25,WARNING
45,20,-0.044108573289389,67.82,WARNING
45,21,0.0369147488046915,31.48,CRITICAL
45,22,-0.0206679099550762,57.31,WARNING
45,23,-0.0061869513282208,50.81,WARNING
45,24,-0.0816214847186594,84.64,NORMAL
45,25,-0.0353336287977244,63.88,WARNING
45,26,-0.0377337291552809,64.96,WARNING
45,27,0.0495196272809513,25.83,CRITICAL
45,28,-0.0393366386574466,65.68,WARNING
45,29,-0.0198057669864138,56.92,WARNING
45,30,-0.0064997677926706,50.95,WARNING
45,31,-0.0204271530013741,57.2,WARNING
45,32,-0.0170260021026374,55.67,WARNING
45,33,-0.0380545602791967,65.1,WARNING
45,34,0.0020686868134647,47.11,WARNING
45,35,-0.0506469247715197,70.75,NORMAL
45,36,-0.02337610327924,58.52,WARNING
45,37,-0.0168414090794882,55.59,WARNING
45,38,-0.014025876775746,54.33,WARNING
45,39,-0.0330934739472341,62.88,WARNING
45,40,-0.044316466825592,67.91,WARNING
45,41,-0.0320544336071998,62.41,WARNING
45,42,-0.0439428311581688,67.74,WARNING
45,43,-0.0032008944733124,49.47,WARNING
45,44,-0.0447551610884907,68.11,WARNING
45,45,-0.0225577761933535,58.15,WARNING
45,46,-0.0539763005756728,72.24,NORMAL
45,47,0.0159675634513852,40.88,WARNING
45,48,-0.0489664291986299,69.99,WARNING
45,49,-0.0858576471317128,86.54,NORMAL
45,50,-0.0258056778225939,59.61,WARNING
45,51,-0.0675900578203728,78.35,NORMAL
45,52,-0.0175465762044309,55.91,WARNING
45,53,-0.038717588714717,65.4,WARNING
45,54,-0.0356681210023989,64.03,WARNING
45,55,-0.0321017170758344,62.43,WARNING
45,56,-0.0607023009946556,75.26,NORMAL
45,57,-0.0665219354390794,77.87,NORMAL
45,58,-0.051638235097852,71.19,NORMAL
45,59,-0.0933874214636874,89.91,NORMAL
45,60,-0.0393411503749913,65.68,WARNING
45,61,-0.0122250560639009,53.52,WARNING
45,62,-0.0670993994891668,78.13,NORMAL
45,63,-0.0396223076819798,65.8,WARNING
45,64,-0.0483155743856639,69.7,WARNING
45,65,-0.0465667509998958,68.92,WARNING
45,66,-0.0529775298934153,71.79,NORMAL
45,67,-0.027880044436055,60.54,WARNING
45,68,-0.0381181697438933,65.13,WARNING
45,69,-0.0648212826618009,77.1,NORMAL
45,70,-0.0472862634272292,69.24,WARNING
45,71,-0.0810533630474638,84.38,NORMAL
45,72,-0.0862082861579311,86.69,NORMAL
45,73,-0.011165184317911,53.04,WARNING
45,74,-0.0646102059542454,77.01,NORMAL
45,75,-0.0714178344146256,80.06,NORMAL
45,76,-0.0717558502267426,80.21,NORMAL
45,77,-0.0515436031235005,71.15,NORMAL
45,78,0.0023502716001313,46.98,WARNING
45,79,-0.0733524932255769,80.93,NORMAL
45,80,-0.0859928566039764,86.6,NORMAL
45,81,-0.0660509201464722,77.66,NORMAL
45,82,-0.0625707860106293,76.1,NORMAL
45,83,-0.0289730959083622,61.03,WARNING
45,84,0.0017628876035277,47.25,WARNING
45,85,-0.0621823459248542,75.92,NORMAL
45,86,-0.0720375753231753,80.34,NORMAL
45,87,-0.0558627677181255,73.09,NORMAL
45,88,-0.057330407047115,73.75,NORMAL
45,89,-0.0702269610212762,79.53,NORMAL
45,90,-0.1002242927734449,92.98,NORMAL
45,91,-0.0783831351994635,83.19,NORMAL
45,92,-0.0629999226611973,76.29,NORMAL
45,93,-0.0773739791248532,82.73,NORMAL
45,94,-0.0550062478068124,72.7,NORMAL
45,95,-0.0891517247677487,88.01,NORMAL
45,96,-0.0809826121233297,84.35,NORMAL
45,97,-0.0486738230331849,69.86,WARNING
45,98,-0.0773905089509353,82.74,NORMAL
45,99,-0.0815108153547116,84.59,NORMAL
45,100,-0.0660357670402618,77.65,NORMAL
45,101,-0.0932994476589221,89.87,NORMAL
45,102,-0.0841285216241461,85.76,NORMAL
45,103,-0.0601937308551618,75.03,NORMAL
45,104,-0.0466582792567928,68.96,WARNING
45,105,-0.0627278274441364,76.17,NORMAL
45,106,-0.0848416160350065,86.08,NORMAL
45,107,-0.0718951749696492,80.28,NORMAL
45,108,-0.0738938943519925,81.17,NORMAL
45,109,-0.0951418059144239,90.7,NORMAL
45,110,-0.0881554893906549,87.57,NORMAL
45,111,-0.061127197611338,75.45,NORMAL
45,112,-0.0641963155212878,76.82,NORMAL
45,113,-0.0462149719051835,68.76,WARNING
45,114,-0.0717368850427025,80.21,NORMAL
45,115,-0.0689973105741758,78.98,NORMAL
45,116,-0.0595507441095926,74.74,NORMAL
45,117,-0.078750160530169,83.35,NORMAL
45,118,-0.0814648780959302,84.57,NORMAL
45,119,-0.0758439416707671,82.05,NORMAL
45,120,-0.0917111838242797,89.16,NORMAL
45,121,-0.0834240617230261,85.45,NORMAL
45,122,-0.0567025834320932,73.46,NORMAL
45,123,-0.0776037545841417,82.84,NORMAL
45,124,-0.0614589859158669,75.6,NORMAL
45,125,-0.0970183451072433,91.54,NORMAL
45,126,-0.0894851960076728,88.16,NORMAL
45,127,-0.0854398064387987,86.35,NORMAL
45,128,-0.0592185035747235,74.59,NORMAL
45,129,-0.0551272101948027,72.76,NORMAL
45,130,-0.0829301544703836,85.22,NORMAL
45,131,-0.0784330890604761,83.21,NORMAL
45,132,-0.0493766934076693,70.18,NORMAL
45,133,-0.0720994552023186,80.37,NORMAL
45,134,-0.0641983588490195,76.83,NORMAL
45,135,-0.0605686375040505,75.2,NORMAL
45,136,-0.0678386429909805,78.46,NORMAL
45,137,-0.0161404077259459,55.28,WARNING
45,138,-0.065662188190428,77.48,NORMAL
45,139,-0.025407797088877,59.43,WARNING
45,140,-0.0314883364407834,62.16,WARNING
45,141,-0.00757485394005,51.43,WARNING
45,142,0.0092375944846156,43.9,WARNING
45,143,-0.0500975946845612,70.5,NORMAL
45,144,-0.0600009825089823,74.94,NORMAL
45,145,0.005729295563762,45.47,WARNING
45,146,-0.0155770457168883,55.02,WARNING
45,147,-0.0269776896732598,60.13,WARNING
45,148,0.0061594015695758,45.28,WARNING
45,149,0.0092985680258491,43.87,WARNING
45,150,0.0140363497829705,41.74,WARNING
45,151,-0.0135151942980996,54.1,WARNING
45,152,0.0446475860181987,28.02,CRITICAL
45,153,0.0120675048743034,42.63,WARNING
45,154,0.0278310867814788,35.56,CRITICAL
45,155,0.0721716012906565,15.67,CRITICAL
45,156,0.0541302969850191,23.76,CRITICAL
45,157,0.0875382002435909,8.78,CRITICAL
45,158,0.0726099170912802,15.48,CRITICAL
46,1,0.0402802344840412,29.98,CRITICAL
46,2,0.0126793969755247,42.35,WARNING
46,3,-0.0561034652607151,73.2,NORMAL
46,4,-0.0510068953894457,70.91,NORMAL
46,5,-0.0566961460383898,73.46,NORMAL
46,6,4.650878391387892e-05,48.02,WARNING
46,7,-0.0369662733715158,64.61,WARNING
46,8,-0.0645296530117396,76.97,NORMAL
46,9,-0.0043135552709795,49.97,WARNING
46,10,-0.0640809812865172,76.77,NORMAL
46,11,-0.0492666045834957,70.13,NORMAL
46,12,-0.0607109902428508,75.26,NORMAL
46,13,-0.0224821581067647,58.12,WARNING
46,14,-0.0369688469602035,64.61,WARNING
46,15,-0.0396245808999622,65.81,WARNING
46,16,-0.0464777833621489,68.88,WARNING
46,17,-0.036471774750686,64.39,WARNING
46,18,-0.044420730576436,67.96,WARNING
46,19,-0.0488443320740901,69.94,WARNING
46,20,-0.0310669750151071,61.97,WARNING
46,21,-0.0645613764937596,76.99,NORMAL
46,22,0.0188002413054274,39.61,CRITICAL
46,23,-0.019019000526124,56.57,WARNING
46,24,-0.0487097186755524,69.88,WARNING
46,25,-0.014314508604071,54.46,WARNING
46,26,-0.005747863285393,50.61,WARNING
46,27,-0.0516729157540271,71.21,NORMAL
46,28,-0.0011004940758193,48.53,WARNING
46,29,-0.0517182518110713,71.23,NORMAL
46,30,-0.0396580260559791,65.82,WARNING
46,31,0.0427693323576203,28.86,CRITICAL
46,32,-0.0378029810813858,64.99,WARNING
46,33,-0.0546522700926326,72.54,NORMAL
46,34,-0.0364822783021768,64.4,WARNING
46,35,-0.030414275279882,61.68,WARNING
46,36,-0.0522317030564539,71.46,NORMAL
46,37,-0.0360703546598438,64.21,WARNING
46,38,-0.0409460401101604,66.4,WARNING
46,39,-0.068761389123791,78.87,NORMAL
46,40,-0.0641953712347893,76.82,NORMAL
46,41,-0.0883507001108212,87.66,NORMAL
46,42,-0.0525489659850372,71.6,NORMAL
46,43,-0.0321052148178046,62.43,WARNING
46,44,-0.0352442017738384,63.84,WARNING
46,45,-0.0280992568010897,60.64,WARNING
46,46,-0.0333170936089265,62.98,WARNING
46,47,-0.0728794961647775,80.72,NORMAL
46,48,-0.0275119119697365,60.37,WARNING
46,49,-0.0590897788036888,74.53,NORMAL
46,50,-0.0464308832281002,68.86,WARNING
46,51,-0.0529368200379866,71.78,NORMAL
46,52,-0.0688582728309915,78.91,NORMAL
46,53,-0.0399179701841801,65.94,WARNING
46,54,-0.0573472229352396,73.75,NORMAL
46,55,-0.0169786777274381,55.65,WARNING
46,56,-0.0390287848639371,65.54,WARNING
46,57,0.0036595224820099,46.4,WARNING
46,58,-0.0488119457767353,69.93,WARNING
46,59,-0.0528478508797232,71.74,NORMAL
46,60,-0.0418705360713336,66.81,WARNING
46,61,-0.0597272423588607,74.82,NORMAL
46,62,-0.041114852023261,66.47,WARNING
46,63,-0.022734420052541,58.23,WARNING
46,64,0.0387863889459952,30.64,CRITICAL
46,65,-0.0576313601632558,73.88,NORMAL
46,66,-0.0645973430359403,77.0,NORMAL
46,67,-0.0684788855266717,78.74,NORMAL
46,68,-0.0221064921475723,57.95,WARNING
46,69,-0.0629748891557516,76.28,NORMAL
46,70,-0.0320853276120746,62.43,WARNING
46,71,-0.0891615305226944,88.02,NORMAL
46,72,-0.0484981829833104,69.78,WARNING
46,73,-0.0631059351988491,76.34,NORMAL
46,74,-0.0537180916233706,72.13,NORMAL
46,75,0.0218917728386788,38.22,CRITICAL
46,76,-0.0415653958444358,66.68,WARNING
46,77,-0.0553922358381555,72.88,NORMAL
46,78,-0.0506842372872793,70.77,NORMAL
46,79,-0.0560157820049887,73.16,NORMAL
46,80,0.0139960593539562,41.76,WARNING
46,81,-0.046328742923219,68.81,WARNING
46,82,-0.0602320352478514,75.05,NORMAL
46,83,-0.077254497836249,82.68,NORMAL
46,84,0.0288719220368196,35.09,CRITICAL
46,85,-0.054396341062872,72.43,NORMAL
46,86,-0.0586132598321052,74.32,NORMAL
46,87,-0.0284357911945609,60.79,WARNING
46,88,-0.0391519053898235,65.59,WARNING
46,89,-0.0764537076407845,82.32,NORMAL
46,90,-0.0825259780596623,85.04,NORMAL
46,91,-0.0605737618693025,75.2,NORMAL
46,92,-0.0407565749610979,66.31,WARNING
46,93,-0.0116674091030251,53.27,WARNING
46,94,-0.0617107342820623,75.71,NORMAL
46,95,-0.0201833140086599,57.09,WARNING
46,96,0.0193687321818455,39.35,CRITICAL
46,97,-0.0662535098444664,77.75,NORMAL
46,98,-0.08097001174196,84.35,NORMAL
46,99,-0.063142393777015,76.35,NORMAL
46,100,-0.0734711307409437,80.98,NORMAL
46,101,-0.0688425780395318,78.91,NORMAL
46,102,-0.04462624884283,68.05,WARNING
46,103,-0.0857212316273045,86.48,NORMAL
46,104,-0.0315058709598137,62.17,WARNING
46,105,-0.0660532582148707,77.66,NORMAL
46,106,-0.0940004226779583,90.19,NORMAL
46,107,-0.0829353186935574,85.23,NORMAL
46,108,-0.0520902423522859,71.4,NORMAL
46,109,-0.0426910830225458,67.18,WARNING
46,110,-0.0476375868673468,69.4,WARNING
46,111,-0.006397468885275,50.91,WARNING
46,112,-0.1010302936643338,93.34,NORMAL
46,113,-0.0534461123165601,72.0,NORMAL
46,114,-0.0959677704654707,91.07,NORMAL
46,115,-0.0632686457579613,76.41,NORMAL
46,116,-0.040609038389102,66.25,WARNING
46,117,-0.0817705782646432,84.7,NORMAL
46,118,-0.036486952242757,64.4,WARNING
46,119,-0.0827957747152447,85.16,NORMAL
46,120,-0.0877501814809338,87.39,NORMAL
46,121,-0.050846302560802,70.84,NORMAL
46,122,-0.0902411497782764,88.5,NORMAL
46,123,-0.0904660879083409,88.6,NORMAL
46,124,-0.0644579122536543,76.94,NORMAL
46,125,-0.0510254015663705,70.92,NORMAL
46,126,-0.0948111302985542,90.55,NORMAL
46,127,-0.0553982026892837,72.88,NORMAL
46,128,-0.0782153074497126,83.11,NORMAL
46,129,-0.0730356539106881,80.79,NORMAL
46,130,-0.0644160834838229,76.92,NORMAL
46,131,-0.0861308641445902,86.66,NORMAL
46,132,-0.0780651893363515,83.04,NORMAL
46,133,-0.0867449494374077,86.94,NORMAL
46,134,-0.0649478050938219,77.16,NORMAL
46,135,-0.0556857803089965,73.01,NORMAL
46,136,-0.0749915594431854,81.66,NORMAL
46,137,-0.0877215436443448,87.37,NORMAL
46,138,-0.0683322118125525,78.68,NORMAL
46,139,-0.0621642594634203,75.91,NORMAL
46,140,-0.0623746965801715,76.01,NORMAL
46,141,-0.0793552079335493,83.62,NORMAL
46,142,-0.0834819139491157,85.47,NORMAL
46,143,-0.0421056522209448,66.92,WARNING
46,144,-0.0689923129863181,78.97,NORMAL
46,145,-0.0908427029951389,88.77,NORMAL
46,146,-0.0893604652692269,88.11,NORMAL
46,147,-0.1010991498073385,93.37,NORMAL
46,148,-0.0612986665769215,75.52,NORMAL
46,149,-0.0791726537079884,83.54,NORMAL
46,150,-0.0916926800084088,89.15,NORMAL
46,151,-0.0706727693970596,79.73,NORMAL
46,152,-0.0906819447269173,88.7,NORMAL
46,153,-0.0620565995705166,75.86,NORMAL
46,154,-0.0981266126655044,92.04,NORMAL
46,155,-0.1059923358845569,95.57,NORMAL
46,156,-0.0997151947716976,92.75,NORMAL
46,157,-0.0946022770931694,90.46,NORMAL
46,158,-0.0566428860974423,73.44,NORMAL
46,159,-0.0800078976043111,83.91,NORMAL
46,160,-0.102568600498559,94.03,NORMAL
46,161,-0.1052043325460875,95.21,NORMAL
46,162,-0.1042651313430297,94.79,NORMAL
46,163,-0.0952219070131035,90.74,NORMAL
46,164,-0.0775890436964772,82.83,NORMAL
46,165,-0.0992007062884519,92.52,NORMAL
46,166,-0.0952955869692565,90.77,NORMAL
46,167,-0.1008879242542067,93.28,NORMAL
46,168,-0.0819218300637741,84.77,NORMAL
46,169,-0.1066620023080872,95.87,NORMAL
46,170,-0.0869078535461035,87.01,NORMAL
46,171,-0.0930560763454729,89.77,NORMAL
46,172,-0.0885624404037623,87.75,NORMAL
46,173,-0.0718146659034236,80.24,NORMAL
46,174,-0.0715543517782218,80.12,NORMAL
46,175,-0.0911165303829226,88.9,NORMAL
46,176,-0.1100958960839513,97.41,NORMAL
46,177,-0.073427359366449,80.96,NORMAL
46,178,-0.0930280611083846,89.75,NORMAL
46,179,-0.0857327950859925,86.48,NORMAL
46,180,-0.106027099696201,95.58,NORMAL
46,181,-0.0820940078610866,84.85,NORMAL
46,182,-0.0893734343313721,88.11,NORMAL
46,183,-0.094831361966768,90.56,NORMAL
46,184,-0.0869595444853699,87.03,NORMAL
46,185,-0.0791437020759753,83.53,NORMAL
46,186,-0.1097010720725801,97.23,NORMAL
46,187,-0.0960754872573643,91.12,NORMAL
46,188,-0.109793362992575,97.27,NORMAL
46,189,-0.0700581024314478,79.45,NORMAL
46,190,-0.0689153313980435,78.94,NORMAL
46,191,-0.1126817175728888,98.57,NORMAL
46,192,-0.1070916226399731,96.06,NORMAL
46,193,-0.0730255897616475,80.78,NORMAL
46,194,-0.09357524867256,90.0,NORMAL
46,195,-0.0966977761549143,91.4,NORMAL
46,196,-0.0851625932089845,86.23,NORMAL
46,197,-0.0411265807270686,66.48,WARNING
46,198,-0.0846978667403604,86.02,NORMAL
46,199,-0.0882622652415558,87.62,NORMAL
46,200,-0.0812343844246294,84.46,NORMAL
46,201,-0.0929420848785605,89.71,NORMAL
46,202,-0.0697265312575204,79.3,NORMAL
46,203,-0.0674795392558438,78.3,NORMAL
46,204,-0.0799819185563814,83.9,NORMAL
46,205,-0.0874321630477406,87.24,NORMAL
46,206,-0.0986813542461733,92.29,NORMAL
46,207,-0.0839175730825654,85.67,NORMAL
46,208,-0.080881990199314,84.31,NORMAL
46,209,-0.0707397344853417,79.76,NORMAL
46,210,-0.0887983547851461,87.86,NORMAL
46,211,-0.0512754607965254,71.03,NORMAL
46,212,-0.0661143845200847,77.68,NORMAL
46,213,-0.0740668869183577,81.25,NORMAL
46,214,-0.0794641628971252,83.67,NORMAL
46,215,-0.079141365900638,83.53,NORMAL
46,216,-0.0685889663300769,78.79,NORMAL
46,217,-0.0648462666843042,77.12,NORMAL
46,218,-0.037381769764848,64.8,WARNING
46,219,-0.0342952798155237,63.42,WARNING
46,220,-0.0164110508941083,55.4,WARNING
46,221,-0.0490753333111846,70.04,NORMAL
46,222,-0.0602703735179872,75.06,NORMAL
46,223,-0.0749245722704827,81.63,NORMAL
46,224,-0.0575026838508717,73.82,NORMAL
46,225,-0.0430433480893122,67.34,WARNING
46,226,-0.0757726006767418,82.02,NORMAL
46,227,0.0066466071159001,45.06,WARNING
46,228,-0.04379575804806,67.68,WARNING
46,229,-0.0236257317763958,58.63,WARNING
46,230,-0.0300375849596231,61.51,WARNING
46,231,-0.0254862897544448,59.47,WARNING
46,232,-0.0492994004623573,70.14,NORMAL
46,233,-0.0168662018276085,55.6,WARNING
46,234,-0.0058045732037876,50.64,WARNING
46,235,-0.0190324326217233,56.57,WARNING
46,236,-0.0009773215443343,48.48,WARNING
46,237,-0.0335108653550619,63.06,WARNING
46,238,-0.0219690411744813,57.89,WARNING
46,239,-0.0112272416415123,53.07,WARNING
46,240,0.0002591791724926,47.92,WARNING
46,241,0.0069217757596713,44.93,WARNING
46,242,0.0001799810126552,47.96,WARNING
46,243,0.0147663131874565,41.42,WARNING
46,244,0.0145636363052339,41.51,WARNING
46,245,0.013401333586278,42.03,WARNING
46,246,0.0276070880063779,35.66,CRITICAL
46,247,0.0489598059065267,26.08,CRITICAL
46,248,0.0317856511862628,33.78,CRITICAL
46,249,0.0534808436726702,24.06,CRITICAL
46,250,0.0616698860167245,20.38,CRITICAL
46,251,0.0847804994436651,10.02,CRITICAL
46,252,0.0786565582328132,12.77,CRITICAL
46,253,0.1093829036429504,0.0,CRITICAL
46,254,0.0732666855266356,15.18,CRITICAL
46,255,0.0623079832357357,20.1,CRITICAL
46,256,0.1259917202630021,0.0,CRITICAL
47,1,-0.0498165538142788,70.38,NORMAL
47,2,-0.0179589398846864,56.09,WARNING
47,3,-9.881494494901057e-05,48.08,WARNING
47,4,0.0546172076043481,23.55,CRITICAL
47,5,-0.0342219161817198,63.38,WARNING
47,6,-0.0127288696756004,53.75,WARNING
47,7,-0.045466589925726,68.43,WARNING
47,8,0.0613929508480112,20.51,CRITICAL
47,9,-0.0252070476460421,59.34,WARNING
47,10,-0.0620914755810208,75.88,NORMAL
47,11,-0.0426924116451972,67.18,WARNING
47,12,-0.0628837542827537,76.24,NORMAL
47,13,-0.0520198671846251,71.36,NORMAL
47,14,-0.0185155189740979,56.34,WARNING
47,15,-0.035329605413337,63.88,WARNING
47,16,0.0336949073480981,32.93,CRITICAL
47,17,-0.0195155087915421,56.79,WARNING
47,18,0.004305906225304,46.11,WARNING
47,19,0.0108264607446296,43.18,WARNING
47,20,-0.0585243084641884,74.28,NORMAL
47,21,-0.0366425193382752,64.47,WARNING
47,22,-0.0472766145341158,69.24,WARNING
47,23,-0.0002802162578665,48.16,WARNING
47,24,-0.0207428888428432,57.34,WARNING
47,25,-0.0110107791257385,52.97,WARNING
47,26,-0.0435897245700759,67.58,WARNING
47,27,-0.0197987456163276,56.92,WARNING
47,28,-0.0511499403765081,70.97,NORMAL
47,29,-0.0196297259002846,56.84,WARNING
47,30,-0.0302519094611798,61.6,WARNING
47,31,-0.0331399775940804,62.9,WARNING
47,32,-0.0545306939289045,72.49,NORMAL
47,33,-0.071475270883564,80.09,NORMAL
47,34,-0.0199410477221937,56.98,WARNING
47,35,-0.0388079020109392,65.44,WARNING
47,36,0.0086985725175454,44.14,WARNING
47,37,-0.0525274733711808,71.59,NORMAL
47,38,-0.025967638560303,59.68,WARNING
47,39,-0.0489628669251498,69.99,WARNING
47,40,-0.0572477095249107,73.71,NORMAL
47,41,-0.0508052989805223,70.82,NORMAL
47,42,-0.0600470726632863,74.96,NORMAL
47,43,-0.0681470952622657,78.6,NORMAL
47,44,-0.0301065426155022,61.54,WARNING
47,45,-0.0338741077220867,63.23,WARNING
47,46,-0.085728052231266,86.48,NORMAL
47,47,-0.0719624561538154,80.31,NORMAL
47,48,-0.0816615769000451,84.66,NORMAL
47,49,-0.0407375478057723,66.3,WARNING
47,50,-0.0472798269328323,69.24,WARNING
47,51,-0.028548557510557,60.84,WARNING
47,52,-0.0667995593888673,77.99,NORMAL
47,53,-0.0540962417410169,72.3,NORMAL
47,54,-0.0767743161566581,82.46,NORMAL
47,55,-0.0562439791023097,73.26,NORMAL
47,56,0.0345754292636948,32.53,CRITICAL
47,57,-0.0622375642246092,75.95,NORMAL
47,58,-0.0285681999090819,60.85,WARNING
47,59,-0.02672987545391,60.02,WARNING
47,60,-0.0388890437534412,65.48,WARNING
47,61,-0.0129711710985964,53.85,WARNING
47,62,-0.0327806450380354,62.74,WARNING
47,63,-0.0166024613056017,55.48,WARNING
47,64,-0.0417303969760028,66.75,WARNING
47,65,-0.0489825262395025,70.0,NORMAL
47,66,-0.0642627685709963,76.85,NORMAL
47,67,0.0433745907862024,28.59,CRITICAL
47,68,-0.0665525535850808,77.88,NORMAL
47,69,-0.015534102918153,55.0,WARNING
47,70,-0.0607781198867521,75.29,NORMAL
47,71,-0.0368149173143523,64.55,WARNING
47,72,-0.0396158212944834,65.8,WARNING
47,73,-0.0484422753054345,69.76,WARNING
47,74,-0.0513353994176754,71.06,NORMAL
47,75,-0.0505504901457618,70.71,NORMAL
47,76,-0.0363457011646299,64.34,WARNING
47,77,-0.0710595925491642,79.9,NORMAL
47,78,-0.0668994393021898,78.04,NORMAL
47,79,-0.0302874769778405,61.62,WARNING
47,80,-0.0143916906256619,54.49,WARNING
47,81,-0.013742658746901,54.2,WARNING
47,82,-0.0482392221448177,69.67,WARNING
47,83,-0.0467211195594927,68.99,WARNING
47,84,-0.083162206033096,85.33,NORMAL
47,85,-0.0884344140944851,87.69,NORMAL
47,86,0.0081173817602959,44.4,WARNING
47,87,-0.0534960197203138,72.03,NORMAL
47,88,-0.0595696227445379,74.75,NORMAL
47,89,-0.0724066403246164,80.51,NORMAL
47,90,-0.0752318697534833,81.77,NORMAL
47,91,0.0091086706112489,43.95,WARNING
47,92,-0.0474813372554651,69.33,WARNING
47,93,-0.066244510658578,77.74,NORMAL
47,94,-0.0614531689666997,75.59,NORMAL
47,95,-0.0634218303805761,76.48,NORMAL
47,96,-0.0332974866116484,62.97,WARNING
47,97,-0.0873108675581315,87.19,NORMAL
47,98,-0.0391081202589947,65.57,WARNING
47,99,-0.1045064873256291,94.9,NORMAL
47,100,-0.057707557273439,73.91,NORMAL
47,101,-0.0363365218717867,64.33,WARNING
47,102,-0.0525277473420845,71.59,NORMAL
47,103,-0.0595652591671116,74.75,NORMAL
47,104,-0.0716514547453727,80.17,NORMAL
47,105,-0.078697766677498,83.33,NORMAL
47,106,-0.0595226674673454,74.73,NORMAL
47,107,-0.0939166355211502,90.15,NORMAL
47,108,-0.0912254279390599,88.94,NORMAL
47,109,-0.0525421840929765,71.6,NORMAL
47,110,-0.0459007265439766,68.62,WARNING
47,111,-0.0676576982583785,78.38,NORMAL
47,112,-0.0554703243191063,72.91,NORMAL
47,113,-0.0370412927145463,64.65,WARNING
47,114,-0.0457270742634015,68.54,WARNING
47,115,-0.0766356491068444,82.4,NORMAL
47,116,-0.0584482230884858,74.25,NORMAL
47,117,-0.0851745914459253,86.23,NORMAL
47,118,-0.0457771161717712,68.56,WARNING
47,119,-0.017252119084836,55.77,WARNING
47,120,-0.0515614285603636,71.16,NORMAL
47,121,-0.0970165400687088,91.54,NORMAL
47,122,-0.0486762893255043,69.86,WARNING
47,123,-0.048122832576415,69.62,WARNING
47,124,-0.0729407546608148,80.75,NORMAL
47,125,-0.0809554658047085,84.34,NORMAL
47,126,-0.0627452305635592,76.17,NORMAL
47,127,-0.053485103778302,72.02,NORMAL
47,128,-0.0687372706611369,78.86,NORMAL
47,129,-0.0878631281794042,87.44,NORMAL
47,130,-0.095547453063256,90.88,NORMAL
47,131,-0.0978894229416499,91.93,NORMAL
47,132,-0.0373132017099833,64.77,WARNING
47,133,-0.0976207196688338,91.81,NORMAL
47,134,-0.0684196185971775,78.72,NORMAL
47,135,-0.0462523305505045,68.78,WARNING
47,136,-0.0920074564983568,89.3,NORMAL
47,137,-0.1092299365333082,97.02,NORMAL
47,138,-0.0971144801454598,91.59,NORMAL
47,139,-0.0874669057049034,87.26,NORMAL
47,140,-0.0835085611126902,85.48,NORMAL
47,141,-0.0606962094554245,75.25,NORMAL
47,142,-0.066676760847679,77.94,NORMAL
47,143,-0.0674685606672752,78.29,NORMAL
47,144,-0.0824769162364107,85.02,NORMAL
47,145,-0.0859600749654513,86.58,NORMAL
47,146,-0.0842400161463017,85.81,NORMAL
47,147,-0.0836627359121759,85.55,NORMAL
47,148,-0.1022359371605297,93.88,NORMAL
47,149,-0.0841279730568544,85.76,NORMAL
47,150,-0.0638983267985298,76.69,NORMAL
47,151,-0.1014154697291374,93.51,NORMAL
47,152,-0.088050162334959,87.52,NORMAL
47,153,-0.0816817323782386,84.66,NORMAL
47,154,-0.0782573414342061,83.13,NORMAL
47,155,-0.0860134806284824,86.61,NORMAL
47,156,-0.1023225176438233,93.92,NORMAL
47,157,-0.0778668738883807,82.95,NORMAL
47,158,-0.0814858068973045,84.58,NORMAL
47,159,-0.0922715792877783,89.41,NORMAL
47,160,-0.0785998932779043,83.28,NORMAL
47,161,-0.0959461416083066,91.06,NORMAL
47,162,-0.0492394667448742,70.12,NORMAL
47,163,-0.0951542934122297,90.71,NORMAL
47,164,-0.0581498600181359,74.11,NORMAL
47,165,-0.0830678576389356,85.29,NORMAL
47,166,-0.0733098782142914,80.91,NORMAL
47,167,-0.0886190539361144,87.78,NORMAL
47,168,-0.0701013949155906,79.47,NORMAL
47,169,-0.0662638095770591,77.75,NORMAL
47,170,-0.092817169381644,89.66,NORMAL
47,171,-0.0845063763916544,85.93,NORMAL
47,172,-0.0789836807928204,83.46,NORMAL
47,173,-0.093162976182019,89.81,NORMAL
47,174,-0.0531902019537122,71.89,NORMAL
47,175,-0.0770807142031154,82.6,NORMAL
47,176,-0.0460121525673805,68.67,WARNING
47,177,-0.0749871919444548,81.66,NORMAL
47,178,-0.0694658360602595,79.19,NORMAL
47,179,-0.0547136907870237,72.57,NORMAL
47,180,-0.0654415385904094,77.38,NORMAL
47,181,-0.0524236350530629,71.55,NORMAL
47,182,-0.0463416717254067,68.82,WARNING
47,183,-0.0506217758885648,70.74,NORMAL
47,184,-0.0617640913480327,75.73,NORMAL
47,185,-0.0479569275402179,69.54,WARNING
47,186,-0.0678872846575996,78.48,NORMAL
47,187,-0.0671131323515332,78.13,NORMAL
47,188,-0.0428434575669379,67.25,WARNING
47,189,-0.0547173264200294,72.57,NORMAL
47,190,-0.0504760919355884,70.67,NORMAL
47,191,-0.0299334961266314,61.46,WARNING
47,192,-0.0297363723010272,61.37,WARNING
47,193,-0.0103375238180844,52.67,WARNING
47,194,0.0153339495400656,41.16,WARNING
47,195,0.0044797664490164,46.03,WARNING
47,196,-0.0305667001018645,61.74,WARNING
47,197,0.0124666757992841,42.45,WARNING
47,198,-0.0161648592298515,55.29,WARNING
47,199,0.0064991450676715,45.12,WARNING
47,200,0.0027850024720267,46.79,WARNING
47,201,-0.0219750421894753,57.89,WARNING
47,202,0.0276298541285323,35.65,CRITICAL
47,203,0.0048162608999634,45.88,WARNING
47,204,0.0416938128169408,29.34,CRITICAL
47,205,0.0316049627552508,33.87,CRITICAL
47,206,-0.0061118011785216,50.78,WARNING
47,207,0.0567283826154896,22.6,CRITICAL
47,208,0.0491673279543715,25.99,CRITICAL
47,209,0.0363948931276014,31.72,CRITICAL
47,210,0.0312811134477973,34.01,CRITICAL
47,211,0.0718693852925795,15.81,CRITICAL
47,212,0.0345488355044437,32.55,CRITICAL
47,213,0.0730774861922725,15.27,CRITICAL
47,214,0.0465379069709913,27.17,CRITICAL
48,1,-0.0619182097560598,75.8,NORMAL
48,2,-0.0543705979339832,72.42,NORMAL
48,3,-0.0210181163189719,57.46,WARNING
48,4,-0.048130258627163,69.62,WARNING
48,5,-0.0801509649424506,83.98,NORMAL
48,6,-0.0637914178782919,76.64,NORMAL
48,7,-0.0516357773812253,71.19,NORMAL
48,8,-0.0313458150903148,62.09,WARNING
48,9,-0.0621612167046127,75.91,NORMAL
48,10,-0.0176863234515535,55.97,WARNING
48,11,-0.0383337142247294,65.23,WARNING
48,12,-0.0609751414558618,75.38,NORMAL
48,13,-0.0627996550632368,76.2,NORMAL
48,14,0.0179607297915725,39.98,CRITICAL
48,15,0.0218316101947296,38.25,CRITICAL
48,16,-0.0424291007500108,67.06,WARNING
48,17,-0.0231068664014886,58.4,WARNING
48,18,-0.0534412157426822,72.0,NORMAL
48,19,-0.0576494256364618,73.89,NORMAL
48,20,-0.0566837530693798,73.46,NORMAL
48,21,-0.0538528440220427,72.19,NORMAL
48,22,-0.0337677412469084,63.18,WARNING
48,23,0.0153892906537637,41.14,WARNING
48,24,-0.0758703146386781,82.06,NORMAL
48,25,-0.0336435262100183,63.12,WARNING
48,26,-0.0552092207429187,72.79,NORMAL
48,27,-0.0701406614020567,79.49,NORMAL
48,28,-0.0532321242711137,71.91,NORMAL
48,29,-0.0402693100257726,66.09,WARNING
48,30,-0.0693112198783527,79.12,NORMAL
48,31,-0.0221835032397847,57.98,WARNING
48,32,0.0260262221143932,36.37,CRITICAL
48,33,-0.0733169631544677,80.91,NORMAL
48,34,-0.0306374784616746,61.78,WARNING
48,35,-0.0307342454426429,61.82,WARNING
48,36,-0.041862335343908,66.81,WARNING
48,37,0.0019935340013989,47.14,WARNING
48,38,-0.070398828091804,79.61,NORMAL
48,39,-0.0483776893764298,69.73,WARNING
48,40,-0.0369863956510778,64.62,WARNING
48,41,0.0211051533730011,38.57,CRITICAL
48,42,-0.0460526799633922,68.69,WARNING
48,43,-0.0738754472222589,81.16,NORMAL
48,44,0.0317203402890834,33.81,CRITICAL
48,45,-0.0706357083942433,79.71,NORMAL
48,46,-0.0435051833900742,67.55,WARNING
48,47,-0.0592241077381449,74.59,NORMAL
48,48,-0.0527418925262181,71.69,NORMAL
48,49,-0.0169098013151753,55.62,WARNING
48,50,-0.0849391643845335,86.13,NORMAL
48,51,-0.0339794706626709,63.27,WARNING
48,52,-0.0468197505236138,69.03,WARNING
48,53,-0.0654013159246358,77.36,NORMAL
48,54,-0.0242850537284901,58.93,WARNING
48,55,-0.0637915986246468,76.64,NORMAL
48,56,-0.030661342295471,61.79,WARNING
48,57,-0.0614472712416389,75.59,NORMAL
48,58,-0.0689930097760286,78.98,NORMAL
48,59,-0.0616498369582824,75.68,NORMAL
48,60,0.0246194672921997,37.0,CRITICAL
48,61,-0.0819384924515475,84.78,NORMAL
48,62,-0.0405663888951258,66.23,WARNING
48,63,-0.0490434519070001,70.03,NORMAL
48,64,-0.0457899236932097,68.57,WARNING
48,65,-0.0189315738422473,56.53,WARNING
48,66,-0.0232826889157226,58.48,WARNING
48,67,-0.0014843762997435,48.7,WARNING
48,68,-0.0472585699395061,69.23,WARNING
48,69,-0.0657473212066866,77.52,NORMAL
48,70,-0.0592606204039957,74.61,NORMAL
48,71,-0.0526696646750132,71.66,NORMAL
48,72,0.0069865024196785,44.9,WARNING
48,73,-0.062859522991241,76.22,NORMAL
48,74,-0.0405561068690296,66.22,WARNING
48,75,-0.0778530345241415,82.95,NORMAL
48,76,-0.0360847533156275,64.22,WARNING
48,77,-0.0566114716438236,73.42,NORMAL
48,78,-0.0421931888753412,66.96,WARNING
48,79,-0.0914512592053193,89.05,NORMAL
48,80,-0.0309630989715842,61.92,WARNING
48,81,-0.0568123599904784,73.51,NORMAL
48,82,-0.0747084071353724,81.54,NORMAL
48,83,-0.0780385693558429,83.03,NORMAL
48,84,-0.0439811339151437,67.76,WARNING
48,85,-0.0529668677568824,71.79,NORMAL
48,86,-0.0662740536959616,77.76,NORMAL
48,87,-0.0294522292315498,61.24,WARNING
48,88,-0.0575498086234275,73.84,NORMAL
48,89,-0.0721266310854295,80.38,NORMAL
48,90,-0.0466416395773211,68.95,WARNING
48,91,-0.0509037605201323,70.86,NORMAL
48,92,-0.0456341352615844,68.5,WARNING
48,93,-0.0599621386533263,74.93,NORMAL
48,94,-0.0537395102544017,72.14,NORMAL
48,95,-0.0476861071439721,69.42,WARNING
48,96,-0.0983477686231407,92.14,NORMAL
48,97,-0.0408141655365874,66.34,WARNING
48,98,-0.0656633290922389,77.48,NORMAL
48,99,-0.0786925731997451,83.32,NORMAL
48,100,-0.0357941928069239,64.09,WARNING
48,101,-0.0651332104579962,77.24,NORMAL
48,102,-0.0733698833203132,80.94,NORMAL
48,103,-0.075462610413903,81.88,NORMAL
48,104,-0.0394326138113319,65.72,WARNING
48,105,-0.0305963356505727,61.76,WARNING
48,106,-0.0568307053316313,73.52,NORMAL
48,107,-0.0595545304700403,74.74,NORMAL
48,108,-0.037952069599099,65.06,WARNING
48,109,-0.0512978460646482,71.04,NORMAL
48,110,-0.0841898631382673,85.79,NORMAL
48,111,-0.0444609088223496,67.97,WARNING
48,112,-0.0572801160074372,73.72,NORMAL
48,113,-0.0789443264627274,83.44,NORMAL
48,114,-0.0729868317343803,80.77,NORMAL
48,115,-0.0600427599187876,74.96,NORMAL
48,116,-0.0321657865406032,62.46,WARNING
48,117,-0.0710525766179929,79.9,NORMAL
48,118,-0.0679555407800099,78.51,NORMAL
48,119,-0.0314920083928163,62.16,WARNING
48,120,-0.0771783792110485,82.65,NORMAL
48,121,-0.0588547139068484,74.43,NORMAL
48,122,-0.0522952442003815,71.49,NORMAL
48,123,-0.0565691150301844,73.4,NORMAL
48,124,-0.048639210896164,69.85,WARNING
48,125,-0.0224792246791476,58.12,WARNING
48,126,-0.0516696552447443,71.21,NORMAL
48,127,-0.0416032183731092,66.69,WARNING
48,128,-0.0595289902222548,74.73,NORMAL
48,129,-0.044801407416556,68.13,WARNING
48,130,-0.0081980107099166,51.71,WARNING
48,131,-0.0459349903819004,68.64,WARNING
48,132,-0.0459071752262263,68.62,WARNING
48,133,-0.0506330456539464,70.74,NORMAL
48,134,-0.0631658929639051,76.36,NORMAL
48,135,-0.011349544887005,53.13,WARNING
48,136,-0.0479990980179726,69.56,WARNING
48,137,-0.0666589816147145,77.93,NORMAL
48,138,-0.0493468015338306,70.17,NORMAL
48,139,-0.0771211463123925,82.62,NORMAL
48,140,-0.0836601570999925,85.55,NORMAL
48,141,-0.0523578746746958,71.52,NORMAL
48,142,0.064415250119536,19.15,CRITICAL
48,143,-0.0419048008113445,66.83,WARNING
48,144,-0.032004998032554,62.39,WARNING
48,145,-0.069010660062523,78.98,NORMAL
48,146,-0.0434480199180752,67.52,WARNING
48,147,-0.0405212432947009,66.21,WARNING
48,148,-0.0366342719734357,64.46,WARNING
48,149,-0.0716128850398042,80.15,NORMAL
48,150,-0.0471053344264996,69.16,WARNING
48,151,-0.0364193795212055,64.37,WARNING
48,152,-0.0075455276578363,51.42,WARNING
48,153,-0.044691864991986,68.08,WARNING
48,154,-0.0483140341904746,69.7,WARNING
48,155,-0.0638910741222782,76.69,NORMAL
48,156,-0.0440351117644265,67.78,WARNING
48,157,-0.051626970407221,71.19,NORMAL
48,158,-0.0456291613750456,68.5,WARNING
48,159,-0.0595159790119268,74.73,NORMAL
48,160,-0.043709411987292,67.64,WARNING
48,161,-0.0580460429878247,74.07,NORMAL
48,162,-0.0361196355193179,64.23,WARNING
48,163,-0.0584257259877128,74.24,NORMAL
48,164,-0.0379218309400729,65.04,WARNING
48,165,-0.0171616419890419,55.73,WARNING
48,166,-0.062280617386198,75.97,NORMAL
48,167,-0.0247371393282961,59.13,WARNING
48,168,-0.0576214218502134,73.88,NORMAL
48,169,-0.0494539751095843,70.21,NORMAL
48,170,0.0086101307602669,44.18,WARNING
48,171,-0.0552201062151974,72.8,NORMAL
48,172,-0.0415998692122023,66.69,WARNING
48,173,-0.0387344884641104,65.41,WARNING
48,174,-0.0233063854443827,58.49,WARNING
48,175,-0.0338591104379087,63.22,WARNING
48,176,-0.0439146160771968,67.73,WARNING
48,177,-0.0576633992489749,73.89,NORMAL
48,178,-0.0233919897026605,58.53,WARNING
48,179,-0.0433851583773337,67.49,WARNING
48,180,-0.0283443888476973,60.75,WARNING
48,181,-0.019904674733806,56.96,WARNING
48,182,-0.0338309895205575,63.21,WARNING
48,183,-0.0292629155976406,61.16,WARNING
48,184,0.0389994348131104,30.55,CRITICAL
48,185,-0.0161945934039332,55.3,WARNING
48,186,-0.021381933026893,57.63,WARNING
48,187,-0.0273576828024606,60.31,WARNING
48,188,-0.0324005866226271,62.57,WARNING
48,189,-0.0413006950200799,66.56,WARNING
48,190,-0.0052761508599998,50.4,WARNING
48,191,0.0068935165164586,44.95,WARNING
48,192,-0.0305862536002993,61.75,WARNING
48,193,-0.0310128195233125,61.94,WARNING
48,194,-0.0066195819393189,51.01,WARNING
48,195,-0.0249493809127862,59.23,WARNING
48,196,-0.0388010423268523,65.44,WARNING
48,197,-0.0247627349712588,59.14,WARNING
48,198,-0.0004489926976477,48.24,WARNING
48,199,-0.0025406188654871,49.18,WARNING
48,200,0.0034132156728184,46.51,WARNING
48,201,-0.007049633760674,51.2,WARNING
48,202,-0.0043138157835168,49.97,WARNING
48,203,0.0146394869610579,41.47,WARNING
48,204,0.0094317012557832,43.81,WARNING
48,205,0.031416116100439,33.95,CRITICAL
48,206,-0.0070907814635561,51.22,WARNING
48,207,0.0317560739473696,33.8,CRITICAL
48,208,0.0011467260173065,47.52,WARNING
48,209,0.0378856743522396,31.05,CRITICAL
48,210,0.0305243336896721,34.35,CRITICAL
48,211,0.0467171094839331,27.09,CRITICAL
48,212,0.0271574923042595,35.86,CRITICAL
48,213,0.0248980261093002,36.87,CRITICAL
48,214,0.0192469193277116,39.41,CRITICAL
48,215,0.0661319450019605,18.38,CRITICAL
48,216,0.0823583355924838,11.11,CRITICAL
48,217,0.0574680553050476,22.27,CRITICAL
48,218,0.045245061517149,27.75,CRITICAL
48,219,0.0690902976870814,17.06,CRITICAL
48,220,0.0736188439693062,15.03,CRITICAL
48,221,0.0613421946940321,20.53,CRITICAL
48,222,0.0911404053543717,7.17,CRITICAL
48,223,0.0772522503832313,13.4,CRITICAL
48,224,0.0927369614635749,6.45,CRITICAL
48,225,0.0873585468388947,8.86,CRITICAL
48,226,0.1063927429381019,0.33,CRITICAL
48,227,0.1004722559703911,2.98,CRITICAL
48,228,0.1090209325837483,0.0,CRITICAL
48,229,0.1121992926911318,0.0,CRITICAL
48,230,0.1203252941736594,0.0,CRITICAL
48,231,0.1848140040973798,0.0,CRITICAL
49,1,-0.0917686673539868,89.19,NORMAL
49,2,-0.0715303263910687,80.11,NORMAL
49,3,-0.088796620172445,87.86,NORMAL
49,4,-0.0826711670421368,85.11,NORMAL
49,5,-0.079829674123395,83.83,NORMAL
49,6,-0.0476864022670504,69.42,WARNING
49,7,-0.0932302528824631,89.84,NORMAL
49,8,-0.0839069716597804,85.66,NORMAL
49,9,-0.1103806339184227,97.53,NORMAL
49,10,-0.0819711242870083,84.79,NORMAL
49,11,-0.0909352692434634,88.81,NORMAL
49,12,-0.0738831950016932,81.17,NORMAL
49,13,-0.022856926534121,58.29,WARNING
49,14,-0.0529918907602897,71.8,NORMAL
49,15,-0.0965033374560491,91.31,NORMAL
49,16,-0.0889943160823473,87.94,NORMAL
49,17,-0.1023661670983492,93.94,NORMAL
49,18,-0.0514893439569343,71.13,NORMAL
49,19,-0.0569357638176963,73.57,NORMAL
49,20,-0.1012405235264485,93.44,NORMAL
49,21,-0.0915561113928162,89.09,NORMAL
49,22,-0.0829314285582236,85.23,NORMAL
49,23,-0.0859368869959311,86.57,NORMAL
49,24,-0.0678542605992978,78.46,NORMAL
49,25,-0.0750477664317993,81.69,NORMAL
49,26,-0.0976972148717617,91.85,NORMAL
49,27,-0.0814275425587242,84.55,NORMAL
49,28,-0.1031418782862367,94.29,NORMAL
49,29,-0.0730663336387271,80.8,NORMAL
49,30,-0.1059314764136597,95.54,NORMAL
49,31,-0.0889493030196501,87.92,NORMAL
49,32,-0.07152689433806,80.11,NORMAL
49,33,-0.0805096650707353,84.14,NORMAL
49,34,-0.0990870842414329,92.47,NORMAL
49,35,-0.0590425822514653,74.51,NORMAL
49,36,-0.0634122785233339,76.47,NORMAL
49,37,-0.0949981681575865,90.64,NORMAL
49,38,-0.0787026048821133,83.33,NORMAL
49,39,-0.1014953063788463,93.55,NORMAL
49,40,-0.0854603003442133,86.36,NORMAL
49,41,-0.091875587343945,89.24,NORMAL
49,42,-0.0782316231777235,83.12,NORMAL
49,43,-0.081893914592135,84.76,NORMAL
49,44,-0.0717392926049146,80.21,NORMAL
49,45,-0.1128385488919828,98.64,NORMAL
49,46,-0.0817921987093846,84.71,NORMAL
49,47,-0.0667713797798494,77.98,NORMAL
49,48,-0.0992524305177818,92.54,NORMAL
49,49,-0.0660264030417211,77.64,NORMAL
49,50,-0.1015583235193525,93.58,NORMAL
49,51,-0.0916449813130745,89.13,NORMAL
49,52,-0.0817217131787726,84.68,NORMAL
49,53,-0.091813394900219,89.21,NORMAL
49,54,-0.0685573557079431,78.78,NORMAL
49,55,-0.0902082373182467,88.49,NORMAL
49,56,-0.0952354442653934,90.74,NORMAL
49,57,-0.0784079059280339,83.2,NORMAL
49,58,-0.1069169643640241,95.98,NORMAL
49,59,-0.0802816854743514,84.04,NORMAL
49,60,-0.0731556901229817,80.84,NORMAL
49,61,-0.0765108021256263,82.35,NORMAL
49,62,-0.0952688013864681,90.76,NORMAL
49,63,-0.0656117735584668,77.46,NORMAL
49,64,-0.0536981279332134,72.12,NORMAL
49,65,-0.1079560604135909,96.45,NORMAL
49,66,-0.0770619813545427,82.59,NORMAL
49,67,-0.0808630030057834,84.3,NORMAL
49,68,-0.0685264533962161,78.77,NORMAL
49,69,-0.0871386746615577,87.11,NORMAL
49,70,-0.0821779652670212,84.89,NORMAL
49,71,-0.0840828644479466,85.74,NORMAL
49,72,-0.086596863333747,86.87,NORMAL
49,73,-0.0517928417990917,71.26,NORMAL
49,74,-0.092098804693694,89.34,NORMAL
49,75,-0.0853912529371963,86.33,NORMAL
49,76,-0.093653261780847,90.03,NORMAL
49,77,-0.0725006707211256,80.55,NORMAL
49,78,-0.0873376911444303,87.2,NORMAL
49,79,-0.0825244091324932,85.04,NORMAL
49,80,-0.0533791225335497,71.97,NORMAL
49,81,-0.0979926414189967,91.98,NORMAL
49,82,-0.0901705434454595,88.47,NORMAL
49,83,-0.0720165677001565,80.33,NORMAL
49,84,-0.0870614829108011,87.08,NORMAL
49,85,-0.0950863822209867,90.68,NORMAL
49,86,-0.1071604268689143,96.09,NORMAL
49,87,-0.0824654568036581,85.02,NORMAL
49,88,-0.1023237031851203,93.92,NORMAL
49,89,-0.0742265475168674,81.32,NORMAL
49,90,-0.0577799499511651,73.95,NORMAL
49,91,-0.0857692622390741,86.5,NORMAL
49,92,-0.0445563485820123,68.02,WARNING
49,93,-0.0931417738156148,89.8,NORMAL
49,94,-0.0620575950145821,75.87,NORMAL
49,95,-0.1036196582690019,94.5,NORMAL
49,96,-0.1088055014898039,96.83,NORMAL
49,97,-0.0979574974908347,91.96,NORMAL
49,98,-0.0527757216055421,71.7,NORMAL
49,99,-0.0594845830586177,74.71,NORMAL
49,100,-0.0703696217055649,79.59,NORMAL
49,101,-0.0772836260248924,82.69,NORMAL
49,102,-0.0723775664377778,80.49,NORMAL
49,103,-0.0965086683351821,91.31,NORMAL
49,104,-0.0755236941370206,81.9,NORMAL
49,105,-0.0867767464240387,86.95,NORMAL
49,106,-0.0932545607318712,89.85,NORMAL
49,107,-0.0871469749059206,87.12,NORMAL
49,108,-0.07358228265488,81.03,NORMAL
49,109,-0.0935970891284261,90.01,NORMAL
49,110,-0.0701397744413505,79.49,NORMAL
49,111,-0.0889630483061588,87.93,NORMAL
49,112,-0.0870624715142711,87.08,NORMAL
49,113,-0.0844280464470878,85.9,NORMAL
49,114,-0.0956069091890253,90.91,NORMAL
49,115,-0.0827814513643375,85.16,NORMAL
49,116,-0.1050578028648012,95.15,NORMAL
49,117,-0.0964087516962635,91.27,NORMAL
49,118,-0.0808980755519324,84.31,NORMAL
49,119,-0.0988377303600688,92.36,NORMAL
49,120,-0.0864477442378655,86.8,NORMAL
49,121,-0.0866929978607503,86.91,NORMAL
49,122,-0.077150493095936,82.63,NORMAL
49,123,-0.0787246158828052,83.34,NORMAL
49,124,-0.0568856028768102,73.55,NORMAL
49,125,-0.0678100597628661,78.44,NORMAL
49,126,-0.0926274643810962,89.57,NORMAL
49,127,-0.0578781962925584,73.99,NORMAL
49,128,-0.0857119308974391,86.47,NORMAL
49,129,-0.0839942588050871,85.7,NORMAL
49,130,-0.0831357322976209,85.32,NORMAL
49,131,-0.0856469992259917,86.44,NORMAL
49,132,-0.0675722409971444,78.34,NORMAL
49,133,-0.0626214014560226,76.12,NORMAL
49,134,-0.0968194761894244,91.45,NORMAL
49,135,-0.0827223648206192,85.13,NORMAL
49,136,-0.0648487742349535,77.12,NORMAL
49,137,-0.079634601717678,83.75,NORMAL
49,138,-0.0701950285988831,79.51,NORMAL
49,139,-0.0855550035661735,86.4,NORMAL
49,140,-0.0730985618422624,80.82,NORMAL
49,141,-0.0820363039992281,84.82,NORMAL
49,142,-0.0619014911950042,75.8,NORMAL
49,143,-0.0775652295613884,82.82,NORMAL
49,144,-0.0901563511862809,88.47,NORMAL
49,145,-0.0750201614651289,81.68,NORMAL
49,146,-0.0301851020661952,61.57,WARNING
49,147,-0.0893416404564393,88.1,NORMAL
49,148,-0.0366268403380786,64.46,WARNING
49,149,-0.0630011128221756,76.29,NORMAL
49,150,-0.0629298100474271,76.26,NORMAL
49,151,-0.0493484456188079,70.17,NORMAL
49,152,-0.0589486292621084,74.47,NORMAL
49,153,-0.0785737705674409,83.27,NORMAL
49,154,-0.0700373285017242,79.44,NORMAL
49,155,-0.0590189436798399,74.5,NORMAL
49,156,-0.0663688629415141,77.8,NORMAL
49,157,-0.0534119415429773,71.99,NORMAL
49,158,-0.0415617640181673,66.67,WARNING
49,159,-0.0559708438432138,73.14,NORMAL
49,160,-0.0276318278159014,60.43,WARNING
49,161,-0.0510434013299252,70.93,NORMAL
49,162,-0.0179283962176209,56.08,WARNING
49,163,-0.0336761563157413,63.14,WARNING
49,164,-0.0703372759695371,79.58,NORMAL
49,165,-0.0457542767793025,68.55,WARNING
49,166,-0.0484094922575925,69.75,WARNING
49,167,-0.0692279897140031,79.08,NORMAL
49,168,-0.0330924566722318,62.88,WARNING
49,169,-0.0494033469179005,70.19,NORMAL
49,170,-0.0686425450698474,78.82,NORMAL
49,171,-0.0321509508689497,62.45,WARNING
49,172,-0.0405694047466033,66.23,WARNING
49,173,-0.0630632112426905,76.32,NORMAL
49,174,-0.0343010019082126,63.42,WARNING
49,175,-0.0518079521017985,71.27,NORMAL
49,176,-0.0108523973845008,52.9,WARNING
49,177,-0.0461312458349558,68.72,WARNING
49,178,-0.0114353229711668,53.17,WARNING
49,179,-0.0319476879537413,62.36,WARNING
49,180,-0.0499371960054115,70.43,NORMAL
49,181,-0.0543784670216648,72.42,NORMAL
49,182,0.0024901035650499,46.92,WARNING
49,183,-0.0133429361700885,54.02,WARNING
49,184,-0.0397041219921028,65.84,WARNING
49,185,-0.0185034138112794,56.33,WARNING
49,186,0.0129079042621924,42.25,WARNING
49,187,-0.0099844761685434,52.51,WARNING
49,188,0.0122185811973591,42.56,WARNING
49,189,-0.0314083499549874,62.12,WARNING
49,190,-0.00652426458131,50.96,WARNING
49,191,-0.0020819428497387,48.97,WARNING
49,192,-0.0152932627764533,54.9,WARNING
49,193,0.0093722619013885,43.83,WARNING
49,194,0.0253318438732476,36.68,CRITICAL
49,195,0.0616360984177259,20.4,CRITICAL
49,196,-0.0199120054174623,56.97,WARNING
49,197,0.0108312514557895,43.18,WARNING
49,198,0.0300139143643409,34.58,CRITICAL
49,199,0.0240406074254965,37.26,CRITICAL
49,200,0.0079157241518469,44.49,WARNING
49,201,-0.0081706167666965,51.7,WARNING
49,202,0.0347986584780813,32.43,CRITICAL
49,203,0.037384946061636,31.27,CRITICAL
49,204,0.0503198627277676,25.47,CRITICAL
49,205,0.0143424171083429,41.61,WARNING
49,206,0.0596733145869713,21.28,CRITICAL
49,207,0.0690183496583123,17.09,CRITICAL
49,208,0.008071787327438,44.42,WARNING
49,209,0.0734188675320732,15.12,CRITICAL
49,210,0.0392463887929986,30.44,CRITICAL
49,211,0.1057908981431227,0.6,CRITICAL
49,212,0.0374946456243124,31.22,CRITICAL
49,213,0.0695931598661313,16.83,CRITICAL
49,214,0.0703050741005653,16.51,CRITICAL
49,215,0.123034630239753,0.0,CRITICAL
50,1,-0.06207407820517,75.87,NORMAL
50,2,-0.0889158935963331,87.91,NORMAL
50,3,-0.0835200256041746,85.49,NORMAL
50,4,-0.0681631614971506,78.6,NORMAL
50,5,-0.082396571504174,84.99,NORMAL
50,6,-0.0858147896609742,86.52,NORMAL
50,7,-0.0930485084902181,89.76,NORMAL
50,8,-0.1006401159521122,93.17,NORMAL
50,9,-0.0947521403514503,90.53,NORMAL
50,10,-0.0735474572851689,81.02,NORMAL
50,11,-0.0450945259793974,68.26,WARNING
50,12,-0.0758505583342646,82.05,NORMAL
50,13,-0.0660502601298893,77.66,NORMAL
50,14,-0.0929591508308057,89.72,NORMAL
50,15,-0.0894270902161989,88.14,NORMAL
50,16,-0.0828279298878407,85.18,NORMAL
50,17,-0.0468984170936226,69.07,WARNING
50,18,-0.0909636673441148,88.83,NORMAL
50,19,-0.0751067026985271,81.72,NORMAL
50,20,-0.0930508390524735,89.76,NORMAL
50,21,-0.0928820114463176,89.69,NORMAL
50,22,-0.0803255530027174,84.06,NORMAL
50,23,-0.0638042082599554,76.65,NORMAL
50,24,-0.0666241562377282,77.91,NORMAL
50,25,-0.0891855485831406,88.03,NORMAL
50,26,-0.0699995976549078,79.43,NORMAL
50,27,-0.1059950053286716,95.57,NORMAL
50,28,-0.0694226325655958,79.17,NORMAL
50,29,-0.0665268819340798,77.87,NORMAL
50,30,-0.0809556709677359,84.34,NORMAL
50,31,-0.0669535873364301,78.06,NORMAL
50,32,-0.069242324300094,79.09,NORMAL
50,33,-0.0889709485465486,87.93,NORMAL
50,34,-0.0811210248819389,84.41,NORMAL
50,35,-0.0667231900979346,77.96,NORMAL
50,36,-0.0834557123911092,85.46,NORMAL
50,37,-0.0076156194563779,51.45,WARNING
50,38,-0.0922006764341678,89.38,NORMAL
50,39,-0.0894055343154064,88.13,NORMAL
50,40,-0.054299543583546,72.39,NORMAL
50,41,-0.0879590452381932,87.48,NORMAL
50,42,-0.0655582314103312,77.43,NORMAL
50,43,-0.0742618907951668,81.34,NORMAL
50,44,-0.1112666360905574,97.93,NORMAL
50,45,-0.0646143455554768,77.01,NORMAL
50,46,-0.0944678820370572,90.4,NORMAL
50,47,-0.0772875184557654,82.69,NORMAL
50,48,-0.0920168257205163,89.3,NORMAL
50,49,-0.0861106093396539,86.65,NORMAL
50,50,-0.0713188737829794,80.02,NORMAL
50,51,-0.0613467524079222,75.55,NORMAL
50,52,-0.0643113071302353,76.88,NORMAL
50,53,-0.0772769027353071,82.69,NORMAL
50,54,-0.08980069415857,88.31,NORMAL
50,55,-0.0925676813279512,89.55,NORMAL
50,56,-0.0539541448135689,72.23,NORMAL
50,57,-0.0826069637408242,85.08,NORMAL
50,58,-0.1029421614418129,94.2,NORMAL
50,59,-0.0787210366617403,83.34,NORMAL
50,60,-0.0842272415779103,85.81,NORMAL
50,61,-0.0858174276464761,86.52,NORMAL
50,62,-0.0643289620997523,76.88,NORMAL
50,63,-0.103132999553158,94.28,NORMAL
50,64,-0.0995878443003435,92.69,NORMAL
50,65,-0.069210384293215,79.07,NORMAL
50,66,-0.0975289922298358,91.77,NORMAL
50,67,-0.0872841708154862,87.18,NORMAL
50,68,-0.0848461309036989,86.08,NORMAL
50,69,-0.0818880597841774,84.76,NORMAL
50,70,-0.0590220085389144,74.5,NORMAL
50,71,-0.1062863992485624,95.7,NORMAL
50,72,-0.086437117877599,86.8,NORMAL
50,73,-0.096862342988481,91.47,NORMAL
50,74,-0.0670838740348362,78.12,NORMAL
50,75,-0.042863151046161,67.26,WARNING
50,76,-0.0932726778756067,89.86,NORMAL
50,77,-0.0850181646752164,86.16,NORMAL
50,78,-0.0608359844681763,75.32,NORMAL
50,79,-0.0778074693967429,82.93,NORMAL
50,80,-0.0540459136607402,72.27,NORMAL
50,81,-0.0818720467238233,84.75,NORMAL
50,82,-0.0901494954696764,88.46,NORMAL
50,83,-0.1086577890224546,96.76,NORMAL
50,84,-0.0810303770321785,84.37,NORMAL
50,85,-0.0674661963606724,78.29,NORMAL
50,86,-0.1073745073810302,96.19,NORMAL
50,87,-0.1031322577413793,94.28,NORMAL
50,88,-0.0906717412683081,88.7,NORMAL
50,89,-0.0896856183235517,88.25,NORMAL
50,90,-0.091605418312943,89.11,NORMAL
50,91,-0.0719523742069812,80.3,NORMAL
50,92,-0.0639480638166701,76.71,NORMAL
50,93,-0.0758504515904068,82.05,NORMAL
50,94,-0.1005932245816979,93.15,NORMAL
50,95,-0.0816459066292787,84.65,NORMAL
50,96,-0.0922265506840412,89.39,NORMAL
50,97,-0.089122549729438,88.0,NORMAL
50,98,-0.0995074389372848,92.66,NORMAL
50,99,-0.0824392943981437,85.0,NORMAL
50,100,-0.0688885007417046,78.93,NORMAL
50,101,-0.097182350608404,91.62,NORMAL
50,102,-0.0889408056518347,87.92,NORMAL
50,103,-0.090650113562167,88.69,NORMAL
50,104,-0.034980907281733,63.72,WARNING
50,105,-0.0807206448775857,84.23,NORMAL
50,106,-0.0990425441588908,92.45,NORMAL
50,107,-0.088488346548312,87.72,NORMAL
50,108,-0.1024997489142079,94.0,NORMAL
50,109,-0.0871079933445873,87.1,NORMAL
50,110,-0.0691468184268178,79.04,NORMAL
50,111,-0.0751047147890086,81.72,NORMAL
50,112,-0.0740692389753024,81.25,NORMAL
50,113,-0.0890998735444054,87.99,NORMAL
50,114,-0.088332638716411,87.65,NORMAL
50,115,-0.1067620489478154,95.91,NORMAL
50,116,-0.1108897527801511,97.76,NORMAL
50,117,-0.0687093342462861,78.85,NORMAL
50,118,-0.087999422785099,87.5,NORMAL
50,119,-0.0895867451379685,88.21,NORMAL
50,120,-0.0895636067179423,88.2,NORMAL
50,121,-0.0990449121865381,92.45,NORMAL
50,122,-0.0943028632159539,90.32,NORMAL
50,123,-0.0643980672913343,76.91,NORMAL
50,124,-0.0365251942554823,64.42,WARNING
50,125,-0.0911630255752748,88.92,NORMAL
50,126,-0.0799722417358432,83.9,NORMAL
50,127,-0.0547659220344259,72.6,NORMAL
50,128,-0.0878046018406166,87.41,NORMAL
50,129,-0.0888577857756758,87.88,NORMAL
50,130,-0.0770700758784693,82.6,NORMAL
50,131,-0.0745734958537016,81.48,NORMAL
50,132,-0.1006862968047453,93.19,NORMAL
50,133,-0.0964435827320969,91.28,NORMAL
50,134,-0.0929874354311559,89.73,NORMAL
50,135,-0.0747546683714471,81.56,NORMAL
50,136,-0.0542756675910375,72.38,NORMAL
50,137,-0.0922997135532326,89.43,NORMAL
50,138,-0.0694750327253559,79.19,NORMAL
50,139,-0.0884074079709301,87.68,NORMAL
50,140,-0.0932168078554731,89.84,NORMAL
50,141,-0.0693631597346878,79.14,NORMAL
50,142,-0.0528144845842601,71.72,NORMAL
50,143,-0.0647229649239797,77.06,NORMAL
50,144,-0.0554022240205341,72.88,NORMAL
50,145,-0.0885156736973536,87.73,NORMAL
50,146,-0.0997121792216084,92.75,NORMAL
50,147,-0.061948477961422,75.82,NORMAL
50,148,-0.0279240566578627,60.56,WARNING
50,149,-0.0794962388964921,83.68,NORMAL
50,150,-0.0637462636276759,76.62,NORMAL
50,151,-0.0667545669022491,77.97,NORMAL
50,152,-0.0744618824932574,81.43,NORMAL
50,153,-0.0600841082581546,74.98,NORMAL
50,154,-0.0613298544896174,75.54,NORMAL
50,155,-0.074783099954908,81.57,NORMAL
50,156,-0.0424213475022731,67.06,WARNING
50,157,-0.0722809880745625,80.45,NORMAL
50,158,-0.0408500748918511,66.36,WARNING
50,159,-0.0667311283736753,77.96,NORMAL
50,160,-0.0500688392912449,70.49,NORMAL
50,161,-0.050833610864722,70.83,NORMAL
50,162,-0.044957303146769,68.2,WARNING
50,163,-0.0645624245275744,76.99,NORMAL
50,164,-0.0308366649113263,61.87,WARNING
50,165,-0.0292970771858946,61.17,WARNING
50,166,-0.0512369947557985,71.01,NORMAL
50,167,-0.0353171549954628,63.87,WARNING
50,168,0.0243881605369179,37.1,CRITICAL
50,169,-0.0248692389363249,59.19,WARNING
50,170,-0.036083275438712,64.22,WARNING
50,171,-0.0318466566908508,62.32,WARNING
50,172,-0.0503862428605959,70.63,NORMAL
50,173,-0.0399561847224657,65.95,WARNING
50,174,-0.005008127739403,50.28,WARNING
50,175,-0.0247787707905197,59.15,WARNING
50,176,-0.0248364747856469,59.17,WARNING
50,177,-0.0232125275909075,58.45,WARNING
50,178,-0.0018171223652415,48.85,WARNING
50,179,0.0362149365247775,31.8,CRITICAL
50,180,-0.002086219042733,48.97,WARNING
50,181,-0.0129786637161337,53.86,WARNING
50,182,0.0258280710411665,36.46,CRITICAL
50,183,0.0348546758582251,32.41,CRITICAL
50,184,0.0282171924169819,35.38,CRITICAL
50,185,0.0035254943355936,46.46,WARNING
50,186,0.0079559489329845,44.47,WARNING
50,187,0.0193174446962411,39.38,CRITICAL
50,188,0.0444311869351554,28.11,CRITICAL
50,189,0.0655454953006552,18.65,CRITICAL
50,190,0.0421468373231467,29.14,CRITICAL
50,191,0.040390522285517,29.93,CRITICAL
50,192,0.0213442213197087,38.47,CRITICAL
50,193,0.0735370052617528,15.06,CRITICAL
50,194,0.0694863819453176,16.88,CRITICAL
50,195,0.0947646683281625,5.54,CRITICAL
50,196,0.0440788118625079,28.27,CRITICAL
50,197,0.0824716600845173,11.06,CRITICAL
50,198,0.0704629654179501,16.44,CRITICAL
51,1,-0.0308963392344435,61.89,WARNING
51,2,-0.0459991199214932,68.66,WARNING
51,3,0.0188934749531203,39.57,CRITICAL
51,4,-0.0227023063976788,58.22,WARNING
51,5,-0.0395108800365719,65.75,WARNING
51,6,-0.0119913130588224,53.41,WARNING
51,7,-0.0220722307109642,57.93,WARNING
51,8,0.0135443355658638,41.96,WARNING
51,9,-0.0170387255864578,55.68,WARNING
51,10,-0.0133747400687764,54.03,WARNING
51,11,-0.0585004819739088,74.27,NORMAL
51,12,-0.0267829341279237,60.05,WARNING
51,13,-0.0153255726097012,54.91,WARNING
51,14,-0.0294598148122393,61.25,WARNING
51,15,-0.1004912110307645,93.1,NORMAL
51,16,-0.066312277400875,77.77,NORMAL
51,17,-0.0287487599535101,60.93,WARNING
51,18,-0.0355054274224754,63.96,WARNING
51,19,-0.0360232298773546,64.19,WARNING
51,20,-0.0769247227396402,82.53,NORMAL
51,21,-0.0205850186068656,57.27,WARNING
51,22,-0.0191122772052068,56.61,WARNING
51,23,-0.0410475369030247,66.44,WARNING
51,24,-0.0851719565777582,86.23,NORMAL
51,25,-0.0139714718696461,54.3,WARNING
51,26,-0.0230636605979633,58.38,WARNING
51,27,-0.0494189653256725,70.2,NORMAL
51,28,-0.0409469445393413,66.4,WARNING
51,29,-0.0659628106393154,77.62,NORMAL
51,30,-0.0579806305254039,74.04,NORMAL
51,31,-0.0468168574633924,69.03,WARNING
51,32,-0.0645730448284448,76.99,NORMAL
51,33,-0.0613331341358452,75.54,NORMAL
51,34,-0.0151476896087993,54.83,WARNING
51,35,-0.0604802669697827,75.16,NORMAL
51,36,-0.0628874960720912,76.24,NORMAL
51,37,-0.0252258668549491,59.35,WARNING
51,38,-0.008749190893795,51.96,WARNING
51,39,-0.049777507888322,70.36,NORMAL
51,40,-0.0606155507616103,75.22,NORMAL
51,41,-0.0660708639613552,77.66,NORMAL
51,42,-0.0287974901859371,60.95,WARNING
51,43,0.0784941664503354,12.84,CRITICAL
51,44,0.0094466159640463,43.8,WARNING
51,45,-0.0696742809483827,79.28,NORMAL
51,46,0.0030468312249628,46.67,WARNING
51,47,0.038616833829507,30.72,CRITICAL
51,48,-0.0428349944551109,67.25,WARNING
51,49,-0.0176423413680789,55.95,WARNING
51,50,-0.0705981053991798,79.69,NORMAL
51,51,-0.0173830312432685,55.83,WARNING
51,52,0.0419038193754421,29.25,CRITICAL
51,53,-0.0515246445538063,71.14,NORMAL
51,54,-0.0199850796149704,57.0,WARNING
51,55,-0.0448465831284543,68.15,WARNING
51,56,-0.0547165198342715,72.57,NORMAL
51,57,-0.0417161281802518,66.74,WARNING
51,58,-0.0093145888845239,52.21,WARNING
51,59,-0.0518899456975891,71.31,NORMAL
51,60,-0.0687206423720499,78.85,NORMAL
51,61,-0.0522012384378898,71.45,NORMAL
51,62,-0.0655621159645096,77.44,NORMAL
51,63,-0.0450176031867874,68.22,WARNING
51,64,-0.0237509329426936,58.69,WARNING
51,65,-0.0077131980115796,51.5,WARNING
51,66,-0.0333405843951118,62.99,WARNING
51,67,0.0085921494232631,44.18,WARNING
51,68,-0.0454767354228179,68.43,WARNING
51,69,-0.0686437139371357,78.82,NORMAL
51,70,-0.0063498162297785,50.88,WARNING
51,71,-0.0528197602767602,71.72,NORMAL
51,72,-0.0447778585115004,68.12,WARNING
51,73,-0.0604437456032488,75.14,NORMAL
51,74,-0.0185990954663251,56.38,WARNING
51,75,-0.0290068401207632,61.04,WARNING
51,76,-0.0400517690441528,66.0,WARNING
51,77,-0.0264759124730321,59.91,WARNING
51,78,-0.034972125689365,63.72,WARNING
51,79,-0.0669007174312083,78.04,NORMAL
51,80,-0.0532537362218027,71.92,NORMAL
51,81,-0.0201315952537955,57.06,WARNING
51,82,-0.0676459971641127,78.37,NORMAL
51,83,-0.0705090754868069,79.65,NORMAL
51,84,-0.0304606860179899,61.7,WARNING
51,85,-0.0640260926405087,76.75,NORMAL
51,86,-0.0868740519121192,86.99,NORMAL
51,87,0.0067643287516637,45.0,WARNING
51,88,-0.0446317461843769,68.05,WARNING
51,89,-0.0171927124175344,55.75,WARNING
51,90,-0.0323309270779592,62.54,WARNING
51,91,-0.0379478740202889,65.05,WARNING
51,92,-0.0532764920032996,71.93,NORMAL
51,93,-0.0196828690514634,56.86,WARNING
51,94,-0.0569171781424003,73.56,NORMAL
51,95,-0.0523529808447852,71.51,NORMAL
51,96,-0.0542194732942585,72.35,NORMAL
51,97,-0.0245862653418457,59.06,WARNING
51,98,-0.0965427375389711,91.33,NORMAL
51,99,-0.028655686309396,60.89,WARNING
51,100,-0.013737253816636,54.2,WARNING
51,101,-0.0364210236853508,64.37,WARNING
51,102,-0.0538985640999448,72.21,NORMAL
51,103,-0.0309567535060852,61.92,WARNING
51,104,-0.0873778353312857,87.22,NORMAL
51,105,-0.0696465031986106,79.27,NORMAL
51,106,-0.0529375549171837,71.78,NORMAL
51,107,-0.0528956178266417,71.76,NORMAL
51,108,0.0095606781979482,43.75,WARNING
51,109,-0.0399553144997645,65.95,WARNING
51,110,-0.0252340374531261,59.35,WARNING
51,111,-0.030055966052345,61.52,WARNING
51,112,-0.0719993017279279,80.32,NORMAL
51,113,-0.0336626942799701,63.13,WARNING
51,114,-0.0093925063079861,52.25,WARNING
51,115,-0.0463899486998789,68.84,WARNING
51,116,-0.0496656637286915,70.31,NORMAL
51,117,-0.0109886556340337,52.96,WARNING
51,118,-0.0371764739255544,64.71,WARNING
51,119,-0.0381175875955204,65.13,WARNING
51,120,-0.0419035879380196,66.83,WARNING
51,121,-0.038312694540235,65.22,WARNING
51,122,-0.0227307054644405,58.23,WARNING
51,123,-0.0594598131945471,74.7,NORMAL
51,124,-0.0866783632653712,86.91,NORMAL
51,125,-0.0489366475351377,69.98,WARNING
51,126,-0.0465425675171903,68.91,WARNING
51,127,-0.0396328189958934,65.81,WARNING
51,128,-0.0708095396179513,79.79,NORMAL
51,129,-0.0934433838120898,89.94,NORMAL
51,130,-0.0636385602651651,76.57,NORMAL
51,131,-0.0550380057546521,72.72,NORMAL
51,132,-0.0095510070061118,52.32,WARNING
51,133,-0.0485479914032851,69.81,WARNING
51,134,-0.0453824775397917,68.39,WARNING
51,135,-0.0485008042300109,69.79,WARNING
51,136,-0.039119890378552,65.58,WARNING
51,137,-0.0343942828686576,63.46,WARNING
51,138,-0.0667426888069887,77.97,NORMAL
51,139,-0.0647624252819334,77.08,NORMAL
51,140,-0.062851600143945,76.22,NORMAL
51,141,-0.0488288299307962,69.93,WARNING
51,142,0.0128585781626944,42.27,WARNING
51,143,-0.0214417959598938,57.65,WARNING
51,144,-0.038404907071056,65.26,WARNING
51,145,-0.017579036623845,55.92,WARNING
51,146,-0.052582705493206,71.62,NORMAL
51,147,-0.0314797970031068,62.15,WARNING
51,148,-0.0742182371868599,81.32,NORMAL
51,149,-0.0559207855010093,73.11,NORMAL
51,150,-0.0391427442628158,65.59,WARNING
51,151,-0.0474597775833062,69.32,WARNING
51,152,-0.0448218137040999,68.14,WARNING
51,153,-0.0208359286652483,57.38,WARNING
51,154,-0.0416072837389708,66.69,WARNING
51,155,-0.0431756102938659,67.4,WARNING
51,156,-0.0458642872841041,68.6,WARNING
51,157,-0.0493054561649058,70.15,NORMAL
51,158,-0.0295700364001366,61.3,WARNING
51,159,-0.0348792917845245,63.68,WARNING
51,160,-0.0378665292566357,65.02,WARNING
51,161,-0.042505456171869,67.1,WARNING
51,162,-0.0418111340417674,66.79,WARNING
51,163,-0.0136737312184179,54.17,WARNING
51,164,-0.0504296958654891,70.65,NORMAL
51,165,-0.0571172148877835,73.65,NORMAL
51,166,-0.0296046740264988,61.31,WARNING
51,167,-0.0210800791140657,57.49,WARNING
51,168,-0.0455175185189312,68.45,WARNING
51,169,-0.0269585671059636,60.13,WARNING
51,170,-0.0286781844672244,60.9,WARNING
51,171,-0.0235970666126936,58.62,WARNING
51,172,-0.0063152414373232,50.87,WARNING
51,173,-0.0236038084755694,58.62,WARNING
51,174,-0.026077887209514,59.73,WARNING
51,175,-0.0173782112795001,55.83,WARNING
51,176,-0.0021502006294525,49.0,WARNING
51,177,0.0128614381692869,42.27,WARNING
51,178,-0.018084169669681,56.15,WARNING
51,179,-0.0207907754511652,57.36,WARNING
51,180,-0.0271061909738474,60.19,WARNING
51,181,-0.0247207230950781,59.12,WARNING
51,182,-0.0382182527359416,65.18,WARNING
51,183,-0.0177127463649446,55.98,WARNING
51,184,0.0226240266393097,37.89,CRITICAL
51,185,-0.0142161555716938,54.41,WARNING
51,186,0.005491437237257,45.57,WARNING
51,187,-0.0087692777399296,51.97,WARNING
51,188,-0.0025376435826491,49.18,WARNING
51,189,0.0047806898397567,45.89,WARNING
51,190,0.0130430159244225,42.19,WARNING
51,191,0.0301832332337875,34.5,CRITICAL
51,192,0.0252565744375493,36.71,CRITICAL
51,193,0.0203575912652669,38.91,CRITICAL
51,194,0.0171792950426989,40.33,WARNING
51,195,0.0327837696780229,33.34,CRITICAL
51,196,0.0374359671431788,31.25,CRITICAL
51,197,0.0409621818357092,29.67,CRITICAL
51,198,0.0429765058519551,28.77,CRITICAL
51,199,0.0354132052943049,32.16,CRITICAL
51,200,0.0359741335637127,31.91,CRITICAL
51,201,0.0560666686379097,22.9,CRITICAL
51,202,0.0658356728198406,18.52,CRITICAL
51,203,0.0798734133459491,12.22,CRITICAL
51,204,0.0703177592000029,16.51,CRITICAL
51,205,0.0672305127022901,17.89,CRITICAL
51,206,0.0965597174290479,4.74,CRITICAL
51,207,0.0771200374746911,13.46,CRITICAL
51,208,0.1083071941742783,0.0,CRITICAL
51,209,0.0973063515383404,4.4,CRITICAL
51,210,0.1038050907090443,1.49,CRITICAL
51,211,0.1586287311128676,0.0,CRITICAL
51,212,0.1567007413945496,0.0,CRITICAL
51,213,0.1666534093939887,0.0,CRITICAL
52,1,-0.0993743106585737,92.6,NORMAL
52,2,-0.077690213352529,82.88,NORMAL
52,3,-0.0940674050419283,90.22,NORMAL
52,4,-0.0555639789485625,72.95,NORMAL
52,5,-0.0563054518517794,73.29,NORMAL
52,6,-0.0897381086822049,88.28,NORMAL
52,7,-0.0593973978731595,74.67,NORMAL
52,8,-0.0692513100454172,79.09,NORMAL
52,9,-0.0895444436644621,88.19,NORMAL
52,10,-0.0444720970322876,67.98,WARNING
52,11,-0.0669953413639452,78.08,NORMAL
52,12,-0.0736843886322542,81.08,NORMAL
52,13,-0.0680682781924432,78.56,NORMAL
52,14,-0.0850003422098625,86.15,NORMAL
52,15,-0.0917905151181541,89.2,NORMAL
52,16,-0.0737352128482212,81.1,NORMAL
52,17,-0.0852891212756002,86.28,NORMAL
52,18,-0.0954521684004955,90.84,NORMAL
52,19,-0.1200754545511885,100.0,NORMAL
52,20,-0.0897302098038483,88.27,NORMAL
52,21,-0.0795979117779419,83.73,NORMAL
52,22,-0.0702086056568669,79.52,NORMAL
52,23,-0.0775172215470791,82.8,NORMAL
52,24,-0.078381901579352,83.19,NORMAL
52,25,-0.0836389722244184,85.54,NORMAL
52,26,-0.1168395117247289,100.0,NORMAL
52,27,-0.0722934729305846,80.46,NORMAL
52,28,-0.0293242074934904,61.19,WARNING
52,29,-0.0774609450642794,82.77,NORMAL
52,30,-0.0948250149908559,90.56,NORMAL
52,31,-0.0844318062899686,85.9,NORMAL
52,32,-0.096143230452996,91.15,NORMAL
52,33,-0.094343096120719,90.34,NORMAL
52,34,-0.0879796139817316,87.49,NORMAL
52,35,-0.091574798015264,89.1,NORMAL
52,36,-0.0815980162578083,84.63,NORMAL
52,37,-0.0897511364522067,88.28,NORMAL
52,38,-0.074445498156791,81.42,NORMAL
52,39,-0.0818900041356271,84.76,NORMAL
52,40,-0.1118310508219296,98.18,NORMAL
52,41,-0.0790343642151573,83.48,NORMAL
52,42,-0.093000152426834,89.74,NORMAL
52,43,-0.1003585951821552,93.04,NORMAL
52,44,-0.0870525033578915,87.07,NORMAL
52,45,-0.0890687055034802,87.98,NORMAL
52,46,-0.0794725679412228,83.67,NORMAL
52,47,-0.0904979067574583,88.62,NORMAL
52,48,-0.0842733053113025,85.83,NORMAL
52,49,-0.101753000077587,93.67,NORMAL
52,50,-0.087179722583302,87.13,NORMAL
52,51,-0.0850233491900073,86.16,NORMAL
52,52,-0.1082390090752263,96.57,NORMAL
52,53,-0.1002361668001357,92.99,NORMAL
52,54,-0.0926272657700214,89.57,NORMAL
52,55,-0.0636122253547102,76.56,NORMAL
52,56,-0.0926156283174275,89.57,NORMAL
52,57,-0.0831695311123903,85.33,NORMAL
52,58,-0.1029111602848413,94.18,NORMAL
52,59,-0.079719187813446,83.78,NORMAL
52,60,-0.0857996543711081,86.51,NORMAL
52,61,-0.0905838666001035,88.66,NORMAL
52,62,-0.0985217160138989,92.22,NORMAL
52,63,-0.0832530521587357,85.37,NORMAL
52,64,-0.0720445255229962,80.34,NORMAL
52,65,-0.0831884404238564,85.34,NORMAL
52,66,-0.0849591764848916,86.13,NORMAL
52,67,-0.0980998884698711,92.03,NORMAL
52,68,-0.083482426195396,85.47,NORMAL
52,69,-0.0956674945301225,90.94,NORMAL
52,70,-0.0915376530603108,89.08,NORMAL
52,71,-0.1046241707093253,94.95,NORMAL
52,72,-0.0766008969925638,82.39,NORMAL
52,73,-0.0791848538829546,83.55,NORMAL
52,74,-0.0817579120877906,84.7,NORMAL
52,75,-0.0895259480815305,88.18,NORMAL
52,76,-0.0721489674884003,80.39,NORMAL
52,77,-0.085903300001047,86.56,NORMAL
52,78,-0.1018214069008496,93.7,NORMAL
52,79,-0.0914875192366001,89.06,NORMAL
52,80,-0.0662307146952412,77.74,NORMAL
52,81,-0.0768349859094077,82.49,NORMAL
52,82,-0.0914857829367365,89.06,NORMAL
52,83,-0.073299479956179,80.91,NORMAL
52,84,-0.0985877178446542,92.25,NORMAL
52,85,-0.100070728585563,92.91,NORMAL
52,86,-0.0966935217159328,91.4,NORMAL
52,87,-0.0721675148379948,80.4,NORMAL
52,88,-0.099669989582165,92.73,NORMAL
52,89,-0.0907015603493255,88.71,NORMAL
52,90,-0.0802343851178445,84.02,NORMAL
52,91,-0.1013044178089672,93.46,NORMAL
52,92,-0.0743630826324928,81.38,NORMAL
52,93,-0.073399828239868,80.95,NORMAL
52,94,-0.0809149985419526,84.32,NORMAL
52,95,-0.0976536554886796,91.83,NORMAL
52,96,-0.0395183171538888,65.76,WARNING
52,97,-0.080397630264076,84.09,NORMAL
52,98,-0.1100740124724545,97.4,NORMAL
52,99,-0.0984564432846012,92.19,NORMAL
52,100,-0.0769383733710418,82.54,NORMAL
52,101,-0.0729957288939362,80.77,NORMAL
52,102,-0.0916105295223753,89.12,NORMAL
52,103,-0.0972254635333502,91.63,NORMAL
52,104,-0.1005814986696353,93.14,NORMAL
52,105,-0.0968599136658776,91.47,NORMAL
52,106,-0.0919942275624866,89.29,NORMAL
52,107,-0.0997787661548037,92.78,NORMAL
52,108,-0.1008773073472942,93.27,NORMAL
52,109,-0.0605866054222271,75.21,NORMAL
52,110,-0.1037259440151688,94.55,NORMAL
52,111,-0.0602142923293606,75.04,NORMAL
52,112,-0.09369058961977,90.05,NORMAL
52,113,-0.0627510098162163,76.18,NORMAL
52,114,-0.0781063466814148,83.06,NORMAL
52,115,-0.1010087055736791,93.33,NORMAL
52,116,-0.0971237266213414,91.59,NORMAL
52,117,-0.0762037078278388,82.21,NORMAL
52,118,-0.0925930422147191,89.56,NORMAL
52,119,-0.0864286835583222,86.79,NORMAL
52,120,-0.0696780804584647,79.28,NORMAL
52,121,-0.1018565442760448,93.71,NORMAL
52,122,-0.1208064940876676,100.0,NORMAL
52,123,-0.0683060960652714,78.67,NORMAL
52,124,-0.0896958307039917,88.26,NORMAL
52,125,-0.0847814578762178,86.05,NORMAL
52,126,-0.0988935527324035,92.38,NORMAL
52,127,-0.0693621969238627,79.14,NORMAL
52,128,-0.0843532231378316,85.86,NORMAL
52,129,-0.0784908400090377,83.23,NORMAL
52,130,-0.0942542792821043,90.3,NORMAL
52,131,-0.0635261274021673,76.52,NORMAL
52,132,-0.0647585789107275,77.08,NORMAL
52,133,-0.1086998780090608,96.78,NORMAL
52,134,-0.1041402759327794,94.74,NORMAL
52,135,-0.0811469414795915,84.43,NORMAL
52,136,-0.1034288817706303,94.42,NORMAL
52,137,-0.0971301019260432,91.59,NORMAL
52,138,-0.0902312960371831,88.5,NORMAL
52,139,-0.0794194062752365,83.65,NORMAL
52,140,-0.0771648934164597,82.64,NORMAL
52,141,-0.0879256064922754,87.46,NORMAL
52,142,-0.0599613968489163,74.93,NORMAL
52,143,-0.091164449196383,88.92,NORMAL
52,144,-0.0833922794673348,85.43,NORMAL
52,145,-0.087869443073681,87.44,NORMAL
52,146,-0.0945833084962806,90.45,NORMAL
52,147,-0.1100549630506526,97.39,NORMAL
52,148,-0.0930301000302427,89.75,NORMAL
52,149,-0.0989511334568125,92.41,NORMAL
52,150,-0.0743920762384808,81.4,NORMAL
52,151,-0.0560765286590444,73.18,NORMAL
52,152,-0.0850843088541718,86.19,NORMAL
52,153,-0.0354442260646444,63.93,WARNING
52,154,-0.0429700798659324,67.31,WARNING
52,155,-0.0675306570358831,78.32,NORMAL
52,156,-0.0570567650486922,73.62,NORMAL
52,157,-0.0409256632778369,66.39,WARNING
52,158,-0.0750678848978713,81.7,NORMAL
52,159,-0.0735417625707766,81.01,NORMAL
52,160,-0.0863444481191758,86.76,NORMAL
52,161,-0.0339934945627355,63.28,WARNING
52,162,-0.0536326629606818,72.09,NORMAL
52,163,-0.0568015001164979,73.51,NORMAL
52,164,-0.0421222081739431,66.93,WARNING
52,165,-0.0410551113575799,66.45,WARNING
52,166,-0.0797733213125331,83.81,NORMAL
52,167,-0.0672182481663208,78.18,NORMAL
52,168,-0.0406603320792169,66.27,WARNING
52,169,-0.0130824473154607,53.9,WARNING
52,170,-0.0467371867246694,69.0,WARNING
52,171,-0.0643052787994695,76.87,NORMAL
52,172,-0.0543533935956446,72.41,NORMAL
52,173,-0.0434809233826156,67.54,WARNING
52,174,-0.0496265366206621,70.29,NORMAL
52,175,-0.0328741448128994,62.78,WARNING
52,176,-0.0161110655464405,55.26,WARNING
52,177,-0.0345059756277633,63.51,WARNING
52,178,-0.0303900826829373,61.66,WARNING
52,179,-0.0675507547289436,78.33,NORMAL
52,180,-0.0183690837258816,56.27,WARNING
52,181,-0.0463286845317551,68.81,WARNING
52,182,-0.0357503346469844,64.07,WARNING
52,183,-0.0215505890153555,57.7,WARNING
52,184,-0.011029980527536,52.98,WARNING
52,185,-0.0309251654556706,61.9,WARNING
52,186,-0.0271640608137697,60.22,WARNING
52,187,-0.0043345168432799,49.98,WARNING
52,188,0.0016829402907326,47.28,WARNING
52,189,0.0017333307512283,47.26,WARNING
52,190,-0.0048186104595839,50.2,WARNING
52,191,-0.0156138136473895,55.04,WARNING
52,192,0.0078949226807764,44.5,WARNING
52,193,0.0213561797622847,38.46,CRITICAL
52,194,-0.007084888791372,51.21,WARNING
52,195,-0.0099337474148225,52.49,WARNING
52,196,-0.0022864155219922,49.06,WARNING
52,197,0.0005839792293542,47.78,WARNING
52,198,0.0008699942482546,47.65,WARNING
52,199,0.0071169185483519,44.85,WARNING
52,200,0.0008566588397059,47.65,WARNING
52,201,-0.0073178000299013,51.32,WARNING
52,202,0.0067973419809914,44.99,WARNING
52,203,0.0453067392042001,27.72,CRITICAL
52,204,-0.0092937314237617,52.2,WARNING
52,205,0.0299246049791085,34.62,CRITICAL
52,206,0.0798498602450192,12.23,CRITICAL
52,207,0.0672134269268388,17.9,CRITICAL
52,208,0.0232230488529489,37.62,CRITICAL
52,209,0.0851906223942347,9.84,CRITICAL
52,210,0.0792880412009464,12.48,CRITICAL
52,211,0.0720713465488814,15.72,CRITICAL
52,212,0.0709283823463829,16.23,CRITICAL
52,213,0.0928513910858493,6.4,CRITICAL
53,1,-0.0860670741688415,86.63,NORMAL
53,2,-0.0908294800285252,88.77,NORMAL
53,3,-0.0740883728931502,81.26,NORMAL
53,4,-0.108780006510037,96.82,NORMAL
53,5,-0.0985704927276036,92.24,NORMAL
53,6,-0.0923825541149314,89.46,NORMAL
53,7,-0.0993573693706896,92.59,NORMAL
53,8,-0.0967325601032552,91.41,NORMAL
53,9,-0.1059294022205061,95.54,NORMAL
53,10,-0.1066188055986006,95.85,NORMAL
53,11,-0.056006153145664,73.15,NORMAL
53,12,-0.0507866149086151,70.81,NORMAL
53,13,-0.0782478393060254,83.13,NORMAL
53,14,-0.0660035337999427,77.63,NORMAL
53,15,-0.0576821815812084,73.9,NORMAL
53,16,-0.0926419726258193,89.58,NORMAL
53,17,-0.0866795924459118,86.91,NORMAL
53,18,-0.1108888509984608,97.76,NORMAL
53,19,-0.1107007060461923,97.68,NORMAL
53,20,-0.0801244102566545,83.97,NORMAL
53,21,-0.0987677392446286,92.33,NORMAL
53,22,-0.0846586397073351,86.0,NORMAL
53,23,-0.0989151038014193,92.39,NORMAL
53,24,-0.114776701708793,99.51,NORMAL
53,25,-0.0954937125951603,90.86,NORMAL
53,26,-0.0827604065017717,85.15,NORMAL
53,27,-0.08791130186424,87.46,NORMAL
53,28,-0.0904272636392989,88.59,NORMAL
53,29,-0.0857163573218285,86.47,NORMAL
53,30,-0.0887829025513918,87.85,NORMAL
53,31,-0.0298728298493329,61.43,WARNING
53,32,-0.0888363755756099,87.87,NORMAL
53,33,-0.0992173259445244,92.53,NORMAL
53,34,-0.0641517172129444,76.8,NORMAL
53,35,-0.0968415240259541,91.46,NORMAL
53,36,-0.0764550454585173,82.32,NORMAL
53,37,-0.088070419234929,87.53,NORMAL
53,38,-0.0902407766495552,88.5,NORMAL
53,39,-0.0810292003858451,84.37,NORMAL
53,40,-0.0969188269227597,91.5,NORMAL
53,41,-0.0939092634209211,90.15,NORMAL
53,42,-0.0880823522147219,87.54,NORMAL
53,43,-0.0718682674871031,80.26,NORMAL
53,44,-0.0552609207935373,72.82,NORMAL
53,45,-0.0458418443646402,68.59,WARNING
53,46,-0.1050937654788873,95.16,NORMAL
53,47,-0.116041726026153,100.0,NORMAL
53,48,-0.0214843630982101,57.67,WARNING
53,49,-0.0931374350338274,89.8,NORMAL
53,50,-0.0113236754884891,53.12,WARNING
53,51,-0.0639646689285757,76.72,NORMAL
53,52,-0.0821907697617305,84.89,NORMAL
53,53,-0.0633666922286735,76.45,NORMAL
53,54,-0.0769883095271901,82.56,NORMAL
53,55,-0.0779075476538462,82.97,NORMAL
53,56,-0.0862410430853422,86.71,NORMAL
53,57,-0.0643040416751648,76.87,NORMAL
53,58,-0.0752054942153236,81.76,NORMAL
53,59,-0.0973641545583295,91.7,NORMAL
53,60,-0.0933801303533167,89.91,NORMAL
53,61,-0.070370002607909,79.59,NORMAL
53,62,-0.0980840693897089,92.02,NORMAL
53,63,-0.1010559543139066,93.35,NORMAL
53,64,-0.0900656669790653,88.42,NORMAL
53,65,-0.1018778866302026,93.72,NORMAL
53,66,-0.1053706179677518,95.29,NORMAL
53,67,-0.0763012472051222,82.25,NORMAL
53,68,-0.0663176644240822,77.78,NORMAL
53,69,-0.0836976465355692,85.57,NORMAL
53,70,-0.0929850609340788,89.73,NORMAL
53,71,-0.1069388648136072,95.99,NORMAL
53,72,-0.0639117741452393,76.7,NORMAL
53,73,-0.0909829482532346,88.84,NORMAL
53,74,-0.0914849960044244,89.06,NORMAL
53,75,-0.0610583554844236,75.42,NORMAL
53,76,-0.0775645166141572,82.82,NORMAL
53,77,-0.0828290618414752,85.18,NORMAL
53,78,-0.0764598100222893,82.32,NORMAL
53,79,-0.0821772142628241,84.89,NORMAL
53,80,-0.1042415026449061,94.78,NORMAL
53,81,-0.0967315495799712,91.41,NORMAL
53,82,-0.0922862092308764,89.42,NORMAL
53,83,-0.0920857885248014,89.33,NORMAL
53,84,-0.0700016950557061,79.43,NORMAL
53,85,-0.0930159270693841,89.75,NORMAL
53,86,-0.0478734983306769,69.5,WARNING
53,87,-0.0928738005706739,89.68,NORMAL
53,88,-0.0650877256373708,77.22,NORMAL
53,89,-0.0934300508563539,89.93,NORMAL
53,90,-0.0908976213600222,88.8,NORMAL
53,91,-0.1013019122214594,93.46,NORMAL
53,92,-0.0855499297985384,86.4,NORMAL
53,93,-0.080484756269381,84.13,NORMAL
53,94,-0.117454355122527,100.0,NORMAL
53,95,-0.1099879598437182,97.36,NORMAL
53,96,-0.0462168221409607,68.76,WARNING
53,97,-0.0715386689871408,80.12,NORMAL
53,98,-0.0883796491325743,87.67,NORMAL
53,99,-0.0756377470338283,81.95,NORMAL
53,100,-0.1201214138251491,100.0,NORMAL
53,101,-0.0715927307183584,80.14,NORMAL
53,102,-0.1076244067425258,96.3,NORMAL
53,103,-0.043964823703838,67.75,WARNING
53,104,-0.0659489014699461,77.61,NORMAL
53,105,-0.0871165981481542,87.1,NORMAL
53,106,-0.0868789382544665,87.0,NORMAL
53,107,-0.1012716712070493,93.45,NORMAL
53,108,-0.0827067226615799,85.12,NORMAL
53,109,-0.0987679091394412,92.33,NORMAL
53,110,-0.0846688750044201,86.0,NORMAL
53,111,-0.0913422091255796,89.0,NORMAL
53,112,-0.0846686129026936,86.0,NORMAL
53,113,-0.1063712035968315,95.74,NORMAL
53,114,-0.0674020368443457,78.26,NORMAL
53,115,-0.0928839678917388,89.69,NORMAL
53,116,-0.1014068317567665,93.51,NORMAL
53,117,-0.0848016985046434,86.06,NORMAL
53,118,-0.0842725660476629,85.83,NORMAL
53,119,-0.0980926348817191,92.02,NORMAL
53,120,-0.0950682588737196,90.67,NORMAL
53,121,-0.050187014689178,70.54,NORMAL
53,122,-0.0871405633998162,87.11,NORMAL
53,123,-0.0791072557343648,83.51,NORMAL
53,124,-0.0868594606275079,86.99,NORMAL
53,125,-0.0854429189305883,86.35,NORMAL
53,126,-0.1024841531322267,93.99,NORMAL
53,127,-0.1103600399399677,97.52,NORMAL
53,128,-0.0880697591492871,87.53,NORMAL
53,129,-0.0512443726017995,71.02,NORMAL
53,130,-0.0817108107293211,84.68,NORMAL
53,131,-0.0525615908803575,71.61,NORMAL
53,132,-0.0780745772454403,83.05,NORMAL
53,133,-0.0825783459821475,85.07,NORMAL
53,134,-0.0678618809174019,78.47,NORMAL
53,135,-0.0794667892031339,83.67,NORMAL
53,136,-0.0540641667008842,72.28,NORMAL
53,137,-0.1027307705548297,94.1,NORMAL
53,138,-0.0740147127770763,81.23,NORMAL
53,139,-0.0762446120608236,82.23,NORMAL
53,140,-0.0746754523797253,81.52,NORMAL
53,141,-0.06263253516852,76.12,NORMAL
53,142,-0.0564030343916398,73.33,NORMAL
53,143,-0.0507058677321108,70.77,NORMAL
53,144,-0.077410839774532,82.75,NORMAL
53,145,-0.0748416666582802,81.6,NORMAL
53,146,-0.0828684965628145,85.2,NORMAL
53,147,-0.0742186555906839,81.32,NORMAL
53,148,-0.0601736644373538,75.02,NORMAL
53,149,-0.0382183853355174,65.18,WARNING
53,150,-0.0646529987921563,77.03,NORMAL
53,151,-0.055916292836743,73.11,NORMAL
53,152,-0.0593164926750443,74.64,NORMAL
53,153,-0.0291982252130106,61.13,WARNING
53,154,-0.057631317554693,73.88,NORMAL
53,155,-0.0400920321507335,66.02,WARNING
53,156,-0.0556054828577062,72.97,NORMAL
53,157,-0.0142805810312027,54.44,WARNING
53,158,-0.0394652914906258,65.73,WARNING
53,159,-0.0702934504327829,79.56,NORMAL
53,160,-0.0502027258628193,70.55,NORMAL
53,161,-0.0154359169468725,54.96,WARNING
53,162,-0.051815327033068,71.27,NORMAL
53,163,-0.0171327942064864,55.72,WARNING
53,164,-0.0315618567141947,62.19,WARNING
53,165,-0.0410950391436191,66.47,WARNING
53,166,-0.0454214325190979,68.41,WARNING
53,167,-0.0266788289033421,60.0,WARNING
53,168,-0.0147418532548425,54.65,WARNING
53,169,-0.0088862366035115,52.02,WARNING
53,170,0.002042758140771,47.12,WARNING
53,171,-0.0111464550408195,53.04,WARNING
53,172,-0.0198718792494337,56.95,WARNING
53,173,-0.0172310794980639,55.76,WARNING
53,174,0.0145024658788978,41.53,WARNING
53,175,-0.018411461826454,56.29,WARNING
53,176,-0.0291739334916334,61.12,WARNING
53,177,0.0011942575490433,47.5,WARNING
53,178,-0.0022154784990335,49.03,WARNING
53,179,-0.0119392819978622,53.39,WARNING
53,180,0.0191778658964676,39.44,CRITICAL
53,181,0.0315180787532937,33.9,CRITICAL
53,182,-0.0080431794221001,51.64,WARNING
53,183,0.0362099503804371,31.8,CRITICAL
53,184,0.0326163191802088,33.41,CRITICAL
53,185,0.0208701107805945,38.68,CRITICAL
53,186,0.0463982149274497,27.23,CRITICAL
53,187,0.0191600822323785,39.45,CRITICAL
53,188,0.0474284364877307,26.77,CRITICAL
53,189,0.106364168318267,0.34,CRITICAL
53,190,0.0688141370611544,17.18,CRITICAL
53,191,0.0953137821254569,5.3,CRITICAL
53,192,0.103145717036072,1.79,CRITICAL
53,193,0.1087468963268457,0.0,CRITICAL
53,194,0.0975883718261211,4.28,CRITICAL
53,195,0.1134299684041044,0.0,CRITICAL
54,1,-0.040773597361452,66.32,WARNING
54,2,-0.05746019829016,73.8,NORMAL
54,3,-0.0087513488865311,51.96,WARNING
54,4,-0.0765238477872543,82.35,NORMAL
54,5,0.0091342790987004,43.94,WARNING
54,6,0.0226294206623218,37.89,CRITICAL
54,7,-0.0743315531467559,81.37,NORMAL
54,8,-0.0080022709480372,51.63,WARNING
54,9,-0.0454332087566204,68.41,WARNING
54,10,-0.0445519641958277,68.02,WARNING
54,11,-0.0411861804714711,66.51,WARNING
54,12,-0.0491144063392033,70.06,NORMAL
54,13,-0.0655812055102,77.45,NORMAL
54,14,-0.0353366782051005,63.88,WARNING
54,15,-0.0041823152802866,49.91,WARNING
54,16,0.0013018051215945,47.45,WARNING
54,17,-0.0366467174139656,64.47,WARNING
54,18,-0.0258110250345903,59.61,WARNING
54,19,-0.0314976836663642,62.16,WARNING
54,20,-0.0558103393904514,73.06,NORMAL
54,21,-0.0426872272974442,67.18,WARNING
54,22,-0.0317627306952892,62.28,WARNING
54,23,-0.0349803041633381,63.72,WARNING
54,24,0.0409575413895557,29.67,CRITICAL
54,25,-0.0635900001804889,76.55,NORMAL
54,26,-0.0616221661199959,75.67,NORMAL
54,27,-0.045212575071503,68.31,WARNING
54,28,-0.0104903368067791,52.74,WARNING
54,29,-0.0617966027696919,75.75,NORMAL
54,30,-0.0703606322728835,79.59,NORMAL
54,31,-0.0546540317449192,72.55,NORMAL
54,32,-0.0499031562723206,70.41,NORMAL
54,33,-0.029272975934338,61.16,WARNING
54,34,-0.0612552515781116,75.51,NORMAL
54,35,0.0272283184480149,35.83,CRITICAL
54,36,-0.0675859626458126,78.34,NORMAL
54,37,-0.0142364385449191,54.42,WARNING
54,38,-0.0462742719342211,68.79,WARNING
54,39,-0.030258525463661,61.61,WARNING
54,40,-0.0633056926890152,76.42,NORMAL
54,41,-0.0083982744516135,51.8,WARNING
54,42,-0.0062143552526793,50.82,WARNING
54,43,-0.0301351617138846,61.55,WARNING
54,44,-0.0359935890184095,64.18,WARNING
54,45,-0.0317058909764364,62.25,WARNING
54,46,-0.0778289380472664,82.94,NORMAL
54,47,-0.017726388735321,55.99,WARNING
54,48,-0.0579415255641244,74.02,NORMAL
54,49,-0.0211759173049176,57.53,WARNING
54,50,-0.0241870883097508,58.88,WARNING
54,51,-0.0491321637355998,70.07,NORMAL
54,52,-0.0322973070810853,62.52,WARNING
54,53,-0.0348755501269122,63.68,WARNING
54,54,-0.0290802966734549,61.08,WARNING
54,55,-0.0518348703977276,71.28,NORMAL
54,56,-0.0337740298913997,63.18,WARNING
54,57,0.0172263936384624,40.31,WARNING
54,58,-0.0551457133718203,72.77,NORMAL
54,59,-0.0894244812720004,88.14,NORMAL
54,60,-0.0155528489492834,55.01,WARNING
54,61,-0.0492063316608296,70.1,NORMAL
54,62,-0.0101348152885841,52.58,WARNING
54,63,-0.0507182150008478,70.78,NORMAL
54,64,0.0116334594682938,42.82,WARNING
54,65,-0.0334420099222567,63.03,WARNING
54,66,-0.0746727326314228,81.52,NORMAL
54,67,-0.0825467806594317,85.05,NORMAL
54,68,-0.0535298545867454,72.04,NORMAL
54,69,-0.050832072901488,70.83,NORMAL
54,70,-0.060420014318742,75.13,NORMAL
54,71,-0.0388533342299947,65.46,WARNING
54,72,-0.0867411584272043,86.93,NORMAL
54,73,-0.0981847538442334,92.07,NORMAL
54,74,0.0309029407592332,34.18,CRITICAL
54,75,-0.0666349824554078,77.92,NORMAL
54,76,-0.051776547106283,71.25,NORMAL
54,77,-0.0250063648015629,59.25,WARNING
54,78,-0.0502576486765976,70.57,NORMAL
54,79,-0.0625178417314351,76.07,NORMAL
54,80,-0.0573081479398419,73.74,NORMAL
54,81,-0.022471228603864,58.11,WARNING
54,82,-0.0535997409854269,72.07,NORMAL
54,83,-0.0125722122336495,53.68,WARNING
54,84,-0.0395792832018462,65.79,WARNING
54,85,-0.079967327059071,83.9,NORMAL
54,86,-0.0243333790376421,58.95,WARNING
54,87,0.0052452009290484,45.69,WARNING
54,88,-0.0585341892936135,74.29,NORMAL
54,89,-0.0274645477329159,60.35,WARNING
54,90,-0.0602132554408486,75.04,NORMAL
54,91,-0.0481106899496981,69.61,WARNING
54,92,-0.0490987857153671,70.05,NORMAL
54,93,-0.0579977445323068,74.04,NORMAL
54,94,-0.0668598954805929,78.02,NORMAL
54,95,-0.0264207985614652,59.88,WARNING
54,96,-0.0696055612084576,79.25,NORMAL
54,97,-0.0827793406262826,85.16,NORMAL
54,98,-0.0589425730433703,74.47,NORMAL
54,99,-0.0929563741280839,89.72,NORMAL
54,100,-0.0838242811425474,85.63,NORMAL
54,101,-0.0294459891739602,61.24,WARNING
54,102,-0.0738399475601511,81.15,NORMAL
54,103,-0.0182947492996785,56.24,WARNING
54,104,-0.0420713594869917,66.9,WARNING
54,105,-0.0820479919952915,84.83,NORMAL
54,106,-0.0383564572005311,65.24,WARNING
54,107,-0.0581384602300406,74.11,NORMAL
54,108,-0.09631006708603,91.22,NORMAL
54,109,-0.0808918004568566,84.31,NORMAL
54,110,0.0209799177194839,38.63,CRITICAL
54,111,-0.1028998325557228,94.18,NORMAL
54,112,-0.0785088193165728,83.24,NORMAL
54,113,-0.0309079032963996,61.9,WARNING
54,114,-0.0139823238687187,54.31,WARNING
54,115,-0.0505288366430766,70.7,NORMAL
54,116,-0.0352821393638646,63.86,WARNING
54,117,-0.0434894141423961,67.54,WARNING
54,118,-0.0759245680197282,82.08,NORMAL
54,119,-0.0254011342991704,59.43,WARNING
54,120,-0.0068366905553424,51.1,WARNING
54,121,-0.0825017114979502,85.03,NORMAL
54,122,-0.0721570972781751,80.39,NORMAL
54,123,-0.0684318373654236,78.72,NORMAL
54,124,-0.0784915873605622,83.23,NORMAL
54,125,-0.0682601591258849,78.65,NORMAL
54,126,-0.0953845032724171,90.81,NORMAL
54,127,-0.0396000508517048,65.79,WARNING
54,128,-0.0406853390739058,66.28,WARNING
54,129,-0.0615906925210858,75.66,NORMAL
54,130,-0.0586517010480018,74.34,NORMAL
54,131,-0.0710608953098729,79.9,NORMAL
54,132,-0.0792130704729801,83.56,NORMAL
54,133,-0.0807748428274524,84.26,NORMAL
54,134,-0.0677965997329544,78.44,NORMAL
54,135,-0.0659348079606542,77.6,NORMAL
54,136,-0.0761605045356367,82.19,NORMAL
54,137,-0.0973801777089219,91.7,NORMAL
54,138,-0.0689281859831009,78.95,NORMAL
54,139,-0.0917337332093964,89.17,NORMAL
54,140,-0.089252033325426,88.06,NORMAL
54,141,-0.058635530309583,74.33,NORMAL
54,142,-0.0872765161775168,87.17,NORMAL
54,143,-0.0765877564934723,82.38,NORMAL
54,144,-0.0840022348160871,85.71,NORMAL
54,145,-0.0533993731633975,71.98,NORMAL
54,146,-0.0546623042865306,72.55,NORMAL
54,147,-0.0724890670127356,80.54,NORMAL
54,148,-0.0645402386309237,76.98,NORMAL
54,149,-0.0740484436245794,81.24,NORMAL
54,150,-0.0269359948307305,60.12,WARNING
54,151,-0.0498141351229804,70.37,NORMAL
54,152,-0.0585856440570311,74.31,NORMAL
54,153,-0.0902305023677695,88.5,NORMAL
54,154,-0.0610722501338281,75.42,NORMAL
54,155,-0.0703343659367481,79.58,NORMAL
54,156,-0.0620586790656736,75.87,NORMAL
54,157,-0.0854804039865028,86.37,NORMAL
54,158,-0.0645615977911654,76.99,NORMAL
54,159,-0.0865916581858369,86.87,NORMAL
54,160,-0.0617301579632968,75.72,NORMAL
54,161,-0.0570377705301531,73.61,NORMAL
54,162,-0.0538217359577564,72.17,NORMAL
54,163,-0.0556344663435276,72.98,NORMAL
54,164,-0.0676834328800923,78.39,NORMAL
54,165,-0.0766720280639711,82.42,NORMAL
54,166,-0.0733143123969025,80.91,NORMAL
54,167,-0.0755361859010587,81.91,NORMAL
54,168,-0.0590825591837987,74.53,NORMAL
54,169,-0.089165431963864,88.02,NORMAL
54,170,-0.0858242221770794,86.52,NORMAL
54,171,-0.0604912431372771,75.16,NORMAL
54,172,-0.1014784522276791,93.54,NORMAL
54,173,-0.0580129403956009,74.05,NORMAL
54,174,-0.048625209447594,69.84,WARNING
54,175,-0.0904701948024497,88.61,NORMAL
54,176,-0.0788621628897867,83.4,NORMAL
54,177,-0.0716305766131849,80.16,NORMAL
54,178,-0.0941770066903085,90.27,NORMAL
54,179,-0.0846983031141362,86.02,NORMAL
54,180,0.0018015381470762,47.23,WARNING
54,181,-0.0462233561763194,68.76,WARNING
54,182,-0.0551310562020836,72.76,NORMAL
54,183,-0.0584417264375475,74.24,NORMAL
54,184,-0.0975037327639095,91.76,NORMAL
54,185,-0.0586708545238707,74.35,NORMAL
54,186,-0.0306667142676416,61.79,WARNING
54,187,-0.0837568399171261,85.6,NORMAL
54,188,-0.0853338167623184,86.3,NORMAL
54,189,-0.0826804775609978,85.11,NORMAL
54,190,-0.0876564154275431,87.34,NORMAL
54,191,-0.0856559408780844,86.45,NORMAL
54,192,-0.0773735984604249,82.73,NORMAL
54,193,-0.0648280394531726,77.11,NORMAL
54,194,-0.0561794064678338,73.23,NORMAL
54,195,-0.071281170451611,80.0,NORMAL
54,196,-0.0837772371795117,85.6,NORMAL
54,197,-0.0711546382844809,79.94,NORMAL
54,198,-0.0665508437635964,77.88,NORMAL
54,199,-0.064807878897733,77.1,NORMAL
54,200,-0.0434485786388785,67.52,WARNING
54,201,-0.0720290896086712,80.34,NORMAL
54,202,-0.051847867932507,71.29,NORMAL
54,203,-0.069113512585979,79.03,NORMAL
54,204,-0.0037991578935519,49.74,WARNING
54,205,-0.0292076510762812,61.13,WARNING
54,206,-0.0557311707810991,73.03,NORMAL
54,207,-0.0631359099466127,76.35,NORMAL
54,208,-0.0880463067615569,87.52,NORMAL
54,209,-0.0597718569640446,74.84,NORMAL
54,210,-0.0443217814411114,67.91,WARNING
54,211,-0.0546691712929849,72.55,NORMAL
54,212,-0.0510739790882482,70.94,NORMAL
54,213,-0.0347785284874026,63.63,WARNING
54,214,-0.0347996558472586,63.64,WARNING
54,215,-0.0285249333030045,60.83,WARNING
54,216,-0.0291072879572313,61.09,WARNING
54,217,-0.0142561141697681,54.43,WARNING
54,218,-0.0138371626565454,54.24,WARNING
54,219,-0.0131122529101527,53.92,WARNING
54,220,-0.0256711221427911,59.55,WARNING
54,221,-0.0378246509962174,65.0,WARNING
54,222,-0.0217954842718699,57.81,WARNING
54,223,-0.0466960330893624,68.98,WARNING
54,224,-0.0398373284279074,65.9,WARNING
54,225,-0.0303727122147448,61.66,WARNING
54,226,0.0098312015833083,43.63,WARNING
54,227,-0.0196424726207747,56.85,WARNING
54,228,-0.0439839443242163,67.76,WARNING
54,229,-0.0510557742418317,70.93,NORMAL
54,230,-0.0296190221393179,61.32,WARNING
54,231,-0.019650871045872,56.85,WARNING
54,232,-0.0077693900100887,51.52,WARNING
54,233,0.0079380515667827,44.48,WARNING
54,234,-0.0017032112726182,48.8,WARNING
54,235,-0.0047200786489688,50.15,WARNING
54,236,-0.0211566386134581,57.52,WARNING
54,237,-0.0111774897750652,53.05,WARNING
54,238,0.0064348430687701,45.15,WARNING
54,239,-0.0051824620919782,50.36,WARNING
54,240,-0.0009848947455746,48.48,WARNING
54,241,-0.0063347901954538,50.88,WARNING
54,242,0.0116235841140029,42.83,WARNING
54,243,-0.0050088994005095,50.28,WARNING
54,244,0.0473153938009149,26.82,CRITICAL
54,245,0.0319341550244551,33.72,CRITICAL
54,246,0.0115339631336476,42.87,WARNING
54,247,0.0302468903522702,34.47,CRITICAL
54,248,0.0213288209202926,38.47,CRITICAL
54,249,0.0678119562874592,17.63,CRITICAL
54,250,0.0435744672025092,28.5,CRITICAL
54,251,0.0400364778464148,30.08,CRITICAL
54,252,0.0966878737327724,4.68,CRITICAL
54,253,0.05548164629482,23.16,CRITICAL
54,254,0.0873912208235775,8.85,CRITICAL
54,255,0.1086343138705386,0.0,CRITICAL
54,256,0.05846643738073,21.82,CRITICAL
54,257,0.1033621465438552,1.69,CRITICAL
55,1,-0.0876718087670395,87.35,NORMAL
55,2,-0.0846553304100754,86.0,NORMAL
55,3,-0.0851918578635985,86.24,NORMAL
55,4,-0.0823047032439741,84.94,NORMAL
55,5,-0.0903720977442844,88.56,NORMAL
55,6,-0.0646309899257928,77.02,NORMAL
55,7,-0.0811462079326973,84.42,NORMAL
55,8,-0.0642700159554094,76.86,NORMAL
55,9,-0.0641829239757,76.82,NORMAL
55,10,-0.0905739242318949,88.65,NORMAL
55,11,-0.1067534793748374,95.91,NORMAL
55,12,-0.0822065040573665,84.9,NORMAL
55,13,-0.0727029315098844,80.64,NORMAL
55,14,-0.0892360016922286,88.05,NORMAL
55,15,-0.0977837707386268,91.89,NORMAL
55,16,-0.0877534018566671,87.39,NORMAL
55,17,-0.0758260527181992,82.04,NORMAL
55,18,-0.0975928798544747,91.8,NORMAL
55,19,-0.07470100936717,81.53,NORMAL
55,20,-0.1027989348968345,94.13,NORMAL
55,21,-0.0945843607851221,90.45,NORMAL
55,22,-0.0603789487753425,75.11,NORMAL
55,23,-0.0919535249036521,89.27,NORMAL
55,24,-0.0515077534017118,71.13,NORMAL
55,25,-0.084328646472529,85.85,NORMAL
55,26,-0.0777569693789848,82.9,NORMAL
55,27,-0.092977113723224,89.73,NORMAL
55,28,-0.1111626691401879,97.88,NORMAL
55,29,-0.1085372423184971,96.71,NORMAL
55,30,-0.0717333441283413,80.2,NORMAL
55,31,-0.0988904038830226,92.38,NORMAL
55,32,-0.0962467613634529,91.2,NORMAL
55,33,-0.0923434482843015,89.45,NORMAL
55,34,-0.0991990568142624,92.52,NORMAL
55,35,-0.1066800265035608,95.87,NORMAL
55,36,-0.0684741390169743,78.74,NORMAL
55,37,-0.0940114787296684,90.19,NORMAL
55,38,-0.0992627516094179,92.55,NORMAL
55,39,-0.0679056627655006,78.49,NORMAL
55,40,-0.0730930650488596,80.81,NORMAL
55,41,-0.0897176511382645,88.27,NORMAL
55,42,-0.1008565986695153,93.26,NORMAL
55,43,-0.0960147209326701,91.09,NORMAL
55,44,-0.1060116331166488,95.57,NORMAL
55,45,-0.0615883211916254,75.65,NORMAL
55,46,-0.0895249967868855,88.18,NORMAL
55,47,-0.0878480708889306,87.43,NORMAL
55,48,-0.0564539454668115,73.35,NORMAL
55,49,-0.1068512470372985,95.95,NORMAL
55,50,-0.0531063878641525,71.85,NORMAL
55,51,-0.1084570616425459,96.67,NORMAL
55,52,-0.0934835737495786,89.96,NORMAL
55,53,-0.0835029486318115,85.48,NORMAL
55,54,-0.0818811494341583,84.75,NORMAL
55,55,-0.0856438653017034,86.44,NORMAL
55,56,-0.1080441673806758,96.49,NORMAL
55,57,-0.1066396128445608,95.86,NORMAL
55,58,-0.0938694368876157,90.13,NORMAL
55,59,-0.0811826167148966,84.44,NORMAL
55,60,-0.1122939594599786,98.39,NORMAL
55,61,-0.1063867104784912,95.74,NORMAL
55,62,-0.093947836409741,90.17,NORMAL
55,63,-0.0865665312263631,86.86,NORMAL
55,64,-0.0444808553754324,67.98,WARNING
55,65,-0.102755618394168,94.11,NORMAL
55,66,-0.104023534768035,94.68,NORMAL
55,67,-0.0832565271317955,85.37,NORMAL
55,68,-0.0946225503293048,90.47,NORMAL
55,69,-0.0737941675374885,81.13,NORMAL
55,70,-0.09672455801522,91.41,NORMAL
55,71,-0.0891974646201028,88.04,NORMAL
55,72,-0.116123221938472,100.0,NORMAL
55,73,-0.1176242496741797,100.0,NORMAL
55,74,-0.0595557188345524,74.74,NORMAL
55,75,-0.0968900379276001,91.48,NORMAL
55,76,-0.1118578037803163,98.2,NORMAL
55,77,-0.0940794975810853,90.22,NORMAL
55,78,-0.0886689117460111,87.8,NORMAL
55,79,-0.0697904817090218,79.33,NORMAL
55,80,-0.1066611374561296,95.87,NORMAL
55,81,-0.0851687596919623,86.23,NORMAL
55,82,-0.0662474717517575,77.74,NORMAL
55,83,-0.1067762747729678,95.92,NORMAL
55,84,-0.1123186100412965,98.4,NORMAL
55,85,-0.0506690328598305,70.76,NORMAL
55,86,-0.0933158005686234,89.88,NORMAL
55,87,-0.0740754011880135,81.25,NORMAL
55,88,-0.0715691029960411,80.13,NORMAL
55,89,-0.0907566599423869,88.73,NORMAL
55,90,-0.0985440485837971,92.23,NORMAL
55,91,-0.0902707549482996,88.52,NORMAL
55,92,-0.0939984104673731,90.19,NORMAL
55,93,-0.0986036885316583,92.25,NORMAL
55,94,-0.1034376402018204,94.42,NORMAL
55,95,-0.0996465567871638,92.72,NORMAL
55,96,-0.086323653578931,86.75,NORMAL
55,97,-0.1099217969192281,97.33,NORMAL
55,98,-0.0934283481525645,89.93,NORMAL
55,99,-0.1184084835249283,100.0,NORMAL
55,100,-0.0407336269521046,66.3,WARNING
55,101,-0.0986981845589351,92.3,NORMAL
55,102,-0.0729838194833973,80.76,NORMAL
55,103,-0.1105199420615952,97.6,NORMAL
55,104,-0.0850663723424718,86.18,NORMAL
55,105,-0.0967836616263834,91.44,NORMAL
55,106,-0.0899326380040623,88.36,NORMAL
55,107,-0.0562849485763154,73.28,NORMAL
55,108,-0.0877062575252351,87.37,NORMAL
55,109,-0.1077812243918759,96.37,NORMAL
55,110,-0.0971885241564379,91.62,NORMAL
55,111,-0.080742421489387,84.24,NORMAL
55,112,-0.0749288136037548,81.64,NORMAL
55,113,-0.0967435014527571,91.42,NORMAL
55,114,-0.1111406276437648,97.87,NORMAL
55,115,-0.0978033756375612,91.89,NORMAL
55,116,-0.0763593299149157,82.28,NORMAL
55,117,-0.0719627632323752,80.31,NORMAL
55,118,-0.086548442526477,86.85,NORMAL
55,119,-0.1110806534966622,97.85,NORMAL
55,120,-0.0900677165131195,88.43,NORMAL
55,121,-0.0880923810708952,87.54,NORMAL
55,122,-0.0925780942482312,89.55,NORMAL
55,123,-0.09669499263701,91.4,NORMAL
55,124,-0.1093910255460146,97.09,NORMAL
55,125,-0.0814509664982169,84.56,NORMAL
55,126,-0.0937838853735696,90.09,NORMAL
55,127,-0.0664603129496516,77.84,NORMAL
55,128,-0.0765782776535216,82.38,NORMAL
55,129,-0.0829125748943327,85.22,NORMAL
55,130,-0.086705803941414,86.92,NORMAL
55,131,-0.0429771039466594,67.31,WARNING
55,132,-0.1035171492017894,94.46,NORMAL
55,133,-0.1067431118122121,95.9,NORMAL
55,134,-0.0652100160382031,77.28,NORMAL
55,135,-0.0777754309555214,82.91,NORMAL
55,136,-0.088668894629954,87.8,NORMAL
55,137,-0.0473065196389793,69.25,WARNING
55,138,-0.0942076845250778,90.28,NORMAL
55,139,-0.0608447905697703,75.32,NORMAL
55,140,-0.0780076768912778,83.02,NORMAL
55,141,-0.1054977985443397,95.34,NORMAL
55,142,-0.0883693789635716,87.66,NORMAL
55,143,-0.0492149144932099,70.11,NORMAL
55,144,-0.0690216612629593,78.99,NORMAL
55,145,-0.0642786664688329,76.86,NORMAL
55,146,-0.0775265079377988,82.8,NORMAL
55,147,-0.0529972009048113,71.8,NORMAL
55,148,-0.0468380585554754,69.04,WARNING
55,149,-0.0669141194931476,78.04,NORMAL
55,150,-0.0809361444513047,84.33,NORMAL
55,151,-0.0602144155397976,75.04,NORMAL
55,152,-0.067836307606085,78.46,NORMAL
55,153,-0.0452854722741272,68.34,WARNING
55,154,-0.053264622177329,71.92,NORMAL
55,155,-0.0713185142471252,80.02,NORMAL
55,156,-0.0652150706718417,77.28,NORMAL
55,157,-0.0318108553116984,62.3,WARNING
55,158,-0.0250127503460813,59.25,WARNING
55,159,-0.0203275398304115,57.15,WARNING
55,160,-0.038614698878171,65.35,WARNING
55,161,-0.0183424902006553,56.26,WARNING
55,162,-0.0634971660787943,76.51,NORMAL
55,163,-0.0053785186612381,50.45,WARNING
55,164,-0.0232394152763861,58.46,WARNING
55,165,-0.0271992648221492,60.23,WARNING
55,166,-0.0083306973521725,51.77,WARNING
55,167,-0.0139269826661432,54.28,WARNING
55,168,-0.0210077232262581,57.46,WARNING
55,169,-0.0204762553175095,57.22,WARNING
55,170,-0.0152595070189821,54.88,WARNING
55,171,0.0033951847308428,46.51,WARNING
55,172,-0.0003882355695663,48.21,WARNING
55,173,0.0301519185659177,34.52,CRITICAL
55,174,-0.005872493610469,50.67,WARNING
55,175,0.0031694900840656,46.62,WARNING
55,176,0.0042084826952963,46.15,WARNING
55,177,0.0335060260658429,33.01,CRITICAL
55,178,0.013778949618618,41.86,WARNING
55,179,0.0384433586331002,30.8,CRITICAL
55,180,0.0745525609317391,14.61,CRITICAL
55,181,0.0623277049229757,20.09,CRITICAL
55,182,0.0449310883278422,27.89,CRITICAL
55,183,0.0643135429028688,19.2,CRITICAL
55,184,0.0648755166417345,18.95,CRITICAL
55,185,0.0744752207110258,14.64,CRITICAL
55,186,0.0844926272306344,10.15,CRITICAL
55,187,0.0884341076704787,8.38,CRITICAL
55,188,0.0899067616872404,7.72,CRITICAL
55,189,0.1033457403479127,1.7,CRITICAL
55,190,0.1373403916799059,0.0,CRITICAL
55,191,0.0762953771780551,13.83,CRITICAL
55,192,0.1088583561431247,0.0,CRITICAL
55,193,0.1287103375649524,0.0,CRITICAL
56,1,-0.0729985052585959,80.77,NORMAL
56,2,-0.0886429358953817,87.79,NORMAL
56,3,-0.0895357958764024,88.19,NORMAL
56,4,-0.09587732115229,91.03,NORMAL
56,5,-0.0878737329636613,87.44,NORMAL
56,6,-0.0608701368314451,75.33,NORMAL
56,7,-0.1093802636857047,97.09,NORMAL
56,8,-0.0794311512456875,83.66,NORMAL
56,9,-0.0880969368603098,87.54,NORMAL
56,10,-0.0892095848292594,88.04,NORMAL
56,11,-0.099905145772392,92.84,NORMAL
56,12,-0.1172351471215765,100.0,NORMAL
56,13,-0.0980227044022377,91.99,NORMAL
56,14,-0.0984198328476113,92.17,NORMAL
56,15,-0.1107179646063254,97.69,NORMAL
56,16,-0.0853361447922237,86.3,NORMAL
56,17,-0.1032380005218778,94.33,NORMAL
56,18,-0.0578938527518752,74.0,NORMAL
56,19,-0.0850769277004152,86.19,NORMAL
56,20,-0.1103383982323882,97.52,NORMAL
56,21,-0.1131677755315774,98.78,NORMAL
56,22,-0.0705480336357931,79.67,NORMAL
56,23,-0.0638324973665295,76.66,NORMAL
56,24,-0.1000035859962899,92.88,NORMAL
56,25,-0.0975838238266251,91.8,NORMAL
56,26,-0.1023569405012903,93.94,NORMAL
56,27,-0.0802745937558312,84.03,NORMAL
56,28,-0.092429633133974,89.48,NORMAL
56,29,-0.0985275634900945,92.22,NORMAL
56,30,-0.1127962051837859,98.62,NORMAL
56,31,-0.0982250544562276,92.08,NORMAL
56,32,-0.0898010281457274,88.31,NORMAL
56,33,-0.1000638894900139,92.91,NORMAL
56,34,-0.0963808526597058,91.26,NORMAL
56,35,-0.0936160889072318,90.02,NORMAL
56,36,-0.0778859533946259,82.96,NORMAL
56,37,-0.0908261147038299,88.77,NORMAL
56,38,-0.0709539544604989,79.85,NORMAL
56,39,-0.08472970367413,86.03,NORMAL
56,40,-0.0900248275526767,88.41,NORMAL
56,41,-0.0709565450103866,79.86,NORMAL
56,42,-0.085342926937481,86.31,NORMAL
56,43,-0.1044220923458916,94.86,NORMAL
56,44,-0.0892459385779069,88.06,NORMAL
56,45,-0.0860314411033971,86.62,NORMAL
56,46,-0.1009555049237128,93.31,NORMAL
56,47,-0.0787631061114473,83.36,NORMAL
56,48,-0.0899984309375013,88.39,NORMAL
56,49,-0.0791843233463,83.55,NORMAL
56,50,-0.0917910190509411,89.2,NORMAL
56,51,-0.0388441233408272,65.46,WARNING
56,52,-0.0555559563784908,72.95,NORMAL
56,53,-0.0654136847764061,77.37,NORMAL
56,54,-0.0968161032003885,91.45,NORMAL
56,55,-0.0898092311190411,88.31,NORMAL
56,56,-0.0700907122593709,79.47,NORMAL
56,57,-0.0626718662956908,76.14,NORMAL
56,58,-0.1037107260887274,94.54,NORMAL
56,59,-0.1100997514751976,97.41,NORMAL
56,60,-0.0615219130357339,75.62,NORMAL
56,61,-0.1100841051249497,97.4,NORMAL
56,62,-0.0589112390216178,74.45,NORMAL
56,63,-0.0631399690837638,76.35,NORMAL
56,64,-0.093314384685037,89.88,NORMAL
56,65,-0.1000794975033713,92.91,NORMAL
56,66,-0.0870143209970039,87.06,NORMAL
56,67,-0.0626819048135974,76.15,NORMAL
56,68,-0.0986808045632227,92.29,NORMAL
56,69,-0.1061814746506497,95.65,NORMAL
56,70,-0.0827118459840909,85.13,NORMAL
56,71,-0.0679241068018823,78.5,NORMAL
56,72,-0.1036626840802102,94.52,NORMAL
56,73,-0.081097823423662,84.4,NORMAL
56,74,-0.1019023147979132,93.73,NORMAL
56,75,-0.0754312841970336,81.86,NORMAL
56,76,-0.0988288725294639,92.35,NORMAL
56,77,-0.0995572310183692,92.68,NORMAL
56,78,-0.0915759982102094,89.1,NORMAL
56,79,-0.0953557869677613,90.8,NORMAL
56,80,-0.0915955438276385,89.11,NORMAL
56,81,-0.0779826280055038,83.01,NORMAL
56,82,-0.0756873087831132,81.98,NORMAL
56,83,-0.10295574802191,94.2,NORMAL
56,84,-0.1005612568345028,93.13,NORMAL
56,85,-0.0912702518031478,88.96,NORMAL
56,86,-0.0563396923167384,73.3,NORMAL
56,87,-0.1057674571415372,95.47,NORMAL
56,88,-0.0905198448976886,88.63,NORMAL
56,89,-0.1116746387634162,98.11,NORMAL
56,90,-0.0971867067240322,91.62,NORMAL
56,91,-0.1213480988258629,100.0,NORMAL
56,92,-0.1055380879456863,95.36,NORMAL
56,93,-0.1161289148243859,100.0,NORMAL
56,94,-0.1125975879677224,98.53,NORMAL
56,95,-0.0938669097280731,90.13,NORMAL
56,96,-0.0969218720675355,91.5,NORMAL
56,97,-0.0639374038280936,76.71,NORMAL
56,98,-0.0655797985151447,77.44,NORMAL
56,99,-0.0848461683385706,86.08,NORMAL
56,100,-0.1007600500614499,93.22,NORMAL
56,101,-0.0931933172084424,89.83,NORMAL
56,102,-0.0826092090341906,85.08,NORMAL
56,103,-0.0978200902810456,91.9,NORMAL
56,104,-0.0561580497631238,73.22,NORMAL
56,105,-0.1029193438488098,94.19,NORMAL
56,106,-0.1099223388665867,97.33,NORMAL
56,107,-0.1038588452180043,94.61,NORMAL
56,108,-0.0931892482179909,89.83,NORMAL
56,109,-0.0683225154028947,78.67,NORMAL
56,110,-0.0790848583447204,83.5,NORMAL
56,111,-0.1001105987660819,92.93,NORMAL
56,112,-0.0976055616006404,91.81,NORMAL
56,113,-0.0597478921029255,74.83,NORMAL
56,114,-0.0751929142238056,81.76,NORMAL
56,115,-0.0804606199901099,84.12,NORMAL
56,116,-0.0957597416713078,90.98,NORMAL
56,117,-0.0725342420456602,80.56,NORMAL
56,118,-0.1024602014885092,93.98,NORMAL
56,119,-0.1003808867795741,93.05,NORMAL
56,120,-0.0812084586729807,84.45,NORMAL
56,121,-0.101261054525536,93.44,NORMAL
56,122,-0.0998785283383782,92.82,NORMAL
56,123,-0.093940482602669,90.16,NORMAL
56,124,-0.0978930818692197,91.93,NORMAL
56,125,-0.0903407736586854,88.55,NORMAL
56,126,-0.0390184475859692,65.53,WARNING
56,127,-0.0821211353085032,84.86,NORMAL
56,128,-0.1113238532578465,97.96,NORMAL
56,129,-0.0718289889340132,80.25,NORMAL
56,130,-0.0707946865509249,79.78,NORMAL
56,131,-0.1044075072162996,94.86,NORMAL
56,132,-0.0920323031674328,89.31,NORMAL
56,133,-0.0742680937833788,81.34,NORMAL
56,134,-0.0679210971599192,78.49,NORMAL
56,135,-0.101512153693037,93.56,NORMAL
56,136,-0.0948295382832621,90.56,NORMAL
56,137,-0.0804251769320539,84.1,NORMAL
56,138,-0.0922521902918989,89.4,NORMAL
56,139,-0.1022746700884751,93.9,NORMAL
56,140,-0.0614714637772488,75.6,NORMAL
56,141,-0.0929315947819257,89.71,NORMAL
56,142,-0.0797653606738252,83.81,NORMAL
56,143,-0.0953549679101703,90.8,NORMAL
56,144,-0.0957238033918604,90.96,NORMAL
56,145,-0.0898958533298228,88.35,NORMAL
56,146,-0.1013828702167,93.5,NORMAL
56,147,-0.1099373757236699,97.34,NORMAL
56,148,-0.0897899023741903,88.3,NORMAL
56,149,-0.0777563200519111,82.9,NORMAL
56,150,-0.0811914310056109,84.45,NORMAL
56,151,-0.0977276520612356,91.86,NORMAL
56,152,-0.0957422830283711,90.97,NORMAL
56,153,-0.0849855450337226,86.15,NORMAL
56,154,-0.1093958582450916,97.09,NORMAL
56,155,-0.0549821841642052,72.69,NORMAL
56,156,-0.0663479629776273,77.79,NORMAL
56,157,-0.0972850977595115,91.66,NORMAL
56,158,-0.0880519554340585,87.52,NORMAL
56,159,-0.0773921463332972,82.74,NORMAL
56,160,-0.04829408360188,69.69,WARNING
56,161,-0.0969671831630328,91.52,NORMAL
56,162,-0.0917726783878893,89.19,NORMAL
56,163,-0.076022397183536,82.13,NORMAL
56,164,-0.0937050358855004,90.06,NORMAL
56,165,-0.0971209310974884,91.59,NORMAL
56,166,-0.0811431093578324,84.42,NORMAL
56,167,-0.0567092029201564,73.47,NORMAL
56,168,-0.0845993901377779,85.97,NORMAL
56,169,-0.073734890555264,81.1,NORMAL
56,170,-0.0716674606101595,80.17,NORMAL
56,171,-0.0817489923325929,84.7,NORMAL
56,172,-0.084912173000594,86.11,NORMAL
56,173,-0.059133994923857,74.55,NORMAL
56,174,-0.0905740584288097,88.65,NORMAL
56,175,-0.0854366572940993,86.35,NORMAL
56,176,-0.0822233093644025,84.91,NORMAL
56,177,-0.0871203843284859,87.1,NORMAL
56,178,-0.0828873875242652,85.21,NORMAL
56,179,-0.1123001492278457,98.39,NORMAL
56,180,-0.0663347253824177,77.78,NORMAL
56,181,-0.1014126154293534,93.51,NORMAL
56,182,-0.051471334537629,71.12,NORMAL
56,183,-0.088143714960336,87.56,NORMAL
56,184,-0.0744635116701677,81.43,NORMAL
56,185,-0.0647273496895789,77.06,NORMAL
56,186,-0.0879214676952271,87.46,NORMAL
56,187,-0.0733444673196745,80.93,NORMAL
56,188,-0.0906827680446951,88.7,NORMAL
56,189,-0.0478186582323824,69.48,WARNING
56,190,-0.0821869969800037,84.89,NORMAL
56,191,-0.0818386591107072,84.74,NORMAL
56,192,-0.0732814904532285,80.9,NORMAL
56,193,-0.0578802308373369,73.99,NORMAL
56,194,-0.0818624612135549,84.75,NORMAL
56,195,-0.0502977069528057,70.59,NORMAL
56,196,-0.0797509017423841,83.8,NORMAL
56,197,-0.0779808041175535,83.01,NORMAL
56,198,-0.0426054414561072,67.14,WARNING
56,199,-0.0538256237900661,72.17,NORMAL
56,200,-0.0644100987609729,76.92,NORMAL
56,201,-0.0968768848569882,91.48,NORMAL
56,202,-0.0803434430304733,84.06,NORMAL
56,203,-0.0408047484685405,66.33,WARNING
56,204,-0.0499672710724477,70.44,NORMAL
56,205,-0.0511904434943528,70.99,NORMAL
56,206,-0.0711617818910173,79.95,NORMAL
56,207,-0.0748037121747076,81.58,NORMAL
56,208,-0.0760861502065726,82.16,NORMAL
56,209,-0.0564912872070204,73.37,NORMAL
56,210,-0.0593617369131888,74.66,NORMAL
56,211,-0.0480543719044878,69.59,WARNING
56,212,-0.0580889298313375,74.09,NORMAL
56,213,-0.0221648510046746,57.98,WARNING
56,214,-0.0158348631293487,55.14,WARNING
56,215,-0.0587308538309268,74.37,NORMAL
56,216,-0.0464008149988811,68.84,WARNING
56,217,-0.0411897199862738,66.51,WARNING
56,218,-0.0301117044967682,61.54,WARNING
56,219,-0.036616894412501,64.46,WARNING
56,220,-0.0577435776944109,73.93,NORMAL
56,221,-0.0521041834345346,71.4,NORMAL
56,222,-0.034773434271621,63.63,WARNING
56,223,-0.0425607157316638,67.12,WARNING
56,224,-0.0599148926859679,74.9,NORMAL
56,225,-0.0255983782122021,59.52,WARNING
56,226,-0.0341772132698534,63.36,WARNING
56,227,-0.0259807300567717,59.69,WARNING
56,228,-0.0451044970017052,68.26,WARNING
56,229,-0.0522457681515123,71.47,NORMAL
56,230,-0.0099788713989728,52.51,WARNING
56,231,-0.0285519905882823,60.84,WARNING
56,232,-0.008920826764121,52.04,WARNING
56,233,-0.0280296866614004,60.61,WARNING
56,234,-0.0039870424437264,49.83,WARNING
56,235,-0.0379429480278415,65.05,WARNING
56,236,-0.0162973241045709,55.35,WARNING
56,237,-0.024390687320635,58.97,WARNING
56,238,-0.0159167181300469,55.17,WARNING
56,239,0.0003939842592987,47.86,WARNING
56,240,0.0439020267727084,28.35,CRITICAL
56,241,0.0120528185279135,42.63,WARNING
56,242,0.0053069770986873,45.66,WARNING
56,243,0.0146519897332543,41.47,WARNING
56,244,-0.0167760853595767,55.56,WARNING
56,245,0.0044593380916972,46.04,WARNING
56,246,-0.0184190169538144,56.3,WARNING
56,247,-0.0066443942952931,51.02,WARNING
56,248,0.0018414670344032,47.21,WARNING
56,249,0.0044003655112746,46.06,WARNING
56,250,0.0329027376494444,33.28,CRITICAL
56,251,0.0193994049124499,39.34,CRITICAL
56,252,0.0050295040295343,45.78,WARNING
56,253,-0.0107568010969856,52.86,WARNING
56,254,0.0385335749176171,30.76,CRITICAL
56,255,0.0296765669000949,34.73,CRITICAL
56,256,0.0174457181785409,40.21,WARNING
56,257,0.0381549321591633,30.93,CRITICAL
56,258,0.0317649817334129,33.79,CRITICAL
56,259,0.0196682947182865,39.22,CRITICAL
56,260,0.0424075701491388,29.02,CRITICAL
56,261,0.0692294936990575,16.99,CRITICAL
56,262,0.0649982051878024,18.89,CRITICAL
56,263,0.053133829233591,24.21,CRITICAL
56,264,0.0525014370804951,24.49,CRITICAL
56,265,0.0444222140625808,28.12,CRITICAL
56,266,0.0411822491170537,29.57,CRITICAL
56,267,0.0390248875497497,30.54,CRITICAL
56,268,0.0765842683887148,13.7,CRITICAL
56,269,0.0463816459915394,27.24,CRITICAL
56,270,0.075507148204032,14.18,CRITICAL
56,271,0.0766154747748488,13.68,CRITICAL
56,272,0.0591136225040103,21.53,CRITICAL
56,273,0.080415741399792,11.98,CRITICAL
56,274,0.0692591004539893,16.98,CRITICAL
56,275,0.106388970611121,0.33,CRITICAL
57,1,-0.0708549373128077,79.81,NORMAL
57,2,-0.075741821058347,82.0,NORMAL
57,3,-0.0845782685288771,85.96,NORMAL
57,4,-0.0750069480963392,81.67,NORMAL
57,5,-0.0929391299154355,89.71,NORMAL
57,6,-0.0521500994978684,71.42,NORMAL
57,7,-0.0399890032366425,65.97,WARNING
57,8,-0.0851178570496728,86.21,NORMAL
57,9,-0.0480311621404611,69.58,WARNING
57,10,-0.088789040465844,87.85,NORMAL
57,11,-0.0929965910267254,89.74,NORMAL
57,12,-0.1007319443854282,93.21,NORMAL
57,13,-0.0703474023229049,79.58,NORMAL
57,14,-0.0782502730444438,83.13,NORMAL
57,15,-0.0705695080930532,79.68,NORMAL
57,16,-0.0500024809853564,70.46,NORMAL
57,17,-0.0457297668654783,68.54,WARNING
57,18,-0.0778346546056345,82.94,NORMAL
57,19,-0.0939851425491267,90.18,NORMAL
57,20,-0.0643012374328339,76.87,NORMAL
57,21,-0.1060936972967112,95.61,NORMAL
57,22,-0.0497147728424881,70.33,NORMAL
57,23,-0.0846560460334513,86.0,NORMAL
57,24,-0.0991770679903075,92.51,NORMAL
57,25,-0.084597127522505,85.97,NORMAL
57,26,0.0184913429068742,39.75,CRITICAL
57,27,-0.0786433213165174,83.3,NORMAL
57,28,-0.0347197233364194,63.61,WARNING
57,29,-0.0622278684606371,75.94,NORMAL
57,30,-0.0371058402535061,64.68,WARNING
57,31,-0.065633379719193,77.47,NORMAL
57,32,-0.0648248956365569,77.11,NORMAL
57,33,-0.0547273854165543,72.58,NORMAL
57,34,-0.0957465601391603,90.97,NORMAL
57,35,-0.0855632808863234,86.41,NORMAL
57,36,-0.0939010317279954,90.14,NORMAL
57,37,-0.0868342927959749,86.98,NORMAL
57,38,-0.0587152873260279,74.37,NORMAL
57,39,-0.1079174895730792,96.43,NORMAL
57,40,-0.0715888966131997,80.14,NORMAL
57,41,-0.0865439942933978,86.85,NORMAL
57,42,-0.088787489350836,87.85,NORMAL
57,43,-0.037319179368719,64.77,WARNING
57,44,-0.0551253207769736,72.76,NORMAL
57,45,-0.0794653887616996,83.67,NORMAL
57,46,-0.0791062094614241,83.51,NORMAL
57,47,-0.0903728537789897,88.56,NORMAL
57,48,-0.0676156532250072,78.36,NORMAL
57,49,-0.1030924653626778,94.27,NORMAL
57,50,-0.0377209696742519,64.95,WARNING
57,51,-0.0933965279588319,89.92,NORMAL
57,52,-0.0788483488970127,83.39,NORMAL
57,53,-0.0744327699120663,81.41,NORMAL
57,54,-0.0890002746945093,87.95,NORMAL
57,55,-0.0685090856855766,78.76,NORMAL
57,56,-0.0676552463616416,78.38,NORMAL
57,57,-0.100975986470458,93.32,NORMAL
57,58,-0.0669143393960095,78.04,NORMAL
57,59,-0.1102913657255386,97.49,NORMAL
57,60,-0.0582197092181387,74.14,NORMAL
57,61,-0.0289048760837447,61.0,WARNING
57,62,-0.0879740975330787,87.49,NORMAL
57,63,-0.1005879045110673,93.14,NORMAL
57,64,-0.0746785805145627,81.52,NORMAL
57,65,-0.0809300967227711,84.33,NORMAL
57,66,-0.0798384594714425,83.84,NORMAL
57,67,-0.0784473897165832,83.21,NORMAL
57,68,-0.059319516452961,74.64,NORMAL
57,69,-0.0848898646293501,86.1,NORMAL
57,70,-0.0747644096300144,81.56,NORMAL
57,71,-0.0786575263775747,83.31,NORMAL
57,72,-0.0889821639310401,87.94,NORMAL
57,73,-0.0623489956281269,76.0,NORMAL
57,74,-0.0923322881976212,89.44,NORMAL
57,75,-0.0644207787276061,76.92,NORMAL
57,76,-0.0762820521368245,82.24,NORMAL
57,77,-0.0657582210481813,77.52,NORMAL
57,78,-0.1196425775901749,100.0,NORMAL
57,79,-0.1048490076259636,95.05,NORMAL
57,80,-0.0855882974056023,86.42,NORMAL
57,81,-0.0979258100690241,91.95,NORMAL
57,82,-0.0759494482306119,82.09,NORMAL
57,83,-0.0542073761384349,72.34,NORMAL
57,84,-0.0535331895850005,72.04,NORMAL
57,85,-0.0616918216430724,75.7,NORMAL
57,86,-0.0759369719183832,82.09,NORMAL
57,87,-0.1008752806476029,93.27,NORMAL
57,88,-0.0835469809528317,85.5,NORMAL
57,89,-0.0689848216376448,78.97,NORMAL
57,90,-0.0725839218204882,80.59,NORMAL
57,91,-0.0720890646389674,80.36,NORMAL
57,92,-0.0967061811970818,91.4,NORMAL
57,93,-0.0645660004023978,76.99,NORMAL
57,94,-0.0979187793068252,91.95,NORMAL
57,95,-0.0982545384510241,92.1,NORMAL
57,96,-0.0545691377594642,72.51,NORMAL
57,97,-0.0488831032644402,69.96,WARNING
57,98,-0.0902749141083708,88.52,NORMAL
57,99,-0.0693841668594767,79.15,NORMAL
57,100,-0.0642043690487049,76.83,NORMAL
57,101,-0.0760806290205836,82.15,NORMAL
57,102,-0.0730360341345676,80.79,NORMAL
57,103,-0.0870069680427474,87.05,NORMAL
57,104,-0.071812389351862,80.24,NORMAL
57,105,-0.0473768976923049,69.28,WARNING
57,106,-0.0526774308639737,71.66,NORMAL
57,107,-0.0732467694675683,80.88,NORMAL
57,108,-0.0533987324440879,71.98,NORMAL
57,109,-0.0381788077906423,65.16,WARNING
57,110,-0.0451689522490127,68.29,WARNING
57,111,-0.057240616717599,73.71,NORMAL
57,112,-0.0284328290884346,60.79,WARNING
57,113,-0.037649029684021,64.92,WARNING
57,114,-0.0558467645611261,73.08,NORMAL
57,115,-0.0313863322892689,62.11,WARNING
57,116,-0.0307519069983474,61.83,WARNING
57,117,-0.0501013284509915,70.5,NORMAL
57,118,-0.021992075777762,57.9,WARNING
57,119,-0.0181505830273667,56.18,WARNING
57,120,0.0060341369082488,45.33,WARNING
57,121,-0.008246038393266,51.74,WARNING
57,122,0.0154384696404463,41.11,WARNING
57,123,0.0298527136984876,34.65,CRITICAL
57,124,0.0101733133658089,43.48,WARNING
57,125,0.0084170073637406,44.26,WARNING
57,126,0.0023081513535824,47.0,WARNING
57,127,0.0036821150203785,46.39,WARNING
57,128,-0.0005544092785123,48.29,WARNING
57,129,0.0094719945740111,43.79,WARNING
57,130,0.042591257631531,28.94,CRITICAL
57,131,0.0626080292862035,19.96,CRITICAL
57,132,0.0912276515684182,7.13,CRITICAL
57,133,0.0756213366833328,14.13,CRITICAL
57,134,0.0792496284034597,12.5,CRITICAL
57,135,0.1040900044544812,1.36,CRITICAL
57,136,0.1344613183008056,0.0,CRITICAL
57,137,0.1357054293250086,0.0,CRITICAL
58,1,-0.0756492190429187,81.96,NORMAL
58,2,-0.0762589966500946,82.23,NORMAL
58,3,-0.0708652436247074,79.81,NORMAL
58,4,-0.0937126430807286,90.06,NORMAL
58,5,-0.1018017040470827,93.69,NORMAL
58,6,-0.0633779831372551,76.46,NORMAL
58,7,-0.101823439759982,93.7,NORMAL
58,8,-0.0856801093532497,86.46,NORMAL
58,9,-0.0732352580640398,80.88,NORMAL
58,10,-0.0300956335161823,61.53,WARNING
58,11,-0.0684740923779502,78.74,NORMAL
58,12,-0.0826190529722191,85.09,NORMAL
58,13,-0.0452142863515657,68.31,WARNING
58,14,-0.0540775356858618,72.29,NORMAL
58,15,-0.098721847663285,92.31,NORMAL
58,16,-0.0968268819873164,91.46,NORMAL
58,17,-0.0945450048606336,90.43,NORMAL
58,18,-0.0761153057888115,82.17,NORMAL
58,19,-0.0241268893854913,58.86,WARNING
58,20,-0.0985067697563331,92.21,NORMAL
58,21,-0.0879454327260312,87.47,NORMAL
58,22,-0.0956654451191009,90.94,NORMAL
58,23,-0.0824842158319842,85.02,NORMAL
58,24,-0.0927857688573876,89.64,NORMAL
58,25,-0.0991415760938477,92.49,NORMAL
58,26,-0.0717215742253177,80.2,NORMAL
58,27,-0.0996908247891824,92.74,NORMAL
58,28,-0.0633907571847103,76.46,NORMAL
58,29,-0.1141488687631478,99.22,NORMAL
58,30,-0.0634292571638847,76.48,NORMAL
58,31,-0.1076770825376984,96.32,NORMAL
58,32,-0.0527459705899671,71.69,NORMAL
58,33,-0.0836781643704109,85.56,NORMAL
58,34,-0.0442861229280045,67.9,WARNING
58,35,-0.0915290547708284,89.08,NORMAL
58,36,-0.0589931327667864,74.49,NORMAL
58,37,-0.0675370510821246,78.32,NORMAL
58,38,-0.0849944054806479,86.15,NORMAL
58,39,-0.0273416305758449,60.3,WARNING
58,40,-0.0912045083218756,88.94,NORMAL
58,41,-0.0748004669847885,81.58,NORMAL
58,42,-0.0416733928983527,66.72,WARNING
58,43,-0.0922077332591291,89.38,NORMAL
58,44,-0.0701704598087509,79.5,NORMAL
58,45,-0.0682509462491073,78.64,NORMAL
58,46,-0.078987617509989,83.46,NORMAL
58,47,-0.0653334230016705,77.33,NORMAL
58,48,-0.0917601938421552,89.18,NORMAL
58,49,-0.0609392184367947,75.36,NORMAL
58,50,-0.0839621655200121,85.69,NORMAL
58,51,-0.1073998069267846,96.2,NORMAL
58,52,-0.1025597334377068,94.03,NORMAL
58,53,-0.0950639745063558,90.67,NORMAL
58,54,-0.0862482398461226,86.71,NORMAL
58,55,-0.0694072305528761,79.16,NORMAL
58,56,-0.0848038860299771,86.06,NORMAL
58,57,-0.0695058882492894,79.21,NORMAL
58,58,-0.1095033797870949,97.14,NORMAL
58,59,-0.0894874542849482,88.17,NORMAL
58,60,-0.0930878209415405,89.78,NORMAL
58,61,-0.0698965923182352,79.38,NORMAL
58,62,-0.0962300397470454,91.19,NORMAL
58,63,-0.0868883867838586,87.0,NORMAL
58,64,-0.0830380877077738,85.27,NORMAL
58,65,-0.0839388390424884,85.68,NORMAL
58,66,-0.0830979404771166,85.3,NORMAL
58,67,-0.1075608273760851,96.27,NORMAL
58,68,-0.0997692958400251,92.78,NORMAL
58,69,-0.0897075530101485,88.26,NORMAL
58,70,-0.0684631724654784,78.74,NORMAL
58,71,-0.091499915999258,89.07,NORMAL
58,72,-0.0991330094897007,92.49,NORMAL
58,73,-0.0540364903075094,72.27,NORMAL
58,74,-0.0810314652408327,84.37,NORMAL
58,75,-0.0796476779574981,83.75,NORMAL
58,76,-0.1161720993849019,100.0,NORMAL
58,77,-0.0852469163320983,86.26,NORMAL
58,78,-0.0905627174229815,88.65,NORMAL
58,79,-0.098840632148356,92.36,NORMAL
58,80,-0.1037846188383631,94.58,NORMAL
58,81,-0.1056462863122475,95.41,NORMAL
58,82,-0.0966102783896763,91.36,NORMAL
58,83,-0.0822974538255542,84.94,NORMAL
58,84,-0.1054477821190296,95.32,NORMAL
58,85,-0.0913646429185906,89.01,NORMAL
58,86,-0.0798591951852575,83.85,NORMAL
58,87,-0.1091912833872791,97.0,NORMAL
58,88,-0.0926127828380731,89.57,NORMAL
58,89,-0.0819115415453051,84.77,NORMAL
58,90,-0.1084429860233906,96.67,NORMAL
58,91,-0.0972153576576577,91.63,NORMAL
58,92,-0.0817101484281772,84.68,NORMAL
58,93,-0.1102384424354572,97.47,NORMAL
58,94,-0.0830228542015986,85.27,NORMAL
58,95,-0.0948208045721218,90.56,NORMAL
58,96,-0.1052697861793169,95.24,NORMAL
58,97,-0.0858108154923885,86.52,NORMAL
58,98,-0.0837347529799618,85.59,NORMAL
58,99,-0.0964518298701107,91.29,NORMAL
58,100,-0.0855343969371353,86.39,NORMAL
58,101,-0.097636907836904,91.82,NORMAL
58,102,-0.0966016041809399,91.36,NORMAL
58,103,-0.0912546254649744,88.96,NORMAL
58,104,-0.0962304889787595,91.19,NORMAL
58,105,-0.0571575908859708,73.67,NORMAL
58,106,-0.0660371814627074,77.65,NORMAL
58,107,-0.0714417636963123,80.07,NORMAL
58,108,-0.1043476092714458,94.83,NORMAL
58,109,-0.0635128637968274,76.52,NORMAL
58,110,-0.0748665320335583,81.61,NORMAL
58,111,-0.0927730222279321,89.64,NORMAL
58,112,-0.0679561343922895,78.51,NORMAL
58,113,-0.0861853834357105,86.68,NORMAL
58,114,-0.0662665542821683,77.75,NORMAL
58,115,-0.0803288393850722,84.06,NORMAL
58,116,-0.0893306153896932,88.09,NORMAL
58,117,-0.0682353752883128,78.64,NORMAL
58,118,-0.0617079951369992,75.71,NORMAL
58,119,-0.068839013295638,78.91,NORMAL
58,120,-0.0669611432931913,78.06,NORMAL
58,121,-0.0582213385665381,74.14,NORMAL
58,122,-0.0660222188068956,77.64,NORMAL
58,123,-0.0766982046184228,82.43,NORMAL
58,124,-0.0542346789090015,72.36,NORMAL
58,125,-0.0577775445847087,73.95,NORMAL
58,126,-0.0531920679309761,71.89,NORMAL
58,127,-0.0580281127317707,74.06,NORMAL
58,128,-0.0497928699117589,70.37,NORMAL
58,129,-0.0651433239417714,77.25,NORMAL
58,130,-0.0222780260431513,58.03,WARNING
58,131,-0.023562383821019,58.6,WARNING
58,132,0.0084384450735401,44.25,WARNING
58,133,-0.0298951304740029,61.44,WARNING
58,134,-0.0462339519515097,68.77,WARNING
58,135,-0.0103308240550856,52.67,WARNING
58,136,0.0564848882778404,22.71,CRITICAL
58,137,0.0275930112507999,35.66,CRITICAL
58,138,0.0190996288277989,39.47,CRITICAL
58,139,0.0540185027055799,23.81,CRITICAL
58,140,0.0445552128457558,28.06,CRITICAL
58,141,0.0025423328873203,46.9,WARNING
58,142,0.0607152551062109,20.81,CRITICAL
58,143,0.0437643451052462,28.41,CRITICAL
58,144,0.1145112197566103,0.0,CRITICAL
58,145,0.0845265780224423,10.13,CRITICAL
58,146,0.0904171250670451,7.49,CRITICAL
58,147,0.1015952767856787,2.48,CRITICAL
59,1,-0.0339356288909371,63.25,WARNING
59,2,0.0095007021191715,43.78,WARNING
59,3,-0.0337033373654562,63.15,WARNING
59,4,0.0239759928618874,37.29,CRITICAL
59,5,-0.0274970729125466,60.37,WARNING
59,6,-0.0221858548871962,57.99,WARNING
59,7,-0.0203500028647043,57.16,WARNING
59,8,-0.0130843453686885,53.9,WARNING
59,9,-0.0067554289033439,51.07,WARNING
59,10,-0.022577978485486,58.16,WARNING
59,11,-0.0596320068177632,74.78,NORMAL
59,12,-0.054959054317802,72.68,NORMAL
59,13,-0.0216351358573332,57.74,WARNING
59,14,0.0142196753494485,41.66,WARNING
59,15,0.0055422310578788,45.55,WARNING
59,16,-0.0548811936761002,72.65,NORMAL
59,17,-0.0376412817980569,64.92,WARNING
59,18,0.0398967673551284,30.15,CRITICAL
59,19,-0.0008209513964546,48.41,WARNING
59,20,0.0572345914974762,22.37,CRITICAL
59,21,-0.0092792635513589,52.2,WARNING
59,22,-0.007528374046868,51.41,WARNING
59,23,-0.0039692300485843,49.82,WARNING
59,24,-0.0228291457379546,58.27,WARNING
59,25,-0.0304590471424671,61.7,WARNING
59,26,-0.0370912555763149,64.67,WARNING
59,27,-0.0094418495327842,52.27,WARNING
59,28,-0.0212643276625189,57.57,WARNING
59,29,-0.0281509842789651,60.66,WARNING
59,30,-0.002859146440454,49.32,WARNING
59,31,0.0293488158448353,34.88,CRITICAL
59,32,0.005524531844012,45.56,WARNING
59,33,-0.0491715326879555,70.09,NORMAL
59,34,0.0472124613234087,26.87,CRITICAL
59,35,0.0151974815776957,41.22,WARNING
59,36,-0.0059884298517312,50.72,WARNING
59,37,-0.052670430001932,71.66,NORMAL
59,38,-0.0025013685825319,49.16,WARNING
59,39,-0.0412642058815699,66.54,WARNING
59,40,-0.0140519869842669,54.34,WARNING
59,41,-0.0037348793197615,49.71,WARNING
59,42,-0.0221859790377851,57.99,WARNING
59,43,-0.0369019506814267,64.58,WARNING
59,44,0.0161756688542932,40.78,WARNING
59,45,0.0170783451393882,40.38,WARNING
59,46,-0.0531125664740581,71.85,NORMAL
59,47,-0.0463163591054122,68.81,WARNING
59,48,-0.03285743273006,62.77,WARNING
59,49,-0.0358620534663409,64.12,WARNING
59,50,-0.0526183564355197,71.63,NORMAL
59,51,-0.0465167362814575,68.9,WARNING
59,52,-0.0164971292150002,55.44,WARNING
59,53,-0.0554589645379658,72.91,NORMAL
59,54,-0.0166692976635269,55.51,WARNING
59,55,-0.0213721857976527,57.62,WARNING
59,56,-0.013845964189672,54.25,WARNING
59,57,-0.0298974576402713,61.44,WARNING
59,58,-0.0407967596886092,66.33,WARNING
59,59,0.004457178208346,46.04,WARNING
59,60,0.003548133213494,46.45,WARNING
59,61,-0.0450084564106506,68.22,WARNING
59,62,-0.0405319459253578,66.21,WARNING
59,63,-0.0198081891789653,56.92,WARNING
59,64,-0.0398203845993359,65.89,WARNING
59,65,-0.026983705310109,60.14,WARNING
59,66,-0.0457725132729098,68.56,WARNING
59,67,-0.0440146638511806,67.77,WARNING
59,68,-0.0532033154177488,71.89,NORMAL
59,69,-0.0418865693039188,66.82,WARNING
59,70,-0.0144940479267477,54.54,WARNING
59,71,-0.0323892626418109,62.56,WARNING
59,72,-0.0443087070261354,67.91,WARNING
59,73,-0.0789726026340063,83.45,NORMAL
59,74,-0.0394828532379693,65.74,WARNING
59,75,-0.0598150242982397,74.86,NORMAL
59,76,-0.0660547587527443,77.66,NORMAL
59,77,-0.0722616881047784,80.44,NORMAL
59,78,0.0160150786441563,40.86,WARNING
59,79,0.0557099142590645,23.06,CRITICAL
59,80,-0.0609540864397568,75.37,NORMAL
59,81,-0.0606326293232175,75.23,NORMAL
59,82,-0.0842702053547538,85.83,NORMAL
59,83,0.0328629157050605,33.3,CRITICAL
59,84,-0.0034217680186112,49.57,WARNING
59,85,-0.0498968461221895,70.41,NORMAL
59,86,-0.052531625720242,71.59,NORMAL
59,87,-0.0626984021814923,76.15,NORMAL
59,88,-0.0689443313232961,78.95,NORMAL
59,89,-0.0881205297761144,87.55,NORMAL
59,90,-0.0727791293915454,80.67,NORMAL
59,91,-0.0673456020981921,78.24,NORMAL
59,92,-0.0492455799058256,70.12,NORMAL
59,93,-0.0572197145576469,73.7,NORMAL
59,94,-0.0877054084758842,87.37,NORMAL
59,95,-0.0511801917272358,70.99,NORMAL
59,96,-0.0563106580080965,73.29,NORMAL
59,97,-0.0561067582854228,73.2,NORMAL
59,98,-0.0551319912876295,72.76,NORMAL
59,99,-0.0777109725213168,82.88,NORMAL
59,100,-0.0806678014046204,84.21,NORMAL
59,101,-0.0752378773649232,81.78,NORMAL
59,102,-0.0456328499480609,68.5,WARNING
59,103,-0.0792056990025441,83.55,NORMAL
59,104,-0.0814170259891654,84.55,NORMAL
59,105,-0.0390579504130346,65.55,WARNING
59,106,-0.0620886363036027,75.88,NORMAL
59,107,-0.082839442758661,85.18,NORMAL
59,108,-0.0551960684958438,72.79,NORMAL
59,109,-0.0406772168333663,66.28,WARNING
59,110,-0.0643059596958112,76.87,NORMAL
59,111,-0.054113138503503,72.3,NORMAL
59,112,-0.0447767061717725,68.12,WARNING
59,113,0.0353489888243349,32.19,CRITICAL
59,114,-0.0493354737335083,70.16,NORMAL
59,115,-0.0154388913127871,54.96,WARNING
59,116,0.0186051460433425,39.69,CRITICAL
59,117,-0.0659992108858573,77.63,NORMAL
59,118,-0.0862786855649071,86.73,NORMAL
59,119,-0.0895252739276171,88.18,NORMAL
59,120,-0.0556663147810108,73.0,NORMAL
59,121,0.0142804021528837,41.63,WARNING
59,122,-0.0483323524013358,69.71,WARNING
59,123,-0.0571034607158157,73.64,NORMAL
59,124,-0.0836172155678777,85.53,NORMAL
59,125,-0.0922836830651408,89.42,NORMAL
59,126,-0.0721948937164758,80.41,NORMAL
59,127,-0.0827583010512238,85.15,NORMAL
59,128,-0.0864244722789217,86.79,NORMAL
59,129,-0.087538301507176,87.29,NORMAL
59,130,-0.0812980429199955,84.49,NORMAL
59,131,-0.1080286333668852,96.48,NORMAL
59,132,-0.059139419923238,74.56,NORMAL
59,133,-0.0612967735287058,75.52,NORMAL
59,134,-0.087601830273828,87.32,NORMAL
59,135,-0.0750529396141057,81.69,NORMAL
59,136,-0.0915585834465885,89.09,NORMAL
59,137,-0.0779888162324338,83.01,NORMAL
59,138,-0.1098434932631029,97.29,NORMAL
59,139,-0.0468798040888077,69.06,WARNING
59,140,-0.106075879076064,95.6,NORMAL
59,141,-0.1132263287844211,98.81,NORMAL
59,142,-0.0860117484646536,86.61,NORMAL
59,143,-0.0738350189509156,81.15,NORMAL
59,144,-0.0998769068400129,92.82,NORMAL
59,145,-0.0614479087124917,75.59,NORMAL
59,146,-0.0958253473475593,91.01,NORMAL
59,147,-0.0776335129924737,82.85,NORMAL
59,148,-0.0921516933302574,89.36,NORMAL
59,149,-0.0848518806856286,86.09,NORMAL
59,150,-0.0576684161356682,73.9,NORMAL
59,151,-0.0821171628595846,84.86,NORMAL
59,152,-0.086883935705662,87.0,NORMAL
59,153,-0.1077498081242915,96.35,NORMAL
59,154,-0.0945495518923427,90.44,NORMAL
59,155,-0.0933240829627951,89.89,NORMAL
59,156,-0.096875528286762,91.48,NORMAL
59,157,-0.1179452081071656,100.0,NORMAL
59,158,-0.0863851489030237,86.77,NORMAL
59,159,-0.0872771463836553,87.17,NORMAL
59,160,-0.0953187684721185,90.78,NORMAL
59,161,-0.1098001451751963,97.27,NORMAL
59,162,-0.0636367496576545,76.57,NORMAL
59,163,-0.0901999153157326,88.48,NORMAL
59,164,-0.075027364467275,81.68,NORMAL
59,165,-0.1033987757640119,94.4,NORMAL
59,166,-0.097149819530435,91.6,NORMAL
59,167,-0.1008477522670634,93.26,NORMAL
59,168,-0.0855722571176443,86.41,NORMAL
59,169,-0.0756686835005187,81.97,NORMAL
59,170,-0.0736897018258879,81.08,NORMAL
59,171,-0.0914983781154638,89.07,NORMAL
59,172,-0.0993727342366764,92.6,NORMAL
59,173,-0.0988874934611686,92.38,NORMAL
59,174,-0.0943299902107743,90.34,NORMAL
59,175,-0.0827967910328589,85.16,NORMAL
59,176,-0.0898446422509953,88.33,NORMAL
59,177,-0.0955489497385528,90.88,NORMAL
59,178,-0.0913137394542142,88.98,NORMAL
59,179,-0.0887390727614957,87.83,NORMAL
59,180,-0.0715138044256534,80.11,NORMAL
59,181,-0.0969957335696552,91.53,NORMAL
59,182,-0.116441019716354,100.0,NORMAL
59,183,-0.0688979165293226,78.93,NORMAL
59,184,-0.0541641448934041,72.33,NORMAL
59,185,-0.0948490775778908,90.57,NORMAL
59,186,-0.0995568967161061,92.68,NORMAL
59,187,-0.0890074265752376,87.95,NORMAL
59,188,-0.1015733891323111,93.58,NORMAL
59,189,-0.0888646394930146,87.89,NORMAL
59,190,-0.093086528041658,89.78,NORMAL
59,191,-0.0950605327682825,90.66,NORMAL
59,192,-0.0833434711878943,85.41,NORMAL
59,193,-0.0682854547018371,78.66,NORMAL
59,194,-0.0322800773949188,62.51,WARNING
59,195,-0.0532002400041607,71.89,NORMAL
59,196,-0.0569947066161063,73.59,NORMAL
59,197,-0.0614844971915112,75.61,NORMAL
59,198,-0.0987559350672978,92.32,NORMAL
59,199,-0.0860538044598964,86.63,NORMAL
59,200,-0.0440297845110674,67.78,WARNING
59,201,-0.0703565484004324,79.59,NORMAL
59,202,-0.0510780366301655,70.94,NORMAL
59,203,-0.0351161382043383,63.78,WARNING
59,204,-0.0563034258506745,73.28,NORMAL
59,205,-0.0654560463743346,77.39,NORMAL
59,206,-0.0646789264299533,77.04,NORMAL
59,207,-0.0361072815773498,64.23,WARNING
59,208,-0.0240736495949881,58.83,WARNING
59,209,-0.057199423157178,73.69,NORMAL
59,210,-0.0427244112218664,67.2,WARNING
59,211,-0.0306890782579561,61.8,WARNING
59,212,-0.0273532454117625,60.3,WARNING
59,213,-0.0242934623423344,58.93,WARNING
59,214,-0.0319131956949362,62.35,WARNING
59,215,-0.0040041297647585,49.83,WARNING
59,216,-0.0197286752498711,56.88,WARNING
59,217,-0.0333140223613035,62.98,WARNING
59,218,0.0281234273223272,35.43,CRITICAL
59,219,0.011139323916918,43.04,WARNING
59,220,0.0176975302602353,40.1,WARNING
59,221,-0.0190757479436388,56.59,WARNING
59,222,0.0266852752852829,36.07,CRITICAL
59,223,-0.0016246650094853,48.77,WARNING
59,224,0.0393472357102169,30.39,CRITICAL
59,225,0.0591744497444408,21.5,CRITICAL
59,226,0.0218617837560776,38.23,CRITICAL
59,227,0.0491979858107357,25.98,CRITICAL
59,228,0.0449489747054658,27.88,CRITICAL
59,229,0.0741090111931508,14.81,CRITICAL
59,230,0.076594484318429,13.69,CRITICAL
59,231,0.064357036814705,19.18,CRITICAL
60,1,-0.0668043086520742,77.99,NORMAL
60,2,-0.1032478637953291,94.34,NORMAL
60,3,-0.0741921679575167,81.31,NORMAL
60,4,-0.1122969838455727,98.39,NORMAL
60,5,-0.0669415198517516,78.06,NORMAL
60,6,-0.0777981887199256,82.92,NORMAL
60,7,-0.0858224602968873,86.52,NORMAL
60,8,-0.0957353107177069,90.97,NORMAL
60,9,-0.0667302550677594,77.96,NORMAL
60,10,-0.0844819167649698,85.92,NORMAL
60,11,-0.1096794875493427,97.22,NORMAL
60,12,-0.0882412886727532,87.61,NORMAL
60,13,-0.0777786651473442,82.91,NORMAL
60,14,-0.0728198624480691,80.69,NORMAL
60,15,-0.0684786494870153,78.74,NORMAL
60,16,-0.0805133323860978,84.14,NORMAL
60,17,-0.079047066398134,83.48,NORMAL
60,18,-0.0725585494033926,80.57,NORMAL
60,19,-0.0852303557198242,86.26,NORMAL
60,20,-0.1036424970386706,94.51,NORMAL
60,21,-0.1024699213555664,93.99,NORMAL
60,22,-0.0930048087562882,89.74,NORMAL
60,23,-0.1031483400759372,94.29,NORMAL
60,24,-0.0852204369664458,86.25,NORMAL
60,25,-0.0734766117588651,80.99,NORMAL
60,26,-0.0981468626703088,92.05,NORMAL
60,27,-0.1035712338549225,94.48,NORMAL
60,28,-0.0936622692488857,90.04,NORMAL
60,29,-0.1165533484717085,100.0,NORMAL
60,30,-0.0770482384262544,82.59,NORMAL
60,31,-0.0916466133978506,89.13,NORMAL
60,32,-0.0930118207666688,89.75,NORMAL
60,33,-0.09490047020896,90.59,NORMAL
60,34,-0.0955845660602278,90.9,NORMAL
60,35,-0.0933250199214281,89.89,NORMAL
60,36,-0.087431194824591,87.24,NORMAL
60,37,-0.0901352911935913,88.46,NORMAL
60,38,-0.0594230320713111,74.68,NORMAL
60,39,-0.0767497583181529,82.45,NORMAL
60,40,-0.0989082634921876,92.39,NORMAL
60,41,-0.0978281659955577,91.91,NORMAL
60,42,-0.0990765773696242,92.47,NORMAL
60,43,-0.0709776500086429,79.86,NORMAL
60,44,-0.1098639690178921,97.3,NORMAL
60,45,-0.0817050473763221,84.68,NORMAL
60,46,-0.0713757076014436,80.04,NORMAL
60,47,-0.1025980589412431,94.04,NORMAL
60,48,-0.0944322655028661,90.38,NORMAL
60,49,-0.0883556007217985,87.66,NORMAL
60,50,-0.0864088209382393,86.78,NORMAL
60,51,-0.0736338321655069,81.06,NORMAL
60,52,-0.1010360165443967,93.34,NORMAL
60,53,-0.0761753888568697,82.2,NORMAL
60,54,-0.0713002847124665,80.01,NORMAL
60,55,-0.0751271184884019,81.73,NORMAL
60,56,-0.0775185151377488,82.8,NORMAL
60,57,-0.0953336990299115,90.79,NORMAL
60,58,-0.0996395619912595,92.72,NORMAL
60,59,-0.1002411703768914,92.99,NORMAL
60,60,-0.1034094934288443,94.41,NORMAL
60,61,-0.0882726647198193,87.62,NORMAL
60,62,-0.0777700847124967,82.91,NORMAL
60,63,-0.0778418081081893,82.94,NORMAL
60,64,-0.1023143137182974,93.92,NORMAL
60,65,-0.0703747618628907,79.59,NORMAL
60,66,-0.0876760337581172,87.35,NORMAL
60,67,-0.0530204983780752,71.81,NORMAL
60,68,-0.1049652035284415,95.11,NORMAL
60,69,-0.1082293054268282,96.57,NORMAL
60,70,-0.1005204240100079,93.11,NORMAL
60,71,-0.0900250583832458,88.41,NORMAL
60,72,-0.0741847144976754,81.3,NORMAL
60,73,-0.0737741854908362,81.12,NORMAL
60,74,-0.099358264616686,92.59,NORMAL
60,75,-0.0951827537894079,90.72,NORMAL
60,76,-0.1008691692761525,93.27,NORMAL
60,77,-0.0775963246265857,82.83,NORMAL
60,78,-0.0707017995344935,79.74,NORMAL
60,79,-0.1145326276823818,99.4,NORMAL
60,80,-0.0619633422508163,75.82,NORMAL
60,81,-0.1001886457996527,92.96,NORMAL
60,82,-0.0986585338931149,92.28,NORMAL
60,83,-0.1017338132874119,93.66,NORMAL
60,84,-0.0998766051742353,92.82,NORMAL
60,85,-0.1008853727875663,93.28,NORMAL
60,86,-0.1022492160366301,93.89,NORMAL
60,87,-0.1084241911861378,96.66,NORMAL
60,88,-0.1108767405053887,97.76,NORMAL
60,89,-0.0492798743800221,70.14,NORMAL
60,90,-0.0966302506066274,91.37,NORMAL
60,91,-0.0874076892641972,87.23,NORMAL
60,92,-0.1062651406205525,95.69,NORMAL
60,93,-0.1088473880156418,96.85,NORMAL
60,94,-0.0883865646533603,87.67,NORMAL
60,95,-0.1067545302228551,95.91,NORMAL
60,96,-0.0962577135371718,91.2,NORMAL
60,97,-0.1142027059626972,99.25,NORMAL
60,98,-0.0940065128284126,90.19,NORMAL
60,99,-0.1038058837312589,94.59,NORMAL
60,100,-0.1149279159607428,99.57,NORMAL
60,101,-0.0789523716742303,83.44,NORMAL
60,102,-0.076889098579777,82.52,NORMAL
60,103,-0.1002469246243942,92.99,NORMAL
60,104,-0.0890259027006258,87.96,NORMAL
60,105,-0.0941147335992009,90.24,NORMAL
60,106,-0.0868681176717464,86.99,NORMAL
60,107,-0.1125528665454923,98.51,NORMAL
60,108,-0.0915321453381621,89.08,NORMAL
60,109,-0.0814155318112378,84.55,NORMAL
60,110,-0.0932231986802547,89.84,NORMAL
60,111,-0.0823358570640436,84.96,NORMAL
60,112,-0.1072770312050114,96.14,NORMAL
60,113,-0.0838316697356252,85.63,NORMAL
60,114,-0.1075073037606627,96.25,NORMAL
60,115,-0.1077649994196371,96.36,NORMAL
60,116,-0.1044644672674116,94.88,NORMAL
60,117,-0.0901585268996639,88.47,NORMAL
60,118,-0.0638616432048275,76.67,NORMAL
60,119,-0.0408518504207087,66.36,WARNING
60,120,-0.0678667915604997,78.47,NORMAL
60,121,-0.0726238323897208,80.6,NORMAL
60,122,-0.0481655571344535,69.64,WARNING
60,123,-0.0825415323913641,85.05,NORMAL
60,124,-0.0755368855526686,81.91,NORMAL
60,125,-0.0812608699811373,84.48,NORMAL
60,126,-0.0831330837525654,85.32,NORMAL
60,127,-0.0997001241993461,92.74,NORMAL
60,128,-0.0890535653282085,87.97,NORMAL
60,129,-0.0799535723554824,83.89,NORMAL
60,130,-0.07072605193008,79.75,NORMAL
60,131,-0.1025031223800879,94.0,NORMAL
60,132,-0.0492225354638437,70.11,NORMAL
60,133,-0.0634835832642782,76.5,NORMAL
60,134,-0.0461447585506087,68.73,WARNING
60,135,-0.0472456344853063,69.22,WARNING
60,136,-0.0321619318127768,62.46,WARNING
60,137,-0.0900351989142296,88.41,NORMAL
60,138,-0.0781451601498522,83.08,NORMAL
60,139,-0.0439461410783894,67.74,WARNING
60,140,-0.0688723744724421,78.92,NORMAL
60,141,-0.0509254297523032,70.87,NORMAL
60,142,-0.0265013014477828,59.92,WARNING
60,143,-0.0450692533024715,68.25,WARNING
60,144,-0.0582397642836221,74.15,NORMAL
60,145,-0.0407313474020546,66.3,WARNING
60,146,-0.0279080701433891,60.55,WARNING
60,147,-0.0475504645292236,69.36,WARNING
60,148,-0.0407493052203277,66.31,WARNING
60,149,-0.0315845637918092,62.2,WARNING
60,150,0.0018825549452109,47.19,WARNING
60,151,-0.0069885085040319,51.17,WARNING
60,152,0.0032848484157304,46.56,WARNING
60,153,-0.0155006497166175,54.99,WARNING
60,154,-0.0211952200432936,57.54,WARNING
60,155,-0.0006779854226623,48.34,WARNING
60,156,-0.0154596328827735,54.97,WARNING
60,157,0.0279483422352455,35.5,CRITICAL
60,158,-0.0117959436031996,53.33,WARNING
60,159,0.0293384769145013,34.88,CRITICAL
60,160,0.0252188337892074,36.73,CRITICAL
60,161,0.0321368162429465,33.63,CRITICAL
60,162,-0.0068819922377089,51.12,WARNING
60,163,0.0266289831632519,36.1,CRITICAL
60,164,0.0363399352906963,31.74,CRITICAL
60,165,0.0518814378702306,24.77,CRITICAL
60,166,0.0347117421441105,32.47,CRITICAL
60,167,0.0379076725491457,31.04,CRITICAL
60,168,0.0637698631477522,19.44,CRITICAL
60,169,0.0713740041121787,16.03,CRITICAL
60,170,0.0573869461482899,22.3,CRITICAL
60,171,0.1010083274214751,2.74,CRITICAL
60,172,0.1040752587515655,1.37,CRITICAL
61,1,0.0020004282212726,47.14,WARNING
61,2,-0.0099354840907557,52.49,WARNING
61,3,0.0023787495081785,46.97,WARNING
61,4,-0.0148230747270412,54.68,WARNING
61,5,-0.0645784271583639,77.0,NORMAL
61,6,-0.034884815911783,63.68,WARNING
61,7,-0.0025641276458909,49.19,WARNING
61,8,0.000407114215298,47.85,WARNING
61,9,-0.0394219793069595,65.71,WARNING
61,10,0.0776631570351293,13.21,CRITICAL
61,11,0.0670730947162847,17.96,CRITICAL
61,12,-0.0510135832622666,70.91,NORMAL
61,13,-0.078311360642626,83.15,NORMAL
61,14,-0.0061222112367797,50.78,WARNING
61,15,-0.0294090539965612,61.22,WARNING
61,16,-0.029090144302621,61.08,WARNING
61,17,-0.0045326513842984,50.07,WARNING
61,18,0.0349987949826772,32.34,CRITICAL
61,19,0.0180521351370002,39.94,CRITICAL
61,20,-0.0024432196426723,49.13,WARNING
61,21,-0.004650846106364,50.12,WARNING
61,22,0.0071931234279009,44.81,WARNING
61,23,0.0003367839804268,47.89,WARNING
61,24,0.0332248599052843,33.14,CRITICAL
61,25,0.0248638872268405,36.89,CRITICAL
61,26,-0.0040995043811415,49.88,WARNING
61,27,-0.0489191406698601,69.97,WARNING
61,28,-0.009049336946475,52.1,WARNING
61,29,-0.0260002790270971,59.7,WARNING
61,30,0.0137361451926271,41.88,WARNING
61,31,-0.0391147768253789,65.58,WARNING
61,32,-0.0288263039922677,60.96,WARNING
61,33,0.0041236780944883,46.19,WARNING
61,34,0.0412438504420771,29.54,CRITICAL
61,35,-0.0077875808718531,51.53,WARNING
61,36,0.0272758427771886,35.81,CRITICAL
61,37,-0.0603900078111654,75.12,NORMAL
61,38,-0.0010331497786298,48.5,WARNING
61,39,-0.0077426117596329,51.51,WARNING
61,40,0.0462185888942113,27.31,CRITICAL
61,41,-0.0072055914667719,51.27,WARNING
61,42,0.0081038754146217,44.4,WARNING
61,43,0.0262204348478213,36.28,CRITICAL
61,44,-0.0234412621033558,58.55,WARNING
61,45,-0.0356311093842992,64.02,WARNING
61,46,-0.0399809230720328,65.97,WARNING
61,47,-0.0467185059330698,68.99,WARNING
61,48,-0.0083330220064413,51.77,WARNING
61,49,-0.0289338350723614,61.01,WARNING
61,50,-0.0388849090042074,65.47,WARNING
61,51,-0.0449835987394225,68.21,WARNING
61,52,-0.0131803502811682,53.95,WARNING
61,53,-0.0133363480515981,54.02,WARNING
61,54,-0.0416240616872972,66.7,WARNING
61,55,0.0398994778406438,30.15,CRITICAL
61,56,-0.0707261861452201,79.75,NORMAL
61,57,-0.0418591224100684,66.81,WARNING
61,58,-0.0628882087312431,76.24,NORMAL
61,59,0.0217739351185526,38.27,CRITICAL
61,60,-0.0349499727054278,63.71,WARNING
61,61,-0.0079829412138556,51.62,WARNING
61,62,-0.0723148672627571,80.46,NORMAL
61,63,0.0350360433914844,32.33,CRITICAL
61,64,0.001549411281727,47.34,WARNING
61,65,0.0532991079258564,24.14,CRITICAL
61,66,-0.0152275442386534,54.87,WARNING
61,67,-0.0568001565561322,73.51,NORMAL
61,68,-0.0635496225164972,76.53,NORMAL
61,69,-0.0575094478797414,73.83,NORMAL
61,70,-0.0185453535323963,56.35,WARNING
61,71,-0.085292145706799,86.28,NORMAL
61,72,-0.0397140146831968,65.85,WARNING
61,73,-0.069180732771404,79.06,NORMAL
61,74,-0.0116971251893098,53.28,WARNING
61,75,-0.0355913540654516,64.0,WARNING
61,76,-0.0670436541317175,78.1,NORMAL
61,77,-0.0448062464107424,68.13,WARNING
61,78,-0.0664545844717736,77.84,NORMAL
61,79,-0.04124424327657,66.53,WARNING
61,80,-0.0728944273261815,80.72,NORMAL
61,81,-0.0650931759362435,77.23,NORMAL
61,82,-0.011711019157881,53.29,WARNING
61,83,0.0040953261139774,46.2,WARNING
61,84,-0.0678553028785123,78.46,NORMAL
61,85,-0.0756416612937292,81.96,NORMAL
61,86,-0.076558005546313,82.37,NORMAL
61,87,-0.083515264889831,85.49,NORMAL
61,88,-0.0626271414746664,76.12,NORMAL
61,89,-0.0852799217528657,86.28,NORMAL
61,90,-0.0528867353104782,71.75,NORMAL
61,91,-0.0599123341625476,74.9,NORMAL
61,92,-0.0952906258910218,90.77,NORMAL
61,93,-0.061382426149732,75.56,NORMAL
61,94,-0.0671110134492126,78.13,NORMAL
61,95,-0.0899216276740532,88.36,NORMAL
61,96,-0.0613583720441773,75.55,NORMAL
61,97,-0.0620015190294293,75.84,NORMAL
61,98,-0.0619263462802714,75.81,NORMAL
61,99,-0.0490288566750539,70.02,NORMAL
61,100,-0.0456364155362525,68.5,WARNING
61,101,-0.0989938165974591,92.43,NORMAL
61,102,-0.0193516800755773,56.72,WARNING
61,103,-0.0828871730073079,85.21,NORMAL
61,104,-0.0907921871342281,88.75,NORMAL
61,105,-0.0526443776423561,71.64,NORMAL
61,106,-0.0753450074148341,81.82,NORMAL
61,107,0.0081885431651562,44.37,WARNING
61,108,-0.0741361657135448,81.28,NORMAL
61,109,-0.0838181390076559,85.62,NORMAL
61,110,-0.0810677074698336,84.39,NORMAL
61,111,-0.0873887302609588,87.22,NORMAL
61,112,-0.03905270757126,65.55,WARNING
61,113,-0.0851578425357456,86.22,NORMAL
61,114,-0.045590133884468,68.48,WARNING
61,115,-0.07758976161168,82.83,NORMAL
61,116,-0.0875870361209877,87.31,NORMAL
61,117,-0.0825746932576209,85.07,NORMAL
61,118,-0.0765857733211163,82.38,NORMAL
61,119,-0.0795915451057206,83.73,NORMAL
61,120,-0.104337243715266,94.82,NORMAL
61,121,-0.0903746523419781,88.56,NORMAL
61,122,-0.0608778359399506,75.34,NORMAL
61,123,-0.0603489854636942,75.1,NORMAL
61,124,-0.0335399070564048,63.08,WARNING
61,125,-0.09266135322341,89.59,NORMAL
61,126,-0.094664943169938,90.49,NORMAL
61,127,-0.0997258834616575,92.76,NORMAL
61,128,-0.0799216645838824,83.88,NORMAL
61,129,-0.1031060870229681,94.27,NORMAL
61,130,-0.0971034004542243,91.58,NORMAL
61,131,-0.1012011586805662,93.42,NORMAL
61,132,-0.0644132369547714,76.92,NORMAL
61,133,-0.0584941377014091,74.27,NORMAL
61,134,-0.0883715771744518,87.66,NORMAL
61,135,-0.0599666094060888,74.93,NORMAL
61,136,-0.1147082134839892,99.47,NORMAL
61,137,-0.0971787026243087,91.61,NORMAL
61,138,-0.0977850584412237,91.89,NORMAL
61,139,-0.0864943484477464,86.82,NORMAL
61,140,-0.098369538373728,92.15,NORMAL
61,141,-0.1001199460398503,92.93,NORMAL
61,142,-0.0761725175955149,82.19,NORMAL
61,143,-0.0874928814369258,87.27,NORMAL
61,144,-0.0642351210553422,76.84,NORMAL
61,145,-0.0853784973706556,86.32,NORMAL
61,146,-0.0833624272452846,85.42,NORMAL
61,147,-0.0921366467897354,89.35,NORMAL
61,148,-0.0862139972403848,86.7,NORMAL
61,149,-0.0670269319273135,78.09,NORMAL
61,150,-0.0498479275076865,70.39,NORMAL
61,151,-0.1036706931247537,94.53,NORMAL
61,152,-0.0911953788162563,88.93,NORMAL
61,153,-0.0193945482919022,56.73,WARNING
61,154,-0.0687980271031505,78.89,NORMAL
61,155,-0.0873403373806087,87.2,NORMAL
61,156,-0.0594304022668276,74.69,NORMAL
61,157,-0.0548809228667209,72.65,NORMAL
61,158,-0.0964692372892683,91.3,NORMAL
61,159,-0.0478361964648901,69.49,WARNING
61,160,-0.0679706642239201,78.52,NORMAL
61,161,-0.0480413831942001,69.58,WARNING
61,162,-0.0693979179227647,79.16,NORMAL
61,163,-0.0399268624588526,65.94,WARNING
61,164,-0.0512905726480019,71.04,NORMAL
61,165,0.0075947169894228,44.63,WARNING
61,166,-0.0151834546907908,54.85,WARNING
61,167,-0.0269285868264345,60.11,WARNING
61,168,-0.0271090659811367,60.19,WARNING
61,169,-0.0171223869803716,55.72,WARNING
61,170,0.0127481508397039,42.32,WARNING
61,171,-0.0003069519786699,48.18,WARNING
61,172,-0.0163469060352269,55.37,WARNING
61,173,0.007451812848817,44.7,WARNING
61,174,0.0160408506698894,40.84,WARNING
61,175,0.0068536420603592,44.96,WARNING
61,176,0.0518758152488603,24.78,CRITICAL
61,177,0.0318852956756686,33.74,CRITICAL
61,178,0.0488953290141939,26.11,CRITICAL
61,179,0.0539513466307375,23.84,CRITICAL
61,180,0.0893891025157482,7.95,CRITICAL
61,181,0.0707249540167223,16.32,CRITICAL
61,182,0.1195362363684726,0.0,CRITICAL
61,183,0.0695877765915797,16.83,CRITICAL
61,184,0.0878418369385602,8.65,CRITICAL
61,185,0.1070481350171503,0.04,CRITICAL
62,1,-0.1035820583468177,94.49,NORMAL
62,2,-0.0752025838416039,81.76,NORMAL
62,3,-0.1098381811464714,97.29,NORMAL
62,4,-0.0900942732943517,88.44,NORMAL
62,5,-0.1124903952897989,98.48,NORMAL
62,6,-0.1051959828840169,95.21,NORMAL
62,7,-0.1103159540786347,97.5,NORMAL
62,8,-0.0620189775990773,75.85,NORMAL
62,9,-0.109431702826603,97.11,NORMAL
62,10,-0.0790080887740246,83.47,NORMAL
62,11,-0.1030401089758491,94.24,NORMAL
62,12,-0.0817192732519269,84.68,NORMAL
62,13,-0.0714701822079154,80.09,NORMAL
62,14,-0.0813890815589697,84.53,NORMAL
62,15,-0.1197471024455302,100.0,NORMAL
62,16,-0.0742018180720288,81.31,NORMAL
62,17,-0.0573879719919254,73.77,NORMAL
62,18,-0.1007988929966534,93.24,NORMAL
62,19,-0.0888554902105235,87.88,NORMAL
62,20,-0.0799193341731361,83.87,NORMAL
62,21,-0.09848241170594,92.2,NORMAL
62,22,-0.0697582656528433,79.32,NORMAL
62,23,-0.0998852703966518,92.83,NORMAL
62,24,-0.0932988274386071,89.87,NORMAL
62,25,-0.0876481148323011,87.34,NORMAL
62,26,-0.0915931273014946,89.11,NORMAL
62,27,-0.0909678585465206,88.83,NORMAL
62,28,-0.1086513031562341,96.76,NORMAL
62,29,-0.0779038544404345,82.97,NORMAL
62,30,-0.0829399139601863,85.23,NORMAL
62,31,-0.0792249011022406,83.56,NORMAL
62,32,-0.0969244352564084,91.5,NORMAL
62,33,-0.0877022327681293,87.36,NORMAL
62,34,-0.0813637848008044,84.52,NORMAL
62,35,-0.0906031261844067,88.67,NORMAL
62,36,-0.0769240105335596,82.53,NORMAL
62,37,-0.0898783641860933,88.34,NORMAL
62,38,-0.073373832282346,80.94,NORMAL
62,39,-0.0724451705549103,80.52,NORMAL
62,40,-0.0749766754678096,81.66,NORMAL
62,41,-0.092338296190685,89.44,NORMAL
62,42,-0.0950824050388901,90.67,NORMAL
62,43,-0.0802704024539734,84.03,NORMAL
62,44,-0.0972093689520004,91.63,NORMAL
62,45,-0.1155680994657196,99.86,NORMAL
62,46,-0.0842326537703113,85.81,NORMAL
62,47,-0.1058624516261246,95.51,NORMAL
62,48,-0.0985166483845068,92.21,NORMAL
62,49,-0.0813642863698053,84.52,NORMAL
62,50,-0.0788172400149716,83.38,NORMAL
62,51,-0.0862679035678678,86.72,NORMAL
62,52,-0.0978377643309537,91.91,NORMAL
62,53,-0.0748344234857127,81.59,NORMAL
62,54,-0.0927284940697731,89.62,NORMAL
62,55,-0.0748176708549319,81.59,NORMAL
62,56,-0.1021970354064998,93.86,NORMAL
62,57,-0.0863858759840743,86.77,NORMAL
62,58,-0.0908982897130877,88.8,NORMAL
62,59,-0.0847068582422121,86.02,NORMAL
62,60,-0.0591604702545505,74.57,NORMAL
62,61,-0.0955414671856375,90.88,NORMAL
62,62,-0.0850464804195584,86.17,NORMAL
62,63,-0.0498271232497595,70.38,NORMAL
62,64,-0.0858638470601952,86.54,NORMAL
62,65,-0.0862920880598012,86.73,NORMAL
62,66,-0.1008940890133558,93.28,NORMAL
62,67,-0.0763492581786121,82.27,NORMAL
62,68,-0.0973096698747653,91.67,NORMAL
62,69,-0.0571984057006594,73.69,NORMAL
62,70,-0.0699261452845149,79.39,NORMAL
62,71,-0.0977617381672729,91.88,NORMAL
62,72,-0.0601882824599059,75.03,NORMAL
62,73,-0.0802234446217736,84.01,NORMAL
62,74,-0.0840786992155585,85.74,NORMAL
62,75,-0.0771075490277246,82.61,NORMAL
62,76,-0.0720030594614213,80.32,NORMAL
62,77,-0.0985801122842234,92.24,NORMAL
62,78,-0.0956719987226001,90.94,NORMAL
62,79,-0.070286617691895,79.56,NORMAL
62,80,-0.0969810908657312,91.53,NORMAL
62,81,-0.0971667950525164,91.61,NORMAL
62,82,-0.0512200845407702,71.01,NORMAL
62,83,-0.1031925487139823,94.31,NORMAL
62,84,-0.0772174629588569,82.66,NORMAL
62,85,-0.0510889845176942,70.95,NORMAL
62,86,-0.0593331220597007,74.64,NORMAL
62,87,-0.0643821834060168,76.91,NORMAL
62,88,-0.0900480926022813,88.42,NORMAL
62,89,-0.0854296991837766,86.35,NORMAL
62,90,-0.0791546516620633,83.53,NORMAL
62,91,-0.0800604173642954,83.94,NORMAL
62,92,-0.0428471020398352,67.25,WARNING
62,93,-0.0976218194217046,91.81,NORMAL
62,94,-0.0752361863172319,81.77,NORMAL
62,95,-0.0684512908736076,78.73,NORMAL
62,96,-0.0954086417098368,90.82,NORMAL
62,97,-0.063743169895696,76.62,NORMAL
62,98,-0.0769518370942968,82.54,NORMAL
62,99,-0.0524143718885103,71.54,NORMAL
62,100,-0.0707137673252476,79.75,NORMAL
62,101,-0.0843805824906659,85.88,NORMAL
62,102,-0.1051161688277508,95.17,NORMAL
62,103,-0.0840316260128484,85.72,NORMAL
62,104,-0.083806375614196,85.62,NORMAL
62,105,-0.0679655801456487,78.51,NORMAL
62,106,-0.0772365944940292,82.67,NORMAL
62,107,-0.0882961205497424,87.63,NORMAL
62,108,-0.0638462869893581,76.67,NORMAL
62,109,-0.0943592940215981,90.35,NORMAL
62,110,-0.0518172250384684,71.27,NORMAL
62,111,-0.0506805799459161,70.76,NORMAL
62,112,-0.0715686122463563,80.13,NORMAL
62,113,-0.0588642047865898,74.43,NORMAL
62,114,-0.0454906002620792,68.44,WARNING
62,115,-0.0723862516222546,80.5,NORMAL
62,116,-0.0827563331292143,85.15,NORMAL
62,117,-0.0533564841256172,71.96,NORMAL
62,118,-0.085465607967009,86.36,NORMAL
62,119,-0.0798092694570692,83.83,NORMAL
62,120,-0.0954835654698203,90.85,NORMAL
62,121,-0.066853895138604,78.02,NORMAL
62,122,-0.0741511799924579,81.29,NORMAL
62,123,-0.0720567930910696,80.35,NORMAL
62,124,-0.0687874018833059,78.88,NORMAL
62,125,-0.0581393974588611,74.11,NORMAL
62,126,-0.0220314249923997,57.92,WARNING
62,127,-0.0433760314415184,67.49,WARNING
62,128,-0.0271086603049584,60.19,WARNING
62,129,-0.0646546835371663,77.03,NORMAL
62,130,-0.0490334687769675,70.02,NORMAL
62,131,-0.0262428013090387,59.81,WARNING
62,132,-0.0413160272902868,66.56,WARNING
62,133,-0.0696810159941205,79.28,NORMAL
62,134,-0.0152445326473065,54.87,WARNING
62,135,-0.0259203279640375,59.66,WARNING
62,136,-0.0645635258656545,76.99,NORMAL
62,137,-0.0488271355023151,69.93,WARNING
62,138,-0.0429229162101797,67.28,WARNING
62,139,0.0073751495305641,44.73,WARNING
62,140,-0.0567115264088303,73.47,NORMAL
62,141,-0.0572066355308237,73.69,NORMAL
62,142,-0.0449288045931314,68.18,WARNING
62,143,0.0337938965287853,32.88,CRITICAL
62,144,-0.0203522109366134,57.16,WARNING
62,145,-0.0391928969113848,65.61,WARNING
62,146,0.0173057877519404,40.28,WARNING
62,147,0.0002286360658082,47.93,WARNING
62,148,-0.0109889084052671,52.97,WARNING
62,149,-0.0395010936150257,65.75,WARNING
62,150,-0.0277216669246053,60.47,WARNING
62,151,0.0044397700672826,46.05,WARNING
62,152,-0.0049561494973545,50.26,WARNING
62,153,-0.0123790771494481,53.59,WARNING
62,154,-0.0441307199698227,67.83,WARNING
62,155,-0.0287179874538367,60.92,WARNING
62,156,0.0014887257738024,47.37,WARNING
62,157,0.0065450274262424,45.1,WARNING
62,158,-0.0108245938657907,52.89,WARNING
62,159,-0.0105202706364751,52.75,WARNING
62,160,0.0148801231074578,41.36,WARNING
62,161,0.0184745753612963,39.75,CRITICAL
62,162,-9.793534031055096e-05,48.08,WARNING
62,163,0.0018601003435693,47.2,WARNING
62,164,0.0514423631946225,24.97,CRITICAL
62,165,0.0203966362481808,38.89,CRITICAL
62,166,0.0130498582791835,42.19,WARNING
62,167,0.0376713280847126,31.14,CRITICAL
62,168,0.0560610676625783,22.9,CRITICAL
62,169,0.0737833929063082,14.95,CRITICAL
62,170,0.07337938200513,15.13,CRITICAL
62,171,0.0394897663735469,30.33,CRITICAL
62,172,0.0469967964780039,26.96,CRITICAL
62,173,0.0563153384101284,22.78,CRITICAL
62,174,0.0929321177002134,6.37,CRITICAL
62,175,0.0838007502985787,10.46,CRITICAL
62,176,0.0628877879606347,19.84,CRITICAL
62,177,0.041613998366678,29.38,CRITICAL
62,178,0.0259254944858279,36.41,CRITICAL
62,179,0.0863024459800312,9.34,CRITICAL
62,180,0.096765742145696,4.65,CRITICAL
63,1,-0.0934377257825087,89.94,NORMAL
63,2,-0.0901362226883632,88.46,NORMAL
63,3,-0.0939713440029386,90.18,NORMAL
63,4,-0.0843048194836372,85.84,NORMAL
63,5,-0.1135645717937545,98.96,NORMAL
63,6,-0.0955452311807836,90.88,NORMAL
63,7,-0.0955139779983767,90.87,NORMAL
63,8,-0.0893332297350835,88.1,NORMAL
63,9,-0.0561616045864523,73.22,NORMAL
63,10,-0.0843535824149046,85.86,NORMAL
63,11,-0.0847075722745315,86.02,NORMAL
63,12,-0.1092326753470593,97.02,NORMAL
63,13,-0.1048098386173323,95.04,NORMAL
63,14,-0.098745200530196,92.32,NORMAL
63,15,-0.0953874890371158,90.81,NORMAL
63,16,-0.0939618806392679,90.17,NORMAL
63,17,-0.0596637938155029,74.79,NORMAL
63,18,-0.0788114236901293,83.38,NORMAL
63,19,-0.113739248041168,99.04,NORMAL
63,20,-0.0830787164348447,85.29,NORMAL
63,21,-0.0915430411421285,89.09,NORMAL
63,22,-0.0770065068075298,82.57,NORMAL
63,23,-0.0990425950006467,92.45,NORMAL
63,24,-0.0913488158453469,89.0,NORMAL
63,25,-0.093740607841185,90.07,NORMAL
63,26,-0.0981595061357448,92.05,NORMAL
63,27,-0.0881953082767919,87.59,NORMAL
63,28,-0.0971433380825121,91.6,NORMAL
63,29,-0.0790171402164874,83.47,NORMAL
63,30,-0.0974681042074473,91.74,NORMAL
63,31,-0.0880967064369509,87.54,NORMAL
63,32,-0.1114930780202516,98.03,NORMAL
63,33,-0.1030675408216675,94.25,NORMAL
63,34,-0.0776550521313162,82.86,NORMAL
63,35,-0.1014355310572783,93.52,NORMAL
63,36,-0.0878717364224723,87.44,NORMAL
63,37,-0.088155057931802,87.57,NORMAL
63,38,-0.0708593062303155,79.81,NORMAL
63,39,-0.0762398309433846,82.22,NORMAL
63,40,-0.1025082237434254,94.0,NORMAL
63,41,-0.0933837787084159,89.91,NORMAL
63,42,-0.0579011125388043,74.0,NORMAL
63,43,-0.0806441594618478,84.2,NORMAL
63,44,-0.0667151388179183,77.95,NORMAL
63,45,-0.0634414715594977,76.49,NORMAL
63,46,-0.1038982818624997,94.63,NORMAL
63,47,-0.1155345975531457,99.85,NORMAL
63,48,-0.0861005905015183,86.65,NORMAL
63,49,-0.0680450658253157,78.55,NORMAL
63,50,-0.0779996498997332,83.01,NORMAL
63,51,-0.1023314344281869,93.92,NORMAL
63,52,-0.0837941702958312,85.61,NORMAL
63,53,-0.0941253322315104,90.24,NORMAL
63,54,-0.0908661440406825,88.78,NORMAL
63,55,-0.08849252709875,87.72,NORMAL
63,56,-0.0832363312286765,85.36,NORMAL
63,57,-0.1128440250774925,98.64,NORMAL
63,58,-0.0885347161326969,87.74,NORMAL
63,59,-0.0962368152529777,91.19,NORMAL
63,60,-0.0880942466284709,87.54,NORMAL
63,61,-0.1135096708936332,98.94,NORMAL
63,62,-0.0972061542357451,91.63,NORMAL
63,63,-0.0984531156530562,92.19,NORMAL
63,64,-0.0939734844207833,90.18,NORMAL
63,65,-0.0668564517721773,78.02,NORMAL
63,66,-0.0885287906506824,87.74,NORMAL
63,67,-0.0943027489758048,90.32,NORMAL
63,68,-0.0925964455769091,89.56,NORMAL
63,69,-0.0888370531513067,87.87,NORMAL
63,70,-0.0699813618230544,79.42,NORMAL
63,71,-0.1044672136265813,94.88,NORMAL
63,72,-0.1035426097288135,94.47,NORMAL
63,73,-0.1099992819095351,97.36,NORMAL
63,74,-0.0652849931955752,77.31,NORMAL
63,75,-0.1001115602566081,92.93,NORMAL
63,76,-0.1022551825229786,93.89,NORMAL
63,77,-0.0905691783246003,88.65,NORMAL
63,78,-0.0849699231536413,86.14,NORMAL
63,79,-0.096076892729946,91.12,NORMAL
63,80,-0.0969281732059901,91.5,NORMAL
63,81,-0.0537505941757712,72.14,NORMAL
63,82,-0.0855922714125213,86.42,NORMAL
63,83,-0.117949555056406,100.0,NORMAL
63,84,-0.0577714614778511,73.94,NORMAL
63,85,-0.0709798854779165,79.87,NORMAL
63,86,-0.1090477081458372,96.94,NORMAL
63,87,-0.0947238216087292,90.51,NORMAL
63,88,-0.110062248282546,97.39,NORMAL
63,89,-0.1015012497479963,93.55,NORMAL
63,90,-0.0755474523406894,81.91,NORMAL
63,91,-0.0813794258008687,84.53,NORMAL
63,92,-0.1032907439281053,94.35,NORMAL
63,93,-0.0822248901368583,84.91,NORMAL
63,94,-0.0835311439900235,85.49,NORMAL
63,95,-0.0709983132063025,79.87,NORMAL
63,96,-0.0801183446363666,83.96,NORMAL
63,97,-0.0847853186913908,86.06,NORMAL
63,98,-0.0703340861468758,79.58,NORMAL
63,99,-0.0647450375755184,77.07,NORMAL
63,100,-0.0798259310427998,83.83,NORMAL
63,101,-0.0928406942283782,89.67,NORMAL
63,102,-0.1067434466702,95.9,NORMAL
63,103,-0.0725726086226422,80.58,NORMAL
63,104,-0.0860037019097554,86.6,NORMAL
63,105,-0.0852329796068301,86.26,NORMAL
63,106,-0.0885087663467855,87.73,NORMAL
63,107,-0.0874255161335795,87.24,NORMAL
63,108,-0.0964471891523794,91.29,NORMAL
63,109,-0.1026313874008143,94.06,NORMAL
63,110,-0.0404415822455362,66.17,WARNING
63,111,-0.0838686122271265,85.65,NORMAL
63,112,-0.0836774796097763,85.56,NORMAL
63,113,-0.090975672187106,88.83,NORMAL
63,114,-0.0584126160013989,74.23,NORMAL
63,115,-0.0667047334588701,77.95,NORMAL
63,116,-0.0744366735075179,81.42,NORMAL
63,117,-0.0686267866379694,78.81,NORMAL
63,118,-0.0501988105078008,70.55,NORMAL
63,119,-0.0906224328226974,88.67,NORMAL
63,120,-0.0614356020942318,75.59,NORMAL
63,121,-0.0664379181980129,77.83,NORMAL
63,122,-0.0849250957838789,86.12,NORMAL
63,123,-0.0943372971269712,90.34,NORMAL
63,124,-0.0853883563858379,86.33,NORMAL
63,125,-0.0662637561869027,77.75,NORMAL
63,126,-0.0736478178236958,81.06,NORMAL
63,127,-0.0568194473874126,73.52,NORMAL
63,128,-0.097071428388849,91.57,NORMAL
63,129,-0.0600401999801634,74.96,NORMAL
63,130,-0.0724917206756633,80.54,NORMAL
63,131,-0.0478139641441168,69.48,WARNING
63,132,-0.0410874919360722,66.46,WARNING
63,133,-0.0592117450966035,74.59,NORMAL
63,134,-0.0791401265486699,83.53,NORMAL
63,135,-0.0488956097928421,69.96,WARNING
63,136,-0.0317587175892535,62.28,WARNING
63,137,-0.0378131548228118,64.99,WARNING
63,138,-0.0578525874507212,73.98,NORMAL
63,139,-0.073505526620452,81.0,NORMAL
63,140,-0.037483777657012,64.85,WARNING
63,141,-0.0439913882252345,67.76,WARNING
63,142,-0.0065869399638093,50.99,WARNING
63,143,-0.0293051434481947,61.18,WARNING
63,144,-0.0027062272573065,49.25,WARNING
63,145,-0.0242552246887421,58.91,WARNING
63,146,-0.0142388386347629,54.42,WARNING
63,147,-0.0319542725161515,62.37,WARNING
63,148,-0.0191876645460608,56.64,WARNING
63,149,-0.019793408140828,56.91,WARNING
63,150,-0.0117106613728789,53.29,WARNING
63,151,0.0093611369005593,43.84,WARNING
63,152,0.005374344965379,45.63,WARNING
63,153,-0.0382520395445101,65.19,WARNING
63,154,-0.0067210780803241,51.05,WARNING
63,155,0.0190725111512045,39.49,CRITICAL
63,156,0.0012782498018849,47.46,WARNING
63,157,-0.0223858347815673,58.08,WARNING
63,158,-0.0145902674467537,54.58,WARNING
63,159,-0.01180568445972,53.33,WARNING
63,160,-0.0090897961834582,52.11,WARNING
63,161,0.0105345987502502,43.31,WARNING
63,162,0.028115476110797,35.43,CRITICAL
63,163,0.0499201931071442,25.65,CRITICAL
63,164,0.0333085237756206,33.1,CRITICAL
63,165,0.0617260325759477,20.36,CRITICAL
63,166,0.0567367015193026,22.6,CRITICAL
63,167,0.058575571442152,21.77,CRITICAL
63,168,0.0503531381899373,25.46,CRITICAL
63,169,0.0755696578337699,14.15,CRITICAL
63,170,0.0937685829064614,5.99,CRITICAL
63,171,0.0714922317785573,15.98,CRITICAL
63,172,0.125066537144533,0.0,CRITICAL
63,173,0.1366637350821082,0.0,CRITICAL
63,174,0.1057740586697331,0.61,CRITICAL
64,1,-0.0849760721612487,86.14,NORMAL
64,2,-0.0795089356316767,83.69,NORMAL
64,3,-0.1003500592230031,93.04,NORMAL
64,4,-0.1145037697470358,99.38,NORMAL
64,5,-0.098243470278307,92.09,NORMAL
64,6,-0.1022225073849366,93.88,NORMAL
64,7,-0.0912112140354506,88.94,NORMAL
64,8,-0.0206825540587586,57.31,WARNING
64,9,-0.1094993878732685,97.14,NORMAL
64,10,-0.1086830159409512,96.77,NORMAL
64,11,-0.1076880743091248,96.33,NORMAL
64,12,-0.0748504417247863,81.6,NORMAL
64,13,-0.0760030367292156,82.12,NORMAL
64,14,-0.1075108040464736,96.25,NORMAL
64,15,-0.0887606419567546,87.84,NORMAL
64,16,-0.085350969677608,86.31,NORMAL
64,17,-0.0671617118817208,78.15,NORMAL
64,18,-0.1024480157941261,93.98,NORMAL
64,19,-0.1033776378225767,94.39,NORMAL
64,20,-0.1044152431345138,94.86,NORMAL
64,21,-0.0707608774513628,79.77,NORMAL
64,22,-0.082653863746735,85.1,NORMAL
64,23,-0.0686546105611612,78.82,NORMAL
64,24,-0.0501969664898238,70.55,NORMAL
64,25,-0.0855718849742802,86.41,NORMAL
64,26,-0.0776047651918376,82.84,NORMAL
64,27,-0.1162455029318671,100.0,NORMAL
64,28,-0.0856315112960858,86.44,NORMAL
64,29,-0.1180488721480079,100.0,NORMAL
64,30,-0.085080163595188,86.19,NORMAL
64,31,-0.1108232248982096,97.73,NORMAL
64,32,-0.0837481708039852,85.59,NORMAL
64,33,-0.0924512777809392,89.49,NORMAL
64,34,-0.092439177830951,89.49,NORMAL
64,35,-0.1101172936272937,97.42,NORMAL
64,36,-0.090879642775803,88.79,NORMAL
64,37,-0.0927182401643657,89.61,NORMAL
64,38,-0.0924378484782375,89.49,NORMAL
64,39,-0.0888965602929899,87.9,NORMAL
64,40,-0.1111510959849547,97.88,NORMAL
64,41,-0.0789350681981624,83.43,NORMAL
64,42,-0.0918269110602113,89.21,NORMAL
64,43,-0.105945558581587,95.55,NORMAL
64,44,-0.0880180005548589,87.51,NORMAL
64,45,-0.1102002244286814,97.45,NORMAL
64,46,-0.0747246177134054,81.55,NORMAL
64,47,-0.0931757134657069,89.82,NORMAL
64,48,-0.1189541979170705,100.0,NORMAL
64,49,-0.0765696894123211,82.37,NORMAL
64,50,-0.0720070680952222,80.33,NORMAL
64,51,-0.0776317932064641,82.85,NORMAL
64,52,-0.1053123220735163,95.26,NORMAL
64,53,-0.0938709418617331,90.13,NORMAL
64,54,-0.0416152805571919,66.7,WARNING
64,55,-0.0696911790891363,79.29,NORMAL
64,56,-0.0938915062632073,90.14,NORMAL
64,57,-0.0913996943828324,89.02,NORMAL
64,58,-0.107011565187412,96.02,NORMAL
64,59,-0.0986571560070747,92.28,NORMAL
64,60,-0.0972952445411107,91.67,NORMAL
64,61,-0.0555811174176786,72.96,NORMAL
64,62,-0.0966028257783671,91.36,NORMAL
64,63,-0.0817084437280355,84.68,NORMAL
64,64,-0.0807573029502188,84.25,NORMAL
64,65,-0.1074443440402528,96.22,NORMAL
64,66,-0.1097523509884625,97.25,NORMAL
64,67,-0.0642099292935875,76.83,NORMAL
64,68,-0.0889624620885273,87.93,NORMAL
64,69,-0.1076876177529776,96.33,NORMAL
64,70,-0.0882660016328404,87.62,NORMAL
64,71,-0.1176572068330094,100.0,NORMAL
64,72,-0.1020763989739212,93.81,NORMAL
64,73,-0.0851067103036131,86.2,NORMAL
64,74,-0.098856453905494,92.37,NORMAL
64,75,-0.1101907102576965,97.45,NORMAL
64,76,-0.1041242785000376,94.73,NORMAL
64,77,-0.0771772809544942,82.65,NORMAL
64,78,-0.1134022350173379,98.89,NORMAL
64,79,-0.085843964004474,86.53,NORMAL
64,80,-0.0655028986340897,77.41,NORMAL
64,81,-0.0945178341541037,90.42,NORMAL
64,82,-0.0916995971388537,89.16,NORMAL
64,83,-0.0980646219433284,92.01,NORMAL
64,84,-0.1118952557027702,98.21,NORMAL
64,85,-0.0936184938241828,90.02,NORMAL
64,86,-0.1098134114614039,97.28,NORMAL
64,87,-0.0507196037787907,70.78,NORMAL
64,88,-0.0931843426352297,89.82,NORMAL
64,89,-0.1038808774928964,94.62,NORMAL
64,90,-0.0861324954192426,86.66,NORMAL
64,91,-0.0922326542481873,89.4,NORMAL
64,92,-0.0897995910678755,88.31,NORMAL
64,93,-0.0918808490354289,89.24,NORMAL
64,94,-0.1067721744608287,95.92,NORMAL
64,95,-0.0941021767497718,90.23,NORMAL
64,96,-0.1017765318279802,93.68,NORMAL
64,97,-0.1026947440246361,94.09,NORMAL
64,98,-0.1141214491428452,99.21,NORMAL
64,99,-0.0915204845199246,89.08,NORMAL
64,100,-0.0897923958058247,88.3,NORMAL
64,101,-0.0838762673699787,85.65,NORMAL
64,102,-0.0946952780501035,90.5,NORMAL
64,103,-0.0931738154022979,89.82,NORMAL
64,104,-0.1114070049146643,97.99,NORMAL
64,105,-0.1066858925826612,95.88,NORMAL
64,106,-0.0758347768143454,82.04,NORMAL
64,107,-0.0844799141903627,85.92,NORMAL
64,108,-0.0935943997305838,90.01,NORMAL
64,109,-0.0882840088124455,87.63,NORMAL
64,110,-0.1029807079511268,94.22,NORMAL
64,111,-0.0689663212603402,78.96,NORMAL
64,112,-0.0914139412404466,89.03,NORMAL
64,113,-0.0935308115254556,89.98,NORMAL
64,114,-0.0766599032999675,82.41,NORMAL
64,115,-0.058958726042628,74.48,NORMAL
64,116,-0.0957287148077626,90.96,NORMAL
64,117,-0.1001304489818372,92.94,NORMAL
64,118,-0.1126674068474899,98.56,NORMAL
64,119,-0.0828888272512899,85.21,NORMAL
64,120,-0.0729618021021201,80.75,NORMAL
64,121,-0.0783657617973046,83.18,NORMAL
64,122,-0.0747548066340845,81.56,NORMAL
64,123,-0.1133049480543981,98.85,NORMAL
64,124,-0.0867489833269642,86.94,NORMAL
64,125,-0.1068328466757133,95.94,NORMAL
64,126,-0.1044421261094788,94.87,NORMAL
64,127,-0.0676869483859795,78.39,NORMAL
64,128,-0.1008678125619998,93.27,NORMAL
64,129,-0.1075194869083707,96.25,NORMAL
64,130,-0.1143865351971419,99.33,NORMAL
64,131,-0.096696304652909,91.4,NORMAL
64,132,-0.0947153006540542,90.51,NORMAL
64,133,-0.0995591686173902,92.68,NORMAL
64,134,-0.0969895179819634,91.53,NORMAL
64,135,-0.0669352420694332,78.05,NORMAL
64,136,-0.0878793671631776,87.44,NORMAL
64,137,-0.0876207443717996,87.33,NORMAL
64,138,-0.0910824737508351,88.88,NORMAL
64,139,-0.0808579021648139,84.3,NORMAL
64,140,-0.1038222190100767,94.59,NORMAL
64,141,-0.1025755889963564,94.03,NORMAL
64,142,-0.0938892138280031,90.14,NORMAL
64,143,-0.1032742332299941,94.35,NORMAL
64,144,-0.1109100452805692,97.77,NORMAL
64,145,-0.1026996416050683,94.09,NORMAL
64,146,-0.1041299333189984,94.73,NORMAL
64,147,-0.0773782069926417,82.74,NORMAL
64,148,-0.0711263199106408,79.93,NORMAL
64,149,-0.0943745284899833,90.36,NORMAL
64,150,-0.0775208436379471,82.8,NORMAL
64,151,-0.0931606547167188,89.81,NORMAL
64,152,-0.0945433099450675,90.43,NORMAL
64,153,-0.0660942069919145,77.68,NORMAL
64,154,-0.1088877515012578,96.86,NORMAL
64,155,-0.1038565107846331,94.61,NORMAL
64,156,-0.0846797546089631,86.01,NORMAL
64,157,-0.1193750794538356,100.0,NORMAL
64,158,-0.0982060166808949,92.07,NORMAL
64,159,-0.095937640806435,91.06,NORMAL
64,160,-0.0837132720068629,85.58,NORMAL
64,161,-0.1044103646014165,94.86,NORMAL
64,162,-0.1179638477608925,100.0,NORMAL
64,163,-0.1115785883901893,98.07,NORMAL
64,164,-0.1076140761343282,96.29,NORMAL
64,165,-0.0977733290087323,91.88,NORMAL
64,166,-0.0776819618797198,82.87,NORMAL
64,167,-0.1063982457035602,95.75,NORMAL
64,168,-0.114297787445412,99.29,NORMAL
64,169,-0.0797127279858615,83.78,NORMAL
64,170,-0.0789950905706577,83.46,NORMAL
64,171,-0.0735026380475131,81.0,NORMAL
64,172,-0.0962467550740342,91.2,NORMAL
64,173,-0.0896827822505315,88.25,NORMAL
64,174,-0.0889973145093572,87.95,NORMAL
64,175,-0.0750273556826267,81.68,NORMAL
64,176,-0.0831801694369924,85.34,NORMAL
64,177,-0.096210360555543,91.18,NORMAL
64,178,-0.0914355107045103,89.04,NORMAL
64,179,-0.1068785941091886,95.96,NORMAL
64,180,-0.0963929970727852,91.26,NORMAL
64,181,-0.08750238400386,87.27,NORMAL
64,182,-0.0836449271318062,85.55,NORMAL
64,183,-0.0978596276336496,91.92,NORMAL
64,184,-0.1077304222091118,96.35,NORMAL
64,185,-0.0877565896354257,87.39,NORMAL
64,186,-0.0919140492580607,89.25,NORMAL
64,187,-0.1003547755632828,93.04,NORMAL
64,188,-0.0960506479615812,91.11,NORMAL
64,189,-0.0899121446467876,88.36,NORMAL
64,190,-0.0974486701864684,91.74,NORMAL
64,191,-0.096035594313569,91.1,NORMAL
64,192,-0.0593554996504905,74.65,NORMAL
64,193,-0.0558380585641616,73.08,NORMAL
64,194,-0.0909028468020158,88.8,NORMAL
64,195,-0.0598712246729271,74.88,NORMAL
64,196,-0.0827857306253929,85.16,NORMAL
64,197,-0.0788578904248339,83.4,NORMAL
64,198,-0.0873467070706507,87.21,NORMAL
64,199,-0.0954475067708718,90.84,NORMAL
64,200,-0.0836368250048802,85.54,NORMAL
64,201,-0.0812653648481855,84.48,NORMAL
64,202,-0.0636939268878165,76.6,NORMAL
64,203,-0.0926868183414401,89.6,NORMAL
64,204,-0.0626196329167794,76.12,NORMAL
64,205,-0.0863701041741896,86.77,NORMAL
64,206,-0.0471846128925056,69.2,WARNING
64,207,-0.0708795843530649,79.82,NORMAL
64,208,-0.0701233259659588,79.48,NORMAL
64,209,-0.0699199502271618,79.39,NORMAL
64,210,-0.0704254024749302,79.62,NORMAL
64,211,-0.0533349764534891,71.95,NORMAL
64,212,-0.0703390812653338,79.58,NORMAL
64,213,-0.0732772380427623,80.9,NORMAL
64,214,-0.0896806397207904,88.25,NORMAL
64,215,-0.0345963226005257,63.55,WARNING
64,216,-0.0503209921964626,70.6,NORMAL
64,217,-0.0772065484654717,82.66,NORMAL
64,218,-0.0558548394794163,73.08,NORMAL
64,219,-0.034109839764089,63.33,WARNING
64,220,-0.0741094607167069,81.27,NORMAL
64,221,-0.0629433909022095,76.26,NORMAL
64,222,-0.0591513081113203,74.56,NORMAL
64,223,-0.0550008507175658,72.7,NORMAL
64,224,-0.0781790843812264,83.09,NORMAL
64,225,-0.0280962481395831,60.64,WARNING
64,226,-0.0456386216498183,68.5,WARNING
64,227,-0.0358353356370191,64.11,WARNING
64,228,-0.0263244367908364,59.84,WARNING
64,229,-0.0406248791360361,66.25,WARNING
64,230,-0.056972277347868,73.58,NORMAL
64,231,-0.0402908662775146,66.1,WARNING
64,232,-0.0496213067862391,70.29,NORMAL
64,233,-0.0263365451876346,59.85,WARNING
64,234,-0.0435037625594617,67.55,WARNING
64,235,-0.0502320036050051,70.56,NORMAL
64,236,-0.0469887938163853,69.11,WARNING
64,237,-0.0379242749010472,65.04,WARNING
64,238,-0.0422503625912921,66.98,WARNING
64,239,-0.04465489920011,68.06,WARNING
64,240,0.0213323585165114,38.47,CRITICAL
64,241,-0.026025073738478,59.71,WARNING
64,242,-0.0347630516285377,63.63,WARNING
64,243,-0.076629714362167,82.4,NORMAL
64,244,-0.0487149284642433,69.88,WARNING
64,245,-0.0347359201334397,63.61,WARNING
64,246,-0.0025340645938495,49.17,WARNING
64,247,-0.0146998531541864,54.63,WARNING
64,248,-0.0402735910648687,66.1,WARNING
64,249,-0.0333658462571913,63.0,WARNING
64,250,-0.034899098569137,63.69,WARNING
64,251,-0.0215957306077483,57.72,WARNING
64,252,-0.0007759198191047,48.39,WARNING
64,253,-0.0098823713518246,52.47,WARNING
64,254,0.0315801568355504,33.88,CRITICAL
64,255,0.0104326191309521,43.36,WARNING
64,256,-0.0258785553618431,59.64,WARNING
64,257,0.016256957375853,40.75,WARNING
64,258,-0.0194754813711315,56.77,WARNING
64,259,0.0054304695450105,45.6,WARNING
64,260,0.0108620101641273,43.17,WARNING
64,261,0.0476858763998503,26.65,CRITICAL
64,262,0.0126405437885664,42.37,WARNING
64,263,-0.0002775292169757,48.16,WARNING
64,264,0.0223849283899516,38.0,CRITICAL
64,265,0.0035528360559449,46.44,WARNING
64,266,0.0352868174709978,32.21,CRITICAL
64,267,-0.0040189590684959,49.84,WARNING
64,268,0.0275615368682891,35.68,CRITICAL
64,269,0.0402417965967799,29.99,CRITICAL
64,270,0.0488136266238424,26.15,CRITICAL
64,271,0.0691849176858109,17.01,CRITICAL
64,272,0.0242064463150205,37.18,CRITICAL
64,273,0.053290777593254,24.14,CRITICAL
64,274,0.0217273786795216,38.29,CRITICAL
64,275,0.0431944474297772,28.67,CRITICAL
64,276,0.0178855646743981,40.02,WARNING
64,277,0.0690513429187005,17.07,CRITICAL
64,278,0.074188128181988,14.77,CRITICAL
64,279,0.0594568647339354,21.38,CRITICAL
64,280,0.0774759610394169,13.3,CRITICAL
64,281,0.0668645132096443,18.05,CRITICAL
64,282,0.0856015036741008,9.65,CRITICAL
64,283,0.0899946666595196,7.68,CRITICAL
65,1,-0.0471947037253414,69.2,WARNING
65,2,-0.0357439049036421,64.07,WARNING
65,3,-0.0141235399876957,54.37,WARNING
65,4,-0.0649323299104097,77.15,NORMAL
65,5,-0.0519743135751298,71.34,NORMAL
65,6,-0.0258576657125809,59.63,WARNING
65,7,-0.0418118837635972,66.79,WARNING
65,8,-0.0246900111776861,59.11,WARNING
65,9,-0.0592755917419279,74.62,NORMAL
65,10,-0.0577283476471989,73.92,NORMAL
65,11,-0.0386838951667709,65.38,WARNING
65,12,-0.0364482540504185,64.38,WARNING
65,13,-0.0329926992981918,62.83,WARNING
65,14,-0.0645380153578473,76.98,NORMAL
65,15,0.032006118486781,33.69,CRITICAL
65,16,-0.0610969104149378,75.43,NORMAL
65,17,-0.0275160145143454,60.38,WARNING
65,18,-0.0335290222788338,63.07,WARNING
65,19,-0.0238203748756287,58.72,WARNING
65,20,-0.0269067195418815,60.1,WARNING
65,21,-0.0599001059941262,74.9,NORMAL
65,22,-0.0907177718764648,88.72,NORMAL
65,23,-0.0800456063827607,83.93,NORMAL
65,24,-0.0890341551213966,87.96,NORMAL
65,25,-0.0631771919671902,76.37,NORMAL
65,26,0.0547544239718286,23.48,CRITICAL
65,27,-0.0686506024044845,78.82,NORMAL
65,28,-0.0634077430239533,76.47,NORMAL
65,29,-0.0452559471501712,68.33,WARNING
65,30,-0.0568694649891101,73.54,NORMAL
65,31,-0.010827247388101,52.89,WARNING
65,32,-0.0575975099518532,73.87,NORMAL
65,33,-0.0341706753841095,63.36,WARNING
65,34,-0.0544744570027535,72.46,NORMAL
65,35,-0.0524222295533736,71.54,NORMAL
65,36,-0.0672692546259731,78.2,NORMAL
65,37,-0.0617472616647156,75.73,NORMAL
65,38,-0.0644861240544957,76.95,NORMAL
65,39,-0.0422566445734891,66.99,WARNING
65,40,-0.0415673356356636,66.68,WARNING
65,41,-0.0532377487092591,71.91,NORMAL
65,42,-0.0219218353084506,57.87,WARNING
65,43,-0.0703611922094969,79.59,NORMAL
65,44,-0.0403192931913754,66.12,WARNING
65,45,-0.0244580170920667,59.0,WARNING
65,46,-0.0935320063853974,89.98,NORMAL
65,47,-0.0213209726442622,57.6,WARNING
65,48,-0.0866214851001974,86.88,NORMAL
65,49,0.0453515530728244,27.7,CRITICAL
65,50,-0.0456996201456558,68.53,WARNING
65,51,-0.0828415155830973,85.18,NORMAL
65,52,-0.0289849740207521,61.03,WARNING
65,53,-0.0773219969502868,82.71,NORMAL
65,54,-0.0707616255807809,79.77,NORMAL
65,55,-0.0823171650526956,84.95,NORMAL
65,56,-0.015404156917135,54.94,WARNING
65,57,-0.0557375358271525,73.03,NORMAL
65,58,-0.0643745349248497,76.9,NORMAL
65,59,-0.0600769592121116,74.98,NORMAL
65,60,-0.0796987737723454,83.78,NORMAL
65,61,-0.0390817095140739,65.56,WARNING
65,62,-0.0775990815302445,82.83,NORMAL
65,63,-0.071818231155291,80.24,NORMAL
65,64,-0.0683072290792764,78.67,NORMAL
65,65,-0.053976084224151,72.24,NORMAL
65,66,-0.0791542161119436,83.53,NORMAL
65,67,-0.067989067651158,78.52,NORMAL
65,68,-0.0715650261353385,80.13,NORMAL
65,69,-0.0336091233286027,63.11,WARNING
65,70,-0.097345309489375,91.69,NORMAL
65,71,-0.0981162942986295,92.03,NORMAL
65,72,0.0147140893944189,41.44,WARNING
65,73,-0.0668445151532956,78.01,NORMAL
65,74,-0.0614467784035258,75.59,NORMAL
65,75,-0.0889602934790922,87.93,NORMAL
65,76,-0.0774792337974387,82.78,NORMAL
65,77,-0.0778089972151058,82.93,NORMAL
65,78,-0.0713007512976031,80.01,NORMAL
65,79,-0.1063348301382382,95.72,NORMAL
65,80,-0.0708201592378378,79.79,NORMAL
65,81,-0.0992154051150183,92.53,NORMAL
65,82,-0.096165554350621,91.16,NORMAL
65,83,-0.0779321198960483,82.98,NORMAL
65,84,-0.0857189830003198,86.48,NORMAL
65,85,-0.0893054188191651,88.08,NORMAL
65,86,-0.0800736358601557,83.94,NORMAL
65,87,-0.0978471607827184,91.91,NORMAL
65,88,-0.072003761735106,80.33,NORMAL
65,89,-0.0901924550384269,88.48,NORMAL
65,90,-0.0710258928659686,79.89,NORMAL
65,91,-0.0812173703261642,84.46,NORMAL
65,92,-0.091790894451773,89.2,NORMAL
65,93,-0.0670188327559173,78.09,NORMAL
65,94,-0.0877221106636786,87.37,NORMAL
65,95,-0.0967896853638325,91.44,NORMAL
65,96,-0.0833021387506285,85.39,NORMAL
65,97,-0.0902448183657582,88.5,NORMAL
65,98,-0.0820057166113782,84.81,NORMAL
65,99,-0.061593596099219,75.66,NORMAL
65,100,-0.0775779787167282,82.82,NORMAL
65,101,-0.0660243397266813,77.64,NORMAL
65,102,-0.0737724784922287,81.12,NORMAL
65,103,-0.1014980271729717,93.55,NORMAL
65,104,-0.1030050188537719,94.23,NORMAL
65,105,-0.091679190420458,89.15,NORMAL
65,106,-0.0577805487576228,73.95,NORMAL
65,107,-0.0881329657203454,87.56,NORMAL
65,108,-0.1152565371993179,99.72,NORMAL
65,109,-0.0750379759518228,81.69,NORMAL
65,110,-0.1010988922099154,93.37,NORMAL
65,111,-0.0923370611282347,89.44,NORMAL
65,112,-0.098234251767878,92.09,NORMAL
65,113,-0.0961316764661857,91.14,NORMAL
65,114,-0.0977969199857546,91.89,NORMAL
65,115,-0.0861780706138211,86.68,NORMAL
65,116,-0.09615205534067,91.15,NORMAL
65,117,-0.0669893944865388,78.08,NORMAL
65,118,-0.1014528613900995,93.53,NORMAL
65,119,-0.0991741833623721,92.51,NORMAL
65,120,-0.0721876100834468,80.41,NORMAL
65,121,-0.0842108025901411,85.8,NORMAL
65,122,-0.0740213210760392,81.23,NORMAL
65,123,-0.0796119440064045,83.74,NORMAL
65,124,-0.0937560792390139,90.08,NORMAL
65,125,-0.0889261645241818,87.91,NORMAL
65,126,-0.0714571800781484,80.08,NORMAL
65,127,-0.0528948323833372,71.76,NORMAL
65,128,-0.0381349303724422,65.14,WARNING
65,129,-0.0543458374486114,72.41,NORMAL
65,130,-0.0306874256346814,61.8,WARNING
65,131,-0.0247579651958148,59.14,WARNING
65,132,-0.0438962900457325,67.72,WARNING
65,133,-0.0517429267705962,71.24,NORMAL
65,134,-0.0341372799687837,63.35,WARNING
65,135,-0.0232785729848984,58.48,WARNING
65,136,-0.0234358895316336,58.55,WARNING
65,137,-0.0421976884653307,66.96,WARNING
65,138,0.0069375475498544,44.93,WARNING
65,139,0.0334574854605174,33.03,CRITICAL
65,140,0.0290252568283427,35.02,CRITICAL
65,141,0.0239273365325175,37.31,CRITICAL
65,142,-0.0021600564534109,49.01,WARNING
65,143,0.0292506525009633,34.92,CRITICAL
65,144,0.0416510882641103,29.36,CRITICAL
65,145,0.0341374995572242,32.73,CRITICAL
65,146,0.0479164799924235,26.55,CRITICAL
65,147,0.0427682089153391,28.86,CRITICAL
65,148,0.0696742061836039,16.79,CRITICAL
65,149,0.0743606086067774,14.69,CRITICAL
65,150,0.074231624365235,14.75,CRITICAL
65,151,0.0835756998725401,10.56,CRITICAL
65,152,0.0792613624261562,12.5,CRITICAL
65,153,0.095178310540937,5.36,CRITICAL
66,1,-0.1148013308746872,99.52,NORMAL
66,2,-0.083163865662168,85.33,NORMAL
66,3,-0.0701403652443022,79.49,NORMAL
66,4,-0.0868668388029969,86.99,NORMAL
66,5,-0.1064229475992623,95.76,NORMAL
66,6,-0.0820756631669278,84.84,NORMAL
66,7,-0.1028172693401652,94.14,NORMAL
66,8,-0.1004202072380078,93.07,NORMAL
66,9,-0.1109579746580085,97.79,NORMAL
66,10,-0.0922971987774926,89.43,NORMAL
66,11,-0.0700428545844604,79.45,NORMAL
66,12,-0.0557373838601344,73.03,NORMAL
66,13,-0.093808202581524,90.1,NORMAL
66,14,-0.1005333392111322,93.12,NORMAL
66,15,-0.0750506992546488,81.69,NORMAL
66,16,-0.0733800326583513,80.94,NORMAL
66,17,-0.0962544582979782,91.2,NORMAL
66,18,-0.0934578132823221,89.95,NORMAL
66,19,-0.0765121386671536,82.35,NORMAL
66,20,-0.0841060087968498,85.75,NORMAL
66,21,-0.0910051695592432,88.85,NORMAL
66,22,-0.083390700922434,85.43,NORMAL
66,23,-0.0827219100743404,85.13,NORMAL
66,24,-0.0876181011516251,87.33,NORMAL
66,25,-0.0769423135748866,82.54,NORMAL
66,26,-0.1079715433235543,96.45,NORMAL
66,27,-0.0937701199375783,90.09,NORMAL
66,28,-0.088316762784156,87.64,NORMAL
66,29,-0.0749041169420477,81.63,NORMAL
66,30,-0.0853358596759489,86.3,NORMAL
66,31,-0.0967087388186857,91.4,NORMAL
66,32,-0.1033571716997582,94.38,NORMAL
66,33,-0.1044777520761998,94.89,NORMAL
66,34,-0.0952904974191464,90.77,NORMAL
66,35,-0.0800340863509782,83.93,NORMAL
66,36,-0.0661635112618051,77.71,NORMAL
66,37,-0.1077441516914423,96.35,NORMAL
66,38,-0.0733456355629507,80.93,NORMAL
66,39,-0.0914570633157529,89.05,NORMAL
66,40,-0.0994821187920057,92.65,NORMAL
66,41,-0.084717380704973,86.03,NORMAL
66,42,-0.1081379962733344,96.53,NORMAL
66,43,-0.0940855738873166,90.23,NORMAL
66,44,-0.0905202130763787,88.63,NORMAL
66,45,-0.0858209840458418,86.52,NORMAL
66,46,-0.0942039165005583,90.28,NORMAL
66,47,-0.1134953901696648,98.93,NORMAL
66,48,-0.0979250513583907,91.95,NORMAL
66,49,-0.0981203292558993,92.04,NORMAL
66,50,-0.0676765520329988,78.38,NORMAL
66,51,-0.0865608051929522,86.85,NORMAL
66,52,-0.1052594602127924,95.24,NORMAL
66,53,-0.0997431361199513,92.76,NORMAL
66,54,-0.0879487731694437,87.48,NORMAL
66,55,-0.1010348374959888,93.34,NORMAL
66,56,-0.0591953048347526,74.58,NORMAL
66,57,-0.0727966736096515,80.68,NORMAL
66,58,-0.1055452872445403,95.37,NORMAL
66,59,-0.0111035253300542,53.02,WARNING
66,60,-0.1009095987042095,93.29,NORMAL
66,61,-0.0803350202933418,84.06,NORMAL
66,62,-0.1002150554940826,92.98,NORMAL
66,63,-0.0543106989712914,72.39,NORMAL
66,64,-0.1036570319926148,94.52,NORMAL
66,65,-0.073241248277195,80.88,NORMAL
66,66,-0.1150610135839683,99.63,NORMAL
66,67,-0.0967106258703019,91.4,NORMAL
66,68,-0.094117673204596,90.24,NORMAL
66,69,-0.0448211732795893,68.14,WARNING
66,70,-0.0750548184809044,81.69,NORMAL
66,71,-0.0769586700444326,82.55,NORMAL
66,72,-0.0942075438241109,90.28,NORMAL
66,73,-0.0875155900343076,87.28,NORMAL
66,74,-0.0660299888957964,77.65,NORMAL
66,75,-0.0622131107242761,75.93,NORMAL
66,76,-0.1005119077365734,93.11,NORMAL
66,77,-0.0498277361875504,70.38,NORMAL
66,78,-0.1070108035906199,96.02,NORMAL
66,79,-0.0807906751634396,84.27,NORMAL
66,80,-0.0827363516283746,85.14,NORMAL
66,81,-0.0735482053279751,81.02,NORMAL
66,82,-0.0980691294519822,92.01,NORMAL
66,83,-0.0722914769769171,80.45,NORMAL
66,84,-0.0885581283366171,87.75,NORMAL
66,85,-0.0954339535673542,90.83,NORMAL
66,86,-0.0818413462559729,84.74,NORMAL
66,87,-0.0884790808234321,87.71,NORMAL
66,88,-0.0899622432919836,88.38,NORMAL
66,89,-0.0805265880535729,84.15,NORMAL
66,90,-0.0955440207067624,90.88,NORMAL
66,91,-0.0597907363368627,74.85,NORMAL
66,92,-0.0866676487773338,86.9,NORMAL
66,93,-0.0885641323752753,87.75,NORMAL
66,94,-0.0908732774790623,88.79,NORMAL
66,95,-0.0679235415686108,78.5,NORMAL
66,96,-0.0877571055674704,87.39,NORMAL
66,97,-0.0436617705627798,67.62,WARNING
66,98,-0.0650144876716915,77.19,NORMAL
66,99,-0.0740099307691927,81.22,NORMAL
66,100,-0.0697085561669657,79.3,NORMAL
66,101,-0.0841353184197947,85.77,NORMAL
66,102,-0.0819222697084937,84.77,NORMAL
66,103,-0.0715931051199244,80.14,NORMAL
66,104,-0.0941630772551659,90.26,NORMAL
66,105,-0.0820382356514478,84.82,NORMAL
66,106,-0.0623546346107931,76.0,NORMAL
66,107,-0.0971629981409008,91.61,NORMAL
66,108,-0.0159263273511169,55.18,WARNING
66,109,-0.0852090996137145,86.25,NORMAL
66,110,-0.0937405121453892,90.07,NORMAL
66,111,-0.077773436809914,82.91,NORMAL
66,112,-0.0622925173342735,75.97,NORMAL
66,113,-0.0518624172434191,71.29,NORMAL
66,114,-0.0758001155779113,82.03,NORMAL
66,115,-0.0579909001047308,74.04,NORMAL
66,116,-0.0401245339973137,66.03,WARNING
66,117,-0.0879906078170137,87.49,NORMAL
66,118,-0.0613410803990035,75.54,NORMAL
66,119,-0.0844561004017188,85.91,NORMAL
66,120,-0.0385557813789388,65.33,WARNING
66,121,-0.0741557241781993,81.29,NORMAL
66,122,-0.1131690609818787,98.78,NORMAL
66,123,-0.0806820008241935,84.22,NORMAL
66,124,-0.0587696549842131,74.39,NORMAL
66,125,-0.0756689752533209,81.97,NORMAL
66,126,-0.0516315130669132,71.19,NORMAL
66,127,-0.0647633546922683,77.08,NORMAL
66,128,-0.0832413497815382,85.36,NORMAL
66,129,-0.0587728692231988,74.39,NORMAL
66,130,-0.0844243044557099,85.89,NORMAL
66,131,-0.0552530236279639,72.81,NORMAL
66,132,-0.0815054602643658,84.59,NORMAL
66,133,-0.0441100266657943,67.82,WARNING
66,134,-0.0881249772892425,87.55,NORMAL
66,135,-0.070057900558615,79.45,NORMAL
66,136,-0.075390498048364,81.84,NORMAL
66,137,-0.0417441978598145,66.76,WARNING
66,138,-0.0823847324244081,84.98,NORMAL
66,139,-0.0662177380229107,77.73,NORMAL
66,140,-0.0500122278826321,70.46,NORMAL
66,141,-0.047491914275668,69.33,WARNING
66,142,-0.0588025741981019,74.41,NORMAL
66,143,-0.0621746072794593,75.92,NORMAL
66,144,-0.0459354558434424,68.64,WARNING
66,145,-0.0749116618152768,81.63,NORMAL
66,146,-0.0310781486831761,61.97,WARNING
66,147,-0.0193903936593237,56.73,WARNING
66,148,-0.0630947354235584,76.33,NORMAL
66,149,-0.0451508110293814,68.28,WARNING
66,150,-0.0446059304119666,68.04,WARNING
66,151,-0.0614025012203896,75.57,NORMAL
66,152,-0.0279925160867203,60.59,WARNING
66,153,-0.0485328373323337,69.8,WARNING
66,154,-0.0532329692398704,71.91,NORMAL
66,155,-0.0462679800249305,68.78,WARNING
66,156,-0.0417604695784758,66.76,WARNING
66,157,-0.0506441822835919,70.75,NORMAL
66,158,-0.0477626003367416,69.45,WARNING
66,159,-0.0444755080900433,67.98,WARNING
66,160,-0.0132557236092886,53.98,WARNING
66,161,-0.0137501934421402,54.2,WARNING
66,162,-0.0250517549573295,59.27,WARNING
66,163,-0.0418125278578673,66.79,WARNING
66,164,-0.000434212086431,48.23,WARNING
66,165,-0.0262185469950722,59.79,WARNING
66,166,-0.0428682187571752,67.26,WARNING
66,167,-0.0060424440532602,50.75,WARNING
66,168,-0.0235931051720197,58.62,WARNING
66,169,-0.0244154220676306,58.99,WARNING
66,170,-0.0263934109848826,59.87,WARNING
66,171,-0.0347864168831131,63.64,WARNING
66,172,-0.03331949515109,62.98,WARNING
66,173,-0.0189204989430357,56.52,WARNING
66,174,-0.0218419728140708,57.83,WARNING
66,175,-0.0197334447838458,56.89,WARNING
66,176,-0.0195013236339454,56.78,WARNING
66,177,-0.0001832936706361,48.12,WARNING
66,178,-0.0191416768067154,56.62,WARNING
66,179,0.013939534289336,41.79,WARNING
66,180,0.0163930690121607,40.69,WARNING
66,181,0.0167247770741816,40.54,WARNING
66,182,0.0013234652974367,47.44,WARNING
66,183,0.0156098637946275,41.04,WARNING
66,184,0.0167754873457467,40.52,WARNING
66,185,-0.0117275567593375,53.3,WARNING
66,186,-0.0273388281501762,60.3,WARNING
66,187,0.0054346983439824,45.6,WARNING
66,188,0.0165622328429745,40.61,WARNING
66,189,0.0308428020681366,34.21,CRITICAL
66,190,0.0657336483064806,18.56,CRITICAL
66,191,0.0375739749053684,31.19,CRITICAL
66,192,0.0395058665001908,30.32,CRITICAL
66,193,0.0294191028364048,34.85,CRITICAL
66,194,0.0538796480905063,23.88,CRITICAL
66,195,0.0207702001855855,38.72,CRITICAL
66,196,0.0319537815596031,33.71,CRITICAL
66,197,0.0610073160422356,20.68,CRITICAL
66,198,0.0203440976233815,38.91,CRITICAL
66,199,0.0612708960194414,20.56,CRITICAL
66,200,0.055299906236071,23.24,CRITICAL
66,201,0.0910892268604881,7.19,CRITICAL
66,202,0.0984966221144439,3.87,CRITICAL
67,1,-0.0585578590733394,74.3,NORMAL
67,2,-0.0759844651131577,82.11,NORMAL
67,3,-0.0652502488214671,77.3,NORMAL
67,4,-0.0945914135256886,90.45,NORMAL
67,5,-0.0641588241262146,76.81,NORMAL
67,6,-0.0881897715071115,87.58,NORMAL
67,7,-0.0591744105202997,74.57,NORMAL
67,8,-0.0832082839461734,85.35,NORMAL
67,9,-0.0603693657104538,75.11,NORMAL
67,10,-0.0510224353757537,70.92,NORMAL
67,11,-0.061261703495701,75.51,NORMAL
67,12,-0.0922364067756291,89.4,NORMAL
67,13,-0.1064175962947172,95.76,NORMAL
67,14,-0.090091977691225,88.44,NORMAL
67,15,-0.1019808685008182,93.77,NORMAL
67,16,-0.0842319506580671,85.81,NORMAL
67,17,-0.0728192228957006,80.69,NORMAL
67,18,-0.0828390179741315,85.18,NORMAL
67,19,-0.0697331381391932,79.31,NORMAL
67,20,-0.0988958739644175,92.38,NORMAL
67,21,-0.0739822426133817,81.21,NORMAL
67,22,-0.0833108933188294,85.4,NORMAL
67,23,-0.0962146783187926,91.18,NORMAL
67,24,-0.0554184216068959,72.89,NORMAL
67,25,-0.0791720644602641,83.54,NORMAL
67,26,-0.0953056765831145,90.77,NORMAL
67,27,-0.0933886955547891,89.91,NORMAL
67,28,-0.067364464906541,78.24,NORMAL
67,29,-0.0471800683864799,69.19,WARNING
67,30,-0.0661987783147337,77.72,NORMAL
67,31,-0.0903476002510274,88.55,NORMAL
67,32,-0.0965367059784241,91.33,NORMAL
67,33,-0.0973108276877005,91.67,NORMAL
67,34,-0.0864693926506128,86.81,NORMAL
67,35,-0.0875749866779554,87.31,NORMAL
67,36,-0.1095774973807695,97.17,NORMAL
67,37,-0.0764561071484786,82.32,NORMAL
67,38,-0.0783576116730369,83.17,NORMAL
67,39,-0.0749832197749332,81.66,NORMAL
67,40,-0.0743253773975947,81.37,NORMAL
67,41,-0.0930185605387569,89.75,NORMAL
67,42,-0.0929595059121859,89.72,NORMAL
67,43,-0.0824519522850532,85.01,NORMAL
67,44,-0.0791070035949321,83.51,NORMAL
67,45,-0.0748908664116042,81.62,NORMAL
67,46,-0.080404007999257,84.09,NORMAL
67,47,-0.0766971871727267,82.43,NORMAL
67,48,-0.1026232487812418,94.06,NORMAL
67,49,-0.0724290787463931,80.52,NORMAL
67,50,-0.0583930136627489,74.22,NORMAL
67,51,-0.0644579332993445,76.94,NORMAL
67,52,-0.0908012475105074,88.75,NORMAL
67,53,-0.069215741593419,79.07,NORMAL
67,54,-0.0908893629380547,88.79,NORMAL
67,55,-0.1151308536652011,99.66,NORMAL
67,56,-0.1025387070745146,94.02,NORMAL
67,57,-0.089570976222318,88.2,NORMAL
67,58,-0.1185729228786848,100.0,NORMAL
67,59,-0.0927339168611383,89.62,NORMAL
67,60,-0.1037614552190949,94.57,NORMAL
67,61,-0.0510938585094181,70.95,NORMAL
67,62,-0.0741887975275896,81.3,NORMAL
67,63,-0.0305231373933849,61.72,WARNING
67,64,-0.0853017231735414,86.29,NORMAL
67,65,-0.0934650557314832,89.95,NORMAL
67,66,-0.0897266804631378,88.27,NORMAL
67,67,-0.0930164761408637,89.75,NORMAL
67,68,-0.0766906658454301,82.43,NORMAL
67,69,-0.073043455706424,80.79,NORMAL
67,70,-0.0826186241911768,85.09,NORMAL
67,71,-0.084678378221902,86.01,NORMAL
67,72,-0.0833096952793097,85.39,NORMAL
67,73,-0.1067857395430918,95.92,NORMAL
67,74,-0.0943527999626974,90.35,NORMAL
67,75,-0.06497919804513,77.18,NORMAL
67,76,-0.084862548896478,86.09,NORMAL
67,77,-0.1023492819335133,93.93,NORMAL
67,78,-0.0817073320981193,84.68,NORMAL
67,79,-0.0880173702856708,87.51,NORMAL
67,80,-0.1054092782948497,95.3,NORMAL
67,81,-0.07587284994461,82.06,NORMAL
67,82,-0.0899208339639862,88.36,NORMAL
67,83,-0.1002718887894499,93.0,NORMAL
67,84,-0.0578770865593127,73.99,NORMAL
67,85,-0.0862606304627131,86.72,NORMAL
67,86,-0.1009636755543462,93.31,NORMAL
67,87,-0.0887307249194193,87.83,NORMAL
67,88,-0.0448460437293355,68.15,WARNING
67,89,-0.0233463999259373,58.51,WARNING
67,90,-0.093010927318646,89.75,NORMAL
67,91,-0.0993186741457732,92.57,NORMAL
67,92,-0.1092864586360488,97.04,NORMAL
67,93,-0.0773059167406589,82.7,NORMAL
67,94,-0.089804804565545,88.31,NORMAL
67,95,-0.0696757583899108,79.28,NORMAL
67,96,-0.081716550747559,84.68,NORMAL
67,97,-0.0883711634253743,87.66,NORMAL
67,98,-0.0838996816823021,85.66,NORMAL
67,99,-0.098238821375625,92.09,NORMAL
67,100,-0.1015919279923255,93.59,NORMAL
67,101,-0.0853477957304988,86.31,NORMAL
67,102,-0.0674357042999339,78.28,NORMAL
67,103,-0.0994142296561308,92.62,NORMAL
67,104,-0.1115415308586786,98.05,NORMAL
67,105,-0.1022670327617692,93.9,NORMAL
67,106,-0.0927152058021252,89.61,NORMAL
67,107,-0.0963145048179014,91.23,NORMAL
67,108,-0.0895856854644939,88.21,NORMAL
67,109,-0.0785772755134674,83.27,NORMAL
67,110,-0.0931483531231567,89.81,NORMAL
67,111,-0.0887177281634173,87.82,NORMAL
67,112,-0.1057206950299126,95.44,NORMAL
67,113,-0.0815530489891699,84.61,NORMAL
67,114,-0.1123270594344822,98.41,NORMAL
67,115,-0.1076126184900006,96.29,NORMAL
67,116,-0.1169653456725403,100.0,NORMAL
67,117,-0.082167204799476,84.88,NORMAL
67,118,-0.0999804748477471,92.87,NORMAL
67,119,-0.1022631307198747,93.89,NORMAL
67,120,-0.0981632016960493,92.06,NORMAL
67,121,-0.0953000985673563,90.77,NORMAL
67,122,-0.1038999754403826,94.63,NORMAL
67,123,-0.0762231776047264,82.22,NORMAL
67,124,-0.0711442857842837,79.94,NORMAL
67,125,-0.0912824521099598,88.97,NORMAL
67,126,-0.0828954357630392,85.21,NORMAL
67,127,-0.1172591878357316,100.0,NORMAL
67,128,-0.0738605713429891,81.16,NORMAL
67,129,-0.1030052284215891,94.23,NORMAL
67,130,-0.0944191380816244,90.38,NORMAL
67,131,-0.0955670866351458,90.89,NORMAL
67,132,-0.1025518573919802,94.02,NORMAL
67,133,-0.1066072361879424,95.84,NORMAL
67,134,-0.0664782842065462,77.85,NORMAL
67,135,-0.1037090836081188,94.54,NORMAL
67,136,-0.0930979618360053,89.78,NORMAL
67,137,-0.0933095995174583,89.88,NORMAL
67,138,-0.0852940933992177,86.28,NORMAL
67,139,-0.0615509969124803,75.64,NORMAL
67,140,-0.0924437212750779,89.49,NORMAL
67,141,-0.090021822986763,88.4,NORMAL
67,142,-0.0770952584706315,82.61,NORMAL
67,143,-0.0822461868505893,84.92,NORMAL
67,144,-0.1008183541001494,93.25,NORMAL
67,145,-0.0845821916197615,85.97,NORMAL
67,146,-0.1105523445052528,97.61,NORMAL
67,147,-0.0597962707510835,74.85,NORMAL
67,148,-0.0766808276151659,82.42,NORMAL
67,149,-0.0789418276140284,83.44,NORMAL
67,150,-0.103490867871973,94.44,NORMAL
67,151,-0.0957073423504633,90.95,NORMAL
67,152,-0.0884325090706352,87.69,NORMAL
67,153,-0.1037621689384821,94.57,NORMAL
67,154,-0.0802577675569702,84.03,NORMAL
67,155,-0.0942931811394091,90.32,NORMAL
67,156,-0.0594011757804888,74.67,NORMAL
67,157,-0.0756028999658728,81.94,NORMAL
67,158,-0.103151846177385,94.29,NORMAL
67,159,-0.0544510364307633,72.45,NORMAL
67,160,-0.0924562528469796,89.5,NORMAL
67,161,-0.1091751600330487,96.99,NORMAL
67,162,-0.0677335155413421,78.41,NORMAL
67,163,-0.0925662392534467,89.55,NORMAL
67,164,-0.1015608991822203,93.58,NORMAL
67,165,-0.1034627826394318,94.43,NORMAL
67,166,-0.0926406308523686,89.58,NORMAL
67,167,-0.0845766568600931,85.96,NORMAL
67,168,-0.0938224537418774,90.11,NORMAL
67,169,-0.1093018658574186,97.05,NORMAL
67,170,-0.0850360835153141,86.17,NORMAL
67,171,-0.0987719640235671,92.33,NORMAL
67,172,-0.0787360087461022,83.34,NORMAL
67,173,-0.0958459420401046,91.02,NORMAL
67,174,-0.0890526053793418,87.97,NORMAL
67,175,-0.0581260044140974,74.1,NORMAL
67,176,-0.0783688095009491,83.18,NORMAL
67,177,-0.0783934553523619,83.19,NORMAL
67,178,-0.0762677880447133,82.24,NORMAL
67,179,-0.1045859358437896,94.94,NORMAL
67,180,-0.1003777780860629,93.05,NORMAL
67,181,-0.0998975773333561,92.83,NORMAL
67,182,-0.1041205564224962,94.73,NORMAL
67,183,-0.1116855765717229,98.12,NORMAL
67,184,-0.07667779134196,82.42,NORMAL
67,185,-0.0711830877249077,79.96,NORMAL
67,186,-0.103863799451981,94.61,NORMAL
67,187,-0.059108292714128,74.54,NORMAL
67,188,-0.0989488796199183,92.41,NORMAL
67,189,-0.094683926399766,90.5,NORMAL
67,190,-0.0682250571861466,78.63,NORMAL
67,191,-0.0772025528119044,82.66,NORMAL
67,192,-0.0636504022820205,76.58,NORMAL
67,193,-0.1030744268172703,94.26,NORMAL
67,194,-0.0992851698832176,92.56,NORMAL
67,195,-0.0790892714063367,83.5,NORMAL
67,196,-0.1090598125388259,96.94,NORMAL
67,197,-0.064566972374765,76.99,NORMAL
67,198,-0.10976959959244,97.26,NORMAL
67,199,-0.1006529682427508,93.17,NORMAL
67,200,-0.0764490688182985,82.32,NORMAL
67,201,-0.0908842942549554,88.79,NORMAL
67,202,-0.0816850255712407,84.67,NORMAL
67,203,-0.0750719889234043,81.7,NORMAL
67,204,-0.0964207760940956,91.27,NORMAL
67,205,-0.0822339347705092,84.91,NORMAL
67,206,-0.0805596226787392,84.16,NORMAL
67,207,-0.0861775367809628,86.68,NORMAL
67,208,-0.074901286097496,81.62,NORMAL
67,209,-0.093470203702391,89.95,NORMAL
67,210,-0.0621445647571159,75.9,NORMAL
67,211,-0.082622147417753,85.09,NORMAL
67,212,-0.0896464112184063,88.24,NORMAL
67,213,-0.0814092206217994,84.54,NORMAL
67,214,-0.0946894059220519,90.5,NORMAL
67,215,-0.1052540801871519,95.24,NORMAL
67,216,-0.0949107820079586,90.6,NORMAL
67,217,-0.0789411248891927,83.44,NORMAL
67,218,-0.1103731211424165,97.53,NORMAL
67,219,-0.0627030110648493,76.15,NORMAL
67,220,-0.0755917683227915,81.93,NORMAL
67,221,-0.0896113327937817,88.22,NORMAL
67,222,-0.1027845954338004,94.13,NORMAL
67,223,-0.0824448652057091,85.01,NORMAL
67,224,-0.0675887114355858,78.35,NORMAL
67,225,-0.0800239759777439,83.92,NORMAL
67,226,-0.0969457143607994,91.51,NORMAL
67,227,-0.0766890129768038,82.43,NORMAL
67,228,-0.1029081324640697,94.18,NORMAL
67,229,-0.0731071225594878,80.82,NORMAL
67,230,-0.0674271480943152,78.27,NORMAL
67,231,-0.0858971715597115,86.56,NORMAL
67,232,-0.0844312387638206,85.9,NORMAL
67,233,-0.0463608819902244,68.83,WARNING
67,234,-0.0757320981535935,82.0,NORMAL
67,235,-0.0567035485951163,73.46,NORMAL
67,236,-0.072115594129675,80.38,NORMAL
67,237,-0.0956717917319882,90.94,NORMAL
67,238,-0.0764343588160172,82.31,NORMAL
67,239,-0.0507048022400175,70.77,NORMAL
67,240,-0.0800548967379825,83.94,NORMAL
67,241,-0.0530398142397087,71.82,NORMAL
67,242,-0.0374542835906705,64.83,WARNING
67,243,-0.0584683294599178,74.26,NORMAL
67,244,-0.0755329027725986,81.91,NORMAL
67,245,-0.054743419273138,72.59,NORMAL
67,246,-0.0647022910995109,77.05,NORMAL
67,247,-0.0674238511062913,78.27,NORMAL
67,248,-0.0552920542705061,72.83,NORMAL
67,249,-0.0535887560436129,72.07,NORMAL
67,250,-0.0782778052348645,83.14,NORMAL
67,251,-0.0727775080988574,80.67,NORMAL
67,252,-0.0726197488285032,80.6,NORMAL
67,253,-0.0928247354554444,89.66,NORMAL
67,254,-0.0612854125636984,75.52,NORMAL
67,255,-0.0834269398334987,85.45,NORMAL
67,256,-0.0446656643811892,68.07,WARNING
67,257,-0.0695188140339232,79.21,NORMAL
67,258,-0.033805688915047,63.2,WARNING
67,259,-0.0641751481606496,76.81,NORMAL
67,260,-0.0517502811979141,71.24,NORMAL
67,261,-0.0597483540047455,74.83,NORMAL
67,262,-0.0594613173945356,74.7,NORMAL
67,263,-0.0507656283906383,70.8,NORMAL
67,264,-0.0502649390144671,70.58,NORMAL
67,265,-0.0731418329859036,80.84,NORMAL
67,266,-0.063960687056221,76.72,NORMAL
67,267,-0.0285421351797187,60.84,WARNING
67,268,-0.0321804202888075,62.47,WARNING
67,269,-0.0748658664489146,81.61,NORMAL
67,270,-0.0520023934221403,71.36,NORMAL
67,271,-0.0117711762036509,53.32,WARNING
67,272,-0.0503235250837132,70.6,NORMAL
67,273,-0.0268576719697404,60.08,WARNING
67,274,-0.0169405377900097,55.63,WARNING
67,275,-0.0232094143998189,58.44,WARNING
67,276,-0.0232857795611517,58.48,WARNING
67,277,-0.0408618048889212,66.36,WARNING
67,278,-0.0231489202032658,58.42,WARNING
67,279,-0.0089720922559146,52.06,WARNING
67,280,0.0108343964267124,43.18,WARNING
67,281,-0.0397780238532968,65.87,WARNING
67,282,-0.0463699546312646,68.83,WARNING
67,283,0.0202785547915238,38.94,CRITICAL
67,284,0.0065429665898608,45.1,WARNING
67,285,-0.0331337461395355,62.9,WARNING
67,286,-0.0142927286149892,54.45,WARNING
67,287,0.0180906456771853,39.93,CRITICAL
67,288,-0.012457831650589,53.62,WARNING
67,289,-0.0299579739653431,61.47,WARNING
67,290,-0.0282506041988787,60.71,WARNING
67,291,0.0289488577918043,35.06,CRITICAL
67,292,0.0433065813560203,28.62,CRITICAL
67,293,0.0031976768722128,46.6,WARNING
67,294,0.013322558071408,42.06,WARNING
67,295,-0.0122704896835343,53.54,WARNING
67,296,0.0406509924454161,29.81,CRITICAL
67,297,0.0474296723750147,26.77,CRITICAL
67,298,0.0460700927124376,27.38,CRITICAL
67,299,0.0028553834925105,46.76,WARNING
67,300,0.0550562017805232,23.35,CRITICAL
67,301,0.067347063397921,17.84,CRITICAL
67,302,0.0203794517042216,38.9,CRITICAL
67,303,0.0250433463501331,36.81,CRITICAL
67,304,0.0647457659298768,19.0,CRITICAL
67,305,0.0248319994430784,36.9,CRITICAL
67,306,0.0271120560409939,35.88,CRITICAL
67,307,0.0155540725587881,41.06,WARNING
67,308,0.0591944645166877,21.49,CRITICAL
67,309,0.063085634145252,19.75,CRITICAL
67,310,0.0481979701925824,26.42,CRITICAL
67,311,0.0334191218022189,33.05,CRITICAL
67,312,0.0399919703985381,30.1,CRITICAL
67,313,0.054927383175476,23.41,CRITICAL
68,1,-0.1021809663018546,93.86,NORMAL
68,2,-0.0895980441657111,88.21,NORMAL
68,3,-0.0717869890587127,80.23,NORMAL
68,4,-0.1119185997636794,98.22,NORMAL
68,5,-0.0788863631536727,83.41,NORMAL
68,6,-0.0961635052794642,91.16,NORMAL
68,7,-0.1060907236421931,95.61,NORMAL
68,8,-0.0806779708051326,84.21,NORMAL
68,9,-0.105988773869255,95.56,NORMAL
68,10,-0.0925686692194355,89.55,NORMAL
68,11,-0.1001971414168244,92.97,NORMAL
68,12,-0.1155259696898979,99.84,NORMAL
68,13,-0.0995756817365035,92.69,NORMAL
68,14,-0.0816007789071064,84.63,NORMAL
68,15,-0.0857267340400205,86.48,NORMAL
68,16,-0.1003845830277903,93.05,NORMAL
68,17,-0.0978526118643653,91.92,NORMAL
68,18,-0.0985698483087274,92.24,NORMAL
68,19,-0.0934581880601069,89.95,NORMAL
68,20,-0.0955949486899333,90.9,NORMAL
68,21,-0.0761734624723763,82.19,NORMAL
68,22,-0.0536284230789217,72.09,NORMAL
68,23,-0.072616993530859,80.6,NORMAL
68,24,-0.0744300964315238,81.41,NORMAL
68,25,-0.0872264341856086,87.15,NORMAL
68,26,-0.0859335409911371,86.57,NORMAL
68,27,-0.0931600831482998,89.81,NORMAL
68,28,-0.0931308848358042,89.8,NORMAL
68,29,-0.0786660721634238,83.31,NORMAL
68,30,-0.1155010830784952,99.83,NORMAL
68,31,-0.1026156466807536,94.05,NORMAL
68,32,-0.1125517469583422,98.51,NORMAL
68,33,-0.0858310878603678,86.53,NORMAL
68,34,-0.0990815929229172,92.47,NORMAL
68,35,-0.1076807657206438,96.32,NORMAL
68,36,-0.0998999315719443,92.83,NORMAL
68,37,-0.0850753126194391,86.19,NORMAL
68,38,-0.0390115832101177,65.53,WARNING
68,39,-0.0894271862805113,88.14,NORMAL
68,40,-0.1060165684701712,95.58,NORMAL
68,41,-0.0885525970940526,87.75,NORMAL
68,42,-0.0560472958715513,73.17,NORMAL
68,43,-0.0943577452084915,90.35,NORMAL
68,44,-0.1001760618284445,92.96,NORMAL
68,45,-0.1069100817281,95.98,NORMAL
68,46,-0.0888381533314482,87.87,NORMAL
68,47,-0.1033395187085713,94.38,NORMAL
68,48,-0.079243000343967,83.57,NORMAL
68,49,-0.1135095651639894,98.94,NORMAL
68,50,-0.080540230851108,84.15,NORMAL
68,51,-0.090242549981558,88.5,NORMAL
68,52,-0.1015363939463807,93.57,NORMAL
68,53,-0.1036589689497216,94.52,NORMAL
68,54,-0.0870590035152147,87.08,NORMAL
68,55,-0.1132005813686026,98.8,NORMAL
68,56,-0.0810637138816438,84.39,NORMAL
68,57,-0.1012056079466621,93.42,NORMAL
68,58,-0.108787083514843,96.82,NORMAL
68,59,-0.1104997592710314,97.59,NORMAL
68,60,-0.0816439407423156,84.65,NORMAL
68,61,-0.108936122930165,96.89,NORMAL
68,62,-0.071939617623534,80.3,NORMAL
68,63,-0.07765188560089,82.86,NORMAL
68,64,-0.0628919051291829,76.24,NORMAL
68,65,-0.1035419460127746,94.47,NORMAL
68,66,-0.0964393754973212,91.28,NORMAL
68,67,-0.0901864342780239,88.48,NORMAL
68,68,-0.0840898827895161,85.74,NORMAL
68,69,-0.1016506897590944,93.62,NORMAL
68,70,-0.0876854310147774,87.36,NORMAL
68,71,-0.0658023474238343,77.54,NORMAL
68,72,-0.1114204530340996,98.0,NORMAL
68,73,-0.1068327584275362,95.94,NORMAL
68,74,-0.0763694351300764,82.28,NORMAL
68,75,-0.0717112051357757,80.19,NORMAL
68,76,-0.0947410541412927,90.52,NORMAL
68,77,-0.0880017684225729,87.5,NORMAL
68,78,-0.0870933124171257,87.09,NORMAL
68,79,-0.096558931638227,91.34,NORMAL
68,80,-0.07978194619892,83.81,NORMAL
68,81,-0.1021375200034204,93.84,NORMAL
68,82,-0.1086590693295412,96.76,NORMAL
68,83,-0.0977974356034644,91.89,NORMAL
68,84,-0.0783032535184726,83.15,NORMAL
68,85,-0.0804521446544569,84.11,NORMAL
68,86,-0.0801166368047862,83.96,NORMAL
68,87,-0.1104699847680786,97.57,NORMAL
68,88,-0.0909020937285798,88.8,NORMAL
68,89,-0.1060066956830075,95.57,NORMAL
68,90,-0.0961030475897242,91.13,NORMAL
68,91,-0.0812972243569735,84.49,NORMAL
68,92,-0.0794927941489408,83.68,NORMAL
68,93,-0.080534013941663,84.15,NORMAL
68,94,-0.0855141806736853,86.38,NORMAL
68,95,-0.0750391492527169,81.69,NORMAL
68,96,-0.032347784777991,62.54,WARNING
68,97,-0.1125917525388498,98.53,NORMAL
68,98,-0.1062728403070633,95.69,NORMAL
68,99,-0.0838538596644529,85.64,NORMAL
68,100,-0.0782270009797184,83.12,NORMAL
68,101,-0.08354078370903,85.5,NORMAL
68,102,-0.0763654838140487,82.28,NORMAL
68,103,-0.0910025959099554,88.84,NORMAL
68,104,-0.0784726059393173,83.23,NORMAL
68,105,-0.0995915149426922,92.7,NORMAL
68,106,-0.1102173856901778,97.46,NORMAL
68,107,-0.1054993096340551,95.35,NORMAL
68,108,-0.0783290668961345,83.16,NORMAL
68,109,-0.0740353943823313,81.24,NORMAL
68,110,-0.0684808758739579,78.75,NORMAL
68,111,-0.0896767094824475,88.25,NORMAL
68,112,-0.08738254650414,87.22,NORMAL
68,113,-0.0660926140136742,77.67,NORMAL
68,114,-0.0730491798205271,80.79,NORMAL
68,115,-0.0767179011520877,82.44,NORMAL
68,116,-0.098088413245745,92.02,NORMAL
68,117,-0.0875207751810003,87.28,NORMAL
68,118,-0.0880803164286307,87.53,NORMAL
68,119,-0.0800227273113873,83.92,NORMAL
68,120,-0.0772291011175663,82.67,NORMAL
68,121,-0.0793564101379172,83.62,NORMAL
68,122,-0.0965603149032742,91.34,NORMAL
68,123,-0.0941727101541943,90.27,NORMAL
68,124,-0.0344132485958213,63.47,WARNING
68,125,-0.0881633604872282,87.57,NORMAL
68,126,-0.0424342235882008,67.07,WARNING
68,127,-0.0721961000829252,80.41,NORMAL
68,128,-0.0920018576662119,89.29,NORMAL
68,129,-0.0456891039153047,68.53,WARNING
68,130,-0.098033253262781,92.0,NORMAL
68,131,-0.0819849736893958,84.8,NORMAL
68,132,-0.0859038842949226,86.56,NORMAL
68,133,-0.0792552643967485,83.58,NORMAL
68,134,-0.0697240085288875,79.3,NORMAL
68,135,-0.0839616968319732,85.69,NORMAL
68,136,-0.0767527595164262,82.45,NORMAL
68,137,-0.0385281254421936,65.31,WARNING
68,138,-0.0739834484451453,81.21,NORMAL
68,139,-0.049776314118371,70.36,NORMAL
68,140,-0.0539611870379117,72.23,NORMAL
68,141,-0.0822903468223132,84.94,NORMAL
68,142,-0.0927319541202602,89.62,NORMAL
68,143,-0.0484319178581076,69.76,WARNING
68,144,-0.0590628891330239,74.52,NORMAL
68,145,-0.0735373646271814,81.01,NORMAL
68,146,-0.0511859730395544,70.99,NORMAL
68,147,-0.0668224446102958,78.0,NORMAL
68,148,-0.0791709897147813,83.54,NORMAL
68,149,-0.0633736514108384,76.46,NORMAL
68,150,-0.037889968060376,65.03,WARNING
68,151,-0.0643390924582573,76.89,NORMAL
68,152,-0.062914927929633,76.25,NORMAL
68,153,-0.0318736422292711,62.33,WARNING
68,154,-0.016079765951071,55.25,WARNING
68,155,-0.062424742015311,76.03,NORMAL
68,156,-0.0382458647231418,65.19,WARNING
68,157,-0.0256396810538627,59.53,WARNING
68,158,-0.0503947452600941,70.64,NORMAL
68,159,-0.0772104213897277,82.66,NORMAL
68,160,-0.0433721843588516,67.49,WARNING
68,161,-0.0036337900058229,49.67,WARNING
68,162,-0.0262951613701489,59.83,WARNING
68,163,-0.0259311362227229,59.67,WARNING
68,164,-0.0254024294442598,59.43,WARNING
68,165,-0.0499274677752571,70.43,NORMAL
68,166,-0.0155339873659625,55.0,WARNING
68,167,-0.012410202023912,53.6,WARNING
68,168,-0.0221796728782889,57.98,WARNING
68,169,-0.0022974788686261,49.07,WARNING
68,170,-0.0203031130340766,57.14,WARNING
68,171,-0.0196057109898301,56.83,WARNING
68,172,-0.0240413839189231,58.82,WARNING
68,173,-0.0217162704604056,57.78,WARNING
68,174,0.0053102162976328,45.66,WARNING
68,175,0.0277185303591381,35.61,CRITICAL
68,176,-0.0218360841681571,57.83,WARNING
68,177,-0.0405012844998725,66.2,WARNING
68,178,-0.003867142807258,49.77,WARNING
68,179,0.0308212946964844,34.22,CRITICAL
68,180,-0.0079988043539845,51.62,WARNING
68,181,0.0124282534879617,42.46,WARNING
68,182,0.006241124441417,45.24,WARNING
68,183,0.0218663857816863,38.23,CRITICAL
68,184,0.0439497361905772,28.33,CRITICAL
68,185,-0.0049948225528747,50.28,WARNING
68,186,0.0271574347774958,35.86,CRITICAL
68,187,0.0624925775662226,20.01,CRITICAL
68,188,0.066426694891383,18.25,CRITICAL
68,189,0.0634480802314509,19.59,CRITICAL
68,190,0.0509332035583137,25.2,CRITICAL
68,191,0.0647948689064948,18.98,CRITICAL
68,192,0.0483676307480059,26.35,CRITICAL
68,193,0.0269555756629145,35.95,CRITICAL
68,194,0.084744675536643,10.04,CRITICAL
68,195,0.0703990473730334,16.47,CRITICAL
68,196,0.106260589439418,0.39,CRITICAL
68,197,0.1025476504549979,2.05,CRITICAL
68,198,0.0929343215283741,6.36,CRITICAL
68,199,0.1095564483959053,0.0,CRITICAL
69,1,-0.1071627470331872,96.09,NORMAL
69,2,-0.0612016567837248,75.48,NORMAL
69,3,-0.0939668949037683,90.17,NORMAL
69,4,-0.0785884456552417,83.28,NORMAL
69,5,-0.0958393759556161,91.01,NORMAL
69,6,-0.0558686008653118,73.09,NORMAL
69,7,-0.0827347918552686,85.14,NORMAL
69,8,-0.084246419502595,85.81,NORMAL
69,9,-0.0703784374842854,79.6,NORMAL
69,10,-0.1087509336689867,96.8,NORMAL
69,11,-0.0927904319347909,89.65,NORMAL
69,12,-0.0877737182668532,87.4,NORMAL
69,13,-0.0772359103116079,82.67,NORMAL
69,14,-0.0968287632439177,91.46,NORMAL
69,15,-0.0511625483696043,70.98,NORMAL
69,16,-0.0846570053622643,86.0,NORMAL
69,17,-0.0872053469710739,87.14,NORMAL
69,18,-0.0795671424583899,83.72,NORMAL
69,19,-0.0994212188396703,92.62,NORMAL
69,20,-0.0762578994773914,82.23,NORMAL
69,21,-0.0893956238148804,88.12,NORMAL
69,22,-0.0503003171631593,70.59,NORMAL
69,23,-0.0732316779432522,80.88,NORMAL
69,24,-0.0780326784109236,83.03,NORMAL
69,25,-0.0824072568728103,84.99,NORMAL
69,26,-0.0800467533365041,83.93,NORMAL
69,27,-0.0832255688149929,85.36,NORMAL
69,28,-0.0409982798005076,66.42,WARNING
69,29,-0.0738496540647612,81.15,NORMAL
69,30,-0.0649789844012467,77.18,NORMAL
69,31,-0.0894443182106107,88.15,NORMAL
69,32,-0.081003471630248,84.36,NORMAL
69,33,-0.0788951892224467,83.42,NORMAL
69,34,-0.1096065119019251,97.19,NORMAL
69,35,-0.1032603716655052,94.34,NORMAL
69,36,-0.0538792454869057,72.2,NORMAL
69,37,-0.0780592650329756,83.04,NORMAL
69,38,-0.0764871347409399,82.34,NORMAL
69,39,-0.0593666669642521,74.66,NORMAL
69,40,-0.0492714841436447,70.13,NORMAL
69,41,-0.0684678441031058,78.74,NORMAL
69,42,-0.0862824783949762,86.73,NORMAL
69,43,-0.0991576280737785,92.5,NORMAL
69,44,-0.0902320993101252,88.5,NORMAL
69,45,-0.0677339391404054,78.41,NORMAL
69,46,-0.0679652070310141,78.51,NORMAL
69,47,-0.0944244184420075,90.38,NORMAL
69,48,-0.0680178806013259,78.54,NORMAL
69,49,-0.0667731501201701,77.98,NORMAL
69,50,-0.0833101563651553,85.4,NORMAL
69,51,-0.080985995016895,84.35,NORMAL
69,52,-0.048300555637517,69.7,WARNING
69,53,-0.1109154128425561,97.77,NORMAL
69,54,-0.088226058746229,87.6,NORMAL
69,55,-0.0932567697052065,89.86,NORMAL
69,56,-0.0734223306591578,80.96,NORMAL
69,57,-0.0910860353371106,88.88,NORMAL
69,58,-0.0855924233040342,86.42,NORMAL
69,59,-0.0900488885725835,88.42,NORMAL
69,60,-0.1027921628510183,94.13,NORMAL
69,61,-0.0824810533365103,85.02,NORMAL
69,62,-0.0502154117989445,70.55,NORMAL
69,63,-0.0902100421796838,88.49,NORMAL
69,64,-0.0537811793813424,72.15,NORMAL
69,65,-0.055651136735611,72.99,NORMAL
69,66,-0.0666482170200845,77.92,NORMAL
69,67,-0.0698560540600873,79.36,NORMAL
69,68,-0.083016196517378,85.26,NORMAL
69,69,-0.090744656130293,88.73,NORMAL
69,70,-0.0817984306563399,84.72,NORMAL
69,71,-0.0035214162898019,49.62,WARNING
69,72,-0.0779563752122812,82.99,NORMAL
69,73,-0.0789592719693,83.44,NORMAL
69,74,-0.0712469140143206,79.99,NORMAL
69,75,-0.0603986555542627,75.12,NORMAL
69,76,-0.0787761583092023,83.36,NORMAL
69,77,-0.0862659466473213,86.72,NORMAL
69,78,-0.0687202145896729,78.85,NORMAL
69,79,-0.0996781870652545,92.73,NORMAL
69,80,-0.081373736072785,84.53,NORMAL
69,81,-0.0817631236285446,84.7,NORMAL
69,82,-0.1076076284435992,96.29,NORMAL
69,83,-0.0939804964229147,90.18,NORMAL
69,84,-0.1000841320659394,92.92,NORMAL
69,85,-0.1012685804036682,93.45,NORMAL
69,86,-0.0957030197329454,90.95,NORMAL
69,87,-0.0830597834622203,85.28,NORMAL
69,88,-0.074697282979272,81.53,NORMAL
69,89,-0.0998833641967189,92.83,NORMAL
69,90,-0.0869494542382753,87.03,NORMAL
69,91,-0.0915561620855138,89.09,NORMAL
69,92,-0.089679595509579,88.25,NORMAL
69,93,-0.1216847833908735,100.0,NORMAL
69,94,-0.0188731821163972,56.5,WARNING
69,95,-0.0700487002636304,79.45,NORMAL
69,96,-0.0557397053724161,73.03,NORMAL
69,97,-0.0911255820036103,88.9,NORMAL
69,98,-0.1041612071030197,94.75,NORMAL
69,99,-0.0767770546508711,82.47,NORMAL
69,100,-0.0921294317468358,89.35,NORMAL
69,101,-0.0582145278340283,74.14,NORMAL
69,102,-0.0905887587731494,88.66,NORMAL
69,103,-0.090972417742311,88.83,NORMAL
69,104,-0.0654778872202103,77.4,NORMAL
69,105,-0.0959905100806973,91.08,NORMAL
69,106,-0.0959644721899712,91.07,NORMAL
69,107,-0.0962813008707892,91.21,NORMAL
69,108,-0.0997586769489531,92.77,NORMAL
69,109,-0.0340924634708491,63.33,WARNING
69,110,-0.0810705964528982,84.39,NORMAL
69,111,-0.0793342100419751,83.61,NORMAL
69,112,-0.0979687632249185,91.97,NORMAL
69,113,-0.0928890574752688,89.69,NORMAL
69,114,-0.1119537039658688,98.24,NORMAL
69,115,-0.088407079255654,87.68,NORMAL
69,116,-0.052345139815274,71.51,NORMAL
69,117,-0.0970677135844803,91.56,NORMAL
69,118,-0.0259474211606661,59.67,WARNING
69,119,-0.109100184132593,96.96,NORMAL
69,120,-0.0877180634809426,87.37,NORMAL
69,121,-0.1107114338059847,97.68,NORMAL
69,122,-0.0538590050888084,72.19,NORMAL
69,123,-0.0792032702716944,83.55,NORMAL
69,124,-0.061952022195227,75.82,NORMAL
69,125,-0.0872229225654763,87.15,NORMAL
69,126,-0.1055402671384723,95.36,NORMAL
69,127,-0.0600076896488642,74.95,NORMAL
69,128,-0.0869100460872145,87.01,NORMAL
69,129,-0.1041348006225204,94.73,NORMAL
69,130,-0.0928667694712129,89.68,NORMAL
69,131,-0.0869798696744394,87.04,NORMAL
69,132,-0.0804167730928481,84.1,NORMAL
69,133,-0.0974131021339798,91.72,NORMAL
69,134,-0.1018048242984919,93.69,NORMAL
69,135,-0.0933396979469782,89.89,NORMAL
69,136,-0.099619529490031,92.71,NORMAL
69,137,-0.0795548457514749,83.71,NORMAL
69,138,-0.0726245745193885,80.6,NORMAL
69,139,-0.0794960848493809,83.68,NORMAL
69,140,-0.0936096833547177,90.01,NORMAL
69,141,-0.0609837016200853,75.38,NORMAL
69,142,-0.1149571859294985,99.59,NORMAL
69,143,-0.0925201167354321,89.52,NORMAL
69,144,-0.0911476884820958,88.91,NORMAL
69,145,-0.0982146076609897,92.08,NORMAL
69,146,-0.0669406957674497,78.05,NORMAL
69,147,-0.0725534606400097,80.57,NORMAL
69,148,-0.0658567969009792,77.57,NORMAL
69,149,-0.0825555877653265,85.06,NORMAL
69,150,-0.0711585422553251,79.95,NORMAL
69,151,-0.0989988028891807,92.43,NORMAL
69,152,-0.0822625078383335,84.93,NORMAL
69,153,-0.0986807660912973,92.29,NORMAL
69,154,-0.0922640523266713,89.41,NORMAL
69,155,-0.0960437435389631,91.11,NORMAL
69,156,-0.0556150438954628,72.98,NORMAL
69,157,-0.0647411432647906,77.07,NORMAL
69,158,-0.083184466414337,85.34,NORMAL
69,159,-0.0965083255935233,91.31,NORMAL
69,160,-0.0887156164025541,87.82,NORMAL
69,161,-0.0810211524741849,84.37,NORMAL
69,162,-0.0828155230152838,85.17,NORMAL
69,163,-0.0680418171383512,78.55,NORMAL
69,164,-0.0733507984905398,80.93,NORMAL
69,165,-0.099750733181756,92.77,NORMAL
69,166,-0.0910022080442063,88.84,NORMAL
69,167,-0.0783031049443709,83.15,NORMAL
69,168,-0.0911723678357988,88.92,NORMAL
69,169,-0.1023677965558301,93.94,NORMAL
69,170,-0.086461315704174,86.81,NORMAL
69,171,-0.1121932588320457,98.35,NORMAL
69,172,-0.041406571640534,66.6,WARNING
69,173,-0.0740318517275929,81.23,NORMAL
69,174,-0.0942062067976134,90.28,NORMAL
69,175,-0.0980713135986011,92.01,NORMAL
69,176,-0.0935694477768416,90.0,NORMAL
69,177,-0.0603005566474713,75.08,NORMAL
69,178,-0.0690870937140085,79.02,NORMAL
69,179,-0.1153534206158551,99.76,NORMAL
69,180,-0.1087574324988709,96.81,NORMAL
69,181,-0.0994928955415913,92.65,NORMAL
69,182,-0.093630404844287,90.02,NORMAL
69,183,-0.0986327453027821,92.27,NORMAL
69,184,-0.1035873350067241,94.49,NORMAL
69,185,-0.0540362555235935,72.27,NORMAL
69,186,-0.1100146155410745,97.37,NORMAL
69,187,-0.0783399099008711,83.17,NORMAL
69,188,-0.0877109466700194,87.37,NORMAL
69,189,-0.1036252686458984,94.5,NORMAL
69,190,-0.0794568349517129,83.67,NORMAL
69,191,-0.0862591756928854,86.72,NORMAL
69,192,-0.0990834824849893,92.47,NORMAL
69,193,-0.0569495450795426,73.57,NORMAL
69,194,-0.0823864350400173,84.98,NORMAL
69,195,-0.0657141919441363,77.5,NORMAL
69,196,-0.097852445725464,91.92,NORMAL
69,197,-0.0952248785010745,90.74,NORMAL
69,198,-0.0786126714645431,83.29,NORMAL
69,199,-0.0971882970914838,91.62,NORMAL
69,200,-0.0960849685011289,91.12,NORMAL
69,201,-0.0740201146263849,81.23,NORMAL
69,202,-0.0901510032139162,88.46,NORMAL
69,203,-0.1148167747995515,99.52,NORMAL
69,204,-0.0981175831775358,92.03,NORMAL
69,205,-0.0916674681723964,89.14,NORMAL
69,206,-0.1105432773797862,97.61,NORMAL
69,207,-0.1019561930727235,93.76,NORMAL
69,208,-0.0478192910294852,69.48,WARNING
69,209,-0.1132647296536419,98.83,NORMAL
69,210,-0.0759718244594638,82.1,NORMAL
69,211,-0.0874682704860873,87.26,NORMAL
69,212,-0.0958733818750067,91.03,NORMAL
69,213,-0.1060812193076976,95.61,NORMAL
69,214,-0.0696773421043221,79.28,NORMAL
69,215,-0.0669515557455263,78.06,NORMAL
69,216,-0.1010222483615744,93.34,NORMAL
69,217,-0.079859549228918,83.85,NORMAL
69,218,-0.1055562057684317,95.37,NORMAL
69,219,-0.1012382005489202,93.43,NORMAL
69,220,-0.10238874035067,93.95,NORMAL
69,221,-0.0672506850644394,78.19,NORMAL
69,222,-0.0628671049087424,76.23,NORMAL
69,223,-0.0854380880100547,86.35,NORMAL
69,224,-0.1038697404636507,94.61,NORMAL
69,225,-0.0963283252071959,91.23,NORMAL
69,226,-0.106485256831289,95.79,NORMAL
69,227,-0.0780012000469536,83.01,NORMAL
69,228,-0.0951681804204819,90.71,NORMAL
69,229,-0.1082567234235644,96.58,NORMAL
69,230,-0.0879980355332519,87.5,NORMAL
69,231,-0.0777828262258673,82.92,NORMAL
69,232,-0.1132550878335877,98.82,NORMAL
69,233,-0.0983613580448384,92.14,NORMAL
69,234,-0.0890137876373177,87.95,NORMAL
69,235,-0.07673141736728,82.45,NORMAL
69,236,-0.1055415489109092,95.36,NORMAL
69,237,-0.0650603505042066,77.21,NORMAL
69,238,-0.1023724426045096,93.94,NORMAL
69,239,-0.0474777661648727,69.33,WARNING
69,240,-0.0820650336644603,84.84,NORMAL
69,241,-0.0938547035652854,90.12,NORMAL
69,242,-0.0729680254064458,80.76,NORMAL
69,243,-0.0669543174090678,78.06,NORMAL
69,244,-0.0800652113902127,83.94,NORMAL
69,245,-0.1088914069026872,96.87,NORMAL
69,246,-0.0824551941606488,85.01,NORMAL
69,247,-0.1150183432163914,99.61,NORMAL
69,248,-0.0955086691791939,90.87,NORMAL
69,249,-0.0810673424604433,84.39,NORMAL
69,250,-0.1014666998077351,93.54,NORMAL
69,251,-0.0667990093943474,77.99,NORMAL
69,252,-0.0870678899783273,87.08,NORMAL
69,253,-0.0954487364383594,90.84,NORMAL
69,254,-0.09894974834558,92.41,NORMAL
69,255,-0.0421194877364815,66.92,WARNING
69,256,-0.1009180863403559,93.29,NORMAL
69,257,-0.097035115987231,91.55,NORMAL
69,258,-0.0913656849744901,89.01,NORMAL
69,259,-0.0748375302936265,81.6,NORMAL
69,260,-0.0694510941016173,79.18,NORMAL
69,261,-0.0877417073723697,87.38,NORMAL
69,262,-0.099756739182607,92.77,NORMAL
69,263,-0.0914774261852426,89.06,NORMAL
69,264,-0.0759655338275328,82.1,NORMAL
69,265,-0.0782192943949473,83.11,NORMAL
69,266,-0.0812975261028622,84.49,NORMAL
69,267,-0.0777352222978556,82.9,NORMAL
69,268,-0.1027700590841614,94.12,NORMAL
69,269,-0.0981855193735509,92.07,NORMAL
69,270,-0.049936350038605,70.43,NORMAL
69,271,-0.0673232073147857,78.23,NORMAL
69,272,-0.0558072884440411,73.06,NORMAL
69,273,-0.0944589888646156,90.39,NORMAL
69,274,-0.0446799954795429,68.07,WARNING
69,275,-0.0660440159510128,77.65,NORMAL
69,276,-0.0600808991956139,74.98,NORMAL
69,277,-0.0517727434049883,71.25,NORMAL
69,278,-0.0586994631207012,74.36,NORMAL
69,279,-0.0755409249424943,81.91,NORMAL
69,280,-0.0807687759886937,84.26,NORMAL
69,281,-0.0961379289325641,91.15,NORMAL
69,282,-0.071264152748293,79.99,NORMAL
69,283,-0.0874226477690197,87.24,NORMAL
69,284,-0.0717152757168698,80.2,NORMAL
69,285,-0.0520905797345669,71.4,NORMAL
69,286,-0.0641443391705451,76.8,NORMAL
69,287,-0.0530586618846779,71.83,NORMAL
69,288,-0.033009866861055,62.84,WARNING
69,289,-0.0882652616121237,87.62,NORMAL
69,290,-0.0684967213430668,78.75,NORMAL
69,291,-0.0449179578991102,68.18,WARNING
69,292,-0.0403712098411077,66.14,WARNING
69,293,-0.0766638757530305,82.41,NORMAL
69,294,-0.0387001048915409,65.39,WARNING
69,295,-0.0551474029088358,72.77,NORMAL
69,296,-0.0406860411118958,66.28,WARNING
69,297,-0.0646302873291861,77.02,NORMAL
69,298,-0.0679488851486265,78.51,NORMAL
69,299,-0.0275926797216705,60.41,WARNING
69,300,-0.0663438045671746,77.79,NORMAL
69,301,-0.079877100902218,83.86,NORMAL
69,302,-0.0542721756858687,72.37,NORMAL
69,303,-0.0580624974545223,74.07,NORMAL
69,304,-0.0639322834080784,76.71,NORMAL
69,305,-0.0583259192026303,74.19,NORMAL
69,306,-0.0407450030436196,66.31,WARNING
69,307,-0.0647196621976871,77.06,NORMAL
69,308,-0.0146929570466917,54.63,WARNING
69,309,-0.063859109050341,76.67,NORMAL
69,310,-0.035916190593208,64.14,WARNING
69,311,-0.0472437769180594,69.22,WARNING
69,312,-0.0087360710835401,51.95,WARNING
69,313,-0.0222606648660519,58.02,WARNING
69,314,0.0106039726168565,43.28,WARNING
69,315,-0.0153127947912697,54.9,WARNING
69,316,-0.0149165275462186,54.73,WARNING
69,317,-0.0535134330289727,72.03,NORMAL
69,318,-0.0613359390632453,75.54,NORMAL
69,319,-0.0234590853488997,58.56,WARNING
69,320,0.0020919002553115,47.1,WARNING
69,321,-0.0331294381403369,62.89,WARNING
69,322,-0.0289045443402944,61.0,WARNING
69,323,-0.0205256048967357,57.24,WARNING
69,324,0.0113529553018897,42.95,WARNING
69,325,-0.0531794356018105,71.88,NORMAL
69,326,0.0058288690452341,45.42,WARNING
69,327,-0.024217136185295,58.9,WARNING
69,328,-0.0431401367637467,67.38,WARNING
69,329,-0.0233114761616614,58.49,WARNING
69,330,0.0020684912321613,47.11,WARNING
69,331,-0.0012617844039836,48.6,WARNING
69,332,0.0172950350844879,40.28,WARNING
69,333,-0.0001378927974512,48.1,WARNING
69,334,0.0264916951322999,36.16,CRITICAL
69,335,-0.0266290179345912,59.98,WARNING
69,336,0.0247238768338511,36.95,CRITICAL
69,337,0.0265665113593983,36.12,CRITICAL
69,338,0.0119006699762234,42.7,WARNING
69,339,0.01089077482763,43.15,WARNING
69,340,0.0799256887036337,12.2,CRITICAL
69,341,0.0061847467225178,45.26,WARNING
69,342,0.0284182377583331,35.29,CRITICAL
69,343,0.0487468469507436,26.18,CRITICAL
69,344,0.0418681720489807,29.26,CRITICAL
69,345,0.0621234975426712,20.18,CRITICAL
69,346,0.0250336183361244,36.81,CRITICAL
69,347,0.034156859631733,32.72,CRITICAL
69,348,0.0357339341761153,32.01,CRITICAL
69,349,0.0170720732753054,40.38,WARNING
69,350,0.058009917013116,22.02,CRITICAL
69,351,0.0543238745603738,23.68,CRITICAL
69,352,0.0259361893112245,36.41,CRITICAL
69,353,0.0252645012805183,36.71,CRITICAL
69,354,0.0677669215681088,17.65,CRITICAL
69,355,0.0324771814984941,33.47,CRITICAL
69,356,0.0422515255530245,29.09,CRITICAL
69,357,0.0738954734904583,14.9,CRITICAL
69,358,0.0833084426379526,10.68,CRITICAL
69,359,0.0504275228569578,25.42,CRITICAL
69,360,0.0625073912317362,20.01,CRITICAL
69,361,0.0605973239428936,20.86,CRITICAL
69,362,0.0866024237092417,9.2,CRITICAL
70,1,-0.091486053714302,89.06,NORMAL
70,2,-0.0891609218385564,88.02,NORMAL
70,3,-0.1088314066774158,96.84,NORMAL
70,4,-0.0792324736515175,83.57,NORMAL
70,5,-0.0695476574410485,79.22,NORMAL
70,6,-0.0723360753296627,80.47,NORMAL
70,7,-0.0676198466235191,78.36,NORMAL
70,8,-0.0742171537644226,81.32,NORMAL
70,9,-0.0333488431239998,62.99,WARNING
70,10,-0.0925752128443305,89.55,NORMAL
70,11,-0.0384175771058115,65.26,WARNING
70,12,-0.0647299296453456,77.06,NORMAL
70,13,-0.0815133372801988,84.59,NORMAL
70,14,-0.0755477496878947,81.91,NORMAL
70,15,-0.0789040198201886,83.42,NORMAL
70,16,-0.08626744928847,86.72,NORMAL
70,17,-0.1047093803384327,94.99,NORMAL
70,18,-0.0738590530581395,81.16,NORMAL
70,19,-0.1049340037432844,95.09,NORMAL
70,20,-0.0914425337878496,89.04,NORMAL
70,21,-0.1080488757095177,96.49,NORMAL
70,22,-0.0764667572003812,82.33,NORMAL
70,23,-0.0794995250393973,83.69,NORMAL
70,24,-0.1015648265840275,93.58,NORMAL
70,25,-0.1000022616055087,92.88,NORMAL
70,26,-0.0482293344559702,69.66,WARNING
70,27,-0.1090667811411033,96.94,NORMAL
70,28,-0.075546330711086,81.91,NORMAL
70,29,-0.097986348610581,91.98,NORMAL
70,30,-0.0678724401829058,78.47,NORMAL
70,31,-0.0955631437686936,90.89,NORMAL
70,32,-0.0974024848233096,91.71,NORMAL
70,33,-0.0561153780586502,73.2,NORMAL
70,34,-0.0778883307630993,82.96,NORMAL
70,35,-0.082855008884829,85.19,NORMAL
70,36,-0.0849602079462161,86.14,NORMAL
70,37,-0.0999885242228775,92.87,NORMAL
70,38,-0.06735491742788,78.24,NORMAL
70,39,-0.0823230071749165,84.95,NORMAL
70,40,-0.0964687764211775,91.3,NORMAL
70,41,-0.0944023403580568,90.37,NORMAL
70,42,-0.085707258352485,86.47,NORMAL
70,43,-0.0605654110822485,75.2,NORMAL
70,44,-0.1082566855308544,96.58,NORMAL
70,45,-0.0978749701679888,91.93,NORMAL
70,46,-0.0714010912766143,80.05,NORMAL
70,47,-0.0839454614094958,85.68,NORMAL
70,48,-0.1127503431388103,98.6,NORMAL
70,49,-0.0981747338668134,92.06,NORMAL
70,50,-0.1117243341600922,98.14,NORMAL
70,51,-0.1000315735062052,92.89,NORMAL
70,52,-0.0725606965860187,80.57,NORMAL
70,53,-0.0608224141566449,75.31,NORMAL
70,54,-0.1080321828172746,96.48,NORMAL
70,55,-0.0875463465179862,87.29,NORMAL
70,56,-0.0882776716752298,87.62,NORMAL
70,57,-0.1031968430817057,94.31,NORMAL
70,58,-0.1109806227235953,97.8,NORMAL
70,59,-0.1171901303554426,100.0,NORMAL
70,60,-0.0736613323690111,81.07,NORMAL
70,61,-0.0852021953994652,86.24,NORMAL
70,62,-0.0960390467462257,91.1,NORMAL
70,63,-0.0832736664004936,85.38,NORMAL
70,64,-0.0777237445634512,82.89,NORMAL
70,65,-0.0823183637683084,84.95,NORMAL
70,66,-0.0925854484616153,89.55,NORMAL
70,67,-0.1160451158544153,100.0,NORMAL
70,68,-0.0980565017483733,92.01,NORMAL
70,69,-0.1016052598668108,93.6,NORMAL
70,70,-0.1102866223397195,97.49,NORMAL
70,71,-0.0839542212372683,85.68,NORMAL
70,72,-0.0976441790813671,91.82,NORMAL
70,73,-0.0845045475186357,85.93,NORMAL
70,74,-0.0895878407435932,88.21,NORMAL
70,75,-0.1085010470788679,96.69,NORMAL
70,76,-0.0983920018211074,92.16,NORMAL
70,77,-0.0996278180616647,92.71,NORMAL
70,78,-0.0831432481288526,85.32,NORMAL
70,79,-0.0932477692863376,89.85,NORMAL
70,80,-0.0866945544083714,86.91,NORMAL
70,81,-0.1109480672091222,97.79,NORMAL
70,82,-0.1013986178957471,93.51,NORMAL
70,83,-0.0951285928375624,90.69,NORMAL
70,84,-0.095929828275385,91.05,NORMAL
70,85,-0.0928115503022244,89.66,NORMAL
70,86,-0.0670580812340138,78.11,NORMAL
70,87,-0.0763594818791207,82.28,NORMAL
70,88,-0.0654774918472832,77.4,NORMAL
70,89,-0.0956379601416473,90.92,NORMAL
70,90,-0.0950041062996281,90.64,NORMAL
70,91,-0.0841303365383492,85.76,NORMAL
70,92,-0.072470516251806,80.53,NORMAL
70,93,-0.0787722962602393,83.36,NORMAL
70,94,-0.0496012000903847,70.28,NORMAL
70,95,-0.0869897558221954,87.05,NORMAL
70,96,-0.0819878849884446,84.8,NORMAL
70,97,-0.0792090096337292,83.56,NORMAL
70,98,-0.0710625957888234,79.9,NORMAL
70,99,-0.0811211436721752,84.41,NORMAL
70,100,-0.0651400780870917,77.25,NORMAL
70,101,-0.0883971578217114,87.68,NORMAL
70,102,-0.0563220857361946,73.29,NORMAL
70,103,-0.064029143450795,76.75,NORMAL
70,104,-0.0557531399987472,73.04,NORMAL
70,105,-0.040298338786136,66.11,WARNING
70,106,-0.069130291162444,79.04,NORMAL
70,107,-0.073984630311519,81.21,NORMAL
70,108,-0.0403221276480535,66.12,WARNING
70,109,-0.0552133057985308,72.8,NORMAL
70,110,-0.040223586956394,66.07,WARNING
70,111,-0.091541398940344,89.09,NORMAL
70,112,-0.0615692483059335,75.65,NORMAL
70,113,-0.0083870826058142,51.8,WARNING
70,114,-0.054460657378119,72.46,NORMAL
70,115,-0.0180679601163311,56.14,WARNING
70,116,-0.0468006819853004,69.02,WARNING
70,117,-0.0129857916878234,53.86,WARNING
70,118,-0.0331298784115757,62.89,WARNING
70,119,0.0002863370321548,47.91,WARNING
70,120,-0.041516041810137,66.65,WARNING
70,121,-0.0121387129746443,53.48,WARNING
70,122,-0.0379958597834955,65.08,WARNING
70,123,0.0003303303663476,47.89,WARNING
70,124,-0.0214677404519568,57.66,WARNING
70,125,-0.0140742384267771,54.35,WARNING
70,126,-0.0192499964638676,56.67,WARNING
70,127,-0.0005895099344154,48.3,WARNING
70,128,0.0036349595066007,46.41,WARNING
70,129,0.0316313848897944,33.85,CRITICAL
70,130,0.0399994531446864,30.1,CRITICAL
70,131,0.0185278260081479,39.73,CRITICAL
70,132,0.0377858121359413,31.09,CRITICAL
70,133,0.0477210246828023,26.64,CRITICAL
70,134,0.0934116421597902,6.15,CRITICAL
70,135,0.0194233437242845,39.33,CRITICAL
70,136,0.0995752201093008,3.39,CRITICAL
70,137,0.0424706945407963,28.99,CRITICAL
71,1,-0.0559279610910616,73.12,NORMAL
71,2,-0.0811436334899445,84.42,NORMAL
71,3,-0.0879090570982549,87.46,NORMAL
71,4,-0.0745589372053652,81.47,NORMAL
71,5,-0.0729872531557369,80.77,NORMAL
71,6,-0.0775076571766612,82.79,NORMAL
71,7,-0.0264522703984347,59.9,WARNING
71,8,-0.0881418680826559,87.56,NORMAL
71,9,-0.0313322771476708,62.09,WARNING
71,10,-0.0997387111237934,92.76,NORMAL
71,11,-0.1184851530804276,100.0,NORMAL
71,12,-0.0870755955369252,87.08,NORMAL
71,13,-0.0797262937689287,83.79,NORMAL
71,14,-0.0579846699830343,74.04,NORMAL
71,15,-0.0948940589618924,90.59,NORMAL
71,16,-0.0603911329711699,75.12,NORMAL
71,17,-0.0881265039554567,87.55,NORMAL
71,18,-0.1076678845060882,96.32,NORMAL
71,19,-0.0984420127477717,92.18,NORMAL
71,20,-0.0872578703269003,87.17,NORMAL
71,21,-0.0757802477524552,82.02,NORMAL
71,22,-0.0748900406912571,81.62,NORMAL
71,23,-0.111164412881918,97.89,NORMAL
71,24,-0.0784462267308639,83.21,NORMAL
71,25,-0.0989917359381523,92.43,NORMAL
71,26,-0.0570461485514901,73.62,NORMAL
71,27,-0.0886241393256984,87.78,NORMAL
71,28,-0.1003106257120821,93.02,NORMAL
71,29,-0.091333468091548,88.99,NORMAL
71,30,-0.0787480046927271,83.35,NORMAL
71,31,-0.0813170565357875,84.5,NORMAL
71,32,-0.0486959039335281,69.87,WARNING
71,33,-0.0921819784972574,89.37,NORMAL
71,34,-0.086203694869742,86.69,NORMAL
71,35,-0.0882360653790954,87.6,NORMAL
71,36,-0.0910681262207952,88.87,NORMAL
71,37,-0.1015263080796133,93.56,NORMAL
71,38,-0.0887435501185954,87.83,NORMAL
71,39,-0.0883469110752729,87.65,NORMAL
71,40,-0.0831597454529934,85.33,NORMAL
71,41,-0.0867162485252239,86.92,NORMAL
71,42,-0.0765647944978222,82.37,NORMAL
71,43,-0.0703280860898512,79.57,NORMAL
71,44,-0.0789502713043631,83.44,NORMAL
71,45,-0.0881992257505052,87.59,NORMAL
71,46,-0.0823173460217815,84.95,NORMAL
71,47,-0.0721117726503663,80.37,NORMAL
71,48,-0.1043923487119321,94.85,NORMAL
71,49,-0.09768604142681,91.84,NORMAL
71,50,-0.0607663168171406,75.29,NORMAL
71,51,-0.1100143122566845,97.37,NORMAL
71,52,-0.1052516038621808,95.23,NORMAL
71,53,-0.0692054528302233,79.07,NORMAL
71,54,-0.0988586467594622,92.37,NORMAL
71,55,-0.1022603095148144,93.89,NORMAL
71,56,-0.0850328440785994,86.17,NORMAL
71,57,-0.0701906957729504,79.51,NORMAL
71,58,-0.088693691812435,87.81,NORMAL
71,59,-0.0965379151073226,91.33,NORMAL
71,60,-0.1177044799126049,100.0,NORMAL
71,61,-0.105013902111812,95.13,NORMAL
71,62,-0.1037126010084601,94.54,NORMAL
71,63,-0.0979568819149116,91.96,NORMAL
71,64,-0.0784399328210639,83.21,NORMAL
71,65,-0.0864905479767113,86.82,NORMAL
71,66,-0.1126593558014574,98.56,NORMAL
71,67,-0.0973465516504812,91.69,NORMAL
71,68,-0.0997448233666586,92.76,NORMAL
71,69,-0.0720665323383599,80.35,NORMAL
71,70,-0.0684664312919002,78.74,NORMAL
71,71,-0.1185569045504407,100.0,NORMAL
71,72,-0.0925613658510847,89.54,NORMAL
71,73,-0.0549184357048403,72.66,NORMAL
71,74,-0.1005913090108658,93.14,NORMAL
71,75,-0.0914071110480172,89.03,NORMAL
71,76,-0.0938111185822372,90.1,NORMAL
71,77,-0.0860167962190576,86.61,NORMAL
71,78,-0.0938519990835348,90.12,NORMAL
71,79,-0.077789958921599,82.92,NORMAL
71,80,-0.089772620119757,88.29,NORMAL
71,81,-0.1035160209640601,94.46,NORMAL
71,82,-0.0725683024108429,80.58,NORMAL
71,83,-0.0990620944200916,92.46,NORMAL
71,84,-0.0882530161582364,87.61,NORMAL
71,85,-0.0945167428208536,90.42,NORMAL
71,86,-0.1002224137509145,92.98,NORMAL
71,87,-0.0632690109571272,76.41,NORMAL
71,88,-0.0966074820743846,91.36,NORMAL
71,89,-0.0884702221824849,87.71,NORMAL
71,90,-0.0925308694894479,89.53,NORMAL
71,91,-0.1009098390336651,93.29,NORMAL
71,92,-0.083156006995069,85.33,NORMAL
71,93,-0.0862721797308913,86.72,NORMAL
71,94,-0.1104766765771433,97.58,NORMAL
71,95,-0.0847551921575989,86.04,NORMAL
71,96,-0.0876331821666965,87.33,NORMAL
71,97,-0.1166538982550475,100.0,NORMAL
71,98,-0.0843386585478799,85.86,NORMAL
71,99,-0.1137872483662288,99.06,NORMAL
71,100,-0.1130127281533953,98.71,NORMAL
71,101,-0.0851538580740439,86.22,NORMAL
71,102,-0.0936909018661059,90.05,NORMAL
71,103,-0.1034138392706747,94.41,NORMAL
71,104,-0.1010260498028826,93.34,NORMAL
71,105,-0.0846351171679222,85.99,NORMAL
71,106,-0.1024817171641016,93.99,NORMAL
71,107,-0.1078158222872002,96.38,NORMAL
71,108,-0.1119748887797686,98.25,NORMAL
71,109,-0.1029811457430893,94.22,NORMAL
71,110,-0.0850894103823792,86.19,NORMAL
71,111,-0.1104396188723408,97.56,NORMAL
71,112,-0.0832772063969197,85.38,NORMAL
71,113,-0.094751298325845,90.53,NORMAL
71,114,-0.0762034284496042,82.21,NORMAL
71,115,-0.0819934102127776,84.8,NORMAL
71,116,-0.0681055913688274,78.58,NORMAL
71,117,-0.1235210053906771,100.0,NORMAL
71,118,-0.0813919957314494,84.53,NORMAL
71,119,-0.0909928562050145,88.84,NORMAL
71,120,-0.0544532592245386,72.46,NORMAL
71,121,-0.0853012475275497,86.29,NORMAL
71,122,-0.0850488166405414,86.17,NORMAL
71,123,-0.0768459754591414,82.5,NORMAL
71,124,-0.0874175006830653,87.24,NORMAL
71,125,-0.0672455427970745,78.19,NORMAL
71,126,-0.077335316597414,82.72,NORMAL
71,127,-0.0770356620004322,82.58,NORMAL
71,128,-0.0863430341600555,86.76,NORMAL
71,129,-0.1002995630325999,93.01,NORMAL
71,130,-0.0961239830644278,91.14,NORMAL
71,131,-0.0736067302948302,81.04,NORMAL
71,132,-0.0896260937575143,88.23,NORMAL
71,133,-0.0714915216445066,80.1,NORMAL
71,134,-0.0768833399566633,82.51,NORMAL
71,135,-0.0731988200811649,80.86,NORMAL
71,136,-0.0855659481187031,86.41,NORMAL
71,137,-0.0902137198284959,88.49,NORMAL
71,138,-0.0841857400302504,85.79,NORMAL
71,139,-0.0907898304611834,88.75,NORMAL
71,140,-0.0809770690183587,84.35,NORMAL
71,141,-0.0768986761735645,82.52,NORMAL
71,142,-0.0753311693485367,81.82,NORMAL
71,143,-0.0863242466933938,86.75,NORMAL
71,144,-0.0851379759090881,86.21,NORMAL
71,145,-0.1170734849796672,100.0,NORMAL
71,146,-0.0855807961646807,86.41,NORMAL
71,147,-0.0833436863052299,85.41,NORMAL
71,148,-0.0362344422609693,64.29,WARNING
71,149,-0.0945139735783073,90.42,NORMAL
71,150,-0.099456994638453,92.64,NORMAL
71,151,-0.0542787821653077,72.38,NORMAL
71,152,-0.0683458117881322,78.68,NORMAL
71,153,-0.050324672092129,70.6,NORMAL
71,154,-0.0734344930781564,80.97,NORMAL
71,155,-0.0690440803450664,79.0,NORMAL
71,156,-0.0686700549477451,78.83,NORMAL
71,157,-0.0682371842064002,78.64,NORMAL
71,158,-0.0821973503472568,84.9,NORMAL
71,159,-0.0545716394546851,72.51,NORMAL
71,160,-0.0393682079456476,65.69,WARNING
71,161,-0.0597076242115828,74.81,NORMAL
71,162,-0.0975491832376821,91.78,NORMAL
71,163,-0.0714619611133786,80.08,NORMAL
71,164,-0.0854495841526879,86.35,NORMAL
71,165,-0.0556952624756204,73.01,NORMAL
71,166,-0.0664824692442181,77.85,NORMAL
71,167,-0.0379471101346113,65.05,WARNING
71,168,-0.0517745744384648,71.25,NORMAL
71,169,-0.0545704550063726,72.51,NORMAL
71,170,-0.0529953325365359,71.8,NORMAL
71,171,-0.0266272272644114,59.98,WARNING
71,172,-0.0352376613319355,63.84,WARNING
71,173,-0.0375034275680685,64.85,WARNING
71,174,-0.0721215016160766,80.38,NORMAL
71,175,-0.0053081219818649,50.42,WARNING
71,176,-0.0523709200515925,71.52,NORMAL
71,177,-0.0316109608165868,62.21,WARNING
71,178,-0.0491304118298051,70.07,NORMAL
71,179,-0.0122549571363189,53.53,WARNING
71,180,0.0220664648884248,38.14,CRITICAL
71,181,-0.0509889848991255,70.9,NORMAL
71,182,-0.0073174167769701,51.32,WARNING
71,183,0.0228549120032499,37.79,CRITICAL
71,184,-0.0444299506084234,67.96,WARNING
71,185,-0.0225214055895918,58.14,WARNING
71,186,-0.0399286427257785,65.94,WARNING
71,187,0.0132783278372229,42.08,WARNING
71,188,0.0136543813795174,41.91,WARNING
71,189,-0.0319340687003995,62.36,WARNING
71,190,0.0071241101040082,44.84,WARNING
71,191,0.0536903189276291,23.96,CRITICAL
71,192,-0.0019812833017611,48.93,WARNING
71,193,-0.0305035655077629,61.72,WARNING
71,194,0.0021647896067781,47.07,WARNING
71,195,-0.006410110197625,50.91,WARNING
71,196,0.0339924255839565,32.79,CRITICAL
71,197,0.0156207835658562,41.03,WARNING
71,198,0.0234801386084595,37.51,CRITICAL
71,199,0.0302958383548964,34.45,CRITICAL
71,200,0.0380089566305273,30.99,CRITICAL
71,201,0.0889263510157724,8.16,CRITICAL
71,202,0.0678097527913805,17.63,CRITICAL
71,203,0.0902448451077966,7.57,CRITICAL
71,204,0.0496068881906981,25.79,CRITICAL
71,205,0.0738729151434851,14.91,CRITICAL
71,206,0.0867122734830507,9.15,CRITICAL
71,207,0.1081631766422319,0.0,CRITICAL
71,208,0.1004231373032651,3.01,CRITICAL
72,1,-0.0636668518788661,76.59,NORMAL
72,2,-0.077616019180517,82.84,NORMAL
72,3,-0.106431193092473,95.76,NORMAL
72,4,-0.0357172509414488,64.05,WARNING
72,5,-0.0612524201442364,75.5,NORMAL
72,6,-0.0482038856671631,69.65,WARNING
72,7,-0.0789681811781093,83.45,NORMAL
72,8,-0.0650090198881528,77.19,NORMAL
72,9,-0.0486116327864487,69.84,WARNING
72,10,-0.0508327336596787,70.83,NORMAL
72,11,-0.0266464285972947,59.99,WARNING
72,12,-0.086198146017517,86.69,NORMAL
72,13,-0.0641222813202428,76.79,NORMAL
72,14,-0.0549886029184758,72.7,NORMAL
72,15,-0.0819523999451936,84.79,NORMAL
72,16,-0.0777072558957732,82.88,NORMAL
72,17,-0.1122187503170721,98.36,NORMAL
72,18,-0.0398134098591521,65.89,WARNING
72,19,-0.0641333401939738,76.8,NORMAL
72,20,-0.0718356026300766,80.25,NORMAL
72,21,-0.0734399187747632,80.97,NORMAL
72,22,-0.0874789449090598,87.26,NORMAL
72,23,-0.0492944965291044,70.14,NORMAL
72,24,-0.0881088938128215,87.55,NORMAL
72,25,-0.0811601061560495,84.43,NORMAL
72,26,-0.082586572474844,85.07,NORMAL
72,27,-0.0442197395270071,67.87,WARNING
72,28,-0.0823163853828082,84.95,NORMAL
72,29,-0.0822660223004952,84.93,NORMAL
72,30,-0.0637172642695441,76.61,NORMAL
72,31,-0.1058109053548132,95.48,NORMAL
72,32,-0.0476162724841798,69.39,WARNING
72,33,-0.1009713310320273,93.31,NORMAL
72,34,-0.0838672720467535,85.64,NORMAL
72,35,-0.0664241917949385,77.82,NORMAL
72,36,-0.0787873662211908,83.37,NORMAL
72,37,-0.0813420823968445,84.51,NORMAL
72,38,-0.0753915348401602,81.84,NORMAL
72,39,-0.0750007940976527,81.67,NORMAL
72,40,-0.0680881937559506,78.57,NORMAL
72,41,-0.0532862681811924,71.93,NORMAL
72,42,-0.0761730461305677,82.19,NORMAL
72,43,-0.0734687757229903,80.98,NORMAL
72,44,-0.0836789309372195,85.56,NORMAL
72,45,-0.106751038275873,95.91,NORMAL
72,46,-0.0852409459829718,86.26,NORMAL
72,47,-0.0390484136989059,65.55,WARNING
72,48,-0.0838486701510149,85.64,NORMAL
72,49,-0.0986684716258832,92.28,NORMAL
72,50,-0.080622787221482,84.19,NORMAL
72,51,-0.0770343352822437,82.58,NORMAL
72,52,-0.0487865260240375,69.91,WARNING
72,53,-0.0667795477866105,77.98,NORMAL
72,54,-0.0863213164023281,86.75,NORMAL
72,55,-0.1025656632322242,94.03,NORMAL
72,56,-0.090934262833925,88.81,NORMAL
72,57,-0.0682667498512241,78.65,NORMAL
72,58,0.0125862141870241,42.39,WARNING
72,59,-0.0824670965591266,85.02,NORMAL
72,60,-0.1102825537164757,97.49,NORMAL
72,61,-0.0872923034901762,87.18,NORMAL
72,62,-0.0985816436961406,92.24,NORMAL
72,63,-0.0571874704313999,73.68,NORMAL
72,64,-0.0791084761878098,83.51,NORMAL
72,65,-0.0884393137642081,87.7,NORMAL
72,66,-0.0730473899516778,80.79,NORMAL
72,67,-0.0230679394014523,58.38,WARNING
72,68,-0.09833864438906,92.13,NORMAL
72,69,-0.0651381582499953,77.25,NORMAL
72,70,-0.0983216966503822,92.13,NORMAL
72,71,-0.0797314382349635,83.79,NORMAL
72,72,-0.059838004105125,74.87,NORMAL
72,73,-0.0850023583330256,86.15,NORMAL
72,74,-0.0645899669544565,77.0,NORMAL
72,75,-0.0744489087176246,81.42,NORMAL
72,76,-0.0864821088447793,86.82,NORMAL
72,77,-0.0708557988487128,79.81,NORMAL
72,78,-0.0984936527006639,92.2,NORMAL
72,79,-0.0569197996351552,73.56,NORMAL
72,80,-0.034283071425426,63.41,WARNING
72,81,-0.074868336411394,81.61,NORMAL
72,82,-0.0849609690982472,86.14,NORMAL
72,83,-0.0409064441791844,66.38,WARNING
72,84,-0.0614840798339463,75.61,NORMAL
72,85,-0.0640105114808883,76.74,NORMAL
72,86,-0.0880462774468318,87.52,NORMAL
72,87,-0.075299738442464,81.8,NORMAL
72,88,-0.1001033054035999,92.93,NORMAL
72,89,-0.0996240299255738,92.71,NORMAL
72,90,-0.0932349436198554,89.85,NORMAL
72,91,-0.0924827850932377,89.51,NORMAL
72,92,-0.0993938271144478,92.61,NORMAL
72,93,-0.0907296259632102,88.72,NORMAL
72,94,-0.0472983514587071,69.25,WARNING
72,95,-0.0864756757361915,86.81,NORMAL
72,96,-0.0528643191080072,71.74,NORMAL
72,97,-0.0525498909632045,71.6,NORMAL
72,98,0.000738296740167,47.71,WARNING
72,99,-0.0721435218973031,80.39,NORMAL
72,100,-0.0938874922323989,90.14,NORMAL
72,101,-0.0906771411354403,88.7,NORMAL
72,102,-0.0858643176353445,86.54,NORMAL
72,103,-0.0951968607607622,90.73,NORMAL
72,104,-0.088774981018782,87.85,NORMAL
72,105,-0.0744191955901802,81.41,NORMAL
72,106,-0.0849788878944199,86.14,NORMAL
72,107,-0.0454539187637056,68.42,WARNING
72,108,-0.0486792757259637,69.87,WARNING
72,109,-0.0755135839240898,81.9,NORMAL
72,110,-0.0851621556086877,86.23,NORMAL
72,111,-0.0962305335041162,91.19,NORMAL
72,112,-0.0935486426400829,89.99,NORMAL
72,113,-0.0899294004123258,88.36,NORMAL
72,114,-0.0488440218388269,69.94,WARNING
72,115,-0.1110457449394838,97.83,NORMAL
72,116,-0.0808319575230173,84.28,NORMAL
72,117,-0.084641066927264,85.99,NORMAL
72,118,-0.0910846418968151,88.88,NORMAL
72,119,-0.036213019211938,64.28,WARNING
72,120,-0.061033745609081,75.41,NORMAL
72,121,-0.086958755777522,87.03,NORMAL
72,122,-0.0602708876863281,75.06,NORMAL
72,123,-0.089754601654287,88.28,NORMAL
72,124,-0.0616616749010478,75.69,NORMAL
72,125,-0.0803366522483216,84.06,NORMAL
72,126,-0.0844211387059431,85.89,NORMAL
72,127,-0.098234786364468,92.09,NORMAL
72,128,-0.0662156231519904,77.73,NORMAL
72,129,-0.0920929618289443,89.33,NORMAL
72,130,-0.0916754405247335,89.15,NORMAL
72,131,-0.0938156927822645,90.11,NORMAL
72,132,-0.0757819298360712,82.02,NORMAL
72,133,-0.0632240264240529,76.39,NORMAL
72,134,-0.095192469472263,90.72,NORMAL
72,135,-0.0765104308099291,82.35,NORMAL
72,136,-0.0808765919784774,84.3,NORMAL
72,137,-0.0714268644325311,80.07,NORMAL
72,138,-0.0788727830412004,83.41,NORMAL
72,139,-0.0848515308258282,86.09,NORMAL
72,140,-0.0586027294230959,74.32,NORMAL
72,141,-0.093541649795686,89.98,NORMAL
72,142,-0.0999803845628632,92.87,NORMAL
72,143,-0.0984009467524045,92.16,NORMAL
72,144,-0.086416155709556,86.79,NORMAL
72,145,-0.077401429394936,82.75,NORMAL
72,146,-0.0891424664042723,88.01,NORMAL
72,147,-0.0375873654203576,64.89,WARNING
72,148,-0.0944094363273888,90.37,NORMAL
72,149,-0.0524386643462974,71.55,NORMAL
72,150,-0.0692868645785875,79.11,NORMAL
72,151,-0.082310433684813,84.95,NORMAL
72,152,-0.0932632954101859,89.86,NORMAL
72,153,-0.0806573631924402,84.21,NORMAL
72,154,-0.0593179237619982,74.64,NORMAL
72,155,-0.0719331822248661,80.29,NORMAL
72,156,-0.0538129024773396,72.17,NORMAL
72,157,-0.0668198099679047,78.0,NORMAL
72,158,-0.0409318289986387,66.39,WARNING
72,159,-0.0662517609305855,77.75,NORMAL
72,160,-0.0568367245452689,73.52,NORMAL
72,161,-0.0590292103205866,74.51,NORMAL
72,162,-0.0845858676812032,85.97,NORMAL
72,163,-0.0837516051859337,85.59,NORMAL
72,164,-0.0609916124024005,75.39,NORMAL
72,165,-0.0382718597133645,65.2,WARNING
72,166,-0.0460662701012211,68.69,WARNING
72,167,-0.0507645368698627,70.8,NORMAL
72,168,-0.0340252439661328,63.29,WARNING
72,169,-0.0453509876743451,68.37,WARNING
72,170,-0.043694856169279,67.63,WARNING
72,171,-0.0304484557890732,61.69,WARNING
72,172,-0.0526398870563252,71.64,NORMAL
72,173,-0.0366668015595954,64.48,WARNING
72,174,-0.0222036965878058,57.99,WARNING
72,175,-0.0378054784507831,64.99,WARNING
72,176,-0.0573363534923769,73.75,NORMAL
72,177,0.0150112132970962,41.31,WARNING
72,178,-0.0006492141326255,48.33,WARNING
72,179,-0.0148119110126995,54.68,WARNING
72,180,-0.0115781819208141,53.23,WARNING
72,181,-0.0134752755077188,54.08,WARNING
72,182,-0.0232298932930075,58.45,WARNING
72,183,-0.0168319742884092,55.59,WARNING
72,184,-0.0110249103453189,52.98,WARNING
72,185,-0.0005390319658966,48.28,WARNING
72,186,-0.0344593589904884,63.49,WARNING
72,187,-0.0082369980631929,51.73,WARNING
72,188,-0.0042464710166357,49.94,WARNING
72,189,-0.0242760456159967,58.92,WARNING
72,190,-0.009678529379999,52.38,WARNING
72,191,0.0004379617605201,47.84,WARNING
72,192,0.0119515404842202,42.68,WARNING
72,193,0.0297249752021839,34.71,CRITICAL
72,194,-0.0108633872531248,52.91,WARNING
72,195,0.0344178722144025,32.6,CRITICAL
72,196,0.0286161865649926,35.21,CRITICAL
72,197,0.0266779654120441,36.07,CRITICAL
72,198,0.0207850585487967,38.72,CRITICAL
72,199,0.0286686298632119,35.18,CRITICAL
72,200,0.0365023125110753,31.67,CRITICAL
72,201,0.0566396687011165,22.64,CRITICAL
72,202,0.0509750867053919,25.18,CRITICAL
72,203,0.0672322351872422,17.89,CRITICAL
72,204,0.0763571139720616,13.8,CRITICAL
72,205,0.0486628631798531,26.22,CRITICAL
72,206,0.0573276018692329,22.33,CRITICAL
72,207,0.1393681166197494,0.0,CRITICAL
72,208,0.0500725564017315,25.58,CRITICAL
72,209,0.1031247583588761,1.79,CRITICAL
72,210,0.0702727234092382,16.53,CRITICAL
72,211,0.089168180631471,8.05,CRITICAL
72,212,0.0833777799539461,10.65,CRITICAL
72,213,0.1085408364942508,0.0,CRITICAL
73,1,-0.0703618990551859,79.59,NORMAL
73,2,-0.0577308938326157,73.92,NORMAL
73,3,-0.0919429122586809,89.27,NORMAL
73,4,-0.0627846668835531,76.19,NORMAL
73,5,-0.0706330185210987,79.71,NORMAL
73,6,-0.049078665253518,70.05,NORMAL
73,7,-0.0677272142752174,78.41,NORMAL
73,8,-0.0502711789196196,70.58,NORMAL
73,9,-0.0885002411043845,87.72,NORMAL
73,10,-0.0614733141255289,75.6,NORMAL
73,11,-0.0759837856938266,82.11,NORMAL
73,12,-0.073644199927872,81.06,NORMAL
73,13,-0.1030777111844109,94.26,NORMAL
73,14,-0.0645357427997814,76.98,NORMAL
73,15,-0.0985168360037926,92.21,NORMAL
73,16,-0.0843107892172499,85.84,NORMAL
73,17,-0.0950263026887899,90.65,NORMAL
73,18,-0.057187674518229,73.68,NORMAL
73,19,-0.0652433723872846,77.29,NORMAL
73,20,-0.0529889149721419,71.8,NORMAL
73,21,-0.1007927942323498,93.23,NORMAL
73,22,-0.1062073916645683,95.66,NORMAL
73,23,-0.0795994566801331,83.73,NORMAL
73,24,-0.0549274636371873,72.67,NORMAL
73,25,-0.0711815201432418,79.96,NORMAL
73,26,-0.0857313279162581,86.48,NORMAL
73,27,-0.0939989924983055,90.19,NORMAL
73,28,-0.0748753040402781,81.61,NORMAL
73,29,-0.083626123300754,85.54,NORMAL
73,30,-0.053821820829153,72.17,NORMAL
73,31,-0.0550276633214092,72.71,NORMAL
73,32,-0.0944121872357952,90.37,NORMAL
73,33,-0.0823038865602398,84.94,NORMAL
73,34,-0.1003854527240251,93.05,NORMAL
73,35,-0.0867101787349334,86.92,NORMAL
73,36,-0.0560813731431736,73.19,NORMAL
73,37,-0.0878966347347549,87.45,NORMAL
73,38,-0.0639224654600923,76.7,NORMAL
73,39,-0.0489983761187194,70.01,NORMAL
73,40,-0.0916703486896895,89.14,NORMAL
73,41,-0.0627557688329022,76.18,NORMAL
73,42,-0.0716648345659416,80.17,NORMAL
73,43,-0.0853637596399458,86.32,NORMAL
73,44,-0.0779088105373552,82.97,NORMAL
73,45,-0.0878656647644265,87.44,NORMAL
73,46,-0.0825613708839682,85.06,NORMAL
73,47,-0.081825346046722,84.73,NORMAL
73,48,-0.0603965265398294,75.12,NORMAL
73,49,-0.0465119677653937,68.89,WARNING
73,50,-0.0391692458608997,65.6,WARNING
73,51,-0.0958445886254924,91.02,NORMAL
73,52,-0.0696398156002713,79.27,NORMAL
73,53,-0.0686980303556565,78.84,NORMAL
73,54,-0.0736257426225058,81.05,NORMAL
73,55,-0.0842428024790596,85.81,NORMAL
73,56,-0.0600964735489286,74.99,NORMAL
73,57,-0.071168376959196,79.95,NORMAL
73,58,-0.0679720668563332,78.52,NORMAL
73,59,-0.0925966727192066,89.56,NORMAL
73,60,-0.0706015055137572,79.7,NORMAL
73,61,-0.0729401678691087,80.75,NORMAL
73,62,-0.0481249326717161,69.62,WARNING
73,63,-0.1029768987402156,94.21,NORMAL
73,64,-0.0885726798812034,87.75,NORMAL
73,65,-0.0685634267049621,78.78,NORMAL
73,66,-0.0782053469373341,83.11,NORMAL
73,67,-0.0733607474449989,80.93,NORMAL
73,68,-0.0696579331451037,79.27,NORMAL
73,69,-0.0818358389754268,84.73,NORMAL
73,70,-0.0544968171267075,72.47,NORMAL
73,71,-0.0745743976385448,81.48,NORMAL
73,72,-0.0880653410601762,87.53,NORMAL
73,73,-0.0511926160380689,70.99,NORMAL
73,74,-0.0719365770287561,80.29,NORMAL
73,75,-0.0559761345815359,73.14,NORMAL
73,76,-0.0740992408236637,81.26,NORMAL
73,77,-0.0561851874401202,73.23,NORMAL
73,78,-0.0925121386416435,89.52,NORMAL
73,79,-0.0823370562897934,84.96,NORMAL
73,80,-0.0596602856031944,74.79,NORMAL
73,81,-0.0601430601148213,75.01,NORMAL
73,82,-0.0560217356218318,73.16,NORMAL
73,83,-0.0837363801150819,85.59,NORMAL
73,84,-0.0995774821231565,92.69,NORMAL
73,85,-0.074681535165504,81.53,NORMAL
73,86,-0.0885034045609324,87.72,NORMAL
73,87,-0.0507477754201051,70.79,NORMAL
73,88,-0.0742834772746312,81.35,NORMAL
73,89,-0.077459490427096,82.77,NORMAL
73,90,-0.0949731509520351,90.62,NORMAL
73,91,-0.0822188025625268,84.91,NORMAL
73,92,-0.0759367876166384,82.09,NORMAL
73,93,-0.0650515838058114,77.21,NORMAL
73,94,-0.062979533166517,76.28,NORMAL
73,95,-0.0568476198567435,73.53,NORMAL
73,96,-0.0654837318329323,77.4,NORMAL
73,97,-0.062588006181556,76.1,NORMAL
73,98,-0.0361269789200685,64.24,WARNING
73,99,-0.0487615151677413,69.9,WARNING
73,100,-0.0624714170311717,76.05,NORMAL
73,101,-0.0585873335562976,74.31,NORMAL
73,102,-0.0420082504858551,66.87,WARNING
73,103,-0.0906583492571895,88.69,NORMAL
73,104,-0.0779864833830431,83.01,NORMAL
73,105,-0.0754773462644591,81.88,NORMAL
73,106,-0.0556711738169944,73.0,NORMAL
73,107,-0.0807980364424292,84.27,NORMAL
73,108,-0.0713266423890278,80.02,NORMAL
73,109,-0.0588373280112169,74.42,NORMAL
73,110,-0.0830301110041558,85.27,NORMAL
73,111,-0.0819356181630669,84.78,NORMAL
73,112,-0.0939520688387702,90.17,NORMAL
73,113,-0.0191146906976343,56.61,WARNING
73,114,-0.0463695386923516,68.83,WARNING
73,115,-0.0350813037971371,63.77,WARNING
73,116,-0.0865459472032937,86.85,NORMAL
73,117,-0.0376347238718126,64.91,WARNING
73,118,-0.0616762005799788,75.69,NORMAL
73,119,-0.0483213542439389,69.71,WARNING
73,120,-0.0455342880555498,68.46,WARNING
73,121,-0.0642330159018899,76.84,NORMAL
73,122,-0.0477599058189383,69.45,WARNING
73,123,-0.0370985894693934,64.67,WARNING
73,124,-0.0492152834437279,70.11,NORMAL
73,125,-0.0581145365976182,74.1,NORMAL
73,126,-0.0429877300676649,67.31,WARNING
73,127,-0.0713048943450129,80.01,NORMAL
73,128,-0.0530442215509052,71.82,NORMAL
73,129,-0.052899287445936,71.76,NORMAL
73,130,-0.0631906414984383,76.37,NORMAL
73,131,-0.05349893078202,72.03,NORMAL
73,132,-0.0171847547913464,55.74,WARNING
73,133,-0.0565382263065185,73.39,NORMAL
73,134,-0.0648306288028085,77.11,NORMAL
73,135,-0.0668718244344939,78.02,NORMAL
73,136,-0.0396549465729216,65.82,WARNING
73,137,-0.0395163428047016,65.76,WARNING
73,138,-0.0497383286051099,70.34,NORMAL
73,139,-0.0617813317871977,75.74,NORMAL
73,140,-0.0258101152638338,59.61,WARNING
73,141,-0.0640759061850208,76.77,NORMAL
73,142,-0.023593929725192,58.62,WARNING
73,143,-0.0736156117438799,81.05,NORMAL
73,144,-0.0466570243426488,68.96,WARNING
73,145,-0.0401514203159242,66.04,WARNING
73,146,-0.0431409818376821,67.38,WARNING
73,147,-0.0545472816189562,72.5,NORMAL
73,148,-0.0284260608247964,60.78,WARNING
73,149,-0.0580089781747051,74.05,NORMAL
73,150,-0.0473244349095126,69.26,WARNING
73,151,-0.0494260222345183,70.2,NORMAL
73,152,-0.0359779185238168,64.17,WARNING
73,153,-0.0214754215755094,57.67,WARNING
73,154,-0.043533761401986,67.56,WARNING
73,155,-0.0054385734093385,50.48,WARNING
73,156,-0.0255248543361323,59.48,WARNING
73,157,-0.0266768252438633,60.0,WARNING
73,158,-0.0296453296011809,61.33,WARNING
73,159,-0.0276992070954919,60.46,WARNING
73,160,-0.0359604236912804,64.16,WARNING
73,161,0.0017983169453135,47.23,WARNING
73,162,-0.0057691783946061,50.62,WARNING
73,163,-0.0176444716391093,55.95,WARNING
73,164,-0.0347965193553483,63.64,WARNING
73,165,-0.0346338695456341,63.57,WARNING
73,166,-0.0178641292620492,56.05,WARNING
73,167,-0.0199643951654743,56.99,WARNING
73,168,-0.0036024277726544,49.65,WARNING
73,169,0.0162737209480472,40.74,WARNING
73,170,-0.0058156837109306,50.65,WARNING
73,171,0.0072415441159782,44.79,WARNING
73,172,0.0143915361864335,41.58,WARNING
73,173,-0.0392519673664662,65.64,WARNING
73,174,0.0102483257005699,43.44,WARNING
73,175,0.012147746773895,42.59,WARNING
73,176,0.0045666267472634,45.99,WARNING
73,177,0.0027514989049618,46.8,WARNING
73,178,0.0106034957100815,43.28,WARNING
73,179,0.0018828801613104,47.19,WARNING
73,180,-0.0045661096913391,50.08,WARNING
73,181,0.0136331135683204,41.92,WARNING
73,182,0.0035945817994372,46.43,WARNING
73,183,0.004968447922636,45.81,WARNING
73,184,0.0421923983785098,29.12,CRITICAL
73,185,0.007388120576833,44.72,WARNING
73,186,0.0165594586414298,40.61,WARNING
73,187,0.028079002759866,35.45,CRITICAL
73,188,0.0218494564071074,38.24,CRITICAL
73,189,0.0021160650583981,47.09,WARNING
73,190,0.038651837058341,30.71,CRITICAL
73,191,0.0303044168406915,34.45,CRITICAL
73,192,0.0075996878224441,44.63,WARNING
73,193,0.0631328386798321,19.73,CRITICAL
73,194,0.0204777695141902,38.85,CRITICAL
73,195,0.0349241671887743,32.38,CRITICAL
73,196,0.050791250473377,25.26,CRITICAL
73,197,0.0402361720208298,29.99,CRITICAL
73,198,0.0238247212525691,37.35,CRITICAL
73,199,0.0832026704135048,10.73,CRITICAL
73,200,0.0670857065645192,17.96,CRITICAL
73,201,0.0253527340980554,36.67,CRITICAL
73,202,0.0989736311893368,3.66,CRITICAL
73,203,0.0565691916058965,22.67,CRITICAL
73,204,0.0727355605699943,15.42,CRITICAL
73,205,0.065871476534137,18.5,CRITICAL
73,206,0.0744982912496201,14.63,CRITICAL
73,207,0.0825632160186755,11.01,CRITICAL
73,208,0.0863889843896789,9.3,CRITICAL
73,209,0.0715096805443559,15.97,CRITICAL
73,210,0.0610112678608931,20.68,CRITICAL
73,211,0.1326950900219293,0.0,CRITICAL
73,212,0.0922335035675812,6.68,CRITICAL
73,213,0.0708270606885105,16.28,CRITICAL
74,1,-0.0495719696603251,70.27,NORMAL
74,2,-0.0766451002669897,82.41,NORMAL
74,3,-0.068599710501959,78.8,NORMAL
74,4,-0.0651255075585061,77.24,NORMAL
74,5,-0.0552566876721805,72.82,NORMAL
74,6,-0.0542891578858319,72.38,NORMAL
74,7,-0.029482436061433,61.26,WARNING
74,8,-0.0676552158127852,78.38,NORMAL
74,9,-0.0833426419481119,85.41,NORMAL
74,10,-0.0794245024551026,83.65,NORMAL
74,11,-0.0993102243966067,92.57,NORMAL
74,12,-0.0498403548245556,70.39,NORMAL
74,13,-0.0821061528812968,84.86,NORMAL
74,14,-0.0617656254930215,75.73,NORMAL
74,15,-0.0655027979525802,77.41,NORMAL
74,16,-0.0623765174661481,76.01,NORMAL
74,17,-0.0558095448666563,73.06,NORMAL
74,18,-0.0119273267237957,53.39,WARNING
74,19,0.0048966344285807,45.84,WARNING
74,20,-0.0512705835881324,71.03,NORMAL
74,21,-0.101480072883278,93.54,NORMAL
74,22,-0.0808419946832348,84.29,NORMAL
74,23,-0.0829711089760918,85.24,NORMAL
74,24,-0.0469324678678572,69.08,WARNING
74,25,-0.0632565946984336,76.4,NORMAL
74,26,0.0065864701550567,45.08,WARNING
74,27,-0.0555012719525707,72.93,NORMAL
74,28,-0.072510173194912,80.55,NORMAL
74,29,-0.0726794990561525,80.63,NORMAL
74,30,-0.0622907055378375,75.97,NORMAL
74,31,-0.0676329821633881,78.37,NORMAL
74,32,-0.0869771989661781,87.04,NORMAL
74,33,-0.0652245300235451,77.29,NORMAL
74,34,-0.0744142491682779,81.41,NORMAL
74,35,-0.0952402471639103,90.74,NORMAL
74,36,-0.0604181667108453,75.13,NORMAL
74,37,-0.073110578765261,80.82,NORMAL
74,38,-0.0668958874669843,78.03,NORMAL
74,39,-0.0781821827710423,83.1,NORMAL
74,40,-0.09408063893327,90.22,NORMAL
74,41,-0.055571926371827,72.96,NORMAL
74,42,-0.0296711132944838,61.34,WARNING
74,43,-0.0817762114403413,84.71,NORMAL
74,44,-0.087649751080152,87.34,NORMAL
74,45,-0.0586844237494059,74.35,NORMAL
74,46,-0.0675352459276162,78.32,NORMAL
74,47,-0.0756061131368215,81.94,NORMAL
74,48,-0.0693193521584129,79.12,NORMAL
74,49,-0.0794054284212508,83.64,NORMAL
74,50,-0.0748289149674605,81.59,NORMAL
74,51,-0.0498931118863335,70.41,NORMAL
74,52,-0.0982413504715046,92.09,NORMAL
74,53,-0.1053945489052899,95.3,NORMAL
74,54,-0.0419645728626648,66.86,WARNING
74,55,-0.0695882016053378,79.24,NORMAL
74,56,-0.0323955916597628,62.56,WARNING
74,57,-0.0473504983186057,69.27,WARNING
74,58,-0.0887265094913343,87.82,NORMAL
74,59,-0.0804303952071647,84.1,NORMAL
74,60,-0.0750460548749306,81.69,NORMAL
74,61,-0.0857473215459534,86.49,NORMAL
74,62,-0.1073030027698773,96.15,NORMAL
74,63,-0.0652773890947224,77.31,NORMAL
74,64,-0.1000993695733273,92.92,NORMAL
74,65,-0.1067506352233249,95.91,NORMAL
74,66,-0.0227258454046057,58.23,WARNING
74,67,-0.0788698541838388,83.4,NORMAL
74,68,-0.0882196111377407,87.6,NORMAL
74,69,-0.0546028252161237,72.52,NORMAL
74,70,-0.0705882107996072,79.69,NORMAL
74,71,-0.0803606996949852,84.07,NORMAL
74,72,-0.1008605173990846,93.26,NORMAL
74,73,-0.0743069655928702,81.36,NORMAL
74,74,-0.0833595984115231,85.42,NORMAL
74,75,-0.0897136864968591,88.27,NORMAL
74,76,-0.0597872748485332,74.85,NORMAL
74,77,-0.0894937389940048,88.17,NORMAL
74,78,-0.0633307043760498,76.44,NORMAL
74,79,-0.0784905992322883,83.23,NORMAL
74,80,-0.0713425536960959,80.03,NORMAL
74,81,-0.0895551882785991,88.2,NORMAL
74,82,-0.0791553027205682,83.53,NORMAL
74,83,-0.0810454618630042,84.38,NORMAL
74,84,-0.0379677487063971,65.06,WARNING
74,85,-0.0896728630204432,88.25,NORMAL
74,86,-0.0776283997280696,82.85,NORMAL
74,87,-0.0796839217679862,83.77,NORMAL
74,88,-0.0920603570983478,89.32,NORMAL
74,89,-0.0747634253557556,81.56,NORMAL
74,90,-0.0842949017367836,85.84,NORMAL
74,91,-0.0653846020251054,77.36,NORMAL
74,92,-0.0965874523131587,91.35,NORMAL
74,93,-0.093063896268192,89.77,NORMAL
74,94,-0.0671207982595958,78.14,NORMAL
74,95,-0.0894592671719257,88.15,NORMAL
74,96,-0.1026699537919936,94.08,NORMAL
74,97,-0.0776107027869054,82.84,NORMAL
74,98,-0.0907172862465754,88.72,NORMAL
74,99,-0.0979905719913474,91.98,NORMAL
74,100,-0.1106697839887737,97.66,NORMAL
74,101,-0.0937357605464657,90.07,NORMAL
74,102,-0.1066360139759067,95.85,NORMAL
74,103,-0.1007911145484539,93.23,NORMAL
74,104,-0.1080893040294845,96.51,NORMAL
74,105,-0.0924761924178755,89.51,NORMAL
74,106,-0.0804764054452564,84.12,NORMAL
74,107,-0.1051752288951934,95.2,NORMAL
74,108,-0.0920340071131924,89.31,NORMAL
74,109,-0.1080392422929148,96.48,NORMAL
74,110,-0.0876807035722709,87.35,NORMAL
74,111,-0.0961801899768737,91.17,NORMAL
74,112,-0.0976023147704229,91.8,NORMAL
74,113,-0.0896504926241816,88.24,NORMAL
74,114,-0.0911149687277036,88.89,NORMAL
74,115,-0.0883284645778322,87.65,NORMAL
74,116,-0.0937051000408664,90.06,NORMAL
74,117,-0.0672856238014705,78.21,NORMAL
74,118,-0.1085471664713344,96.71,NORMAL
74,119,-0.1019208679904775,93.74,NORMAL
74,120,-0.1110035520022439,97.81,NORMAL
74,121,-0.0965642518741222,91.34,NORMAL
74,122,-0.0758923853820271,82.07,NORMAL
74,123,-0.1043987621761177,94.85,NORMAL
74,124,-0.0780492376478838,83.04,NORMAL
74,125,-0.0837298682051326,85.58,NORMAL
74,126,-0.1009487215410661,93.3,NORMAL
74,127,-0.0836275181197618,85.54,NORMAL
74,128,-0.0624095919682892,76.02,NORMAL
74,129,-0.0969178211341194,91.5,NORMAL
74,130,-0.0784641583910106,83.22,NORMAL
74,131,-0.0639118789423919,76.7,NORMAL
74,132,-0.0638789992725742,76.68,NORMAL
74,133,-0.0633386914482946,76.44,NORMAL
74,134,-0.0516417045910163,71.19,NORMAL
74,135,-0.0981981293043324,92.07,NORMAL
74,136,-0.0510304602698176,70.92,NORMAL
74,137,-0.0636033514781651,76.56,NORMAL
74,138,-0.0853281967348315,86.3,NORMAL
74,139,-0.0790761735236201,83.5,NORMAL
74,140,-0.0830557951377231,85.28,NORMAL
74,141,-0.002953936412008,49.36,WARNING
74,142,-0.0673057925052267,78.22,NORMAL
74,143,-0.0284637515673777,60.8,WARNING
74,144,-0.0673348106646238,78.23,NORMAL
74,145,-0.0579830477100626,74.04,NORMAL
74,146,-0.0442116122980272,67.86,WARNING
74,147,-0.0664925194943598,77.85,NORMAL
74,148,-0.0522036655188449,71.45,NORMAL
74,149,-0.0213097391760005,57.59,WARNING
74,150,-0.0040866492159803,49.87,WARNING
74,151,-0.0148381649226267,54.69,WARNING
74,152,-0.0471316079935322,69.17,WARNING
74,153,-0.0091561147328125,52.14,WARNING
74,154,-0.0040052472771413,49.83,WARNING
74,155,0.0133839425591028,42.04,WARNING
74,156,0.0193555738109825,39.36,CRITICAL
74,157,0.0299769334495541,34.6,CRITICAL
74,158,0.0428209612602897,28.84,CRITICAL
74,159,0.0325725382741394,33.43,CRITICAL
74,160,0.0303193930057358,34.44,CRITICAL
74,161,0.0496322933783462,25.78,CRITICAL
74,162,0.0383615704528579,30.84,CRITICAL
74,163,0.0743789535267411,14.68,CRITICAL
74,164,0.0907763362003776,7.33,CRITICAL
74,165,0.0626393301328541,19.95,CRITICAL
74,166,0.107568363950504,0.0,CRITICAL
75,1,-0.0813691741845554,84.52,NORMAL
75,2,-0.0517523787462768,71.24,NORMAL
75,3,-0.0851078360053549,86.2,NORMAL
75,4,-0.0668586128232827,78.02,NORMAL
75,5,-0.0761100600011575,82.17,NORMAL
75,6,-0.1140614735160805,99.18,NORMAL
75,7,-0.084977367955533,86.14,NORMAL
75,8,-0.0761223700657636,82.17,NORMAL
75,9,-0.0785449865621266,83.26,NORMAL
75,10,-0.0867582280501623,86.94,NORMAL
75,11,-0.0785964594331908,83.28,NORMAL
75,12,-0.0476395612400634,69.4,WARNING
75,13,-0.0502854935309909,70.59,NORMAL
75,14,-0.0874395569335129,87.25,NORMAL
75,15,-0.0955090354109622,90.87,NORMAL
75,16,-0.1026390530200609,94.06,NORMAL
75,17,-0.1006647199050176,93.18,NORMAL
75,18,-0.0965568435092538,91.34,NORMAL
75,19,-0.0474733091053663,69.33,WARNING
75,20,-0.0670732472946747,78.11,NORMAL
75,21,-0.0508251880482563,70.83,NORMAL
75,22,-0.0919822569855242,89.28,NORMAL
75,23,-0.094513326555833,90.42,NORMAL
75,24,-0.1049091857955609,95.08,NORMAL
75,25,-0.0786857299263721,83.32,NORMAL
75,26,-0.0972330830169656,91.64,NORMAL
75,27,-0.0954956945820986,90.86,NORMAL
75,28,-0.0987716796800563,92.33,NORMAL
75,29,-0.0963901317362358,91.26,NORMAL
75,30,-0.0613813631811812,75.56,NORMAL
75,31,-0.0554336316200421,72.89,NORMAL
75,32,-0.0588855054543017,74.44,NORMAL
75,33,-0.0878191930390325,87.42,NORMAL
75,34,-0.0705646633494364,79.68,NORMAL
75,35,-0.08600187956324,86.6,NORMAL
75,36,-0.0823907860445226,84.98,NORMAL
75,37,-0.0618775843391364,75.78,NORMAL
75,38,-0.0937917651714074,90.1,NORMAL
75,39,-0.0744869135547225,81.44,NORMAL
75,40,-0.0873953801376261,87.23,NORMAL
75,41,-0.0921296630978054,89.35,NORMAL
75,42,-0.0702794075557978,79.55,NORMAL
75,43,-0.0534350414692257,72.0,NORMAL
75,44,-0.0908607406201331,88.78,NORMAL
75,45,-0.0770945445408748,82.61,NORMAL
75,46,-0.0685903396470814,78.79,NORMAL
75,47,-0.0719695906485958,80.31,NORMAL
75,48,-0.0777353806140546,82.9,NORMAL
75,49,-0.0764709546251872,82.33,NORMAL
75,50,-0.0820532849966926,84.83,NORMAL
75,51,-0.0911470871133734,88.91,NORMAL
75,52,-0.0851967225753717,86.24,NORMAL
75,53,-0.0622684040358487,75.96,NORMAL
75,54,-0.0737537211181629,81.11,NORMAL
75,55,-0.0899980911001475,88.39,NORMAL
75,56,-0.0844462554253364,85.9,NORMAL
75,57,-0.0573132368621299,73.74,NORMAL
75,58,-0.0689815784824462,78.97,NORMAL
75,59,-0.0775136471995965,82.8,NORMAL
75,60,-0.086536458837955,86.84,NORMAL
75,61,-0.0872396054679696,87.16,NORMAL
75,62,-0.0672946561594063,78.21,NORMAL
75,63,-0.0492400625840033,70.12,NORMAL
75,64,-0.0962360603762763,91.19,NORMAL
75,65,-0.0781075966135778,83.06,NORMAL
75,66,-0.0648721622843057,77.13,NORMAL
75,67,-0.0965250357719625,91.32,NORMAL
75,68,-0.0621748776461222,75.92,NORMAL
75,69,-0.0845819397515166,85.97,NORMAL
75,70,-0.0981475288176002,92.05,NORMAL
75,71,-0.0922025728101338,89.38,NORMAL
75,72,-0.0900586927560887,88.42,NORMAL
75,73,-0.0949798833170881,90.63,NORMAL
75,74,-0.0580425980734024,74.06,NORMAL
75,75,-0.0946892537597346,90.5,NORMAL
75,76,-0.0694333771026009,79.17,NORMAL
75,77,-0.0642297068793344,76.84,NORMAL
75,78,-0.0640675484599518,76.77,NORMAL
75,79,-0.0898005360531806,88.31,NORMAL
75,80,-0.0811189559149019,84.41,NORMAL
75,81,-0.0782507884566218,83.13,NORMAL
75,82,-0.0569436596151749,73.57,NORMAL
75,83,-0.0892234375810702,88.05,NORMAL
75,84,-0.0833336616993568,85.41,NORMAL
75,85,-0.0809325274981466,84.33,NORMAL
75,86,-0.0745411589105214,81.46,NORMAL
75,87,-0.0757427422488903,82.0,NORMAL
75,88,-0.0998318296363867,92.8,NORMAL
75,89,-0.0908173388157735,88.76,NORMAL
75,90,-0.0753951153912687,81.85,NORMAL
75,91,-0.065806989688373,77.55,NORMAL
75,92,-0.0993138045894416,92.57,NORMAL
75,93,-0.0925631647377704,89.54,NORMAL
75,94,-0.0992272718519807,92.53,NORMAL
75,95,-0.0370750482008039,64.66,WARNING
75,96,-0.0747084585962298,81.54,NORMAL
75,97,-0.0826428579715566,85.1,NORMAL
75,98,-0.0693633840740816,79.14,NORMAL
75,99,-0.0653537140096347,77.34,NORMAL
75,100,-0.0731051615244535,80.82,NORMAL
75,101,-0.0674670017197523,78.29,NORMAL
75,102,-0.0708299742241599,79.8,NORMAL
75,103,-0.0613192362158678,75.53,NORMAL
75,104,-0.0563601859852468,73.31,NORMAL
75,105,-0.0677873877219749,78.43,NORMAL
75,106,-0.0680005590764297,78.53,NORMAL
75,107,-0.0808062221404366,84.27,NORMAL
75,108,-0.0865359005001502,86.84,NORMAL
75,109,-0.0959824521091861,91.08,NORMAL
75,110,-0.0512721007448321,71.03,NORMAL
75,111,-0.0556499817527154,72.99,NORMAL
75,112,-0.0804978027885056,84.13,NORMAL
75,113,-0.0633746475681288,76.46,NORMAL
75,114,-0.0735873891634013,81.04,NORMAL
75,115,-0.0330691807193901,62.87,WARNING
75,116,-0.0427671754127683,67.21,WARNING
75,117,-0.0741715246893187,81.3,NORMAL
75,118,-0.0847924812149938,86.06,NORMAL
75,119,-0.1020343496643538,93.79,NORMAL
75,120,-0.0660666001352197,77.66,NORMAL
75,121,-0.0768382627948028,82.49,NORMAL
75,122,-0.0600441391357447,74.96,NORMAL
75,123,-0.0477346201865746,69.44,WARNING
75,124,-0.0763311039229305,82.27,NORMAL
75,125,-0.0719399254638939,80.3,NORMAL
75,126,-0.0770838558642975,82.6,NORMAL
75,127,-0.0825056808000672,85.03,NORMAL
75,128,-0.079699063309309,83.78,NORMAL
75,129,-0.0767399750102743,82.45,NORMAL
75,130,-0.0353002614991095,63.87,WARNING
75,131,-0.065928000411054,77.6,NORMAL
75,132,-0.0839193029144717,85.67,NORMAL
75,133,-0.0367270169703511,64.51,WARNING
75,134,-0.0591169505694631,74.55,NORMAL
75,135,-0.0647027349074782,77.05,NORMAL
75,136,-0.0704355593082878,79.62,NORMAL
75,137,-0.0568170229275067,73.52,NORMAL
75,138,-0.0559461803083708,73.12,NORMAL
75,139,-0.0585676179798188,74.3,NORMAL
75,140,-0.0535010174101001,72.03,NORMAL
75,141,-0.064844556378137,77.11,NORMAL
75,142,-0.068120741509828,78.58,NORMAL
75,143,-0.0917785753194733,89.19,NORMAL
75,144,-0.0535902860118926,72.07,NORMAL
75,145,-0.0608572032519164,75.33,NORMAL
75,146,-0.0720038348036006,80.33,NORMAL
75,147,-0.0095404126617553,52.32,WARNING
75,148,-0.0823135128577898,84.95,NORMAL
75,149,-0.0581340430607763,74.11,NORMAL
75,150,-0.0476439197625672,69.4,WARNING
75,151,-0.0678075128708484,78.44,NORMAL
75,152,-0.0689354869453943,78.95,NORMAL
75,153,-0.0441388174360156,67.83,WARNING
75,154,-0.0713972440928286,80.05,NORMAL
75,155,-0.0325412493826632,62.63,WARNING
75,156,-0.0512809397553569,71.03,NORMAL
75,157,-0.0469987923018743,69.11,WARNING
75,158,-0.0504367497111988,70.65,NORMAL
75,159,-0.0770296037561483,82.58,NORMAL
75,160,-0.0434890097220322,67.54,WARNING
75,161,-0.0332352273012773,62.94,WARNING
75,162,-0.0376612710905011,64.93,WARNING
75,163,-0.0055744073285471,50.54,WARNING
75,164,-0.0256511666734453,59.54,WARNING
75,165,-0.0649763465645593,77.17,NORMAL
75,166,-0.0574080031127071,73.78,NORMAL
75,167,-0.0536835150398973,72.11,NORMAL
75,168,-0.0365898429715662,64.44,WARNING
75,169,-0.0391359682749978,65.59,WARNING
75,170,-0.0488074135390897,69.92,WARNING
75,171,-0.0319944674319329,62.38,WARNING
75,172,-0.0100728758665536,52.55,WARNING
75,173,-0.041557164987881,66.67,WARNING
75,174,-0.0506053601504179,70.73,NORMAL
75,175,0.003683989688974,46.39,WARNING
75,176,-0.0384615150418811,65.28,WARNING
75,177,-0.0248497167541229,59.18,WARNING
75,178,-0.0152952326039937,54.9,WARNING
75,179,-0.0450102927670212,68.22,WARNING
75,180,-0.0323407621993986,62.54,WARNING
75,181,0.0001804924218261,47.96,WARNING
75,182,-0.0016485762456882,48.78,WARNING
75,183,-0.007306836846366,51.31,WARNING
75,184,-0.0127656194534572,53.76,WARNING
75,185,0.0027628572603199,46.8,WARNING
75,186,-0.0113849264337233,53.14,WARNING
75,187,-0.0054310703408631,50.47,WARNING
75,188,-0.0050293911596794,50.29,WARNING
75,189,0.0060344850757785,45.33,WARNING
75,190,-0.0161133105792499,55.26,WARNING
75,191,-0.0020955342674315,48.98,WARNING
75,192,0.0073805902980802,44.73,WARNING
75,193,0.0085391149984448,44.21,WARNING
75,194,-0.0024339940193213,49.13,WARNING
75,195,-0.0153515899647406,54.92,WARNING
75,196,0.0346809930345967,32.49,CRITICAL
75,197,0.0149690105918828,41.33,WARNING
75,198,0.0118680527450134,42.72,WARNING
75,199,0.0180705763470632,39.93,CRITICAL
75,200,0.0223233143846535,38.03,CRITICAL
75,201,0.0252852958151861,36.7,CRITICAL
75,202,0.0156502566854043,41.02,WARNING
75,203,0.0442456871435624,28.2,CRITICAL
75,204,0.0165440814286113,40.62,WARNING
75,205,0.0445770581035007,28.05,CRITICAL
75,206,0.0328868331147069,33.29,CRITICAL
75,207,0.0257090480642215,36.51,CRITICAL
75,208,0.0717895124410157,15.85,CRITICAL
75,209,0.0352754125591638,32.22,CRITICAL
75,210,0.0218835028283057,38.22,CRITICAL
75,211,0.0498966230586397,25.66,CRITICAL
75,212,0.0306197061791854,34.31,CRITICAL
75,213,0.0444912904610158,28.09,CRITICAL
75,214,0.0476466980222922,26.67,CRITICAL
75,215,0.053177101504741,24.19,CRITICAL
75,216,0.0503114339319188,25.48,CRITICAL
75,217,0.0572499428096033,22.37,CRITICAL
75,218,0.031279827082968,34.01,CRITICAL
75,219,0.0622216747779065,20.14,CRITICAL
75,220,0.0961206205138951,4.94,CRITICAL
75,221,0.062204734958602,20.14,CRITICAL
75,222,0.0751913504808254,14.32,CRITICAL
75,223,0.0677109161224285,17.67,CRITICAL
75,224,0.0875088355861649,8.8,CRITICAL
75,225,0.1008869396847192,2.8,CRITICAL
75,226,0.1013282438325656,2.6,CRITICAL
75,227,0.088637418516504,8.29,CRITICAL
75,228,0.1232503944671615,0.0,CRITICAL
75,229,0.0705079329171614,16.42,CRITICAL
76,1,-0.1095172281206434,97.15,NORMAL
76,2,-0.0979960181637875,91.98,NORMAL
76,3,-0.0904049055432536,88.58,NORMAL
76,4,-0.0729940009438217,80.77,NORMAL
76,5,-0.0827001682274671,85.12,NORMAL
76,6,-0.1087357528312987,96.8,NORMAL
76,7,-0.0812287439578235,84.46,NORMAL
76,8,-0.1010753916333758,93.36,NORMAL
76,9,-0.1092492250864577,97.03,NORMAL
76,10,-0.0666353115214469,77.92,NORMAL
76,11,-0.0810031525840225,84.36,NORMAL
76,12,-0.1057262863132305,95.45,NORMAL
76,13,-0.1131962715370392,98.8,NORMAL
76,14,-0.0716869439016189,80.18,NORMAL
76,15,-0.098189775542668,92.07,NORMAL
76,16,-0.0887410927880397,87.83,NORMAL
76,17,-0.0988056082468767,92.34,NORMAL
76,18,-0.1204800934937638,100.0,NORMAL
76,19,-0.068802065997422,78.89,NORMAL
76,20,-0.0647488050398386,77.07,NORMAL
76,21,-0.0919061099493835,89.25,NORMAL
76,22,-0.0810469833795003,84.38,NORMAL
76,23,-0.0667879535095702,77.99,NORMAL
76,24,-0.1056780826389003,95.43,NORMAL
76,25,-0.1018720861333138,93.72,NORMAL
76,26,-0.0797160027006664,83.78,NORMAL
76,27,-0.1157585966918515,99.95,NORMAL
76,28,-0.0636596129452408,76.58,NORMAL
76,29,-0.1053177891049967,95.26,NORMAL
76,30,-0.1098253682606625,97.28,NORMAL
76,31,-0.0828163141032133,85.17,NORMAL
76,32,-0.0762694217108039,82.24,NORMAL
76,33,-0.1009065663882163,93.29,NORMAL
76,34,-0.0737886466066558,81.13,NORMAL
76,35,-0.0903648423857786,88.56,NORMAL
76,36,-0.0980069839612716,91.99,NORMAL
76,37,-0.0837927522997855,85.61,NORMAL
76,38,-0.108515341590462,96.7,NORMAL
76,39,-0.1014255236598751,93.52,NORMAL
76,40,-0.0830336483523693,85.27,NORMAL
76,41,-0.0875752823669658,87.31,NORMAL
76,42,-0.0947916558396171,90.54,NORMAL
76,43,-0.1104063290838753,97.55,NORMAL
76,44,-0.0966724768924894,91.39,NORMAL
76,45,-0.0947388945452357,90.52,NORMAL
76,46,-0.0840225451057551,85.71,NORMAL
76,47,-0.0925976609765457,89.56,NORMAL
76,48,-0.073642104925278,81.06,NORMAL
76,49,-0.0957166086056198,90.96,NORMAL
76,50,-0.0901069246472897,88.44,NORMAL
76,51,-0.0880757387415996,87.53,NORMAL
76,52,-0.0829503373032011,85.23,NORMAL
76,53,-0.1047243484602047,95.0,NORMAL
76,54,-0.0784331398359662,83.21,NORMAL
76,55,-0.0716773005064777,80.18,NORMAL
76,56,-0.0492341084080876,70.11,NORMAL
76,57,-0.065352890346414,77.34,NORMAL
76,58,-0.0969318122204042,91.5,NORMAL
76,59,-0.0361547627964518,64.25,WARNING
76,60,-0.1007770093963826,93.23,NORMAL
76,61,-0.056768055020461,73.49,NORMAL
76,62,-0.1118045930545413,98.17,NORMAL
76,63,-0.07384218698772,81.15,NORMAL
76,64,-0.0807653251066916,84.25,NORMAL
76,65,-0.0617917338809135,75.75,NORMAL
76,66,-0.097533383020703,91.77,NORMAL
76,67,-0.0681869112267209,78.61,NORMAL
76,68,-0.0474999998686738,69.34,WARNING
76,69,-0.0825069816581284,85.03,NORMAL
76,70,-0.1194032539055136,100.0,NORMAL
76,71,-0.0937517481509758,90.08,NORMAL
76,72,-0.0887142058204309,87.82,NORMAL
76,73,-0.0889372059194016,87.92,NORMAL
76,74,-0.0940688180904803,90.22,NORMAL
76,75,-0.0947321526445406,90.52,NORMAL
76,76,-0.0920154497869291,89.3,NORMAL
76,77,-0.0970575730434094,91.56,NORMAL
76,78,-0.0635957373689839,76.55,NORMAL
76,79,-0.0831773834602447,85.34,NORMAL
76,80,-0.083778895128907,85.61,NORMAL
76,81,-0.0699913482165474,79.42,NORMAL
76,82,-0.1076387773928488,96.3,NORMAL
76,83,-0.0924459211799408,89.49,NORMAL
76,84,-0.0952764516558744,90.76,NORMAL
76,85,-0.0773608156719319,82.73,NORMAL
76,86,-0.1161812196466726,100.0,NORMAL
76,87,-0.107585492576668,96.28,NORMAL
76,88,-0.0845095420669681,85.93,NORMAL
76,89,-0.0843044818954447,85.84,NORMAL
76,90,-0.07129685460345,80.01,NORMAL
76,91,-0.0605291454961524,75.18,NORMAL
76,92,-0.0971882589600763,91.62,NORMAL
76,93,-0.0864274188585323,86.79,NORMAL
76,94,-0.1006843496371072,93.19,NORMAL
76,95,-0.0986369874331797,92.27,NORMAL
76,96,-0.0972170644080229,91.63,NORMAL
76,97,-0.077429409844391,82.76,NORMAL
76,98,-0.072103859518276,80.37,NORMAL
76,99,-0.0811722352505205,84.44,NORMAL
76,100,-0.0673528986461575,78.24,NORMAL
76,101,-0.0861762215068808,86.68,NORMAL
76,102,-0.0861565921442678,86.67,NORMAL
76,103,-0.1047084645715815,94.99,NORMAL
76,104,-0.0876514586176259,87.34,NORMAL
76,105,-0.0634999743271127,76.51,NORMAL
76,106,-0.0802119009261093,84.01,NORMAL
76,107,-0.0403432577198788,66.13,WARNING
76,108,-0.0891591633698011,88.02,NORMAL
76,109,-0.1067017411587755,95.88,NORMAL
76,110,-0.1033740340089623,94.39,NORMAL
76,111,-0.0639231802019422,76.7,NORMAL
76,112,-0.0760871074037999,82.16,NORMAL
76,113,-0.104938938279675,95.09,NORMAL
76,114,-0.1008182929230813,93.25,NORMAL
76,115,-0.0924237067296109,89.48,NORMAL
76,116,-0.0721809141979013,80.4,NORMAL
76,117,-0.0572529738158699,73.71,NORMAL
76,118,-0.1001672743192457,92.95,NORMAL
76,119,-0.0670173042736491,78.09,NORMAL
76,120,-0.0765131662267578,82.35,NORMAL
76,121,-0.0872070926139358,87.14,NORMAL
76,122,-0.0851389175626753,86.22,NORMAL
76,123,-0.0715104348895752,80.1,NORMAL
76,124,-0.0868309645392544,86.97,NORMAL
76,125,-0.067028301017567,78.09,NORMAL
76,126,-0.0685191093509898,78.76,NORMAL
76,127,-0.0920703386916426,89.32,NORMAL
76,128,-0.0623792686804789,76.01,NORMAL
76,129,-0.0499545498237353,70.44,NORMAL
76,130,-0.0704003705364664,79.61,NORMAL
76,131,-0.0489905407903802,70.01,NORMAL
76,132,-0.0749299109021666,81.64,NORMAL
76,133,-0.0731605319321745,80.84,NORMAL
76,134,-0.088111464958051,87.55,NORMAL
76,135,-0.0825049788218278,85.03,NORMAL
76,136,-0.0753054550011709,81.81,NORMAL
76,137,-0.05940488260434,74.68,NORMAL
76,138,-0.056393316452614,73.33,NORMAL
76,139,-0.0513109424082066,71.05,NORMAL
76,140,-0.0697567633717206,79.32,NORMAL
76,141,-0.0944752696684905,90.4,NORMAL
76,142,-0.0439154659880896,67.73,WARNING
76,143,-0.0881213959407741,87.55,NORMAL
76,144,-0.0610645714443811,75.42,NORMAL
76,145,-0.0846991586713286,86.02,NORMAL
76,146,-0.0732898503345098,80.9,NORMAL
76,147,-0.0449145117605402,68.18,WARNING
76,148,-0.0643144522995262,76.88,NORMAL
76,149,-0.0929327416941274,89.71,NORMAL
76,150,-0.0505668280228487,70.71,NORMAL
76,151,-0.0696787970654921,79.28,NORMAL
76,152,-0.0326958043475599,62.7,WARNING
76,153,-0.0434450048934449,67.52,WARNING
76,154,-0.027448701965245,60.35,WARNING
76,155,-0.0380373363325787,65.09,WARNING
76,156,-0.0688361512829554,78.9,NORMAL
76,157,-0.0563443697838358,73.3,NORMAL
76,158,-0.0464205733177509,68.85,WARNING
76,159,-0.0282563222894752,60.71,WARNING
76,160,-0.0562655558001877,73.27,NORMAL
76,161,-0.0785750328818183,83.27,NORMAL
76,162,-0.0421442003694396,66.94,WARNING
76,163,-0.0647582386302662,77.08,NORMAL
76,164,-0.0395173756357569,65.76,WARNING
76,165,-0.0363799827989519,64.35,WARNING
76,166,-0.0180962879475026,56.15,WARNING
76,167,-0.0366061845571519,64.45,WARNING
76,168,-0.0172623023187145,55.78,WARNING
76,169,-0.0434945373080246,67.54,WARNING
76,170,-0.0457466780020658,68.55,WARNING
76,171,-0.0392901720962438,65.66,WARNING
76,172,-0.0047255357741168,50.16,WARNING
76,173,-0.0331856832759109,62.92,WARNING
76,174,-0.0411479279062895,66.49,WARNING
76,175,-0.0349189009652947,63.7,WARNING
76,176,-0.017165650102343,55.73,WARNING
76,177,-0.0126445464898679,53.71,WARNING
76,178,-0.014375761509681,54.48,WARNING
76,179,0.0118734754087828,42.71,WARNING
76,180,-0.0343533940077634,63.44,WARNING
76,181,-0.0033257813019136,49.53,WARNING
76,182,-0.0052947289431478,50.41,WARNING
76,183,-0.0314893008119512,62.16,WARNING
76,184,-0.0346183853746132,63.56,WARNING
76,185,-0.0195090898469431,56.79,WARNING
76,186,-0.0015526801016856,48.73,WARNING
76,187,0.0171767754119293,40.34,WARNING
76,188,0.0255589379628632,36.58,CRITICAL
76,189,0.00559857958354,45.53,WARNING
76,190,-0.0065507346758971,50.97,WARNING
76,191,0.0384085529913045,30.81,CRITICAL
76,192,0.0347659032589409,32.45,CRITICAL
76,193,0.0126596029719427,42.36,WARNING
76,194,0.0237279855330494,37.4,CRITICAL
76,195,0.0366225885354115,31.62,CRITICAL
76,196,0.0119254624348513,42.69,WARNING
76,197,0.0330552655410992,33.21,CRITICAL
76,198,0.0451449404725877,27.79,CRITICAL
76,199,0.0648323321613423,18.97,CRITICAL
76,200,0.0405881714450684,29.84,CRITICAL
76,201,0.0084258174614112,44.26,WARNING
76,202,0.0572583628090913,22.36,CRITICAL
76,203,0.0448752334564523,27.91,CRITICAL
76,204,0.0806769117038622,11.86,CRITICAL
76,205,0.0657522161304569,18.55,CRITICAL
76,206,0.0777915945280938,13.15,CRITICAL
76,207,0.0552425653282022,23.27,CRITICAL
76,208,0.0691969952874553,17.01,CRITICAL
76,209,0.0407573244371179,29.76,CRITICAL
76,210,0.0833798317600071,10.65,CRITICAL
77,1,-0.1023921758316577,93.95,NORMAL
77,2,-0.0837248980030674,85.58,NORMAL
77,3,-0.0590882937540925,74.53,NORMAL
77,4,-0.0968396839454975,91.46,NORMAL
77,5,-0.0861437797702859,86.67,NORMAL
77,6,-0.0994746901937979,92.64,NORMAL
77,7,-0.0659688836733668,77.62,NORMAL
77,8,-0.1093223173303005,97.06,NORMAL
77,9,-0.0738519143673833,81.15,NORMAL
77,10,-0.0761137376857816,82.17,NORMAL
77,11,-0.073513130914709,81.0,NORMAL
77,12,-0.0801822122650643,83.99,NORMAL
77,13,-0.0836520462544029,85.55,NORMAL
77,14,-0.0609947474397238,75.39,NORMAL
77,15,-0.0995610023737675,92.68,NORMAL
77,16,-0.0512131645904357,71.0,NORMAL
77,17,-0.0627130321956072,76.16,NORMAL
77,18,-0.0690298351659712,78.99,NORMAL
77,19,-0.0965548563083237,91.33,NORMAL
77,20,-0.0854935757727879,86.37,NORMAL
77,21,-0.0848010026141802,86.06,NORMAL
77,22,-0.0999240691233399,92.85,NORMAL
77,23,-0.0323521492157174,62.54,WARNING
77,24,-0.0990163080511696,92.44,NORMAL
77,25,-0.0893425566052041,88.1,NORMAL
77,26,-0.0758280195742985,82.04,NORMAL
77,27,-0.0849476103571687,86.13,NORMAL
77,28,-0.114663210071535,99.45,NORMAL
77,29,-0.0858610664508646,86.54,NORMAL
77,30,-0.0855226586674168,86.39,NORMAL
77,31,-0.0775358616847287,82.81,NORMAL
77,32,-0.1040491341209824,94.69,NORMAL
77,33,-0.0828473828601285,85.19,NORMAL
77,34,-0.0968061521590509,91.45,NORMAL
77,35,-0.040690772573516,66.28,WARNING
77,36,-0.1029928892196648,94.22,NORMAL
77,37,-0.1078504924346729,96.4,NORMAL
77,38,-0.0895111947660302,88.18,NORMAL
77,39,-0.0624249373244782,76.03,NORMAL
77,40,-0.0901359183322457,88.46,NORMAL
77,41,-0.1008181836453324,93.25,NORMAL
77,42,-0.0973589720493871,91.69,NORMAL
77,43,-0.1136861935734587,99.02,NORMAL
77,44,-0.0893501642309721,88.1,NORMAL
77,45,-0.0939987153442343,90.19,NORMAL
77,46,-0.0766432090953356,82.41,NORMAL
77,47,-0.0736913904528022,81.08,NORMAL
77,48,-0.0620964896917495,75.88,NORMAL
77,49,-0.0893655041517734,88.11,NORMAL
77,50,-0.0558450001478976,73.08,NORMAL
77,51,-0.0674305332829252,78.27,NORMAL
77,52,-0.0890472011971844,87.97,NORMAL
77,53,-0.0769930061160305,82.56,NORMAL
77,54,-0.0575474181986122,73.84,NORMAL
77,55,-0.0763881272515836,82.29,NORMAL
77,56,-0.1076909036419369,96.33,NORMAL
77,57,-0.0961187448788357,91.14,NORMAL
77,58,-0.0664629714432382,77.84,NORMAL
77,59,-0.0962066054899275,91.18,NORMAL
77,60,-0.0851746010784035,86.23,NORMAL
77,61,-0.0531550753107615,71.87,NORMAL
77,62,-0.0895040345840177,88.17,NORMAL
77,63,-0.0493103238736154,70.15,NORMAL
77,64,-0.0636988186895649,76.6,NORMAL
77,65,-0.0857963804869409,86.51,NORMAL
77,66,-0.0955310104841767,90.88,NORMAL
77,67,-0.0842424413068992,85.81,NORMAL
77,68,-0.0668493827140087,78.01,NORMAL
77,69,-0.0763436054202982,82.27,NORMAL
77,70,-0.0935787943087433,90.0,NORMAL
77,71,-0.0716887126968934,80.18,NORMAL
77,72,-0.0808109370448895,84.27,NORMAL
77,73,-0.0998965658774618,92.83,NORMAL
77,74,-0.0527774304994133,71.7,NORMAL
77,75,-0.07653726024086,82.36,NORMAL
77,76,-0.1017758102049082,93.68,NORMAL
77,77,-0.0796466542453914,83.75,NORMAL
77,78,-0.0831296648320809,85.31,NORMAL
77,79,-0.0743772777863256,81.39,NORMAL
77,80,-0.0453563457318741,68.38,WARNING
77,81,-0.0813921369631344,84.54,NORMAL
77,82,-0.094310150738518,90.33,NORMAL
77,83,-0.0595329288448481,74.73,NORMAL
77,84,-0.0861479574703123,86.67,NORMAL
77,85,-0.0884546396929437,87.7,NORMAL
77,86,-0.0668166423528826,78.0,NORMAL
77,87,-0.0660306421441945,77.65,NORMAL
77,88,-0.0664981043576106,77.86,NORMAL
77,89,-0.0431359085826481,67.38,WARNING
77,90,-0.1048884514607976,95.07,NORMAL
77,91,-0.0761654478495073,82.19,NORMAL
77,92,-0.0731826544258202,80.85,NORMAL
77,93,-0.0911860994539933,88.93,NORMAL
77,94,-0.0879240373567758,87.46,NORMAL
77,95,-0.070347231144636,79.58,NORMAL
77,96,-0.0756992707607986,81.98,NORMAL
77,97,-0.0872492981111671,87.16,NORMAL
77,98,-0.0900308104684298,88.41,NORMAL
77,99,-0.0388354547511662,65.45,WARNING
77,100,-0.0687095356719211,78.85,NORMAL
77,101,-0.0934151376081584,89.93,NORMAL
77,102,-0.1111084275481974,97.86,NORMAL
77,103,-0.0897781699315424,88.3,NORMAL
77,104,-0.0821374157852445,84.87,NORMAL
77,105,-0.061983082763624,75.83,NORMAL
77,106,-0.0909110868570789,88.8,NORMAL
77,107,-0.0571961723853386,73.69,NORMAL
77,108,-0.0867282244319083,86.93,NORMAL
77,109,-0.0736259636288083,81.05,NORMAL
77,110,-0.0891601107144247,88.02,NORMAL
77,111,-0.0890589196074997,87.97,NORMAL
77,112,-0.0800846337915802,83.95,NORMAL
77,113,-0.0434207216855362,67.51,WARNING
77,114,-0.0731698838866591,80.85,NORMAL
77,115,-0.0491002684631497,70.05,NORMAL
77,116,-0.0649504292206927,77.16,NORMAL
77,117,-0.0504021755034997,70.64,NORMAL
77,118,-0.0241840700265594,58.88,WARNING
77,119,-0.0908945693651223,88.8,NORMAL
77,120,-0.056542913061431,73.39,NORMAL
77,121,-0.0651596248354871,77.26,NORMAL
77,122,-0.0545218828661997,72.49,NORMAL
77,123,-0.0767719751912666,82.46,NORMAL
77,124,-0.0593067712567568,74.63,NORMAL
77,125,-0.0419484728132035,66.85,WARNING
77,126,-0.0672258078820998,78.18,NORMAL
77,127,-0.0149568141217607,54.74,WARNING
77,128,-0.0418334550696491,66.8,WARNING
77,129,-0.0252395779349234,59.36,WARNING
77,130,-0.0520324634902429,71.37,NORMAL
77,131,-0.0598842531086217,74.89,NORMAL
77,132,-0.0175756134241111,55.92,WARNING
77,133,0.0001232588176584,47.98,WARNING
77,134,-0.0607299288875816,75.27,NORMAL
77,135,-0.0300766389774622,61.52,WARNING
77,136,-0.0056074609366755,50.55,WARNING
77,137,0.0226356907074761,37.89,CRITICAL
77,138,0.003450731733795,46.49,WARNING
77,139,0.0052962602689815,45.66,WARNING
77,140,-0.0181670554993754,56.18,WARNING
77,141,-0.0111276058576305,53.03,WARNING
77,142,-0.0364703722309265,64.39,WARNING
77,143,-0.0119941437464286,53.42,WARNING
77,144,0.0385699161477954,30.74,CRITICAL
77,145,0.0180023284922171,39.96,CRITICAL
77,146,0.0208637987943214,38.68,CRITICAL
77,147,0.0207674514465142,38.72,CRITICAL
77,148,0.0172593630466723,40.3,WARNING
77,149,0.0734127964166316,15.12,CRITICAL
77,150,0.0689496036022992,17.12,CRITICAL
77,151,0.03041016775712,34.4,CRITICAL
77,152,0.0420028124475642,29.2,CRITICAL
77,153,0.0802231160614097,12.06,CRITICAL
77,154,0.064198052791941,19.25,CRITICAL
78,1,0.0097319910377782,43.67,WARNING
78,2,0.0855468114074653,9.68,CRITICAL
78,3,0.0515607231270546,24.92,CRITICAL
78,4,0.0745278322047351,14.62,CRITICAL
78,5,0.0142832377635341,41.63,WARNING
78,6,-0.0108368769169405,52.9,WARNING
78,7,-0.0598675138401031,74.88,NORMAL
78,8,0.0449226097426371,27.89,CRITICAL
78,9,-0.0095811232146504,52.33,WARNING
78,10,-0.0514826617003401,71.12,NORMAL
78,11,0.0376940886928117,31.13,CRITICAL
78,12,0.0108588659438138,43.17,WARNING
78,13,-0.0614593793028012,75.6,NORMAL
78,14,-0.0038107456013554,49.75,WARNING
78,15,-0.0296256737784409,61.32,WARNING
78,16,-0.0009525515643477,48.46,WARNING
78,17,-0.0077071201053884,51.49,WARNING
78,18,-0.017467051602003,55.87,WARNING
78,19,-0.0388496775421339,65.46,WARNING
78,20,0.0575115453013177,22.25,CRITICAL
78,21,0.0265856629239565,36.12,CRITICAL
78,22,-0.0359551986507485,64.16,WARNING
78,23,-0.0248460306994837,59.18,WARNING
78,24,-0.0338836609839205,63.23,WARNING
78,25,-0.0127318004115281,53.75,WARNING
78,26,0.0310618734781034,34.11,CRITICAL
78,27,-0.0125173368756647,53.65,WARNING
78,28,-0.0204082304665068,57.19,WARNING
78,29,-0.0046077323371037,50.1,WARNING
78,30,0.0070461795533292,44.88,WARNING
78,31,-0.0152024505605318,54.85,WARNING
78,32,0.0170797237839347,40.38,WARNING
78,33,-0.0276276875785323,60.43,WARNING
78,34,-0.0243741167819401,58.97,WARNING
78,35,0.0651120035527005,18.84,CRITICAL
78,36,0.0317006512727853,33.82,CRITICAL
78,37,-0.0109347344949269,52.94,WARNING
78,38,0.011999851675765,42.66,WARNING
78,39,-0.0427113682057881,67.19,WARNING
78,40,0.0125588446400107,42.41,WARNING
78,41,-0.0378391725325439,65.01,WARNING
78,42,-0.0669550740303853,78.06,NORMAL
78,43,-0.0052193469849421,50.38,WARNING
78,44,-0.0318677365176129,62.33,WARNING
78,45,0.0416195309493138,29.37,CRITICAL
78,46,-0.0321237607190076,62.44,WARNING
78,47,-0.0019106576004537,48.89,WARNING
78,48,-0.0233693860908679,58.52,WARNING
78,49,-0.0212926493710426,57.59,WARNING
78,50,-0.0427664699341562,67.21,WARNING
78,51,-0.0429183127894265,67.28,WARNING
78,52,0.0486766236864463,26.21,CRITICAL
78,53,0.0313687796761137,33.97,CRITICAL
78,54,-0.0117204358770856,53.29,WARNING
78,55,-0.0091546961359214,52.14,WARNING
78,56,0.0259555913937887,36.4,CRITICAL
78,57,-0.0052249872486456,50.38,WARNING
78,58,-0.0355539709045633,63.98,WARNING
78,59,-0.0460846711607143,68.7,WARNING
78,60,-0.0330986443404593,62.88,WARNING
78,61,-0.0344588049671429,63.49,WARNING
78,62,0.0066539837418488,45.05,WARNING
78,63,-0.0217502859921954,57.79,WARNING
78,64,-0.0370735013436585,64.66,WARNING
78,65,-0.0214171542925524,57.64,WARNING
78,66,-0.0284310157054704,60.79,WARNING
78,67,-0.0153993674436789,54.94,WARNING
78,68,-0.0413937843130891,66.6,WARNING
78,69,-0.0158069123053864,55.13,WARNING
78,70,-0.0125735205750336,53.68,WARNING
78,71,-0.0612385129829007,75.5,NORMAL
78,72,0.0225148416699009,37.94,CRITICAL
78,73,-0.0034121781333671,49.57,WARNING
78,74,-0.0650422318139503,77.2,NORMAL
78,75,-0.0175067494767278,55.89,WARNING
78,76,-0.0129127471843158,53.83,WARNING
78,77,-0.0570264550063889,73.61,NORMAL
78,78,0.0113776654093357,42.94,WARNING
78,79,-0.0087259093388029,51.95,WARNING
78,80,-2.222279324337606e-06,48.04,WARNING
78,81,-0.0370686824711808,64.66,WARNING
78,82,-0.053008574701353,71.81,NORMAL
78,83,-0.0360915228485176,64.22,WARNING
78,84,-0.060284498710913,75.07,NORMAL
78,85,-0.0659860917129569,77.63,NORMAL
78,86,-0.0130526207151577,53.89,WARNING
78,87,-0.0784496195085465,83.22,NORMAL
78,88,-0.0618600398308025,75.78,NORMAL
78,89,-0.0423884390491088,67.05,WARNING
78,90,-0.0615256799110693,75.63,NORMAL
78,91,-0.0345571599608383,63.53,WARNING
78,92,0.0013665663624586,47.42,WARNING
78,93,0.010119496707958,43.5,WARNING
78,94,-0.0413835970796611,66.59,WARNING
78,95,-0.0531321731164589,71.86,NORMAL
78,96,-0.0787336989094007,83.34,NORMAL
78,97,-0.0790993980810399,83.51,NORMAL
78,98,-0.0659494657811711,77.61,NORMAL
78,99,-0.0638277121665108,76.66,NORMAL
78,100,-0.0652511989978328,77.3,NORMAL
78,101,-0.0644670542802148,76.95,NORMAL
78,102,-0.0881897701506099,87.58,NORMAL
78,103,-0.073570192894137,81.03,NORMAL
78,104,-0.0415556807274964,66.67,WARNING
78,105,-0.0600250686511272,74.95,NORMAL
78,106,-0.0621521055601173,75.91,NORMAL
78,107,0.0139332317107615,41.79,WARNING
78,108,-0.0525708567006102,71.61,NORMAL
78,109,-0.0316928823595714,62.25,WARNING
78,110,-0.092740572928164,89.62,NORMAL
78,111,-0.0461423629045731,68.73,WARNING
78,112,-0.0735049195143283,81.0,NORMAL
78,113,-0.0300983315607336,61.53,WARNING
78,114,-0.088532749154164,87.74,NORMAL
78,115,-0.0743288406845464,81.37,NORMAL
78,116,-0.0774117332146147,82.75,NORMAL
78,117,-0.0061140483796462,50.78,WARNING
78,118,-0.0723064209794293,80.46,NORMAL
78,119,-0.0548737605141602,72.64,NORMAL
78,120,-0.0474722525712846,69.32,WARNING
78,121,-0.0597571849644291,74.83,NORMAL
78,122,-0.0762901502739475,82.25,NORMAL
78,123,-0.0817203090197066,84.68,NORMAL
78,124,-0.0972403753983037,91.64,NORMAL
78,125,-0.0767991756586912,82.48,NORMAL
78,126,-0.0728358484548895,80.7,NORMAL
78,127,-0.0502819522785321,70.58,NORMAL
78,128,-0.105564327746226,95.37,NORMAL
78,129,-0.006831793832092,51.1,WARNING
78,130,-0.1072817558535002,96.14,NORMAL
78,131,-0.0515080425673022,71.13,NORMAL
78,132,-0.0794615238487385,83.67,NORMAL
78,133,-0.087544546983848,87.29,NORMAL
78,134,-0.0128860840333777,53.82,WARNING
78,135,-0.0559727926426264,73.14,NORMAL
78,136,-0.0671527606498114,78.15,NORMAL
78,137,-0.0664548624861608,77.84,NORMAL
78,138,-0.0197846523355478,56.91,WARNING
78,139,-0.0879254822776246,87.46,NORMAL
78,140,-0.0773987961989835,82.74,NORMAL
78,141,-0.0822062236176955,84.9,NORMAL
78,142,-0.0797832091630026,83.81,NORMAL
78,143,-0.0642363177197473,76.84,NORMAL
78,144,-0.0954079224063433,90.82,NORMAL
78,145,-0.1026904236374232,94.09,NORMAL
78,146,-0.0957804031972479,90.99,NORMAL
78,147,-0.0873697499673532,87.22,NORMAL
78,148,-0.011710250040746,53.29,WARNING
78,149,-0.0892262194114753,88.05,NORMAL
78,150,-0.0910219205827678,88.85,NORMAL
78,151,-0.0703347336403656,79.58,NORMAL
78,152,-0.1010308202000366,93.34,NORMAL
78,153,-0.1115455269228795,98.06,NORMAL
78,154,-0.0983596492470924,92.14,NORMAL
78,155,-0.0937929587829408,90.1,NORMAL
78,156,-0.0608399495846155,75.32,NORMAL
78,157,-0.1014751770509497,93.54,NORMAL
78,158,-0.0893688293445293,88.11,NORMAL
78,159,-0.0921727398818928,89.37,NORMAL
78,160,-0.0907162828768258,88.72,NORMAL
78,161,-0.0785587830683033,83.26,NORMAL
78,162,-0.0847784800207565,86.05,NORMAL
78,163,-0.0921910626392217,89.38,NORMAL
78,164,-0.0932267693231258,89.84,NORMAL
78,165,-0.0821022067315369,84.85,NORMAL
78,166,-0.0651111870826198,77.23,NORMAL
78,167,-0.0465799421261191,68.92,WARNING
78,168,-0.1048450521870159,95.05,NORMAL
78,169,-0.0985792730271259,92.24,NORMAL
78,170,-0.0909735763782197,88.83,NORMAL
78,171,-0.0921005574020863,89.34,NORMAL
78,172,-0.0834834310083832,85.47,NORMAL
78,173,-0.0671716539019424,78.16,NORMAL
78,174,-0.1000877509561281,92.92,NORMAL
78,175,-0.0942935208184236,90.32,NORMAL
78,176,-0.066476108898012,77.85,NORMAL
78,177,-0.1027790859230511,94.13,NORMAL
78,178,-0.0854946206764688,86.37,NORMAL
78,179,-0.07287047094288,80.71,NORMAL
78,180,-0.0763036069173347,82.25,NORMAL
78,181,-0.0705864915528914,79.69,NORMAL
78,182,-0.0822357122748331,84.91,NORMAL
78,183,-0.0752592374660799,81.78,NORMAL
78,184,-0.0843563523034041,85.86,NORMAL
78,185,-0.0720588922163559,80.35,NORMAL
78,186,-0.0923570108050724,89.45,NORMAL
78,187,-0.0763860240262004,82.29,NORMAL
78,188,-0.0753870630849685,81.84,NORMAL
78,189,-0.091597726199719,89.11,NORMAL
78,190,-0.0685067177093136,78.76,NORMAL
78,191,-0.0679652469234178,78.51,NORMAL
78,192,-0.0994929291243872,92.65,NORMAL
78,193,-0.0710175423328465,79.88,NORMAL
78,194,-0.0948634773447954,90.58,NORMAL
78,195,-0.0697909530640861,79.33,NORMAL
78,196,-0.0687199515904883,78.85,NORMAL
78,197,-0.0666368191388738,77.92,NORMAL
78,198,-0.0715701799936378,80.13,NORMAL
78,199,-0.0726957859830519,80.64,NORMAL
78,200,-0.070053938522991,79.45,NORMAL
78,201,-0.0625985694753675,76.11,NORMAL
78,202,-0.0589828594382241,74.49,NORMAL
78,203,-0.0431633964517551,67.39,WARNING
78,204,-0.0635354886964157,76.53,NORMAL
78,205,-0.0365950260849145,64.45,WARNING
78,206,-0.066020166331114,77.64,NORMAL
78,207,-0.0462379495958265,68.77,WARNING
78,208,-0.0301102927620915,61.54,WARNING
78,209,-0.0556660465110032,73.0,NORMAL
78,210,-0.0063897221311388,50.9,WARNING
78,211,-0.016521510350125,55.45,WARNING
78,212,-0.0171509581159721,55.73,WARNING
78,213,-0.0204790988881233,57.22,WARNING
78,214,-0.0392231945842987,65.63,WARNING
78,215,-0.0238423776324415,58.73,WARNING
78,216,-0.0029935291585486,49.38,WARNING
78,217,-0.001332304998093,48.63,WARNING
78,218,0.0289980180474319,35.03,CRITICAL
78,219,0.0109601271769773,43.12,WARNING
78,220,-0.0010228597074435,48.5,WARNING
78,221,-0.0102977792466211,52.66,WARNING
78,222,0.0103830721966888,43.38,WARNING
78,223,0.0273513750691501,35.77,CRITICAL
78,224,0.0005749574105049,47.78,WARNING
78,225,0.0586376544980531,21.74,CRITICAL
78,226,0.0340118346655344,32.79,CRITICAL
78,227,0.0521396952006206,24.66,CRITICAL
78,228,0.0214173038345538,38.43,CRITICAL
78,229,0.0217964096805624,38.26,CRITICAL
78,230,0.0659849341554719,18.45,CRITICAL
78,231,0.0529069214784786,24.31,CRITICAL
79,1,0.0193276090996957,39.37,CRITICAL
79,2,-0.0298631372855286,61.43,WARNING
79,3,0.0119288080233965,42.69,WARNING
79,4,-0.0458271454224597,68.59,WARNING
79,5,-0.0546951612379441,72.56,NORMAL
79,6,-0.0534023268107912,71.98,NORMAL
79,7,-0.0062205013691056,50.83,WARNING
79,8,-0.0451918332122542,68.3,WARNING
79,9,0.0334114512897815,33.06,CRITICAL
79,10,-0.049634086739115,70.29,NORMAL
79,11,-0.0101829331241117,52.6,WARNING
79,12,0.0056238015943415,45.52,WARNING
79,13,-0.0542232160690062,72.35,NORMAL
79,14,-0.0086021608653562,51.89,WARNING
79,15,-0.0124045800395066,53.6,WARNING
79,16,-0.0146179198218167,54.59,WARNING
79,17,-0.0037461258770453,49.72,WARNING
79,18,-0.0061974705433718,50.82,WARNING
79,19,-0.041630842579969,66.71,WARNING
79,20,0.0055142589346787,45.56,WARNING
79,21,-0.037831581988734,65.0,WARNING
79,22,-0.0305356457724298,61.73,WARNING
79,23,-0.0320183927580605,62.4,WARNING
79,24,-0.0252231060324147,59.35,WARNING
79,25,0.0003559207595519,47.88,WARNING
79,26,-0.0285749829203049,60.85,WARNING
79,27,-0.0521999886345135,71.44,NORMAL
79,28,-0.0088601181476091,52.01,WARNING
79,29,-0.0349071362778542,63.69,WARNING
79,30,-0.006293524002247,50.86,WARNING
79,31,-0.037518929275745,64.86,WARNING
79,32,-0.0636356590555232,76.57,NORMAL
79,33,0.0065878397318992,45.08,WARNING
79,34,-0.0332320481812543,62.94,WARNING
79,35,0.0291992280374981,34.94,CRITICAL
79,36,-0.0628686581022621,76.23,NORMAL
79,37,-0.0288897509015388,60.99,WARNING
79,38,-0.0465880497008346,68.93,WARNING
79,39,-8.296962917314632e-05,48.07,WARNING
79,40,-0.0472676375415846,69.23,WARNING
79,41,-0.068158490739601,78.6,NORMAL
79,42,-0.0354507423221165,63.93,WARNING
79,43,-0.0760068035494854,82.12,NORMAL
79,44,-0.0040282819041044,49.84,WARNING
79,45,-0.0746139129403387,81.5,NORMAL
79,46,-0.0333470961848794,62.99,WARNING
79,47,-0.0509966585183092,70.91,NORMAL
79,48,-0.0325201798686958,62.62,WARNING
79,49,-0.0128459112796404,53.8,WARNING
79,50,-0.0355012171351379,63.96,WARNING
79,51,-0.0051818546450257,50.36,WARNING
79,52,-0.0379503146417377,65.05,WARNING
79,53,-0.0429063528491022,67.28,WARNING
79,54,-0.0344426293292631,63.48,WARNING
79,55,-0.0179116044855169,56.07,WARNING
79,56,-0.00425872422596,49.95,WARNING
79,57,-0.0547250460774572,72.58,NORMAL
79,58,-0.0562961598448979,73.28,NORMAL
79,59,-0.0242090624052969,58.89,WARNING
79,60,-0.0813971515478411,84.54,NORMAL
79,61,-0.0497156956647006,70.33,NORMAL
79,62,-0.0381106725098046,65.13,WARNING
79,63,0.0161909218249078,40.78,WARNING
79,64,-0.0550223425126837,72.71,NORMAL
79,65,-0.0538941231887669,72.2,NORMAL
79,66,-0.0440580310533575,67.79,WARNING
79,67,-0.0656983855595938,77.5,NORMAL
79,68,-0.0584749941595536,74.26,NORMAL
79,69,-0.0285640437504786,60.85,WARNING
79,70,-0.075155914391529,81.74,NORMAL
79,71,-0.0181221996397781,56.16,WARNING
79,72,-0.0847250727970065,86.03,NORMAL
79,73,-0.0400103777071441,65.98,WARNING
79,74,-0.0711107319210575,79.92,NORMAL
79,75,-0.0847750646860405,86.05,NORMAL
79,76,-0.0304453260410669,61.69,WARNING
79,77,-0.0409996304776722,66.42,WARNING
79,78,-0.0419180158287079,66.83,WARNING
79,79,-0.0592474246876516,74.6,NORMAL
79,80,0.0023366481248378,46.99,WARNING
79,81,-0.0338793734639121,63.23,WARNING
79,82,0.0166594117816138,40.57,WARNING
79,83,-0.0259832548232513,59.69,WARNING
79,84,-0.0909653182279622,88.83,NORMAL
79,85,-0.0624528807201748,76.04,NORMAL
79,86,0.0217193848226635,38.3,CRITICAL
79,87,-0.0233990637496662,58.53,WARNING
79,88,-0.0322264878286125,62.49,WARNING
79,89,-0.0572456317602524,73.71,NORMAL
79,90,-0.0720781581815714,80.36,NORMAL
79,91,-0.0253005294876441,59.38,WARNING
79,92,-0.0830504388365613,85.28,NORMAL
79,93,-0.07574522465479,82.0,NORMAL
79,94,-0.0828507871876503,85.19,NORMAL
79,95,-0.0586264095424987,74.33,NORMAL
79,96,-0.0263180210111766,59.84,WARNING
79,97,-0.0838159724644603,85.62,NORMAL
79,98,-0.0368226893659705,64.55,WARNING
79,99,-0.0806951655767753,84.22,NORMAL
79,100,-0.0746070100631631,81.49,NORMAL
79,101,-0.1036278837650599,94.51,NORMAL
79,102,-0.0661300654087012,77.69,NORMAL
79,103,-0.1010499764389546,93.35,NORMAL
79,104,-0.0539740420032511,72.24,NORMAL
79,105,-0.073141316943676,80.84,NORMAL
79,106,-0.0689684754078796,78.96,NORMAL
79,107,-0.0536042265665644,72.07,NORMAL
79,108,-0.0512968545817816,71.04,NORMAL
79,109,-0.1005326600484292,93.12,NORMAL
79,110,-0.0009079043494856,48.44,WARNING
79,111,-0.0927426096361407,89.62,NORMAL
79,112,-0.0897601529826038,88.29,NORMAL
79,113,-0.0805183646708384,84.14,NORMAL
79,114,-0.0765779504054479,82.38,NORMAL
79,115,-0.0114349195732202,53.17,WARNING
79,116,-0.0855266031160589,86.39,NORMAL
79,117,-0.0808031833990671,84.27,NORMAL
79,118,-0.0981939474064059,92.07,NORMAL
79,119,-0.0736315055330976,81.06,NORMAL
79,120,-0.0646724790496995,77.04,NORMAL
79,121,-0.0829383560058347,85.23,NORMAL
79,122,-0.0795926920434945,83.73,NORMAL
79,123,-0.0902856735087224,88.52,NORMAL
79,124,-0.103980090137891,94.66,NORMAL
79,125,-0.0704039107797248,79.61,NORMAL
79,126,-0.038413879301677,65.26,WARNING
79,127,-0.1066857375432628,95.88,NORMAL
79,128,-0.0932826216131231,89.87,NORMAL
79,129,-0.1033337995139709,94.37,NORMAL
79,130,-0.0824843605733511,85.02,NORMAL
79,131,-0.0727103664025433,80.64,NORMAL
79,132,-0.1029068689781246,94.18,NORMAL
79,133,-0.0836854800301184,85.56,NORMAL
79,134,-0.0819861390555521,84.8,NORMAL
79,135,-0.0913799167474158,89.01,NORMAL
79,136,-0.1016366679305273,93.61,NORMAL
79,137,-0.015656437684812,55.06,WARNING
79,138,-0.0840317011788819,85.72,NORMAL
79,139,-0.0874755969961762,87.26,NORMAL
79,140,-0.068984714803703,78.97,NORMAL
79,141,-0.0870731910182826,87.08,NORMAL
79,142,-0.0797344161820565,83.79,NORMAL
79,143,-0.099243063981337,92.54,NORMAL
79,144,-0.0737297006742903,81.1,NORMAL
79,145,-0.0843531826755525,85.86,NORMAL
79,146,-0.0941090342195939,90.24,NORMAL
79,147,-0.0876017873859719,87.32,NORMAL
79,148,-0.0748813149335647,81.62,NORMAL
79,149,-0.0969011636712913,91.49,NORMAL
79,150,-0.0709229986647919,79.84,NORMAL
79,151,-0.0887016294463405,87.81,NORMAL
79,152,-0.1043413609215462,94.83,NORMAL
79,153,-0.0913927271990184,89.02,NORMAL
79,154,-0.0947723318049195,90.53,NORMAL
79,155,-0.0893480604666798,88.1,NORMAL
79,156,-0.0883189831322609,87.64,NORMAL
79,157,-0.0630407677584792,76.31,NORMAL
79,158,-0.0923695834924837,89.46,NORMAL
79,159,-0.08842463816945,87.69,NORMAL
79,160,-0.0703114084720837,79.57,NORMAL
79,161,-0.0518888483351958,71.31,NORMAL
79,162,-0.0803192511766954,84.05,NORMAL
79,163,-0.0892637497118686,88.06,NORMAL
79,164,-0.0599381953912099,74.91,NORMAL
79,165,-0.0655566028076498,77.43,NORMAL
79,166,-0.055977387385416,73.14,NORMAL
79,167,-0.0809980220302083,84.36,NORMAL
79,168,-0.0350217266316046,63.74,WARNING
79,169,-0.0676370733721312,78.37,NORMAL
79,170,-0.0773699384678393,82.73,NORMAL
79,171,-0.0656508990200427,77.48,NORMAL
79,172,-0.0705038916321563,79.65,NORMAL
79,173,-0.0147135006035047,54.64,WARNING
79,174,-0.0630676446998661,76.32,NORMAL
79,175,-0.0623242972441226,75.98,NORMAL
79,176,-0.0655277049194787,77.42,NORMAL
79,177,-0.0553837303082213,72.87,NORMAL
79,178,-0.0585726174473015,74.3,NORMAL
79,179,-0.058834785039632,74.42,NORMAL
79,180,-0.0465324156525875,68.9,WARNING
79,181,-0.0251484005511539,59.31,WARNING
79,182,-0.0307347040908008,61.82,WARNING
79,183,0.0145305473156874,41.52,WARNING
79,184,-0.0282943822581031,60.73,WARNING
79,185,-0.005229472401364,50.38,WARNING
79,186,-0.0160802757217007,55.25,WARNING
79,187,0.0129579019210898,42.23,WARNING
79,188,-0.0245524808866645,59.05,WARNING
79,189,0.0025037298172188,46.91,WARNING
79,190,-0.0074255531221422,51.37,WARNING
79,191,0.036991501589387,31.45,CRITICAL
79,192,0.0088813807302228,44.05,WARNING
79,193,0.0090749989405701,43.97,WARNING
79,194,0.0375437720655698,31.2,CRITICAL
79,195,0.0282123959304272,35.39,CRITICAL
79,196,0.0783735019396713,12.89,CRITICAL
79,197,0.0417959113936121,29.3,CRITICAL
79,198,0.0939813364204669,5.89,CRITICAL
79,199,0.0878094995381162,8.66,CRITICAL
80,1,-0.0539062361193932,72.21,NORMAL
80,2,-0.1049764431748834,95.11,NORMAL
80,3,-0.0658543495735877,77.57,NORMAL
80,4,-0.0877176984550567,87.37,NORMAL
80,5,-0.0739483747135747,81.2,NORMAL
80,6,-0.0911434353875926,88.91,NORMAL
80,7,-0.0906712982848303,88.7,NORMAL
80,8,-0.0727146997588484,80.64,NORMAL
80,9,-0.0674172972054037,78.27,NORMAL
80,10,-0.0690432407369582,79.0,NORMAL
80,11,-0.1049435587215679,95.1,NORMAL
80,12,-0.0771103230830607,82.61,NORMAL
80,13,-0.0767361037106887,82.45,NORMAL
80,14,-0.0880456417091499,87.52,NORMAL
80,15,-0.0966587675690478,91.38,NORMAL
80,16,-0.0990518730485291,92.45,NORMAL
80,17,-0.1187015970435053,100.0,NORMAL
80,18,-0.0828180572383475,85.17,NORMAL
80,19,-0.0870174964690283,87.06,NORMAL
80,20,-0.1119947107141937,98.26,NORMAL
80,21,-0.0810964052165495,84.4,NORMAL
80,22,-0.0804937126073755,84.13,NORMAL
80,23,-0.0836978332887263,85.57,NORMAL
80,24,-0.0995160837847122,92.66,NORMAL
80,25,-0.0988095464739118,92.35,NORMAL
80,26,-0.0806609543446253,84.21,NORMAL
80,27,-0.0534289640826667,72.0,NORMAL
80,28,-0.108962437207058,96.9,NORMAL
80,29,-0.0754196044241853,81.86,NORMAL
80,30,-0.0694856870237067,79.2,NORMAL
80,31,-0.0907058250662212,88.71,NORMAL
80,32,-0.1045948913059877,94.94,NORMAL
80,33,-0.0844579226054554,85.91,NORMAL
80,34,-0.1064157344524123,95.76,NORMAL
80,35,-0.0934226080098215,89.93,NORMAL
80,36,-0.1014344975175899,93.52,NORMAL
80,37,-0.0660270145670804,77.65,NORMAL
80,38,-0.1016254882811992,93.61,NORMAL
80,39,-0.1011025258173755,93.37,NORMAL
80,40,-0.057417968794933,73.78,NORMAL
80,41,-0.0686911940941194,78.84,NORMAL
80,42,-0.0892436383278831,88.06,NORMAL
80,43,-0.050643269595907,70.75,NORMAL
80,44,-0.0910650878488967,88.87,NORMAL
80,45,-0.080479472915227,84.13,NORMAL
80,46,-0.0971538116249954,91.6,NORMAL
80,47,-0.0835301663110669,85.49,NORMAL
80,48,-0.0819945259989234,84.81,NORMAL
80,49,-0.0749153882759984,81.63,NORMAL
80,50,-0.0993576666492664,92.59,NORMAL
80,51,-0.0902154643911405,88.49,NORMAL
80,52,-0.0915328460161823,89.08,NORMAL
80,53,-0.1014376448477973,93.52,NORMAL
80,54,-0.0777982018799791,82.92,NORMAL
80,55,-0.0857872970119344,86.51,NORMAL
80,56,-0.1056030075599481,95.39,NORMAL
80,57,-0.1149207296184038,99.57,NORMAL
80,58,-0.0959407399492371,91.06,NORMAL
80,59,-0.107802135713967,96.38,NORMAL
80,60,-0.0774993992718063,82.79,NORMAL
80,61,-0.0982113180743374,92.08,NORMAL
80,62,-0.0709672030790818,79.86,NORMAL
80,63,-0.0952449377092085,90.75,NORMAL
80,64,-0.0940136262352724,90.19,NORMAL
80,65,-0.0901521345882625,88.46,NORMAL
80,66,-0.0721027210550501,80.37,NORMAL
80,67,-0.110919923699443,97.78,NORMAL
80,68,-0.0880266133647876,87.51,NORMAL
80,69,-0.094479346505396,90.4,NORMAL
80,70,-0.087327363722286,87.2,NORMAL
80,71,-0.089609582343606,88.22,NORMAL
80,72,-0.0819548816604948,84.79,NORMAL
80,73,-0.0924529811249019,89.49,NORMAL
80,74,-0.0478243021348041,69.48,WARNING
80,75,-0.0579059035107851,74.0,NORMAL
80,76,-0.0907179869918734,88.72,NORMAL
80,77,-0.1076514861857845,96.31,NORMAL
80,78,-0.0979719422685603,91.97,NORMAL
80,79,-0.1063633613455918,95.73,NORMAL
80,80,-0.0760507157325562,82.14,NORMAL
80,81,-0.110745709835745,97.7,NORMAL
80,82,-0.0758331089802659,82.04,NORMAL
80,83,-0.1042920322554311,94.8,NORMAL
80,84,-0.0973454239323561,91.69,NORMAL
80,85,-0.101945318131773,93.75,NORMAL
80,86,-0.1022682535283014,93.9,NORMAL
80,87,-0.0975328190363599,91.77,NORMAL
80,88,-0.1003706674729308,93.05,NORMAL
80,89,-0.1033557899437429,94.38,NORMAL
80,90,-0.0939115776275081,90.15,NORMAL
80,91,-0.0840350966842335,85.72,NORMAL
80,92,-0.0736217479374099,81.05,NORMAL
80,93,-0.1064176277197537,95.76,NORMAL
80,94,-0.0558455046760905,73.08,NORMAL
80,95,-0.0822482733397726,84.92,NORMAL
80,96,-0.0950727918733426,90.67,NORMAL
80,97,-0.0770612030520353,82.59,NORMAL
80,98,-0.084136593405051,85.77,NORMAL
80,99,-0.078785383823534,83.37,NORMAL
80,100,-0.1128936790978878,98.66,NORMAL
80,101,-0.0980104080324948,91.99,NORMAL
80,102,-0.0725625375242535,80.58,NORMAL
80,103,-0.0958045000955487,91.0,NORMAL
80,104,-0.0944455863250889,90.39,NORMAL
80,105,-0.0586119851673748,74.32,NORMAL
80,106,-0.0710583901858989,79.9,NORMAL
80,107,-0.0750296115965161,81.68,NORMAL
80,108,-0.0805302870676598,84.15,NORMAL
80,109,-0.0866594329200354,86.9,NORMAL
80,110,-0.0924140785680163,89.48,NORMAL
80,111,-0.0966673469854204,91.38,NORMAL
80,112,-0.0907496126577198,88.73,NORMAL
80,113,-0.0821195118007359,84.86,NORMAL
80,114,-0.0956953884087905,90.95,NORMAL
80,115,-0.0819576048946031,84.79,NORMAL
80,116,-0.0931767322446172,89.82,NORMAL
80,117,-0.0803542165262353,84.07,NORMAL
80,118,-0.0886287043785786,87.78,NORMAL
80,119,-0.0879247655750383,87.46,NORMAL
80,120,-0.0929528343996076,89.72,NORMAL
80,121,-0.0852090861147314,86.25,NORMAL
80,122,-0.0830906265974442,85.3,NORMAL
80,123,-0.0457245980767624,68.54,WARNING
80,124,-0.0359307613258547,64.15,WARNING
80,125,-0.0917432468833031,89.18,NORMAL
80,126,-0.0651865051782515,77.27,NORMAL
80,127,-0.0894548084716342,88.15,NORMAL
80,128,-0.0516497749706454,71.2,NORMAL
80,129,-0.079532254556292,83.7,NORMAL
80,130,-0.0952288838816587,90.74,NORMAL
80,131,-0.0765627247162354,82.37,NORMAL
80,132,-0.0901417056289121,88.46,NORMAL
80,133,-0.0717461221437516,80.21,NORMAL
80,134,-0.0897014464703577,88.26,NORMAL
80,135,-0.0755336663484908,81.91,NORMAL
80,136,-0.041145956794154,66.49,WARNING
80,137,-0.0593079450185508,74.63,NORMAL
80,138,-0.0656536293854275,77.48,NORMAL
80,139,-0.0528079120104046,71.72,NORMAL
80,140,-0.0384157388779439,65.26,WARNING
80,141,-0.0643547341657624,76.9,NORMAL
80,142,-0.0767079806957119,82.43,NORMAL
80,143,-0.0412382362343207,66.53,WARNING
80,144,-0.0385025638123223,65.3,WARNING
80,145,-0.0517449633306782,71.24,NORMAL
80,146,-0.0354857535622295,63.95,WARNING
80,147,-0.060928153476717,75.36,NORMAL
80,148,-0.0611713886836146,75.47,NORMAL
80,149,-0.0241484444019642,58.87,WARNING
80,150,-0.0508272842669733,70.83,NORMAL
80,151,-0.0527311559519483,71.68,NORMAL
80,152,-0.0438779528258319,67.71,WARNING
80,153,-0.0505051172550425,70.68,NORMAL
80,154,0.0013610479958887,47.43,WARNING
80,155,-0.048472357305372,69.77,WARNING
80,156,-0.0329458634855673,62.81,WARNING
80,157,0.0031420358913724,46.63,WARNING
80,158,-0.0229931683821639,58.35,WARNING
80,159,-0.0463863407626805,68.84,WARNING
80,160,-0.0213105278432958,57.59,WARNING
80,161,0.0237730927091199,37.38,CRITICAL
80,162,-0.0100595248047598,52.55,WARNING
80,163,-0.0534878210604205,72.02,NORMAL
80,164,-4.275619944826836e-05,48.06,WARNING
80,165,0.0153874301995519,41.14,WARNING
80,166,0.0187781687272382,39.62,CRITICAL
80,167,0.0492775048447632,25.94,CRITICAL
80,168,-0.0254967073808031,59.47,WARNING
80,169,0.0021485914328198,47.07,WARNING
80,170,0.0379508610701436,31.02,CRITICAL
80,171,0.0110401034342638,43.09,WARNING
80,172,0.0228938501564165,37.77,CRITICAL
80,173,0.0237306143727086,37.4,CRITICAL
80,174,0.0228316705506282,37.8,CRITICAL
80,175,0.0657228393960814,18.57,CRITICAL
80,176,0.0160053185245128,40.86,WARNING
80,177,0.0514098612820085,24.98,CRITICAL
80,178,0.0435904510153757,28.49,CRITICAL
80,179,0.0660684150062977,18.41,CRITICAL
80,180,0.0566352091656653,22.64,CRITICAL
80,181,0.0922167497151885,6.69,CRITICAL
80,182,0.118334274672486,0.0,CRITICAL
80,183,0.0899005723951444,7.72,CRITICAL
80,184,0.0911799596619696,7.15,CRITICAL
80,185,0.1102918805527379,0.0,CRITICAL
81,1,-0.0681203790745247,78.58,NORMAL
81,2,-0.1086403384390906,96.75,NORMAL
81,3,-0.0683542446132911,78.69,NORMAL
81,4,-0.0942338450438056,90.29,NORMAL
81,5,-0.0645972400597223,77.0,NORMAL
81,6,-0.0808658285022067,84.3,NORMAL
81,7,-0.0727984975262546,80.68,NORMAL
81,8,-0.0832779361678205,85.38,NORMAL
81,9,-0.0399986452512578,65.97,WARNING
81,10,-0.0950694732829488,90.67,NORMAL
81,11,-0.0764968872104756,82.34,NORMAL
81,12,-0.0947005258949372,90.5,NORMAL
81,13,-0.0967993236758827,91.44,NORMAL
81,14,-0.0726902719678205,80.63,NORMAL
81,15,-0.0739536565434794,81.2,NORMAL
81,16,-0.0988403308586678,92.36,NORMAL
81,17,-0.0833898761665444,85.43,NORMAL
81,18,-0.1048599641987174,95.06,NORMAL
81,19,-0.0970024560218122,91.53,NORMAL
81,20,-0.107688827275051,96.33,NORMAL
81,21,-0.0984108019037541,92.17,NORMAL
81,22,-0.0878732045957259,87.44,NORMAL
81,23,-0.06937189591996,79.14,NORMAL
81,24,-0.0901090561144161,88.44,NORMAL
81,25,-0.0869688804354054,87.04,NORMAL
81,26,-0.0589816653876915,74.49,NORMAL
81,27,-0.0779729317547808,83.0,NORMAL
81,28,-0.091166261171616,88.92,NORMAL
81,29,-0.100433157500853,93.07,NORMAL
81,30,-0.0666203006282858,77.91,NORMAL
81,31,-0.0939688461666948,90.17,NORMAL
81,32,-0.1118781092309403,98.21,NORMAL
81,33,-0.0990038022817665,92.43,NORMAL
81,34,-0.0937038345033925,90.06,NORMAL
81,35,-0.0758747187804921,82.06,NORMAL
81,36,-0.1035003965777479,94.45,NORMAL
81,37,-0.0896828570098656,88.25,NORMAL
81,38,-0.0738013332404282,81.13,NORMAL
81,39,-0.0753400876135638,81.82,NORMAL
81,40,-0.1070259318415283,96.03,NORMAL
81,41,-0.0402819978944252,66.1,WARNING
81,42,-0.0973035286446085,91.67,NORMAL
81,43,-0.0749837652637074,81.66,NORMAL
81,44,-0.1131013673721462,98.75,NORMAL
81,45,-0.0586765581987497,74.35,NORMAL
81,46,-0.076074886180617,82.15,NORMAL
81,47,-0.0893378976042058,88.1,NORMAL
81,48,-0.0987061739996682,92.3,NORMAL
81,49,-0.0896657206141003,88.25,NORMAL
81,50,-0.058917760387632,74.46,NORMAL
81,51,-0.085712716815729,86.47,NORMAL
81,52,-0.0831732093192875,85.33,NORMAL
81,53,-0.0936298470215997,90.02,NORMAL
81,54,-0.060234113933002,75.05,NORMAL
81,55,-0.0958950499285456,91.04,NORMAL
81,56,-0.0672303091418241,78.18,NORMAL
81,57,-0.0825157465782429,85.04,NORMAL
81,58,-0.0994956754306354,92.65,NORMAL
81,59,-0.0939607144003014,90.17,NORMAL
81,60,-0.0965536686276352,91.33,NORMAL
81,61,-0.0690472803634935,79.0,NORMAL
81,62,-0.09738434482009,91.71,NORMAL
81,63,-0.0965666650590481,91.34,NORMAL
81,64,-0.1068114873351224,95.93,NORMAL
81,65,-0.1141685509299734,99.23,NORMAL
81,66,-0.0756941633917884,81.98,NORMAL
81,67,-0.0997385826916311,92.76,NORMAL
81,68,-0.0907138090844953,88.72,NORMAL
81,69,-0.0858164016556483,86.52,NORMAL
81,70,-0.0895344651971812,88.19,NORMAL
81,71,-0.0927322511994301,89.62,NORMAL
81,72,-0.0741540118806791,81.29,NORMAL
81,73,-0.1129163704353269,98.67,NORMAL
81,74,-0.1060340627858723,95.58,NORMAL
81,75,-0.0821315899520082,84.87,NORMAL
81,76,-0.0954708625398452,90.85,NORMAL
81,77,-0.1043318021892551,94.82,NORMAL
81,78,-0.0667223428923529,77.96,NORMAL
81,79,-0.1008961247943353,93.28,NORMAL
81,80,-0.0693157531896613,79.12,NORMAL
81,81,-0.1054965117325071,95.34,NORMAL
81,82,-0.0967738356582906,91.43,NORMAL
81,83,-0.0646105311402112,77.01,NORMAL
81,84,-0.0234217041711217,58.54,WARNING
81,85,-0.0846381650114739,85.99,NORMAL
81,86,-0.077901858843399,82.97,NORMAL
81,87,-0.0874058301528173,87.23,NORMAL
81,88,-0.0991719093167665,92.51,NORMAL
81,89,-0.0685234989879697,78.76,NORMAL
81,90,-0.0812572378780238,84.47,NORMAL
81,91,-0.0695842221911234,79.24,NORMAL
81,92,-0.117646644993323,100.0,NORMAL
81,93,-0.1038272250634617,94.6,NORMAL
81,94,-0.0794250409711669,83.65,NORMAL
81,95,-0.0752560633901224,81.78,NORMAL
81,96,-0.0913760638531261,89.01,NORMAL
81,97,-0.0963430803420613,91.24,NORMAL
81,98,-0.0823343011795578,84.96,NORMAL
81,99,-0.0949385779218245,90.61,NORMAL
81,100,-0.0812325631395964,84.46,NORMAL
81,101,-0.0872278145355579,87.15,NORMAL
81,102,-0.0767277712269318,82.44,NORMAL
81,103,-0.1159899103447258,100.0,NORMAL
81,104,-0.0734160435770922,80.96,NORMAL
81,105,-0.0967544608174854,91.42,NORMAL
81,106,-0.0643746890070761,76.9,NORMAL
81,107,-0.0689698797842117,78.96,NORMAL
81,108,-0.1063092817208494,95.71,NORMAL
81,109,-0.0688954745813185,78.93,NORMAL
81,110,-0.0939957463455502,90.19,NORMAL
81,111,-0.0868921313777639,87.0,NORMAL
81,112,-0.0663000225471104,77.77,NORMAL
81,113,-0.1031274644020063,94.28,NORMAL
81,114,-0.0941469100556717,90.25,NORMAL
81,115,-0.0877667274878902,87.39,NORMAL
81,116,-0.0670108362348678,78.09,NORMAL
81,117,-0.083265694591446,85.38,NORMAL
81,118,-0.0807850228770273,84.26,NORMAL
81,119,-0.0757222555627246,81.99,NORMAL
81,120,-0.0542914872069641,72.38,NORMAL
81,121,-0.0430532431204334,67.34,WARNING
81,122,-0.088075752359878,87.53,NORMAL
81,123,-0.0708236398860004,79.8,NORMAL
81,124,-0.0881143196842652,87.55,NORMAL
81,125,-0.096560453198622,91.34,NORMAL
81,126,-0.0972154335167021,91.63,NORMAL
81,127,-0.1089643898416184,96.9,NORMAL
81,128,-0.098732760457166,92.31,NORMAL
81,129,-0.0881298960961947,87.56,NORMAL
81,130,-0.0866232355818016,86.88,NORMAL
81,131,-0.0929938505173261,89.74,NORMAL
81,132,-0.1017707162093617,93.67,NORMAL
81,133,-0.0973139411968603,91.67,NORMAL
81,134,-0.0789268572583139,83.43,NORMAL
81,135,-0.1049735487304816,95.11,NORMAL
81,136,-0.1037401642806504,94.56,NORMAL
81,137,-0.0685752497396527,78.79,NORMAL
81,138,-0.1079445983669682,96.44,NORMAL
81,139,-0.1063312089864881,95.72,NORMAL
81,140,-0.0997094808490918,92.75,NORMAL
81,141,-0.0919390465197235,89.26,NORMAL
81,142,-0.0868455667648047,86.98,NORMAL
81,143,-0.0701888880513629,79.51,NORMAL
81,144,-0.0658545680908805,77.57,NORMAL
81,145,-0.0930423655702396,89.76,NORMAL
81,146,-0.070625718097194,79.71,NORMAL
81,147,-0.1037501155270984,94.56,NORMAL
81,148,-0.1004455742016053,93.08,NORMAL
81,149,-0.089703139044477,88.26,NORMAL
81,150,-0.0783524604754331,83.17,NORMAL
81,151,-0.1054738905555633,95.33,NORMAL
81,152,-0.0884762512753745,87.71,NORMAL
81,153,-0.0952824453992909,90.76,NORMAL
81,154,-0.0613646975438228,75.55,NORMAL
81,155,-0.0640287860875498,76.75,NORMAL
81,156,-0.0803569975300549,84.07,NORMAL
81,157,-0.0564002743815879,73.33,NORMAL
81,158,-0.0879366393185291,87.47,NORMAL
81,159,-0.0973354014968389,91.68,NORMAL
81,160,-0.098335331442062,92.13,NORMAL
81,161,-0.1037947755929357,94.58,NORMAL
81,162,-0.0899140253936732,88.36,NORMAL
81,163,-0.0731457277878374,80.84,NORMAL
81,164,-0.071189767038155,79.96,NORMAL
81,165,-0.0758177143317097,82.04,NORMAL
81,166,-0.1172357367186074,100.0,NORMAL
81,167,-0.0973883101633323,91.71,NORMAL
81,168,-0.0756821587273054,81.97,NORMAL
81,169,-0.0533723158218591,71.97,NORMAL
81,170,-0.0849658589690933,86.14,NORMAL
81,171,-0.0734129539659055,80.96,NORMAL
81,172,-0.0913967478160769,89.02,NORMAL
81,173,-0.0738260982097986,81.14,NORMAL
81,174,-0.0883577385685998,87.66,NORMAL
81,175,-0.0747005119716373,81.53,NORMAL
81,176,-0.0297727050078697,61.39,WARNING
81,177,-0.0795623548308889,83.71,NORMAL
81,178,-0.0721961562296436,80.41,NORMAL
81,179,-0.0469057618052122,69.07,WARNING
81,180,-0.098459143945483,92.19,NORMAL
81,181,-0.065570864274534,77.44,NORMAL
81,182,-0.0808052867897479,84.27,NORMAL
81,183,-0.066769342378939,77.98,NORMAL
81,184,-0.0634264441698599,76.48,NORMAL
81,185,-0.0330683559796655,62.87,WARNING
81,186,-0.0648467804970834,77.12,NORMAL
81,187,-0.0604827508707169,75.16,NORMAL
81,188,-0.0794945881457608,83.68,NORMAL
81,189,-0.0556191231239229,72.98,NORMAL
81,190,-0.0660255297921456,77.64,NORMAL
81,191,-0.0406612143763442,66.27,WARNING
81,192,-0.0451379523374939,68.28,WARNING
81,193,-0.0547338929863563,72.58,NORMAL
81,194,-0.0443597317258662,67.93,WARNING
81,195,-0.0431970851565722,67.41,WARNING
81,196,-0.0610887507980352,75.43,NORMAL
81,197,-0.0415479879836462,66.67,WARNING
81,198,-0.0178656469448473,56.05,WARNING
81,199,-0.0276520509342751,60.44,WARNING
81,200,-0.0498053075390825,70.37,NORMAL
81,201,-0.0485783471682108,69.82,WARNING
81,202,-0.0806946653124453,84.22,NORMAL
81,203,-0.0087867535938012,51.98,WARNING
81,204,-0.023539933793243,58.59,WARNING
81,205,-0.02263273012858,58.19,WARNING
81,206,-0.0313561140636223,62.1,WARNING
81,207,0.0185328227459332,39.73,CRITICAL
81,208,-0.0157466643089964,55.1,WARNING
81,209,-0.0192444846576468,56.67,WARNING
81,210,-0.017218752181678,55.76,WARNING
81,211,-0.0105710777966262,52.78,WARNING
81,212,-0.0343186240984556,63.43,WARNING
81,213,-0.0193178134694737,56.7,WARNING
81,214,-0.0003418042473468,48.19,WARNING
81,215,-0.006427026981509,50.92,WARNING
81,216,0.0091739490738133,43.92,WARNING
81,217,-0.0034167636870222,49.57,WARNING
81,218,-0.0217055969278324,57.77,WARNING
81,219,0.038323558343688,30.85,CRITICAL
81,220,-0.0319043330134171,62.34,WARNING
81,221,0.0140567615844935,41.73,WARNING
81,222,-0.0248033816791063,59.16,WARNING
81,223,0.0438224087683047,28.39,CRITICAL
81,224,0.0105434189898359,43.31,WARNING
81,225,-0.0025200378604218,49.17,WARNING
81,226,0.0273288383434904,35.78,CRITICAL
81,227,0.0254613680826072,36.62,CRITICAL
81,228,0.0463141411230316,27.27,CRITICAL
81,229,0.036467223125931,31.68,CRITICAL
81,230,0.0004826650832036,47.82,WARNING
81,231,0.0498976559882619,25.66,CRITICAL
81,232,0.0655096234077696,18.66,CRITICAL
81,233,0.0474830476190513,26.75,CRITICAL
81,234,0.0530021937673678,24.27,CRITICAL
81,235,0.0744294990696492,14.66,CRITICAL
81,236,0.0594919465492098,21.36,CRITICAL
81,237,0.0866575439858881,9.18,CRITICAL
81,238,0.0421387765497724,29.14,CRITICAL
81,239,0.1415354401735254,0.0,CRITICAL
81,240,0.0917503192096106,6.9,CRITICAL
82,1,-0.0159327408144359,55.18,WARNING
82,2,-0.0443029789507748,67.9,WARNING
82,3,-0.0096566208925241,52.37,WARNING
82,4,-0.0669941165144494,78.08,NORMAL
82,5,-0.005826987721087,50.65,WARNING
82,6,-0.0318363845944523,62.31,WARNING
82,7,-0.0244319319607447,58.99,WARNING
82,8,-0.0066400913878411,51.01,WARNING
82,9,-0.0467205689229739,68.99,WARNING
82,10,0.081942089978257,11.29,CRITICAL
82,11,-0.0373971123250276,64.81,WARNING
82,12,-0.0085437479901425,51.87,WARNING
82,13,-0.0159670223963326,55.2,WARNING
82,14,-0.0341223070166264,63.34,WARNING
82,15,-0.0359539207947338,64.16,WARNING
82,16,-0.0307553258444362,61.83,WARNING
82,17,0.0302851568367473,34.46,CRITICAL
82,18,-0.0276502832139943,60.44,WARNING
82,19,0.0298481061040853,34.65,CRITICAL
82,20,-0.0175045631842552,55.89,WARNING
82,21,-0.0344690728107782,63.49,WARNING
82,22,-0.0382089088382352,65.17,WARNING
82,23,-0.0650979496598368,77.23,NORMAL
82,24,0.0028509904377934,46.76,WARNING
82,25,-0.0568171754662105,73.52,NORMAL
82,26,-0.0100045699759304,52.52,WARNING
82,27,-0.0394648470147654,65.73,WARNING
82,28,-0.0406729911218859,66.28,WARNING
82,29,-0.0209681276905626,57.44,WARNING
82,30,-0.0392099858379967,65.62,WARNING
82,31,0.0058325743166511,45.42,WARNING
82,32,0.0078409782299783,44.52,WARNING
82,33,0.0464421863169896,27.21,CRITICAL
82,34,-0.0354903785506058,63.95,WARNING
82,35,-0.0202160423773247,57.1,WARNING
82,36,-0.0353917674497209,63.91,WARNING
82,37,-0.0041295656505766,49.89,WARNING
82,38,-0.0066160688869822,51.0,WARNING
82,39,0.0327458176043577,33.35,CRITICAL
82,40,-0.0320883445536716,62.43,WARNING
82,41,-0.0179165779811446,56.07,WARNING
82,42,-0.0362141896207424,64.28,WARNING
82,43,-0.0469636282691733,69.1,WARNING
82,44,0.058287149506205,21.9,CRITICAL
82,45,-0.0156988273321588,55.08,WARNING
82,46,-0.0374908672445842,64.85,WARNING
82,47,-0.0245515423881063,59.05,WARNING
82,48,-0.0285555822876111,60.84,WARNING
82,49,-0.0111679963069817,53.05,WARNING
82,50,-0.0543287482767911,72.4,NORMAL
82,51,-0.0564799842999698,73.36,NORMAL
82,52,-0.0370059793743586,64.63,WARNING
82,53,-0.0393807408339451,65.7,WARNING
82,54,-0.0252583306515276,59.36,WARNING
82,55,-0.0119661918878208,53.4,WARNING
82,56,-0.0308403164758667,61.87,WARNING
82,57,-0.074429570853102,81.41,NORMAL
82,58,-0.0268823431966165,60.09,WARNING
82,59,-0.0350140642305325,63.74,WARNING
82,60,-0.0392085042240507,65.62,WARNING
82,61,-0.0233862547873656,58.52,WARNING
82,62,-0.0145766390840646,54.57,WARNING
82,63,-0.0649699661358376,77.17,NORMAL
82,64,-0.0057786128362607,50.63,WARNING
82,65,-0.0448951578309977,68.17,WARNING
82,66,-0.0713574823587591,80.04,NORMAL
82,67,-0.0452001755586183,68.31,WARNING
82,68,-0.032735823077176,62.72,WARNING
82,69,-0.0501334680668304,70.52,NORMAL
82,70,-0.0221910908962306,57.99,WARNING
82,71,-0.0568717023127189,73.54,NORMAL
82,72,-0.0318051101485002,62.3,WARNING
82,73,-0.0106923837693769,52.83,WARNING
82,74,-0.0467952235858678,69.02,WARNING
82,75,-0.0514753387821068,71.12,NORMAL
82,76,-0.0243509695817857,58.96,WARNING
82,77,-0.0608097818627559,75.31,NORMAL
82,78,-0.0342245567613575,63.38,WARNING
82,79,-0.0178022408716774,56.02,WARNING
82,80,-0.049501046771365,70.23,NORMAL
82,81,-0.0251792350270686,59.33,WARNING
82,82,-0.0212119632912045,57.55,WARNING
82,83,0.0091095453423896,43.95,WARNING
82,84,-0.0633918542322714,76.46,NORMAL
82,85,-0.052643807830165,71.64,NORMAL
82,86,-0.055482860979401,72.92,NORMAL
82,87,-0.0788959093628615,83.42,NORMAL
82,88,0.0250460966543746,36.81,CRITICAL
82,89,-0.0328437586930793,62.77,WARNING
82,90,-0.0289196973221302,61.01,WARNING
82,91,-0.0871288691177682,87.11,NORMAL
82,92,-0.0416653799139123,66.72,WARNING
82,93,-0.0309039614024402,61.9,WARNING
82,94,-0.0480257754349497,69.57,WARNING
82,95,-0.0159500092369183,55.19,WARNING
82,96,-0.0364815846234635,64.4,WARNING
82,97,-0.0180493625292706,56.13,WARNING
82,98,-0.052041126648318,71.37,NORMAL
82,99,-0.0569600428942414,73.58,NORMAL
82,100,-0.0670331204274973,78.1,NORMAL
82,101,-0.0509296766370563,70.88,NORMAL
82,102,-0.0246280955240995,59.08,WARNING
82,103,-0.0169662514462262,55.65,WARNING
82,104,-0.0653348384597203,77.33,NORMAL
82,105,-0.047332464663622,69.26,WARNING
82,106,-0.0815432915570451,84.6,NORMAL
82,107,-0.059174560227748,74.57,NORMAL
82,108,-0.0434076851284938,67.5,WARNING
82,109,-0.0004101360610464,48.22,WARNING
82,110,-0.0689851258542857,78.97,NORMAL
82,111,-0.0549359156485462,72.67,NORMAL
82,112,-0.0276252446978239,60.43,WARNING
82,113,-0.0717909497958431,80.23,NORMAL
82,114,-0.068919230166011,78.94,NORMAL
82,115,-0.0334267267744191,63.03,WARNING
82,116,-0.0263902123853577,59.87,WARNING
82,117,-0.0483530586336183,69.72,WARNING
82,118,-0.0711532604676401,79.94,NORMAL
82,119,-0.0821477954067467,84.87,NORMAL
82,120,-0.0387034342718645,65.39,WARNING
82,121,-0.0470302501493316,69.13,WARNING
82,122,-0.0889060168344867,87.9,NORMAL
82,123,0.0237637030663642,37.38,CRITICAL
82,124,-0.0455042367303205,68.44,WARNING
82,125,0.0423643868485108,29.04,CRITICAL
82,126,0.0131407087640543,42.14,WARNING
82,127,-0.0422834845899653,67.0,WARNING
82,128,-0.0550940475807965,72.74,NORMAL
82,129,-0.0787426822560276,83.35,NORMAL
82,130,-0.0218330251803015,57.83,WARNING
82,131,-0.040914340653594,66.38,WARNING
82,132,-0.0767496460114227,82.45,NORMAL
82,133,-0.0788235569757719,83.38,NORMAL
82,134,-0.0497986247448962,70.37,NORMAL
82,135,-0.0464368568804041,68.86,WARNING
82,136,-0.0527535168226148,71.69,NORMAL
82,137,-0.0548617166147026,72.64,NORMAL
82,138,-0.0374727444223491,64.84,WARNING
82,139,-0.0654250906045286,77.38,NORMAL
82,140,-0.036041735044071,64.2,WARNING
82,141,-0.0588871537171627,74.44,NORMAL
82,142,-0.0463335081541408,68.81,WARNING
82,143,-0.0167273176706407,55.54,WARNING
82,144,-0.0556156866235896,72.98,NORMAL
82,145,-0.0648559277653875,77.12,NORMAL
82,146,-0.033686065268342,63.14,WARNING
82,147,-0.0524089008961803,71.54,NORMAL
82,148,-0.0607500456550105,75.28,NORMAL
82,149,-0.0743735399574922,81.39,NORMAL
82,150,-0.0644699301775708,76.95,NORMAL
82,151,-0.0627104454946992,76.16,NORMAL
82,152,-0.0588971412938162,74.45,NORMAL
82,153,-0.0430637374546662,67.35,WARNING
82,154,-0.047727673571472,69.44,WARNING
82,155,-0.0576679910052432,73.9,NORMAL
82,156,-0.0576289245287491,73.88,NORMAL
82,157,-0.0567531765147023,73.49,NORMAL
82,158,-0.0663752167663231,77.8,NORMAL
82,159,-0.0584124763913841,74.23,NORMAL
82,160,-0.0769264315124914,82.53,NORMAL
82,161,-0.0668065351263176,77.99,NORMAL
82,162,-0.0256562627352944,59.54,WARNING
82,163,-0.038272747868325,65.2,WARNING
82,164,-0.0273017621272782,60.28,WARNING
82,165,-0.0609395478374469,75.36,NORMAL
82,166,-0.0358243613766119,64.1,WARNING
82,167,0.019696931241653,39.21,CRITICAL
82,168,-0.0726484250531946,80.61,NORMAL
82,169,-0.0258330046339916,59.62,WARNING
82,170,-0.0272011192382289,60.23,WARNING
82,171,-0.0553051732612909,72.84,NORMAL
82,172,-0.0329719064087198,62.82,WARNING
82,173,-0.0376846390388044,64.94,WARNING
82,174,-0.014423173274945,54.51,WARNING
82,175,-0.0389622150154607,65.51,WARNING
82,176,-0.0143495390322483,54.47,WARNING
82,177,-0.0311037853319445,61.98,WARNING
82,178,-0.0228631454007183,58.29,WARNING
82,179,-0.0204618173876178,57.21,WARNING
82,180,-0.0509610845469157,70.89,NORMAL
82,181,-0.0241918184783532,58.89,WARNING
82,182,0.0205374962571762,38.83,CRITICAL
82,183,-0.045395408549934,68.39,WARNING
82,184,-0.0020008153572922,48.93,WARNING
82,185,0.0013000184532683,47.45,WARNING
82,186,-0.024900336887038,59.2,WARNING
82,187,-0.0131885582266716,53.95,WARNING
82,188,-0.0261748290185226,59.77,WARNING
82,189,-0.0554567662006701,72.91,NORMAL
82,190,-0.0165429199628621,55.46,WARNING
82,191,-0.031428600647494,62.13,WARNING
82,192,0.0224290906814366,37.98,CRITICAL
82,193,0.0082794421301434,44.32,WARNING
82,194,0.0212066266712146,38.53,CRITICAL
82,195,0.0235107645496025,37.49,CRITICAL
82,196,0.0077665849668134,44.55,WARNING
82,197,0.025081965972252,36.79,CRITICAL
82,198,0.0450499003006562,27.84,CRITICAL
82,199,0.0548102371427385,23.46,CRITICAL
82,200,0.0330707559670958,33.21,CRITICAL
82,201,0.0446276818926538,28.03,CRITICAL
82,202,0.0701181662331326,16.6,CRITICAL
82,203,0.0483210944187016,26.37,CRITICAL
82,204,0.0263955194867302,36.2,CRITICAL
82,205,0.0587992779659921,21.67,CRITICAL
82,206,0.0669072757042081,18.04,CRITICAL
82,207,0.0892603135392531,8.01,CRITICAL
82,208,0.1199190946920666,0.0,CRITICAL
82,209,0.1114241491494331,0.0,CRITICAL
82,210,0.1301768504642594,0.0,CRITICAL
82,211,0.1067007449553234,0.19,CRITICAL
82,212,0.1073267394147715,0.0,CRITICAL
82,213,0.1244164087178065,0.0,CRITICAL
82,214,0.1239377146453062,0.0,CRITICAL
83,1,-0.0240914228377041,58.84,WARNING
83,2,0.0160973231328451,40.82,WARNING
83,3,-0.0148620064989528,54.7,WARNING
83,4,0.0029218386355882,46.73,WARNING
83,5,-0.0432414235718114,67.43,WARNING
83,6,-0.0372751148602544,64.75,WARNING
83,7,0.0028440663607068,46.76,WARNING
83,8,-0.0707659402032963,79.77,NORMAL
83,9,0.0335660205773432,32.99,CRITICAL
83,10,-0.0275752538185362,60.4,WARNING
83,11,0.0267516334315315,36.04,CRITICAL
83,12,0.0509824347458136,25.18,CRITICAL
83,13,0.014209740952665,41.67,WARNING
83,14,0.0388917274323925,30.6,CRITICAL
83,15,0.0470347989161151,26.95,CRITICAL
83,16,0.0301380219498363,34.52,CRITICAL
83,17,-0.0442160383593275,67.86,WARNING
83,18,0.0192914565315849,39.39,CRITICAL
83,19,-0.0553267907595937,72.85,NORMAL
83,20,0.0216242907758424,38.34,CRITICAL
83,21,-0.023254387564484,58.47,WARNING
83,22,-0.0165859430928411,55.47,WARNING
83,23,-0.0311551081196209,62.01,WARNING
83,24,-0.0499656121927573,70.44,NORMAL
83,25,-0.0086597127907971,51.92,WARNING
83,26,-0.0257543689200971,59.59,WARNING
83,27,-0.0384953633290529,65.3,WARNING
83,28,0.0095456648279083,43.76,WARNING
83,29,-0.0009459384295956,48.46,WARNING
83,30,-0.0245610017939114,59.05,WARNING
83,31,-0.0679969412418798,78.53,NORMAL
83,32,-0.0177462183426617,56.0,WARNING
83,33,-0.0519733594563198,71.34,NORMAL
83,34,-0.0333135790315784,62.98,WARNING
83,35,-0.0126736773450493,53.72,WARNING
83,36,-0.0179834972194637,56.1,WARNING
83,37,0.0386067920933119,30.73,CRITICAL
83,38,-0.0210054868038236,57.46,WARNING
83,39,-0.0436416747098438,67.61,WARNING
83,40,-0.0034708408142368,49.59,WARNING
83,41,-0.0565979133025703,73.42,NORMAL
83,42,-0.0007999474796726,48.4,WARNING
83,43,-0.0090006280301619,52.07,WARNING
83,44,-0.0007043815959339,48.35,WARNING
83,45,-0.0400099000629591,65.98,WARNING
83,46,-0.0147043624977498,54.63,WARNING
83,47,-0.0520602070885362,71.38,NORMAL
83,48,-0.0566445250366962,73.44,NORMAL
83,49,-0.0191382959485313,56.62,WARNING
83,50,0.0698720130403047,16.71,CRITICAL
83,51,0.038766365792523,30.65,CRITICAL
83,52,0.0282009196844243,35.39,CRITICAL
83,53,0.005351187320966,45.64,WARNING
83,54,-0.0199714748714984,56.99,WARNING
83,55,-0.055660248818181,73.0,NORMAL
83,56,-0.0199853417784621,57.0,WARNING
83,57,-0.0397526437439285,65.86,WARNING
83,58,-0.0280146725977361,60.6,WARNING
83,59,0.0050878995476586,45.76,WARNING
83,60,-0.0173948651431742,55.84,WARNING
83,61,-0.0608844949004771,75.34,NORMAL
83,62,-0.0349393631179241,63.7,WARNING
83,63,-0.0404442845040657,66.17,WARNING
83,64,-0.062714262427275,76.16,NORMAL
83,65,-0.0331146973397934,62.89,WARNING
83,66,-0.0106511639718644,52.81,WARNING
83,67,-0.0393778982424681,65.7,WARNING
83,68,0.0233715427214342,37.56,CRITICAL
83,69,-0.0454267230516293,68.41,WARNING
83,70,-0.0593898826129162,74.67,NORMAL
83,71,-0.0492307300364947,70.11,NORMAL
83,72,-0.062747540781114,76.17,NORMAL
83,73,-0.0348875898918711,63.68,WARNING
83,74,-0.0482559750648778,69.68,WARNING
83,75,-0.0663396473725352,77.79,NORMAL
83,76,-0.0473712569956018,69.28,WARNING
83,77,-0.028564179013084,60.85,WARNING
83,78,-0.0378144062106598,64.99,WARNING
83,79,-0.0508057579025654,70.82,NORMAL
83,80,-0.0344097891301599,63.47,WARNING
83,81,-0.0550978503148796,72.74,NORMAL
83,82,-0.0405702488022535,66.23,WARNING
83,83,-0.0295500686354731,61.29,WARNING
83,84,0.0018920352928656,47.19,WARNING
83,85,-0.0296090538089648,61.31,WARNING
83,86,-0.03233968510389,62.54,WARNING
83,87,-0.0425216976623232,67.1,WARNING
83,88,-0.0155295041222489,55.0,WARNING
83,89,-0.0305983596313508,61.76,WARNING
83,90,0.0245362184700366,37.03,CRITICAL
83,91,0.021672465057771,38.32,CRITICAL
83,92,-0.0656064584677927,77.46,NORMAL
83,93,-0.0065437132693226,50.97,WARNING
83,94,-0.0055161069811388,50.51,WARNING
83,95,0.0076625857562616,44.6,WARNING
83,96,-0.0401952540094768,66.06,WARNING
83,97,0.0100489578689286,43.53,WARNING
83,98,-0.0512616947527215,71.02,NORMAL
83,99,-0.016074768377187,55.25,WARNING
83,100,-0.0104601829850075,52.73,WARNING
83,101,-0.0197911266304879,56.91,WARNING
83,102,-0.0745404822878954,81.46,NORMAL
83,103,-0.0752657813088722,81.79,NORMAL
83,104,-0.0345350404935981,63.52,WARNING
83,105,-0.0467861766293611,69.02,WARNING
83,106,-0.0271547739242267,60.21,WARNING
83,107,-0.0493548705610916,70.17,NORMAL
83,108,-0.0637032276568128,76.6,NORMAL
83,109,-0.0509208551653492,70.87,NORMAL
83,110,-0.0713666483185882,80.04,NORMAL
83,111,-0.0667240426553462,77.96,NORMAL
83,112,-0.0488133281880442,69.93,WARNING
83,113,-0.0623233931370774,75.98,NORMAL
83,114,-0.0720472445924231,80.34,NORMAL
83,115,-0.0248874571965412,59.2,WARNING
83,116,-0.0309310836102809,61.91,WARNING
83,117,-0.0348592077108438,63.67,WARNING
83,118,-0.0984128822691567,92.17,NORMAL
83,119,-0.046637798167968,68.95,WARNING
83,120,0.0208793936143387,38.67,CRITICAL
83,121,-0.0627533061337017,76.18,NORMAL
83,122,-0.0578304608950755,73.97,NORMAL
83,123,-0.0728305420217848,80.7,NORMAL
83,124,-0.0507115360895116,70.78,NORMAL
83,125,-0.0255457365198611,59.49,WARNING
83,126,-0.0514034336640736,71.09,NORMAL
83,127,-0.0235530225472652,58.6,WARNING
83,128,-0.0323620287252076,62.55,WARNING
83,129,-0.0453685765120239,68.38,WARNING
83,130,-0.036340545860603,64.33,WARNING
83,131,-0.0321509536208822,62.45,WARNING
83,132,-0.0896184313641926,88.22,NORMAL
83,133,-0.0714915289289299,80.1,NORMAL
83,134,-0.0638880048671853,76.69,NORMAL
83,135,-0.0477562055802695,69.45,WARNING
83,136,-0.0542348756813254,72.36,NORMAL
83,137,-0.0413977441659735,66.6,WARNING
83,138,-0.0684884519756702,78.75,NORMAL
83,139,-0.0162961142391358,55.34,WARNING
83,140,-0.0366911609957612,64.49,WARNING
83,141,-0.0683853269808276,78.7,NORMAL
83,142,-0.0619629376158394,75.82,NORMAL
83,143,-0.0661559284258426,77.7,NORMAL
83,144,0.0021025862348781,47.09,WARNING
83,145,-0.0732332595172512,80.88,NORMAL
83,146,-0.089576144090155,88.2,NORMAL
83,147,-0.0893781311337107,88.12,NORMAL
83,148,-0.1008930795433853,93.28,NORMAL
83,149,-0.0818396934983165,84.74,NORMAL
83,150,-0.057665701249966,73.9,NORMAL
83,151,-0.0714673783403153,80.08,NORMAL
83,152,-0.0526246516548484,71.64,NORMAL
83,153,-0.0705115360180575,79.66,NORMAL
83,154,-0.0372547465400043,64.74,WARNING
83,155,-0.0677300832593605,78.41,NORMAL
83,156,-0.0806058710295932,84.18,NORMAL
83,157,-0.0761446450327869,82.18,NORMAL
83,158,-0.0894561838919825,88.15,NORMAL
83,159,-0.0604531449610701,75.15,NORMAL
83,160,-0.0886468097640097,87.79,NORMAL
83,161,-0.0264188767994277,59.88,WARNING
83,162,-0.0991358743339423,92.49,NORMAL
83,163,-0.0452642739535518,68.33,WARNING
83,164,-0.0841477692700521,85.77,NORMAL
83,165,-0.053869766761412,72.19,NORMAL
83,166,-0.0913636202072541,89.01,NORMAL
83,167,-0.0611239255592246,75.45,NORMAL
83,168,-0.0637168317897573,76.61,NORMAL
83,169,-0.0873803213860814,87.22,NORMAL
83,170,-0.0185145533250041,56.34,WARNING
83,171,-0.0996298890768082,92.71,NORMAL
83,172,-0.0967000885495165,91.4,NORMAL
83,173,-0.0600087111711863,74.95,NORMAL
83,174,-0.0897787708299616,88.3,NORMAL
83,175,-0.0935097562636264,89.97,NORMAL
83,176,-0.0588895048719857,74.44,NORMAL
83,177,-0.097586367012201,91.8,NORMAL
83,178,-0.080494119283855,84.13,NORMAL
83,179,-0.0686525770001923,78.82,NORMAL
83,180,-0.0569927696542931,73.59,NORMAL
83,181,-0.0774958551883925,82.79,NORMAL
83,182,-0.0793517183374292,83.62,NORMAL
83,183,-0.092569693593309,89.55,NORMAL
83,184,-0.0730137787688769,80.78,NORMAL
83,185,-0.1092910771969819,97.05,NORMAL
83,186,-0.0779384428391478,82.99,NORMAL
83,187,-0.0753102209676689,81.81,NORMAL
83,188,-0.0970209878492638,91.54,NORMAL
83,189,-0.0663968345413524,77.81,NORMAL
83,190,-0.0910253797398476,88.85,NORMAL
83,191,-0.0979472022873473,91.96,NORMAL
83,192,-0.0614590239537518,75.6,NORMAL
83,193,-0.0640586150862146,76.76,NORMAL
83,194,-0.1071324954326238,96.08,NORMAL
83,195,-0.0794277173757891,83.65,NORMAL
83,196,-0.0834652748863779,85.46,NORMAL
83,197,-0.0770083387131631,82.57,NORMAL
83,198,-0.11512690660877,99.66,NORMAL
83,199,-0.0637499339590788,76.62,NORMAL
83,200,-0.0831885880867104,85.34,NORMAL
83,201,-0.0846053525451924,85.98,NORMAL
83,202,-0.096107288455908,91.13,NORMAL
83,203,-0.1013293906110244,93.48,NORMAL
83,204,-0.1027832696380812,94.13,NORMAL
83,205,-0.0916357911110832,89.13,NORMAL
83,206,-0.1120378082697303,98.28,NORMAL
83,207,-0.0798038844337709,83.82,NORMAL
83,208,-0.0564052902255421,73.33,NORMAL
83,209,-0.1005155399090984,93.11,NORMAL
83,210,-0.0872505579668375,87.16,NORMAL
83,211,-0.0920373162184245,89.31,NORMAL
83,212,-0.0770345568019563,82.58,NORMAL
83,213,-0.1101320292296146,97.42,NORMAL
83,214,-0.1030839032333967,94.26,NORMAL
83,215,-0.084765672665801,86.05,NORMAL
83,216,-0.0796878500007576,83.77,NORMAL
83,217,-0.0873844203963824,87.22,NORMAL
83,218,-0.0754260291142286,81.86,NORMAL
83,219,-0.093435655181936,89.94,NORMAL
83,220,-0.0586382576104095,74.33,NORMAL
83,221,-0.0691635647075517,79.05,NORMAL
83,222,-0.0866881637858006,86.91,NORMAL
83,223,-0.089642146800878,88.23,NORMAL
83,224,-0.0939455867142287,90.16,NORMAL
83,225,-0.1097362751646278,97.25,NORMAL
83,226,-0.0890031042245469,87.95,NORMAL
83,227,-0.0702805317451877,79.55,NORMAL
83,228,-0.0647749821281857,77.08,NORMAL
83,229,-0.1061465600512978,95.64,NORMAL
83,230,-0.1017694790135669,93.67,NORMAL
83,231,-0.0853618578683159,86.32,NORMAL
83,232,-0.063345010126537,76.44,NORMAL
83,233,-0.0932630165084548,89.86,NORMAL
83,234,-0.0854875371409102,86.37,NORMAL
83,235,-0.095042152967289,90.66,NORMAL
83,236,-0.0913294879183545,88.99,NORMAL
83,237,-0.0879909321660721,87.49,NORMAL
83,238,-0.0862487707735742,86.71,NORMAL
83,239,-0.1066194154884178,95.85,NORMAL
83,240,-0.0843562118869162,85.86,NORMAL
83,241,-0.0805439313731371,84.15,NORMAL
83,242,-0.0829792819763455,85.25,NORMAL
83,243,-0.0529360123540465,71.77,NORMAL
83,244,-0.0878191568082989,87.42,NORMAL
83,245,-0.0813430397219107,84.51,NORMAL
83,246,-0.0538517428867534,72.19,NORMAL
83,247,-0.0799717739374911,83.9,NORMAL
83,248,-0.0663359387459797,77.78,NORMAL
83,249,-0.073385236520811,80.94,NORMAL
83,250,-0.0661508998446251,77.7,NORMAL
83,251,-0.0575976595532078,73.87,NORMAL
83,252,-0.0566018300050015,73.42,NORMAL
83,253,-0.057742150677283,73.93,NORMAL
83,254,-0.029408548182795,61.22,WARNING
83,255,-0.0616829830898536,75.7,NORMAL
83,256,-0.0703877122932045,79.6,NORMAL
83,257,-0.0769194149156956,82.53,NORMAL
83,258,-0.0308337263513729,61.86,WARNING
83,259,-0.0753654508409627,81.83,NORMAL
83,260,-0.0488206825134305,69.93,WARNING
83,261,-0.0223840911575812,58.07,WARNING
83,262,0.0018303440256508,47.22,WARNING
83,263,-0.0004669429663361,48.25,WARNING
83,264,-0.0073495565593157,51.33,WARNING
83,265,-0.0332721035865971,62.96,WARNING
83,266,-0.0617542431070916,75.73,NORMAL
83,267,-0.0136231838595271,54.15,WARNING
83,268,-0.0322869940879944,62.52,WARNING
83,269,0.0106596562266458,43.26,WARNING
83,270,-0.0262374055903964,59.8,WARNING
83,271,-0.0101377368145235,52.58,WARNING
83,272,-0.0044018027598802,50.01,WARNING
83,273,-0.0064656397292302,50.94,WARNING
83,274,-0.0039115161010188,49.79,WARNING
83,275,0.010556033571517,43.3,WARNING
83,276,-0.0265541220928359,59.94,WARNING
83,277,-0.0403678487900206,66.14,WARNING
83,278,0.034759619007226,32.45,CRITICAL
83,279,0.0402525267155033,29.99,CRITICAL
83,280,0.0055462259995747,45.55,WARNING
83,281,0.0406823301238225,29.79,CRITICAL
83,282,0.038841338084857,30.62,CRITICAL
83,283,0.0413714054980103,29.49,CRITICAL
83,284,0.0611362020532496,20.62,CRITICAL
83,285,0.0243057125383813,37.14,CRITICAL
83,286,0.0461862820402649,27.33,CRITICAL
83,287,0.0624793563812549,20.02,CRITICAL
83,288,0.0399076980248749,30.14,CRITICAL
83,289,0.0446582290932853,28.01,CRITICAL
83,290,0.0883763019601526,8.41,CRITICAL
83,291,0.0919322229818873,6.81,CRITICAL
83,292,0.0482506577108247,26.4,CRITICAL
83,293,0.1126306049105141,0.0,CRITICAL
84,1,-0.0742592877634689,81.34,NORMAL
84,2,-0.0680373576228673,78.55,NORMAL
84,3,-0.1004130827947466,93.06,NORMAL
84,4,-0.0911613468838365,88.92,NORMAL
84,5,-0.0886964510129684,87.81,NORMAL
84,6,-0.0744020724034461,81.4,NORMAL
84,7,-0.0995251428051801,92.67,NORMAL
84,8,-0.102388304023056,93.95,NORMAL
84,9,-0.1059184642265291,95.53,NORMAL
84,10,-0.0847661530873575,86.05,NORMAL
84,11,-0.0964943966036839,91.31,NORMAL
84,12,-0.0789628874006084,83.45,NORMAL
84,13,-0.1043883603486562,94.85,NORMAL
84,14,-0.1140939262376533,99.2,NORMAL
84,15,-0.0903750218869031,88.56,NORMAL
84,16,-0.0992938909531429,92.56,NORMAL
84,17,-0.0942691960967742,90.31,NORMAL
84,18,-0.0661992723623464,77.72,NORMAL
84,19,-0.0777415163929992,82.9,NORMAL
84,20,-0.0867991973033827,86.96,NORMAL
84,21,-0.0827504549025818,85.14,NORMAL
84,22,-0.0900231535057171,88.41,NORMAL
84,23,-0.0915286465504471,89.08,NORMAL
84,24,-0.0938174878136877,90.11,NORMAL
84,25,-0.0935714834013444,90.0,NORMAL
84,26,-0.0733244631923404,80.92,NORMAL
84,27,-0.0493889860896649,70.18,NORMAL
84,28,-0.0539479140829504,72.23,NORMAL
84,29,-0.0980411301357209,92.0,NORMAL
84,30,-0.081132404813063,84.42,NORMAL
84,31,-0.1175026605044165,100.0,NORMAL
84,32,-0.0784220194494559,83.2,NORMAL
84,33,-0.066202283723056,77.72,NORMAL
84,34,-0.0916670615000858,89.14,NORMAL
84,35,-0.0813103642269721,84.5,NORMAL
84,36,-0.0774392986038774,82.76,NORMAL
84,37,-0.1033159043606789,94.37,NORMAL
84,38,-0.083265880287826,85.38,NORMAL
84,39,-0.068273714881184,78.65,NORMAL
84,40,-0.0687232435176489,78.85,NORMAL
84,41,-0.1057282736164142,95.45,NORMAL
84,42,-0.0860279854448763,86.61,NORMAL
84,43,-0.0676119284604901,78.36,NORMAL
84,44,-0.0974891368525676,91.75,NORMAL
84,45,-0.1053710031209008,95.29,NORMAL
84,46,-0.1071590190318271,96.09,NORMAL
84,47,-0.1033807754796521,94.4,NORMAL
84,48,-0.0792376941230397,83.57,NORMAL
84,49,-0.0985331882970984,92.22,NORMAL
84,50,-0.0803385137365679,84.06,NORMAL
84,51,-0.0760561522995929,82.14,NORMAL
84,52,-0.0710750844389261,79.91,NORMAL
84,53,-0.0816603126157253,84.66,NORMAL
84,54,-0.0775761020408042,82.82,NORMAL
84,55,-0.0672876421606615,78.21,NORMAL
84,56,-0.0799799505551319,83.9,NORMAL
84,57,-0.0899768505393108,88.38,NORMAL
84,58,-0.1071542021769193,96.09,NORMAL
84,59,-0.0927201092365038,89.61,NORMAL
84,60,-0.098984669350111,92.42,NORMAL
84,61,-0.0554633453720126,72.91,NORMAL
84,62,-0.107648681273549,96.31,NORMAL
84,63,-0.1096044841678878,97.19,NORMAL
84,64,-0.0774795947842329,82.78,NORMAL
84,65,-0.0831180568980717,85.31,NORMAL
84,66,-0.090079383355305,88.43,NORMAL
84,67,-0.0973689321282951,91.7,NORMAL
84,68,-0.0946095421757154,90.46,NORMAL
84,69,-0.0880977421527436,87.54,NORMAL
84,70,-0.090091111938024,88.44,NORMAL
84,71,-0.0927235354054631,89.62,NORMAL
84,72,-0.0923635256615241,89.45,NORMAL
84,73,-0.0941669380577953,90.26,NORMAL
84,74,-0.087115633109949,87.1,NORMAL
84,75,-0.0727025737060211,80.64,NORMAL
84,76,-0.1013552839253727,93.49,NORMAL
84,77,-0.0753964909069744,81.85,NORMAL
84,78,-0.0707986187217679,79.78,NORMAL
84,79,-0.0424030368374903,67.05,WARNING
84,80,-0.0755469598312825,81.91,NORMAL
84,81,-0.0820317787327416,84.82,NORMAL
84,82,-0.0837822029717619,85.61,NORMAL
84,83,-0.0766276840008146,82.4,NORMAL
84,84,-0.0574747332003676,73.81,NORMAL
84,85,-0.0972250924488785,91.63,NORMAL
84,86,-0.0912585702179935,88.96,NORMAL
84,87,-0.0837385103990085,85.59,NORMAL
84,88,-0.0766279853775955,82.4,NORMAL
84,89,-0.0932579426675835,89.86,NORMAL
84,90,-0.0560950615255871,73.19,NORMAL
84,91,-0.1176429762229485,100.0,NORMAL
84,92,-0.0830992468771878,85.3,NORMAL
84,93,-0.0852967137433532,86.29,NORMAL
84,94,-0.0915387253405463,89.08,NORMAL
84,95,-0.0980647933687779,92.01,NORMAL
84,96,-0.0779464406319569,82.99,NORMAL
84,97,-0.0947331077941366,90.52,NORMAL
84,98,-0.1013474277484882,93.48,NORMAL
84,99,-0.0843524814561861,85.86,NORMAL
84,100,-0.0721161013720285,80.38,NORMAL
84,101,-0.0759273054130259,82.08,NORMAL
84,102,-0.1030047656775481,94.23,NORMAL
84,103,-0.0826758770734888,85.11,NORMAL
84,104,-0.0374249019431034,64.82,WARNING
84,105,-0.1075113189009863,96.25,NORMAL
84,106,-0.1128560341245776,98.64,NORMAL
84,107,-0.0637172296024157,76.61,NORMAL
84,108,-0.0821756845276782,84.89,NORMAL
84,109,-0.0911226074678986,88.9,NORMAL
84,110,-0.0889301307781459,87.92,NORMAL
84,111,-0.0500380544381925,70.48,NORMAL
84,112,-0.0834439846066218,85.46,NORMAL
84,113,-0.0657493673870405,77.52,NORMAL
84,114,-0.0956056513201931,90.91,NORMAL
84,115,-0.0775155421301557,82.8,NORMAL
84,116,-0.050820936482015,70.83,NORMAL
84,117,-0.0917337494660635,89.17,NORMAL
84,118,-0.086920972352624,87.01,NORMAL
84,119,-0.0849965546511953,86.15,NORMAL
84,120,-0.0712622103172671,79.99,NORMAL
84,121,-0.0868233595117417,86.97,NORMAL
84,122,-0.0713409296725905,80.03,NORMAL
84,123,-0.0532820616995237,71.93,NORMAL
84,124,-0.0325105668893948,62.62,WARNING
84,125,-0.0897025971314309,88.26,NORMAL
84,126,-0.1004370794107174,93.08,NORMAL
84,127,-0.0956214337204094,90.92,NORMAL
84,128,-0.0449807318968599,68.21,WARNING
84,129,-0.0647441345539773,77.07,NORMAL
84,130,-0.0740914684515959,81.26,NORMAL
84,131,-0.0936734556551593,90.04,NORMAL
84,132,-0.0864977658954201,86.82,NORMAL
84,133,-0.0600262321947383,74.95,NORMAL
84,134,-0.0892170516193762,88.04,NORMAL
84,135,-0.0814876932325307,84.58,NORMAL
84,136,-0.0543084347842979,72.39,NORMAL
84,137,-0.0968744276960479,91.48,NORMAL
84,138,-0.0780704499889278,83.05,NORMAL
84,139,-0.105294084350013,95.25,NORMAL
84,140,-0.0781144283554818,83.07,NORMAL
84,141,-0.0839868008350216,85.7,NORMAL
84,142,-0.0879084906436837,87.46,NORMAL
84,143,-0.10959755935051,97.18,NORMAL
84,144,-0.0698824359103342,79.37,NORMAL
84,145,-0.0932840389557231,89.87,NORMAL
84,146,-0.1041131029727466,94.72,NORMAL
84,147,-0.1037579964186115,94.56,NORMAL
84,148,-0.0689179122109837,78.94,NORMAL
84,149,-0.0661870686974936,77.72,NORMAL
84,150,-0.1011118897992428,93.38,NORMAL
84,151,-0.0820981089751139,84.85,NORMAL
84,152,-0.0652323737370629,77.29,NORMAL
84,153,-0.0658406421965861,77.56,NORMAL
84,154,-0.073927612660084,81.19,NORMAL
84,155,-0.0830647727388587,85.29,NORMAL
84,156,-0.0473347877915396,69.26,WARNING
84,157,-0.0488683032421779,69.95,WARNING
84,158,-0.0444097110808114,67.95,WARNING
84,159,-0.0650005576279627,77.18,NORMAL
84,160,-0.0916754373902375,89.15,NORMAL
84,161,-0.0848318105002775,86.08,NORMAL
84,162,-0.0825814772809518,85.07,NORMAL
84,163,-0.0834801223273483,85.47,NORMAL
84,164,-0.0854348832624094,86.35,NORMAL
84,165,-0.0625299200930395,76.08,NORMAL
84,166,-0.0931775999587936,89.82,NORMAL
84,167,-0.0588675761734218,74.43,NORMAL
84,168,-0.0671985178489251,78.17,NORMAL
84,169,-0.0937426230649373,90.07,NORMAL
84,170,-0.0570669903941601,73.63,NORMAL
84,171,-0.0737408769917064,81.1,NORMAL
84,172,-0.0303871868412298,61.66,WARNING
84,173,-0.0963478284409565,91.24,NORMAL
84,174,-0.0838784121587302,85.65,NORMAL
84,175,-0.0620420415356395,75.86,NORMAL
84,176,-0.0601562343194124,75.01,NORMAL
84,177,-0.082483851437152,85.02,NORMAL
84,178,-0.0359552413597395,64.16,WARNING
84,179,-0.0752263991907722,81.77,NORMAL
84,180,-0.0671270197283116,78.14,NORMAL
84,181,-0.0370787053312849,64.66,WARNING
84,182,-0.0616534935235336,75.68,NORMAL
84,183,-0.0710031122346468,79.88,NORMAL
84,184,-0.0923896011199527,89.47,NORMAL
84,185,-0.0605200839405722,75.18,NORMAL
84,186,-0.0841724955638998,85.78,NORMAL
84,187,-0.0893240108672297,88.09,NORMAL
84,188,-0.0631798910483459,76.37,NORMAL
84,189,-0.0944989149352699,90.41,NORMAL
84,190,-0.0725570221502267,80.57,NORMAL
84,191,-0.0857669239192709,86.5,NORMAL
84,192,-0.0784371770167582,83.21,NORMAL
84,193,-0.0512191295368095,71.0,NORMAL
84,194,-0.0258535472494829,59.63,WARNING
84,195,-0.0369421887945582,64.6,WARNING
84,196,-0.0413864739091923,66.6,WARNING
84,197,-0.0663179082652143,77.78,NORMAL
84,198,-0.0659485033647775,77.61,NORMAL
84,199,-0.0704167186693087,79.61,NORMAL
84,200,-0.058093334968399,74.09,NORMAL
84,201,-0.0430408825252194,67.34,WARNING
84,202,-0.0427419969357086,67.2,WARNING
84,203,-0.0137799308806842,54.22,WARNING
84,204,-0.0240947236251555,58.84,WARNING
84,205,-0.0281059713298725,60.64,WARNING
84,206,-0.0351340127888993,63.79,WARNING
84,207,-0.0470760841661768,69.15,WARNING
84,208,-0.0303264894336992,61.64,WARNING
84,209,-0.063928441980637,76.7,NORMAL
84,210,-0.0396226261452026,65.8,WARNING
84,211,-0.0473526005307298,69.27,WARNING
84,212,-0.0762488847332981,82.23,NORMAL
84,213,-0.0450357253771412,68.23,WARNING
84,214,-0.0189222217568993,56.52,WARNING
84,215,-0.0171098841433209,55.71,WARNING
84,216,-0.0575945344871319,73.86,NORMAL
84,217,-0.0407854489390139,66.33,WARNING
84,218,-0.0512110633935024,71.0,NORMAL
84,219,-0.0401973717581515,66.06,WARNING
84,220,-0.0296297558623971,61.32,WARNING
84,221,-0.0206817226775097,57.31,WARNING
84,222,-0.0411507499693135,66.49,WARNING
84,223,-0.0266314953159307,59.98,WARNING
84,224,-0.0404986394714855,66.2,WARNING
84,225,-0.0203344224096835,57.16,WARNING
84,226,-0.0279849429819034,60.59,WARNING
84,227,-0.0093914258041378,52.25,WARNING
84,228,-0.0273312321590398,60.29,WARNING
84,229,-0.0315839032751141,62.2,WARNING
84,230,-0.0093538295801236,52.23,WARNING
84,231,-0.030975124764509,61.93,WARNING
84,232,-0.0438334953006311,67.69,WARNING
84,233,-0.071553210241896,80.12,NORMAL
84,234,0.0081487504394293,44.38,WARNING
84,235,-0.0422764743024206,66.99,WARNING
84,236,-0.0268811104807753,60.09,WARNING
84,237,-0.0184284902122839,56.3,WARNING
84,238,0.0258978743889178,36.42,CRITICAL
84,239,-0.0344073647179031,63.47,WARNING
84,240,-0.0139914718342582,54.31,WARNING
84,241,0.0272794699787952,35.8,CRITICAL
84,242,0.0111596395128305,43.03,WARNING
84,243,0.0321375052305356,33.63,CRITICAL
84,244,0.0169139635591422,40.45,WARNING
84,245,-0.0065085920645741,50.96,WARNING
84,246,-0.0248820203990977,59.19,WARNING
84,247,0.0151150695213296,41.26,WARNING
84,248,-0.0227671580820916,58.25,WARNING
84,249,0.0103177539403706,43.41,WARNING
84,250,0.0178357386052394,40.04,WARNING
84,251,0.0085519518298282,44.2,WARNING
84,252,-0.00457430662945,50.09,WARNING
84,253,0.037280154616048,31.32,CRITICAL
84,254,-0.0124763167831316,53.63,WARNING
84,255,0.0175675350544155,40.16,WARNING
84,256,0.0164231489473702,40.67,WARNING
84,257,0.0163303815504406,40.71,WARNING
84,258,0.069393363266487,16.92,CRITICAL
84,259,0.0452073943723386,27.77,CRITICAL
84,260,0.0673789016503157,17.82,CRITICAL
84,261,0.0569030819866537,22.52,CRITICAL
84,262,0.0747360430672363,14.52,CRITICAL
84,263,0.0320596997917991,33.66,CRITICAL
84,264,0.065965541643425,18.46,CRITICAL
84,265,0.0368659985753493,31.51,CRITICAL
84,266,0.0473458077092106,26.81,CRITICAL
84,267,0.064927207659753,18.92,CRITICAL
85,1,-0.0735844720274707,81.03,NORMAL
85,2,-0.0845781925029719,85.96,NORMAL
85,3,-0.1102135889918992,97.46,NORMAL
85,4,-0.0842432825927305,85.81,NORMAL
85,5,-0.0626758423640002,76.14,NORMAL
85,6,-0.0797538549602077,83.8,NORMAL
85,7,-0.0943511132097261,90.35,NORMAL
85,8,-0.0657023558925588,77.5,NORMAL
85,9,-0.016763644060819,55.55,WARNING
85,10,-0.0919301434538793,89.26,NORMAL
85,11,-0.0683949370205364,78.71,NORMAL
85,12,-0.081941036155922,84.78,NORMAL
85,13,-0.106100896474707,95.61,NORMAL
85,14,-0.0904104616905948,88.58,NORMAL
85,15,-0.0967095065991196,91.4,NORMAL
85,16,-0.0637118451370944,76.61,NORMAL
85,17,-0.0755070675201089,81.9,NORMAL
85,18,-0.092455835757132,89.5,NORMAL
85,19,-0.0988591882251192,92.37,NORMAL
85,20,-0.0910368788110261,88.86,NORMAL
85,21,-0.0937132628227291,90.06,NORMAL
85,22,-0.1115090473729661,98.04,NORMAL
85,23,-0.0747147163772272,81.54,NORMAL
85,24,-0.0895774561130229,88.21,NORMAL
85,25,-0.0647803478984813,77.09,NORMAL
85,26,-0.0764221852260275,82.31,NORMAL
85,27,-0.0808173161256584,84.28,NORMAL
85,28,-0.0970099013115302,91.54,NORMAL
85,29,-0.0801716462546867,83.99,NORMAL
85,30,-0.1131929115542957,98.8,NORMAL
85,31,-0.0874950287311069,87.27,NORMAL
85,32,-0.0954000517215188,90.82,NORMAL
85,33,-0.082829301633935,85.18,NORMAL
85,34,-0.0962338535871264,91.19,NORMAL
85,35,-0.0771542420296383,82.63,NORMAL
85,36,-0.0714528771827699,80.08,NORMAL
85,37,-0.075056984303407,81.69,NORMAL
85,38,-0.0927172988527036,89.61,NORMAL
85,39,-0.0722744413247981,80.45,NORMAL
85,40,-0.0839451611080734,85.68,NORMAL
85,41,-0.0970283060782128,91.55,NORMAL
85,42,-0.0803354342995084,84.06,NORMAL
85,43,-0.0968356141730559,91.46,NORMAL
85,44,-0.0945012813562306,90.41,NORMAL
85,45,-0.1016672114908964,93.63,NORMAL
85,46,-0.0810423201559001,84.38,NORMAL
85,47,-0.0496721867676846,70.31,NORMAL
85,48,-0.0757224748424063,81.99,NORMAL
85,49,-0.1164848382507361,100.0,NORMAL
85,50,-0.077294722528454,82.7,NORMAL
85,51,-0.1016265732907796,93.61,NORMAL
85,52,-0.0903275079747701,88.54,NORMAL
85,53,-0.0703802825571822,79.6,NORMAL
85,54,-0.0608239264242373,75.31,NORMAL
85,55,-0.0758432184330946,82.05,NORMAL
85,56,-0.0881824507559729,87.58,NORMAL
85,57,-0.0844592776501417,85.91,NORMAL
85,58,-0.0790765603629935,83.5,NORMAL
85,59,-0.0808879071621021,84.31,NORMAL
85,60,-0.047769908461578,69.46,WARNING
85,61,-0.0864950725339419,86.82,NORMAL
85,62,-0.0724235358257993,80.51,NORMAL
85,63,-0.0873756897815097,87.22,NORMAL
85,64,-0.0624746506879551,76.05,NORMAL
85,65,-0.1046986017800762,94.99,NORMAL
85,66,-0.0892782384322815,88.07,NORMAL
85,67,-0.0884977122958372,87.72,NORMAL
85,68,-0.0727226342552534,80.65,NORMAL
85,69,-0.1027680666078867,94.12,NORMAL
85,70,-0.0896392687547223,88.23,NORMAL
85,71,-0.1034136749945138,94.41,NORMAL
85,72,-0.075429615690532,81.86,NORMAL
85,73,-0.0940008887286344,90.19,NORMAL
85,74,-0.063806320817624,76.65,NORMAL
85,75,-0.0772930686564106,82.7,NORMAL
85,76,-0.0904231457999791,88.58,NORMAL
85,77,-0.1078468253555176,96.4,NORMAL
85,78,-0.0826958598987476,85.12,NORMAL
85,79,-0.0884192644013884,87.69,NORMAL
85,80,-0.1055380022497463,95.36,NORMAL
85,81,-0.0826085761752973,85.08,NORMAL
85,82,-0.1081074753098736,96.51,NORMAL
85,83,-0.0714408352163851,80.07,NORMAL
85,84,-0.0866748966313513,86.9,NORMAL
85,85,-0.076294070857192,82.25,NORMAL
85,86,-0.0559266573687701,73.12,NORMAL
85,87,-0.0930357667718294,89.76,NORMAL
85,88,-0.0947166234481596,90.51,NORMAL
85,89,-0.0818327241764808,84.73,NORMAL
85,90,-0.069741955814816,79.31,NORMAL
85,91,-0.1043088217569351,94.81,NORMAL
85,92,-0.1016812201810684,93.63,NORMAL
85,93,-0.0740419366911925,81.24,NORMAL
85,94,-0.0386046444299704,65.35,WARNING
85,95,-0.0874984440626202,87.27,NORMAL
85,96,-0.0778915130268579,82.97,NORMAL
85,97,-0.0738308165415433,81.14,NORMAL
85,98,-0.0994575270772873,92.64,NORMAL
85,99,-0.0642230661868502,76.84,NORMAL
85,100,-0.0918235910734576,89.21,NORMAL
85,101,-0.0817995165590432,84.72,NORMAL
85,102,-0.0689991543649202,78.98,NORMAL
85,103,-0.0704628487963255,79.63,NORMAL
85,104,-0.08838366023791,87.67,NORMAL
85,105,-0.0996526744571848,92.72,NORMAL
85,106,-0.0943720647155268,90.36,NORMAL
85,107,-0.0904221530605791,88.58,NORMAL
85,108,-0.0635496039332486,76.53,NORMAL
85,109,-0.1022516695280256,93.89,NORMAL
85,110,-0.0765897685935411,82.38,NORMAL
85,111,-0.065465058670992,77.39,NORMAL
85,112,-0.0738829033731703,81.17,NORMAL
85,113,-0.1037956360179475,94.58,NORMAL
85,114,-0.0696554628917299,79.27,NORMAL
85,115,-0.0778829994284816,82.96,NORMAL
85,116,-0.0958422530768136,91.01,NORMAL
85,117,-0.0814322751544486,84.55,NORMAL
85,118,-0.088405011007411,87.68,NORMAL
85,119,-0.0836768143377401,85.56,NORMAL
85,120,-0.1035086500274404,94.45,NORMAL
85,121,-0.0892582842421636,88.06,NORMAL
85,122,-0.0719565230587696,80.3,NORMAL
85,123,-0.0819334477122039,84.78,NORMAL
85,124,-0.0838172077284868,85.62,NORMAL
85,125,-0.0900963058826729,88.44,NORMAL
85,126,-0.0967007101239272,91.4,NORMAL
85,127,-0.0897703686647476,88.29,NORMAL
85,128,-0.0751150718738807,81.72,NORMAL
85,129,-0.0808129644926747,84.28,NORMAL
85,130,-0.0960183356219475,91.09,NORMAL
85,131,-0.0793812507208167,83.63,NORMAL
85,132,-0.0938115754443932,90.1,NORMAL
85,133,-0.0811525617330466,84.43,NORMAL
85,134,-0.0685020687167856,78.75,NORMAL
85,135,-0.0546361178737113,72.54,NORMAL
85,136,-0.0756967526049242,81.98,NORMAL
85,137,-0.090747605857865,88.73,NORMAL
85,138,-0.1028378550382274,94.15,NORMAL
85,139,-0.0911330615993299,88.9,NORMAL
85,140,-0.0677271422967419,78.41,NORMAL
85,141,-0.0817147038792982,84.68,NORMAL
85,142,-0.092557152384898,89.54,NORMAL
85,143,-0.0419221591550978,66.84,WARNING
85,144,-0.1000211649539544,92.89,NORMAL
85,145,-0.0913354387046295,88.99,NORMAL
85,146,-0.0967528398877021,91.42,NORMAL
85,147,-0.0850200346645268,86.16,NORMAL
85,148,-0.0342551410609541,63.4,WARNING
85,149,-0.0715554194697911,80.12,NORMAL
85,150,-0.0425741607594482,67.13,WARNING
85,151,-0.0660619934791397,77.66,NORMAL
85,152,-0.040515559019029,66.21,WARNING
85,153,-0.0570618654072007,73.62,NORMAL
85,154,-0.0455840952806148,68.48,WARNING
85,155,-0.0319359059578053,62.36,WARNING
85,156,-0.0768354851011564,82.49,NORMAL
85,157,-0.0745098472535961,81.45,NORMAL
85,158,-0.0143398018753268,54.47,WARNING
85,159,-0.0271356325566448,60.21,WARNING
85,160,-0.0438627497135645,67.71,WARNING
85,161,-0.0271105957079101,60.19,WARNING
85,162,-0.0492113081117125,70.1,NORMAL
85,163,-0.0313645694583152,62.1,WARNING
85,164,-0.0420474361486363,66.89,WARNING
85,165,-0.0189524554851217,56.54,WARNING
85,166,-0.0296314216244377,61.32,WARNING
85,167,-0.0223319937269068,58.05,WARNING
85,168,-0.006664566165523,51.03,WARNING
85,169,-0.0253164628608282,59.39,WARNING
85,170,0.0068358552212035,44.97,WARNING
85,171,-0.0489901787708786,70.01,NORMAL
85,172,0.0096766724548229,43.7,WARNING
85,173,-0.0128363984205409,53.79,WARNING
85,174,0.0206009724193027,38.8,CRITICAL
85,175,0.0325080394242548,33.46,CRITICAL
85,176,0.0243736108197161,37.11,CRITICAL
85,177,-0.005956898753123,50.71,WARNING
85,178,0.0378471900633407,31.07,CRITICAL
85,179,0.0294761137196448,34.82,CRITICAL
85,180,0.008849078051149,44.07,WARNING
85,181,0.0170065322472002,40.41,WARNING
85,182,0.0146308828628358,41.48,WARNING
85,183,0.0289084273274118,35.07,CRITICAL
85,184,0.0457818241954108,27.51,CRITICAL
85,185,0.0278202285497085,35.56,CRITICAL
85,186,0.0636748482713662,19.48,CRITICAL
85,187,0.1107328345013491,0.0,CRITICAL
85,188,0.0799743602111699,12.18,CRITICAL
86,1,-0.0865627214044301,86.85,NORMAL
86,2,0.0061319860961136,45.29,WARNING
86,3,-0.1061361869102875,95.63,NORMAL
86,4,-0.0766403500389211,82.4,NORMAL
86,5,-0.063409018235495,76.47,NORMAL
86,6,-0.1019434683122996,93.75,NORMAL
86,7,-0.0796805437938978,83.77,NORMAL
86,8,-0.0677999560692121,78.44,NORMAL
86,9,-0.0865683921432556,86.86,NORMAL
86,10,-0.0990108244900039,92.44,NORMAL
86,11,-0.0888529673462136,87.88,NORMAL
86,12,-0.083425038161414,85.45,NORMAL
86,13,-0.0797255208369555,83.79,NORMAL
86,14,-0.0913450604195483,89.0,NORMAL
86,15,-0.0950201200041495,90.65,NORMAL
86,16,-0.0720981350917178,80.37,NORMAL
86,17,-0.0770600093191331,82.59,NORMAL
86,18,-0.0843712218319261,85.87,NORMAL
86,19,-0.0868109560281265,86.96,NORMAL
86,20,-0.0787127710692718,83.33,NORMAL
86,21,-0.0863301060513752,86.75,NORMAL
86,22,-0.1118148929476209,98.18,NORMAL
86,23,-0.1016177461694641,93.6,NORMAL
86,24,-0.0828649165422294,85.2,NORMAL
86,25,-0.0937641016969993,90.08,NORMAL
86,26,-0.0637398111375184,76.62,NORMAL
86,27,-0.0956140386397507,90.91,NORMAL
86,28,-0.0934190387033384,89.93,NORMAL
86,29,-0.0847011313883254,86.02,NORMAL
86,30,-0.0924788509982959,89.51,NORMAL
86,31,-0.0921480042329803,89.36,NORMAL
86,32,-0.0747044194411192,81.54,NORMAL
86,33,-0.0851073671901587,86.2,NORMAL
86,34,-0.0825897722648786,85.07,NORMAL
86,35,-0.0977310475443961,91.86,NORMAL
86,36,-0.0804610689762572,84.12,NORMAL
86,37,-0.0657072019645151,77.5,NORMAL
86,38,-0.0937239990304799,90.06,NORMAL
86,39,-0.0902905840859634,88.53,NORMAL
86,40,-0.094524565926467,90.42,NORMAL
86,41,-0.1149596761769582,99.59,NORMAL
86,42,-0.0920379983784742,89.31,NORMAL
86,43,-0.0551901149359182,72.79,NORMAL
86,44,-0.111275202923012,97.94,NORMAL
86,45,-0.0879729742017918,87.49,NORMAL
86,46,-0.0739425406547592,81.19,NORMAL
86,47,-0.0677471828420921,78.42,NORMAL
86,48,-0.0938705702160477,90.13,NORMAL
86,49,-0.1026889736762302,94.08,NORMAL
86,50,-0.1056114155463867,95.4,NORMAL
86,51,-0.096685881579375,91.39,NORMAL
86,52,-0.0867741728451423,86.95,NORMAL
86,53,-0.101310329636489,93.47,NORMAL
86,54,-0.0817727935909038,84.71,NORMAL
86,55,-0.1041168980731975,94.73,NORMAL
86,56,-0.118529820837146,100.0,NORMAL
86,57,-0.0969714856963533,91.52,NORMAL
86,58,-0.0742212124572193,81.32,NORMAL
86,59,-0.0888269097047645,87.87,NORMAL
86,60,-0.0851019944928754,86.2,NORMAL
86,61,-0.0912644774611294,88.96,NORMAL
86,62,-0.1126380409856284,98.55,NORMAL
86,63,-0.0995480720232717,92.68,NORMAL
86,64,-0.0788993855720436,83.42,NORMAL
86,65,-0.1115252855174788,98.05,NORMAL
86,66,-0.0890423548934331,87.97,NORMAL
86,67,-0.0993147537639484,92.57,NORMAL
86,68,-0.1020647507767534,93.8,NORMAL
86,69,-0.1105691690632519,97.62,NORMAL
86,70,-0.0918199889290671,89.21,NORMAL
86,71,-0.1068058599129536,95.93,NORMAL
86,72,-0.1109851394832138,97.81,NORMAL
86,73,-0.0931417532292496,89.8,NORMAL
86,74,-0.0692237273099179,79.08,NORMAL
86,75,-0.0836742983723601,85.56,NORMAL
86,76,-0.1002750850510632,93.0,NORMAL
86,77,-0.1010724485732554,93.36,NORMAL
86,78,-0.1021043059945387,93.82,NORMAL
86,79,-0.0848873021759923,86.1,NORMAL
86,80,-0.0852413465917154,86.26,NORMAL
86,81,-0.0729017421963034,80.73,NORMAL
86,82,-0.0876814437309222,87.36,NORMAL
86,83,-0.0980645972258335,92.01,NORMAL
86,84,-0.0851802223338887,86.23,NORMAL
86,85,-0.1155075914655902,99.83,NORMAL
86,86,-0.0844399650898716,85.9,NORMAL
86,87,-0.1124417322016376,98.46,NORMAL
86,88,-0.1092228372654344,97.01,NORMAL
86,89,-0.0856129964686124,86.43,NORMAL
86,90,-0.1139526159229058,99.14,NORMAL
86,91,-0.0776827471538906,82.87,NORMAL
86,92,-0.1044680120766748,94.88,NORMAL
86,93,-0.0899760252784616,88.38,NORMAL
86,94,-0.0664334631937315,77.83,NORMAL
86,95,-0.0885229203155602,87.73,NORMAL
86,96,-0.0486058893823414,69.83,WARNING
86,97,-0.107533567541503,96.26,NORMAL
86,98,-0.0918542757374707,89.23,NORMAL
86,99,-0.0953362951673154,90.79,NORMAL
86,100,-0.1109782525672626,97.8,NORMAL
86,101,-0.0941069516555979,90.24,NORMAL
86,102,-0.0698145104478034,79.34,NORMAL
86,103,-0.0744876734680922,81.44,NORMAL
86,104,-0.0821215578334072,84.86,NORMAL
86,105,-0.0895650730401909,88.2,NORMAL
86,106,-0.0718464700380184,80.25,NORMAL
86,107,-0.0784891801141226,83.23,NORMAL
86,108,-0.0783882916463778,83.19,NORMAL
86,109,-0.0976193442862042,91.81,NORMAL
86,110,-0.0983986847006888,92.16,NORMAL
86,111,-0.0891704911204248,88.02,NORMAL
86,112,-0.1106552478487447,97.66,NORMAL
86,113,-0.0958995969147987,91.04,NORMAL
86,114,-0.0848758910238947,86.1,NORMAL
86,115,-0.081698905460848,84.67,NORMAL
86,116,-0.0923422131750787,89.45,NORMAL
86,117,-0.1095910615968378,97.18,NORMAL
86,118,-0.1092578599286743,97.03,NORMAL
86,119,-0.121496617541339,100.0,NORMAL
86,120,-0.1014411147644229,93.53,NORMAL
86,121,-0.1095631384774843,97.17,NORMAL
86,122,-0.0822964504421325,84.94,NORMAL
86,123,-0.1149001195627678,99.56,NORMAL
86,124,-0.079070077765946,83.49,NORMAL
86,125,-0.0921392173641554,89.35,NORMAL
86,126,-0.1123007043581824,98.39,NORMAL
86,127,-0.0838948153855017,85.66,NORMAL
86,128,-0.0882573093560487,87.61,NORMAL
86,129,-0.10135142458351,93.49,NORMAL
86,130,-0.065312509598557,77.32,NORMAL
86,131,-0.0898029040160482,88.31,NORMAL
86,132,-0.0709516709524903,79.85,NORMAL
86,133,-0.0815080798993562,84.59,NORMAL
86,134,-0.0845351168589029,85.94,NORMAL
86,135,-0.097217165748088,91.63,NORMAL
86,136,-0.0934895786492822,89.96,NORMAL
86,137,-0.0958252203994947,91.01,NORMAL
86,138,-0.0922154838713733,89.39,NORMAL
86,139,-0.094820299830045,90.56,NORMAL
86,140,-0.0881999624766564,87.59,NORMAL
86,141,-0.0761392821034135,82.18,NORMAL
86,142,-0.0912366972740363,88.95,NORMAL
86,143,-0.1058780637416512,95.51,NORMAL
86,144,-0.0708384240761019,79.8,NORMAL
86,145,-0.0747704393335343,81.57,NORMAL
86,146,-0.1064787285866055,95.78,NORMAL
86,147,-0.0888100942465938,87.86,NORMAL
86,148,-0.0926391902534365,89.58,NORMAL
86,149,-0.0791590117981508,83.53,NORMAL
86,150,-0.1125025374249666,98.49,NORMAL
86,151,-0.0804229444503337,84.1,NORMAL
86,152,-0.0733031997283573,80.91,NORMAL
86,153,-0.1000943729829321,92.92,NORMAL
86,154,-0.0703315743761268,79.58,NORMAL
86,155,-0.0936618971880702,90.04,NORMAL
86,156,-0.0966160793678174,91.36,NORMAL
86,157,-0.0718864040550357,80.27,NORMAL
86,158,-0.0972614562907988,91.65,NORMAL
86,159,-0.1047215747033948,95.0,NORMAL
86,160,-0.0825926751943059,85.07,NORMAL
86,161,-0.0865431089853314,86.84,NORMAL
86,162,-0.0764780979919703,82.33,NORMAL
86,163,-0.0963474681970361,91.24,NORMAL
86,164,-0.0868020251703124,86.96,NORMAL
86,165,-0.091274191672414,88.97,NORMAL
86,166,-0.1078485901109311,96.4,NORMAL
86,167,-0.1002188692547712,92.98,NORMAL
86,168,-0.0771059508481312,82.61,NORMAL
86,169,-0.0769979304552201,82.56,NORMAL
86,170,-0.0940616456349691,90.22,NORMAL
86,171,-0.0922169590496491,89.39,NORMAL
86,172,-0.0703715516203221,79.59,NORMAL
86,173,-0.0850719477443432,86.19,NORMAL
86,174,-0.0760837322000894,82.15,NORMAL
86,175,-0.0541925585449108,72.34,NORMAL
86,176,-0.0863432878818782,86.76,NORMAL
86,177,-0.0995156987959675,92.66,NORMAL
86,178,-0.1109932052903586,97.81,NORMAL
86,179,-0.0730825244447176,80.81,NORMAL
86,180,-0.0997115684197638,92.75,NORMAL
86,181,-0.0609528837365304,75.37,NORMAL
86,182,-0.0446157652876539,68.04,WARNING
86,183,-0.0913231089356425,88.99,NORMAL
86,184,-0.0731262983939222,80.83,NORMAL
86,185,-0.0849285468747318,86.12,NORMAL
86,186,-0.0703962819202842,79.6,NORMAL
86,187,-0.0872161307218143,87.15,NORMAL
86,188,-0.0530343600290245,71.82,NORMAL
86,189,-0.0608249321819028,75.31,NORMAL
86,190,-0.1060630844000417,95.6,NORMAL
86,191,-0.0730677384797657,80.8,NORMAL
86,192,-0.0857533355859502,86.49,NORMAL
86,193,-0.0888606202267412,87.88,NORMAL
86,194,-0.068377790081001,78.7,NORMAL
86,195,-0.0759972179840902,82.12,NORMAL
86,196,-0.0840352495764542,85.72,NORMAL
86,197,-0.1033696647842382,94.39,NORMAL
86,198,-0.0413465838351602,66.58,WARNING
86,199,-0.0700945749515339,79.47,NORMAL
86,200,-0.0663207245016761,77.78,NORMAL
86,201,-0.072513433284864,80.55,NORMAL
86,202,-0.0764091911174889,82.3,NORMAL
86,203,-0.0882768979722414,87.62,NORMAL
86,204,-0.0460070066969729,68.67,WARNING
86,205,-0.0554315335049297,72.89,NORMAL
86,206,-0.0187467831048314,56.44,WARNING
86,207,-0.0674852704193796,78.3,NORMAL
86,208,-0.0783414628120774,83.17,NORMAL
86,209,-0.0508330963904436,70.83,NORMAL
86,210,-0.0970048312814778,91.54,NORMAL
86,211,-0.0547056963380375,72.57,NORMAL
86,212,-0.0348268931301712,63.65,WARNING
86,213,-0.0741389225831834,81.28,NORMAL
86,214,-0.0593903868372941,74.67,NORMAL
86,215,-0.0543658351887738,72.42,NORMAL
86,216,-0.0840196069896511,85.71,NORMAL
86,217,-0.0555175322520093,72.93,NORMAL
86,218,-0.0778996965255956,82.97,NORMAL
86,219,-0.1020024118917087,93.78,NORMAL
86,220,-0.0536358105848548,72.09,NORMAL
86,221,-0.0573509407242254,73.75,NORMAL
86,222,-0.0395807815454318,65.79,WARNING
86,223,-0.0374829766999332,64.85,WARNING
86,224,-0.0574557085478249,73.8,NORMAL
86,225,-0.0497165862407045,70.33,NORMAL
86,226,-0.0596894458204751,74.8,NORMAL
86,227,-0.0727844872526011,80.68,NORMAL
86,228,-0.0628852492628828,76.24,NORMAL
86,229,-0.0679511634667119,78.51,NORMAL
86,230,-0.0510340124539154,70.92,NORMAL
86,231,-0.0433770609030277,67.49,WARNING
86,232,-0.0508237636280318,70.83,NORMAL
86,233,-0.0268400323399069,60.07,WARNING
86,234,-0.063199604438719,76.38,NORMAL
86,235,-0.0294422034205568,61.24,WARNING
86,236,-0.0495161806383928,70.24,NORMAL
86,237,-0.0201337712543924,57.07,WARNING
86,238,-0.0263764388074946,59.87,WARNING
86,239,-0.0085161540355506,51.86,WARNING
86,240,-0.0305552471875935,61.74,WARNING
86,241,-0.0513666924605836,71.07,NORMAL
86,242,-0.0130435163915185,53.89,WARNING
86,243,-0.0571274115746381,73.65,NORMAL
86,244,-0.0205771320792791,57.26,WARNING
86,245,-0.0270044553774247,60.15,WARNING
86,246,0.0004241912777928,47.85,WARNING
86,247,-0.0291387300785085,61.1,WARNING
86,248,0.003750787651397,46.36,WARNING
86,249,0.0074979987657345,44.68,WARNING
86,250,0.035228996423262,32.24,CRITICAL
86,251,-0.0077912940745041,51.53,WARNING
86,252,-0.0096570201188211,52.37,WARNING
86,253,-0.0293685184205089,61.21,WARNING
86,254,-0.0015521244819782,48.73,WARNING
86,255,0.0085049525077003,44.22,WARNING
86,256,-0.020537199910174,57.25,WARNING
86,257,0.0066813339185939,45.04,WARNING
86,258,-0.0194941014670625,56.78,WARNING
86,259,-0.0025507288813905,49.18,WARNING
86,260,0.0028648553740315,46.75,WARNING
86,261,0.0256188347482355,36.55,CRITICAL
86,262,0.0204966609681608,38.85,CRITICAL
86,263,0.0233312074028487,37.58,CRITICAL
86,264,0.0495585426679436,25.81,CRITICAL
86,265,0.0213117445494831,38.48,CRITICAL
86,266,0.0511666879551225,25.09,CRITICAL
86,267,0.0020167406095744,47.13,WARNING
86,268,0.0757255631635389,14.08,CRITICAL
86,269,0.0098300957556999,43.63,WARNING
86,270,0.0477434909220984,26.63,CRITICAL
86,271,0.0167322949460491,40.53,WARNING
86,272,0.0616420227329547,20.4,CRITICAL
86,273,0.0305578244321097,34.33,CRITICAL
86,274,0.0266179129628886,36.1,CRITICAL
86,275,0.0270336252744423,35.92,CRITICAL
86,276,0.0161646563250481,40.79,WARNING
86,277,0.0562377538513148,22.82,CRITICAL
86,278,0.0540836749522236,23.79,CRITICAL
87,1,-0.0641263273695623,76.79,NORMAL
87,2,-0.0897631905427301,88.29,NORMAL
87,3,-0.0615343420916534,75.63,NORMAL
87,4,-0.0832971052101566,85.39,NORMAL
87,5,-0.0910041495664947,88.85,NORMAL
87,6,-0.0820088417198863,84.81,NORMAL
87,7,-0.0944241400108082,90.38,NORMAL
87,8,-0.108662046148051,96.76,NORMAL
87,9,-0.1218212048229471,100.0,NORMAL
87,10,-0.1016466003049874,93.62,NORMAL
87,11,-0.0733598891217331,80.93,NORMAL
87,12,-0.1027286082232926,94.1,NORMAL
87,13,-0.1051129594283757,95.17,NORMAL
87,14,-0.059318669265289,74.64,NORMAL
87,15,-0.0978466839210282,91.91,NORMAL
87,16,-0.1017747856223192,93.67,NORMAL
87,17,-0.0928811660873695,89.69,NORMAL
87,18,-0.0820621227878273,84.84,NORMAL
87,19,-0.1097237679463211,97.24,NORMAL
87,20,-0.0743279561666205,81.37,NORMAL
87,21,-0.0966227812028689,91.36,NORMAL
87,22,-0.1253195608757872,100.0,NORMAL
87,23,-0.087478599061451,87.26,NORMAL
87,24,-0.0801960801144548,84.0,NORMAL
87,25,-0.082704493201106,85.12,NORMAL
87,26,-0.0901484509789901,88.46,NORMAL
87,27,-0.0893026037590543,88.08,NORMAL
87,28,-0.081644580766793,84.65,NORMAL
87,29,-0.0852425902251065,86.26,NORMAL
87,30,-0.1022462023127736,93.89,NORMAL
87,31,-0.098652474521609,92.27,NORMAL
87,32,-0.06735737593488,78.24,NORMAL
87,33,-0.080086357279641,83.95,NORMAL
87,34,-0.0804405792969628,84.11,NORMAL
87,35,-0.0807153783074693,84.23,NORMAL
87,36,-0.0787043737962246,83.33,NORMAL
87,37,-0.1048536855943008,95.06,NORMAL
87,38,-0.0869936605837429,87.05,NORMAL
87,39,-0.0693844962216325,79.15,NORMAL
87,40,-0.0833261620472247,85.4,NORMAL
87,41,-0.0814976824262495,84.58,NORMAL
87,42,-0.058289932268544,74.18,NORMAL
87,43,-0.1114153881604518,98.0,NORMAL
87,44,-0.0959276975198544,91.05,NORMAL
87,45,-0.0890875407310411,87.99,NORMAL
87,46,-0.105935611352247,95.54,NORMAL
87,47,-0.0434909074211947,67.54,WARNING
87,48,-0.0875137466345041,87.28,NORMAL
87,49,-0.0912140884241171,88.94,NORMAL
87,50,-0.0768187713192344,82.48,NORMAL
87,51,-0.1069214412070898,95.98,NORMAL
87,52,-0.0925807485468264,89.55,NORMAL
87,53,-0.1023275515583086,93.92,NORMAL
87,54,-0.0985256314649303,92.22,NORMAL
87,55,-0.1124087184736332,98.44,NORMAL
87,56,-0.0877985631512408,87.41,NORMAL
87,57,-0.0927384492753718,89.62,NORMAL
87,58,-0.0832884626732105,85.39,NORMAL
87,59,-0.0823421991057262,84.96,NORMAL
87,60,-0.1109510306324886,97.79,NORMAL
87,61,-0.1042506339538102,94.79,NORMAL
87,62,-0.0675948675463403,78.35,NORMAL
87,63,-0.0720096781334841,80.33,NORMAL
87,64,-0.0747387358866677,81.55,NORMAL
87,65,-0.0867199490052224,86.92,NORMAL
87,66,-0.0951296763584555,90.7,NORMAL
87,67,-0.1019719277427726,93.76,NORMAL
87,68,-0.1006544079855533,93.17,NORMAL
87,69,-0.1013685046744986,93.49,NORMAL
87,70,-0.0802303282123544,84.01,NORMAL
87,71,-0.0850699248011989,86.18,NORMAL
87,72,-0.0961155153922047,91.14,NORMAL
87,73,-0.0863447907485172,86.76,NORMAL
87,74,-0.0805982020172488,84.18,NORMAL
87,75,-0.0893582315271839,88.11,NORMAL
87,76,-0.1143894174103366,99.33,NORMAL
87,77,-0.0827048333771366,85.12,NORMAL
87,78,-0.1026069389735384,94.05,NORMAL
87,79,-0.099426944038917,92.62,NORMAL
87,80,-0.0945240374853493,90.42,NORMAL
87,81,-0.0979772015768816,91.97,NORMAL
87,82,-0.081256470493587,84.47,NORMAL
87,83,-0.0900831710807001,88.43,NORMAL
87,84,-0.0950027626696951,90.64,NORMAL
87,85,-0.1006833494036063,93.19,NORMAL
87,86,-0.085438419734197,86.35,NORMAL
87,87,-0.0766045795261542,82.39,NORMAL
87,88,-0.0964354142653186,91.28,NORMAL
87,89,-0.0871936056480575,87.14,NORMAL
87,90,-0.0971492511260026,91.6,NORMAL
87,91,-0.0907767234750475,88.74,NORMAL
87,92,-0.1041976901204913,94.76,NORMAL
87,93,-0.0670929103649057,78.12,NORMAL
87,94,-0.0871898953969388,87.13,NORMAL
87,95,-0.0972405239153456,91.64,NORMAL
87,96,-0.0933174087003529,89.88,NORMAL
87,97,-0.073019813234574,80.78,NORMAL
87,98,-0.0608991634421084,75.35,NORMAL
87,99,-0.1198031539487578,100.0,NORMAL
87,100,-0.0903074200504233,88.53,NORMAL
87,101,-0.0773003226541585,82.7,NORMAL
87,102,-0.0946244172512885,90.47,NORMAL
87,103,-0.0747982363068905,81.58,NORMAL
87,104,-0.0897912649878251,88.3,NORMAL
87,105,-0.0770255201944641,82.58,NORMAL
87,106,-0.0799763173378645,83.9,NORMAL
87,107,-0.0953719486891832,90.8,NORMAL
87,108,-0.0998166553334955,92.8,NORMAL
87,109,-0.0820808186983882,84.84,NORMAL
87,110,-0.0638720835799099,76.68,NORMAL
87,111,-0.044818579397703,68.13,WARNING
87,112,-0.1035544027699099,94.47,NORMAL
87,113,-0.0640320957808824,76.75,NORMAL
87,114,-0.109932864445908,97.33,NORMAL
87,115,-0.0426690161574376,67.17,WARNING
87,116,-0.0727692225961171,80.67,NORMAL
87,117,-0.0920492380680983,89.31,NORMAL
87,118,-0.0877353253621767,87.38,NORMAL
87,119,-0.1080110174639146,96.47,NORMAL
87,120,-0.0884591492100092,87.7,NORMAL
87,121,-0.0669262079604376,78.05,NORMAL
87,122,-0.0900756616766801,88.43,NORMAL
87,123,-0.0754280378780705,81.86,NORMAL
87,124,-0.1054769954945554,95.34,NORMAL
87,125,-0.0569746045468558,73.59,NORMAL
87,126,-0.0662872934332428,77.76,NORMAL
87,127,-0.094101376344078,90.23,NORMAL
87,128,-0.0809905271554897,84.35,NORMAL
87,129,-0.0664072458560695,77.82,NORMAL
87,130,-0.0682498578156363,78.64,NORMAL
87,131,-0.0889858291968136,87.94,NORMAL
87,132,-0.0585681689587885,74.3,NORMAL
87,133,-0.0359018123795116,64.14,WARNING
87,134,-0.0842771831723622,85.83,NORMAL
87,135,-0.0663777079620438,77.8,NORMAL
87,136,-0.0568057290094405,73.51,NORMAL
87,137,-0.0782089459984335,83.11,NORMAL
87,138,-0.0831319284231254,85.32,NORMAL
87,139,-0.046858867918849,69.05,WARNING
87,140,-0.0879690282761998,87.48,NORMAL
87,141,-0.0618860517801973,75.79,NORMAL
87,142,-0.0751246314197228,81.72,NORMAL
87,143,-0.084478921004849,85.92,NORMAL
87,144,-0.0403928930610217,66.15,WARNING
87,145,-0.0260364997148999,59.71,WARNING
87,146,-0.0532607339710305,71.92,NORMAL
87,147,-0.0510999108180091,70.95,NORMAL
87,148,-0.057449558966959,73.8,NORMAL
87,149,0.0013377176357783,47.44,WARNING
87,150,-0.0512909651756519,71.04,NORMAL
87,151,-0.0512492034320415,71.02,NORMAL
87,152,-0.0446939902142988,68.08,WARNING
87,153,-0.0450129814253388,68.22,WARNING
87,154,-0.0209770892589533,57.44,WARNING
87,155,-0.0327089831726854,62.7,WARNING
87,156,-0.043150497982278,67.39,WARNING
87,157,0.0099070321999323,43.59,WARNING
87,158,0.0026978598035957,46.83,WARNING
87,159,0.0141768671136226,41.68,WARNING
87,160,0.0063291896539857,45.2,WARNING
87,161,-0.0042038406947267,49.92,WARNING
87,162,0.0051470385204188,45.73,WARNING
87,163,0.0079073326592413,44.49,WARNING
87,164,-0.0100477325998736,52.54,WARNING
87,165,0.0064613440845741,45.14,WARNING
87,166,0.0183479707157596,39.81,CRITICAL
87,167,0.0325424072741209,33.44,CRITICAL
87,168,0.0147749494787524,41.41,WARNING
87,169,0.0198240284739842,39.15,CRITICAL
87,170,0.0382083343119017,30.9,CRITICAL
87,171,0.0627330024924214,19.91,CRITICAL
87,172,0.0394170547144347,30.36,CRITICAL
87,173,0.0125599073558707,42.41,WARNING
87,174,0.0727897896473251,15.4,CRITICAL
87,175,0.0825821055424804,11.01,CRITICAL
87,176,0.0707647999052308,16.31,CRITICAL
87,177,0.0920530609619877,6.76,CRITICAL
87,178,0.0708080739667484,16.29,CRITICAL
88,1,0.0157286684654174,40.98,WARNING
88,2,-0.0562164010097955,73.25,NORMAL
88,3,-0.1054781424923517,95.34,NORMAL
88,4,-0.0775871693061184,82.83,NORMAL
88,5,-0.0546608677131075,72.55,NORMAL
88,6,-0.0915440384447976,89.09,NORMAL
88,7,-0.0674157814263538,78.27,NORMAL
88,8,-0.0423188598116003,67.01,WARNING
88,9,-0.0849463836652819,86.13,NORMAL
88,10,-0.085827595444022,86.52,NORMAL
88,11,-0.0895712037014453,88.2,NORMAL
88,12,-0.0850297585196549,86.17,NORMAL
88,13,-0.0888839913979842,87.89,NORMAL
88,14,-0.0612317422235252,75.49,NORMAL
88,15,-0.0614013331702343,75.57,NORMAL
88,16,-0.0717556508384731,80.21,NORMAL
88,17,-0.0737289689892868,81.1,NORMAL
88,18,-0.0194808735815825,56.77,WARNING
88,19,-0.0747138200131272,81.54,NORMAL
88,20,-0.0815053968617001,84.59,NORMAL
88,21,-0.0800245550321393,83.92,NORMAL
88,22,-0.0498092160027088,70.37,NORMAL
88,23,-0.0984846864126345,92.2,NORMAL
88,24,-0.0541428218860646,72.32,NORMAL
88,25,-0.0783903656031672,83.19,NORMAL
88,26,-0.0807782493520246,84.26,NORMAL
88,27,-0.052055870295494,71.38,NORMAL
88,28,-0.0780659660715087,83.04,NORMAL
88,29,-0.0787285758218938,83.34,NORMAL
88,30,-0.0714816178185828,80.09,NORMAL
88,31,-0.0382842000813318,65.2,WARNING
88,32,-0.0514995202213747,71.13,NORMAL
88,33,-0.1098255872892735,97.29,NORMAL
88,34,-0.08599048565394,86.6,NORMAL
88,35,-0.066103626523858,77.68,NORMAL
88,36,-0.0801681306204785,83.99,NORMAL
88,37,-0.0723783922380152,80.49,NORMAL
88,38,-0.0660778378477246,77.67,NORMAL
88,39,-0.0908951845115655,88.8,NORMAL
88,40,-0.0858436965968749,86.53,NORMAL
88,41,-0.0920951572068334,89.33,NORMAL
88,42,-0.0646437217480248,77.02,NORMAL
88,43,-0.0568976923038183,73.55,NORMAL
88,44,-0.092494454824701,89.51,NORMAL
88,45,-0.0990182190752584,92.44,NORMAL
88,46,-0.0780615883753323,83.04,NORMAL
88,47,-0.1125754570151809,98.52,NORMAL
88,48,-0.0194841538207105,56.77,WARNING
88,49,-0.1021638840836089,93.85,NORMAL
88,50,-0.0718987363125329,80.28,NORMAL
88,51,-0.0943703073399437,90.35,NORMAL
88,52,-0.0929877895284925,89.73,NORMAL
88,53,-0.0653713988872019,77.35,NORMAL
88,54,-0.0857388283199083,86.48,NORMAL
88,55,-0.0815858345509876,84.62,NORMAL
88,56,-0.0758098782519882,82.03,NORMAL
88,57,-0.071535672899004,80.12,NORMAL
88,58,-0.0925211933654776,89.53,NORMAL
88,59,-0.0797405877723609,83.79,NORMAL
88,60,-0.0554337298525281,72.89,NORMAL
88,61,-0.0837599015180814,85.6,NORMAL
88,62,-0.0677910313107051,78.44,NORMAL
88,63,-0.0933254777931477,89.89,NORMAL
88,64,-0.0841156693521549,85.76,NORMAL
88,65,-0.0696603556565472,79.27,NORMAL
88,66,-0.1083589367928966,96.63,NORMAL
88,67,-0.0617904830791029,75.75,NORMAL
88,68,-0.0821216975771831,84.86,NORMAL
88,69,-0.0636388244453608,76.57,NORMAL
88,70,-0.1019267372789619,93.74,NORMAL
88,71,-0.1071567319008039,96.09,NORMAL
88,72,-0.0894807259650686,88.16,NORMAL
88,73,-0.0624862179942375,76.06,NORMAL
88,74,-0.0480299562877218,69.57,WARNING
88,75,-0.0741821500755308,81.3,NORMAL
88,76,-0.0581899533486926,74.13,NORMAL
88,77,-0.0727555460404076,80.66,NORMAL
88,78,-0.0734004638519343,80.95,NORMAL
88,79,-0.0938026940050576,90.1,NORMAL
88,80,-0.0563113071973787,73.29,NORMAL
88,81,-0.0753299464742613,81.82,NORMAL
88,82,-0.0972051603199947,91.63,NORMAL
88,83,-0.0906060686089548,88.67,NORMAL
88,84,-0.0849005909408761,86.11,NORMAL
88,85,-0.0950634793014045,90.67,NORMAL
88,86,-0.0945530716612451,90.44,NORMAL
88,87,-0.0875781013762888,87.31,NORMAL
88,88,-0.0721767133023334,80.4,NORMAL
88,89,-0.0557660972556583,73.04,NORMAL
88,90,-0.0790332322028027,83.48,NORMAL
88,91,-0.0985477656361761,92.23,NORMAL
88,92,-0.0395314292258955,65.76,WARNING
88,93,-0.0670185025890088,78.09,NORMAL
88,94,-0.0993154649756301,92.57,NORMAL
88,95,-0.0637456971358179,76.62,NORMAL
88,96,-0.0803429551574225,84.06,NORMAL
88,97,-0.0946732956319442,90.49,NORMAL
88,98,-0.0975856927495004,91.8,NORMAL
88,99,-0.0855101777814753,86.38,NORMAL
88,100,-0.0903641602463813,88.56,NORMAL
88,101,-0.0734361926710333,80.97,NORMAL
88,102,-0.0936158493615791,90.02,NORMAL
88,103,-0.0435831753236077,67.58,WARNING
88,104,-0.0938796044439345,90.13,NORMAL
88,105,-0.0947190164303725,90.51,NORMAL
88,106,-0.111310645148811,97.95,NORMAL
88,107,-0.0567202673650543,73.47,NORMAL
88,108,-0.0806183819810915,84.19,NORMAL
88,109,-0.0963123191815821,91.23,NORMAL
88,110,-0.0787041900004208,83.33,NORMAL
88,111,-0.0844987487996958,85.93,NORMAL
88,112,-0.0560209125848061,73.16,NORMAL
88,113,-0.0804522178426281,84.11,NORMAL
88,114,-0.066702934827558,77.95,NORMAL
88,115,-0.0692871169298564,79.11,NORMAL
88,116,-0.0741064977795021,81.27,NORMAL
88,117,-0.0745120318776119,81.45,NORMAL
88,118,-0.0770329944487605,82.58,NORMAL
88,119,-0.0657373376696338,77.52,NORMAL
88,120,-0.0951602317742717,90.71,NORMAL
88,121,-0.1008050719808867,93.24,NORMAL
88,122,-0.1031791794132039,94.3,NORMAL
88,123,-0.0883298718432673,87.65,NORMAL
88,124,-0.0809735070611685,84.35,NORMAL
88,125,-0.1002937348088063,93.01,NORMAL
88,126,-0.0526477355259332,71.65,NORMAL
88,127,-0.0560582860689692,73.17,NORMAL
88,128,-0.0903654097446345,88.56,NORMAL
88,129,-0.1035230100993031,94.46,NORMAL
88,130,-0.0872915696475883,87.18,NORMAL
88,131,-0.06489053304558,77.14,NORMAL
88,132,-0.0731086480780763,80.82,NORMAL
88,133,-0.1013895764557591,93.5,NORMAL
88,134,-0.0920731223612211,89.32,NORMAL
88,135,-0.0770117771938612,82.57,NORMAL
88,136,-0.0471351241520403,69.17,WARNING
88,137,-0.0841690468437393,85.78,NORMAL
88,138,-0.0708588747613115,79.81,NORMAL
88,139,-0.0922228360760386,89.39,NORMAL
88,140,-0.0671695776447243,78.16,NORMAL
88,141,-0.0523748220736551,71.52,NORMAL
88,142,-0.098006600032012,91.99,NORMAL
88,143,-0.06597057838498,77.62,NORMAL
88,144,-0.0676345888386451,78.37,NORMAL
88,145,-0.0736892471927643,81.08,NORMAL
88,146,-0.0825571999091911,85.06,NORMAL
88,147,-0.0531551123052542,71.87,NORMAL
88,148,-0.0783978097785033,83.19,NORMAL
88,149,-0.0581397767050038,74.11,NORMAL
88,150,-0.0574212392976146,73.79,NORMAL
88,151,-0.0792185326388766,83.56,NORMAL
88,152,-0.0806416489757513,84.2,NORMAL
88,153,-0.0808198643696424,84.28,NORMAL
88,154,-0.068145326739796,78.59,NORMAL
88,155,-0.0734167996584092,80.96,NORMAL
88,156,-0.0634160442262621,76.47,NORMAL
88,157,-0.0740002046489913,81.22,NORMAL
88,158,-0.0490773699056316,70.04,NORMAL
88,159,-0.069438408894585,79.17,NORMAL
88,160,-0.0805863354726104,84.17,NORMAL
88,161,-0.0806183324731527,84.19,NORMAL
88,162,-0.0790162053179301,83.47,NORMAL
88,163,-0.0658041187980093,77.55,NORMAL
88,164,-0.0731721698744254,80.85,NORMAL
88,165,-0.0830373053124388,85.27,NORMAL
88,166,-0.0659895290806926,77.63,NORMAL
88,167,-0.0595404418839058,74.74,NORMAL
88,168,-0.0782462707631269,83.12,NORMAL
88,169,-0.0690682360684449,79.01,NORMAL
88,170,-0.0503424523278985,70.61,NORMAL
88,171,-0.0541437384189105,72.32,NORMAL
88,172,-0.0666861474814767,77.94,NORMAL
88,173,-0.0652747218124524,77.31,NORMAL
88,174,-0.0279167179553913,60.56,WARNING
88,175,-0.0588461284137037,74.43,NORMAL
88,176,-0.0399111616799437,65.93,WARNING
88,177,-0.0516692641578366,71.21,NORMAL
88,178,-0.0296053380205244,61.31,WARNING
88,179,-0.0637340370391449,76.62,NORMAL
88,180,-0.0310225804671668,61.95,WARNING
88,181,-0.0371986437124473,64.72,WARNING
88,182,-0.0124249362081836,53.61,WARNING
88,183,-0.0356122638151298,64.01,WARNING
88,184,-0.0347023202931209,63.6,WARNING
88,185,0.0010700734111952,47.56,WARNING
88,186,-0.0359124303087639,64.14,WARNING
88,187,0.0152513676464814,41.2,WARNING
88,188,-0.0452639930693279,68.33,WARNING
88,189,-0.0172995048974642,55.79,WARNING
88,190,-0.0148411239825567,54.69,WARNING
88,191,-0.0177200342094951,55.98,WARNING
88,192,-0.0019818613258429,48.93,WARNING
88,193,-0.002958138376251,49.36,WARNING
88,194,0.0179065164313779,40.01,WARNING
88,195,0.0352668154431294,32.22,CRITICAL
88,196,0.0381868132173681,30.91,CRITICAL
88,197,0.0032160849419073,46.6,WARNING
88,198,0.0138411556767985,41.83,WARNING
88,199,0.0342773651761494,32.67,CRITICAL
88,200,0.0574721991355461,22.27,CRITICAL
88,201,0.0395107905342944,30.32,CRITICAL
88,202,0.0089527918928774,44.02,WARNING
88,203,0.0333378077795583,33.09,CRITICAL
88,204,0.0464382601465396,27.21,CRITICAL
88,205,0.026296934728816,36.25,CRITICAL
88,206,0.0561672285893829,22.85,CRITICAL
88,207,0.0445060279595528,28.08,CRITICAL
88,208,0.0675254516720039,17.76,CRITICAL
88,209,0.0574388061513025,22.28,CRITICAL
88,210,0.0547835887841958,23.47,CRITICAL
88,211,0.0838030540299691,10.46,CRITICAL
88,212,0.0683360439847873,17.39,CRITICAL
88,213,0.0925932795997402,6.52,CRITICAL
89,1,0.0152248328390318,41.21,WARNING
89,2,0.0213044477289029,38.48,CRITICAL
89,3,-0.0219842029717253,57.9,WARNING
89,4,0.042196209117524,29.12,CRITICAL
89,5,-0.0819596306589879,84.79,NORMAL
89,6,-0.0576025241711102,73.87,NORMAL
89,7,-0.0389032742169574,65.48,WARNING
89,8,-0.0589472291410616,74.47,NORMAL
89,9,-0.0546409643303133,72.54,NORMAL
89,10,-0.0655012442018943,77.41,NORMAL
89,11,-0.0658928434167068,77.58,NORMAL
89,12,-0.0739413374678876,81.19,NORMAL
89,13,-0.0631409338378283,76.35,NORMAL
89,14,-0.0632986383689249,76.42,NORMAL
89,15,-0.0365844804480582,64.44,WARNING
89,16,-0.0546461166038376,72.54,NORMAL
89,17,0.019983286811677,39.08,CRITICAL
89,18,-0.059109552880832,74.54,NORMAL
89,19,-0.0667521253748267,77.97,NORMAL
89,20,-0.0295297713306932,61.28,WARNING
89,21,-0.0521842202574921,71.44,NORMAL
89,22,-0.0402686352103611,66.09,WARNING
89,23,-0.047207448004425,69.21,WARNING
89,24,-0.0706904179151167,79.74,NORMAL
89,25,-0.0571854096673306,73.68,NORMAL
89,26,-0.0502951661409709,70.59,NORMAL
89,27,-0.0346047259580733,63.55,WARNING
89,28,-0.0633035709422726,76.42,NORMAL
89,29,-0.0371703726677452,64.71,WARNING
89,30,-0.0548526603986382,72.63,NORMAL
89,31,-0.0763237812267861,82.26,NORMAL
89,32,-0.0407585379953241,66.31,WARNING
89,33,-0.0680914195421548,78.57,NORMAL
89,34,-0.0397890175507683,65.88,WARNING
89,35,-0.0429102283495048,67.28,WARNING
89,36,-0.0875434841795552,87.29,NORMAL
89,37,-0.0753773803937001,81.84,NORMAL
89,38,-0.0667369467490902,77.96,NORMAL
89,39,-0.0817427342618965,84.69,NORMAL
89,40,-0.0599856923488058,74.94,NORMAL
89,41,-0.0577647713201084,73.94,NORMAL
89,42,-0.0663620181275463,77.8,NORMAL
89,43,-0.0808170592238198,84.28,NORMAL
89,44,-0.053697988738989,72.12,NORMAL
89,45,-0.0435254457167119,67.55,WARNING
89,46,-0.0901670296710402,88.47,NORMAL
89,47,-0.0352543466517293,63.85,WARNING
89,48,-0.0643132805037786,76.88,NORMAL
89,49,-0.0897799544000146,88.3,NORMAL
89,50,-0.0723796704066926,80.49,NORMAL
89,51,-0.0757570313003035,82.01,NORMAL
89,52,-0.0559349772895664,73.12,NORMAL
89,53,-0.0466700240219862,68.97,WARNING
89,54,-0.0948663503004505,90.58,NORMAL
89,55,-0.0793635609297278,83.63,NORMAL
89,56,-0.0380786309112573,65.11,WARNING
89,57,-0.0575213227359227,73.83,NORMAL
89,58,-0.0469743377883623,69.1,WARNING
89,59,-0.0387851283542228,65.43,WARNING
89,60,-0.0917255361033547,89.17,NORMAL
89,61,-0.0768095492197361,82.48,NORMAL
89,62,-0.0418193903055321,66.79,WARNING
89,63,-0.0827500741026435,85.14,NORMAL
89,64,-0.0594598207426492,74.7,NORMAL
89,65,-0.0731811681718901,80.85,NORMAL
89,66,-0.0575138552075669,73.83,NORMAL
89,67,-0.0732457285145589,80.88,NORMAL
89,68,-0.0767002987186603,82.43,NORMAL
89,69,-0.0842798586813447,85.83,NORMAL
89,70,-0.0908294124638859,88.77,NORMAL
89,71,-0.0718496695029709,80.26,NORMAL
89,72,-0.0860033217935731,86.6,NORMAL
89,73,-0.0749940133743314,81.67,NORMAL
89,74,-0.0786958196651797,83.33,NORMAL
89,75,-0.0181317310377297,56.17,WARNING
89,76,-0.0241084742069882,58.85,WARNING
89,77,-0.0845547775804123,85.95,NORMAL
89,78,-0.0532425590297439,71.91,NORMAL
89,79,-0.0816275731765611,84.64,NORMAL
89,80,-0.0189598876269294,56.54,WARNING
89,81,-0.0646868068743105,77.04,NORMAL
89,82,-0.044090649195307,67.81,WARNING
89,83,-0.0733266556873835,80.92,NORMAL
89,84,-0.0721827948699978,80.41,NORMAL
89,85,-0.0757533091919291,82.01,NORMAL
89,86,-0.0632905388225357,76.42,NORMAL
89,87,-0.0724017424753638,80.5,NORMAL
89,88,-0.0696857042675547,79.29,NORMAL
89,89,-0.0504554984211035,70.66,NORMAL
89,90,-0.0801507353144866,83.98,NORMAL
89,91,-0.0951314839427549,90.7,NORMAL
89,92,-0.0469697725862026,69.1,WARNING
89,93,-0.0518938521603873,71.31,NORMAL
89,94,-0.0862721868532229,86.72,NORMAL
89,95,-0.0563585913152619,73.31,NORMAL
89,96,-0.0517427765149026,71.24,NORMAL
89,97,-0.0857589291609665,86.49,NORMAL
89,98,-0.0384328880946039,65.27,WARNING
89,99,-0.0626064191605858,76.11,NORMAL
89,100,-0.0949368684350577,90.61,NORMAL
89,101,-0.0658879077194072,77.58,NORMAL
89,102,-0.0610035213553436,75.39,NORMAL
89,103,-0.0776782798086625,82.87,NORMAL
89,104,-0.0722143399411331,80.42,NORMAL
89,105,-0.1020949051795951,93.82,NORMAL
89,106,-0.1027909094716269,94.13,NORMAL
89,107,-0.0539971929233317,72.25,NORMAL
89,108,-0.0616255922342577,75.67,NORMAL
89,109,-0.0669344930495948,78.05,NORMAL
89,110,-0.0815746979804358,84.62,NORMAL
89,111,-0.0675905445690699,78.35,NORMAL
89,112,-0.0525749451837321,71.61,NORMAL
89,113,-0.038465350937594,65.29,WARNING
89,114,-0.0713260487782458,80.02,NORMAL
89,115,-0.0960804195020727,91.12,NORMAL
89,116,-0.0915314780368718,89.08,NORMAL
89,117,-0.0830438140929853,85.28,NORMAL
89,118,-0.0726924902471832,80.63,NORMAL
89,119,-0.071898611587187,80.28,NORMAL
89,120,-0.0859040675821316,86.56,NORMAL
89,121,-0.0696062896827716,79.25,NORMAL
89,122,-0.0789386524854006,83.43,NORMAL
89,123,-0.0753596049026909,81.83,NORMAL
89,124,-0.0961630445529291,91.16,NORMAL
89,125,-0.0989464211669463,92.41,NORMAL
89,126,-0.1002474518378488,92.99,NORMAL
89,127,-0.0856671246092874,86.45,NORMAL
89,128,-0.0772104701992835,82.66,NORMAL
89,129,-0.0648994254171465,77.14,NORMAL
89,130,-0.0832639631163303,85.37,NORMAL
89,131,-0.0954688802814243,90.85,NORMAL
89,132,-0.1055841411036941,95.38,NORMAL
89,133,-0.1035697603597349,94.48,NORMAL
89,134,-0.1007975263346539,93.24,NORMAL
89,135,-0.0938697410652251,90.13,NORMAL
89,136,-0.094229737479778,90.29,NORMAL
89,137,-0.0343666649664599,63.45,WARNING
89,138,-0.0853959804733649,86.33,NORMAL
89,139,-0.0940955989063466,90.23,NORMAL
89,140,-0.0996507823893081,92.72,NORMAL
89,141,-0.0883179479485775,87.64,NORMAL
89,142,-0.1097225082617547,97.24,NORMAL
89,143,-0.0930603332443552,89.77,NORMAL
89,144,-0.0753932851815423,81.85,NORMAL
89,145,-0.0977585295809095,91.87,NORMAL
89,146,-0.1006273777649494,93.16,NORMAL
89,147,-0.065696092978298,77.5,NORMAL
89,148,-0.095706937002382,90.95,NORMAL
89,149,-0.0743206635884794,81.36,NORMAL
89,150,-0.0915839171284285,89.11,NORMAL
89,151,-0.0825465284776427,85.05,NORMAL
89,152,-0.1008930137614335,93.28,NORMAL
89,153,-0.0881555091675996,87.57,NORMAL
89,154,-0.0621518898003474,75.91,NORMAL
89,155,-0.1073338995676491,96.17,NORMAL
89,156,-0.0955541087101633,90.89,NORMAL
89,157,-0.0855613151692389,86.4,NORMAL
89,158,-0.1064272357255901,95.76,NORMAL
89,159,-0.0929266648546648,89.71,NORMAL
89,160,-0.1035573313923487,94.47,NORMAL
89,161,-0.1066837347487329,95.88,NORMAL
89,162,-0.0868955668612343,87.0,NORMAL
89,163,-0.0754343945412727,81.86,NORMAL
89,164,-0.0992630153226852,92.55,NORMAL
89,165,-0.0627577425681395,76.18,NORMAL
89,166,-0.0742285589803807,81.32,NORMAL
89,167,-0.0944723742670535,90.4,NORMAL
89,168,-0.1023063030289372,93.91,NORMAL
89,169,-0.0792734759208027,83.58,NORMAL
89,170,-0.0939258028506229,90.16,NORMAL
89,171,-0.0781058211733289,83.06,NORMAL
89,172,-0.0999677500102738,92.86,NORMAL
89,173,-0.0775969587890383,82.83,NORMAL
89,174,-0.0939979797740414,90.19,NORMAL
89,175,-0.0672610990806787,78.2,NORMAL
89,176,-0.0711057966275339,79.92,NORMAL
89,177,-0.0978102486811881,91.9,NORMAL
89,178,-0.0569070906121914,73.56,NORMAL
89,179,-0.081152188822625,84.43,NORMAL
89,180,-0.0719433501302279,80.3,NORMAL
89,181,-0.0656270667917739,77.47,NORMAL
89,182,-0.0857375426887436,86.48,NORMAL
89,183,-0.0706451145282914,79.72,NORMAL
89,184,-0.0691483699219555,79.04,NORMAL
89,185,-0.0458583624517258,68.6,WARNING
89,186,-0.0614402713510347,75.59,NORMAL
89,187,-0.0541079558152533,72.3,NORMAL
89,188,-0.0186530176629295,56.4,WARNING
89,189,-0.0587747230887064,74.39,NORMAL
89,190,-0.0694448454920569,79.18,NORMAL
89,191,-0.0420106750735153,66.88,WARNING
89,192,-0.0747389114290837,81.55,NORMAL
89,193,-0.0676350123064401,78.37,NORMAL
89,194,-0.0352598207592189,63.85,WARNING
89,195,-0.0145716104028765,54.57,WARNING
89,196,-0.0155358344867911,55.0,WARNING
89,197,-0.0125875238213206,53.68,WARNING
89,198,-0.0098054967098653,52.43,WARNING
89,199,0.0081848192237702,44.37,WARNING
89,200,-0.0211212912808417,57.51,WARNING
89,201,0.0253571840670947,36.67,CRITICAL
89,202,0.0425422776375189,28.96,CRITICAL
89,203,0.0221885563503274,38.09,CRITICAL
89,204,0.0085415755312557,44.21,WARNING
89,205,-0.0010226238496688,48.5,WARNING
89,206,0.02025825403627,38.95,CRITICAL
89,207,0.0515839990487636,24.91,CRITICAL
89,208,-0.013946043534305,54.29,WARNING
89,209,0.0325188829662774,33.46,CRITICAL
89,210,0.0183460763234274,39.81,CRITICAL
89,211,0.004698538271764,45.93,WARNING
89,212,0.0509063513507249,25.21,CRITICAL
89,213,0.0751631033547386,14.33,CRITICAL
89,214,0.0199587883145344,39.09,CRITICAL
89,215,0.0767989833193475,13.6,CRITICAL
89,216,0.0443757930527833,28.14,CRITICAL
89,217,0.0920011935790696,6.78,CRITICAL
90,1,-0.0635934508487084,76.55,NORMAL
90,2,-0.0330797781917337,62.87,WARNING
90,3,-0.040786214125967,66.33,WARNING
90,4,-0.0547694787513317,72.6,NORMAL
90,5,-0.0431778986523004,67.4,WARNING
90,6,-0.0666698369878242,77.93,NORMAL
90,7,-0.0477424364011951,69.45,WARNING
90,8,-0.0743281105066919,81.37,NORMAL
90,9,-0.0134331829622991,54.06,WARNING
90,10,-0.0223087771194537,58.04,WARNING
90,11,-0.0435344135025945,67.56,WARNING
90,12,-0.0406868852671301,66.28,WARNING
90,13,-0.0523034902763733,71.49,NORMAL
90,14,-0.0509839385222637,70.9,NORMAL
90,15,-0.0398774341822578,65.92,WARNING
90,16,-0.0199730444480072,56.99,WARNING
90,17,-0.0256233314288578,59.53,WARNING
90,18,-0.0725033209825527,80.55,NORMAL
90,19,-0.0745604041027193,81.47,NORMAL
90,20,-0.0511808090130014,70.99,NORMAL
90,21,-0.0731367129364284,80.83,NORMAL
90,22,6.761662241838717e-05,48.01,WARNING
90,23,-0.0708904212933502,79.83,NORMAL
90,24,-0.0537545703557469,72.14,NORMAL
90,25,0.0115856269932158,42.84,WARNING
90,26,-0.0386594811177676,65.37,WARNING
90,27,-0.0049077684900899,50.24,WARNING
90,28,-0.0158210135359418,55.13,WARNING
90,29,-0.0471554316443743,69.18,WARNING
90,30,-0.0720613105034068,80.35,NORMAL
90,31,-0.0202020729010767,57.1,WARNING
90,32,-0.0609698144766708,75.38,NORMAL
90,33,-0.0512704104359114,71.03,NORMAL
90,34,-0.0471971812893537,69.2,WARNING
90,35,-0.0357598552762721,64.07,WARNING
90,36,-0.0457924611067704,68.57,WARNING
90,37,-0.07101679905321,79.88,NORMAL
90,38,-0.0558069983011362,73.06,NORMAL
90,39,-0.0692388518224718,79.09,NORMAL
90,40,-0.0561774594364586,73.23,NORMAL
90,41,-0.0786531120662555,83.31,NORMAL
90,42,-0.0719804720193891,80.31,NORMAL
90,43,-0.0256871476622579,59.56,WARNING
90,44,-0.0300571694744902,61.52,WARNING
90,45,-0.0680204398724257,78.54,NORMAL
90,46,-0.0794663802342811,83.67,NORMAL
90,47,-0.0557344626998601,73.03,NORMAL
90,48,-0.0564051095100779,73.33,NORMAL
90,49,-0.0616097170361162,75.66,NORMAL
90,50,-0.0618273142177934,75.76,NORMAL
90,51,-0.0666821349870992,77.94,NORMAL
90,52,-0.0490377853555328,70.03,NORMAL
90,53,-0.0759332170872381,82.09,NORMAL
90,54,-0.0695882818149015,79.24,NORMAL
90,55,-0.0566521783950316,73.44,NORMAL
90,56,-0.0699072178006133,79.38,NORMAL
90,57,-0.0988061912156803,92.34,NORMAL
90,58,-0.061152613782051,75.46,NORMAL
90,59,-0.1047374957926285,95.0,NORMAL
90,60,-0.0799823139755318,83.9,NORMAL
90,61,-0.0492542712853265,70.12,NORMAL
90,62,-0.0346346252734879,63.57,WARNING
90,63,-0.0667194645596357,77.96,NORMAL
90,64,-0.0804687483386747,84.12,NORMAL
90,65,-0.0375371174749574,64.87,WARNING
90,66,-0.0825548443671897,85.06,NORMAL
90,67,-0.0918704537953069,89.23,NORMAL
90,68,-0.0702458618367676,79.54,NORMAL
90,69,-0.0549968856581961,72.7,NORMAL
90,70,-0.0568080928197857,73.51,NORMAL
90,71,-0.0750601471005303,81.7,NORMAL
90,72,-0.053310098215659,71.94,NORMAL
90,73,-0.0755283800689675,81.91,NORMAL
90,74,-0.0633322301245913,76.44,NORMAL
90,75,-0.0644237369785112,76.93,NORMAL
90,76,-0.0806835089481306,84.22,NORMAL
90,77,-0.0828566532303714,85.19,NORMAL
90,78,-0.0589679578921132,74.48,NORMAL
90,79,-0.088661424882469,87.79,NORMAL
90,80,-0.0982705221172773,92.1,NORMAL
90,81,-0.084481288353014,85.92,NORMAL
90,82,-0.1044308080575571,94.87,NORMAL
90,83,-0.1023205053497196,93.92,NORMAL
90,84,-0.0563523233241404,73.31,NORMAL
90,85,-0.0739192843742053,81.18,NORMAL
90,86,0.0045909148485874,45.98,WARNING
90,87,-0.0591974310014388,74.58,NORMAL
90,88,-0.0973379858770105,91.69,NORMAL
90,89,-0.0752623197653571,81.79,NORMAL
90,90,-0.0923466639298677,89.45,NORMAL
90,91,-0.0849846012355496,86.15,NORMAL
90,92,-0.0904832856835698,88.61,NORMAL
90,93,-0.0556266044153868,72.98,NORMAL
90,94,-0.0616884285980411,75.7,NORMAL
90,95,-0.0951778108761238,90.72,NORMAL
90,96,-0.0944522138506417,90.39,NORMAL
90,97,-0.071210081818295,79.97,NORMAL
90,98,-0.0810953941971103,84.4,NORMAL
90,99,-0.0784068781394082,83.2,NORMAL
90,100,-0.0856113672865983,86.43,NORMAL
90,101,-0.1058103451238372,95.48,NORMAL
90,102,-0.1119898849295412,98.26,NORMAL
90,103,-0.0908526978307138,88.78,NORMAL
90,104,-0.0781048246093834,83.06,NORMAL
90,105,-0.1110774811160384,97.85,NORMAL
90,106,-0.0737407264601729,81.1,NORMAL
90,107,-0.0851879247188509,86.24,NORMAL
90,108,-0.1174235975520936,100.0,NORMAL
90,109,-0.0937630696721463,90.08,NORMAL
90,110,-0.0754011902450429,81.85,NORMAL
90,111,-0.0863778742966332,86.77,NORMAL
90,112,-0.0825540838635287,85.06,NORMAL
90,113,-0.1119137030127697,98.22,NORMAL
90,114,-0.1121302821061716,98.32,NORMAL
90,115,-0.0999354235555994,92.85,NORMAL
90,116,-0.101097295416334,93.37,NORMAL
90,117,-0.0501452843663339,70.52,NORMAL
90,118,-0.1014414507471043,93.53,NORMAL
90,119,-0.1021059441384114,93.82,NORMAL
90,120,-0.0568630379133238,73.54,NORMAL
90,121,-0.0538827392945682,72.2,NORMAL
90,122,-0.0735811547975696,81.03,NORMAL
90,123,-0.0836972530856344,85.57,NORMAL
90,124,-0.0628698117170898,76.23,NORMAL
90,125,-0.0755456794288942,81.91,NORMAL
90,126,-0.0920591706256861,89.32,NORMAL
90,127,-0.0863158784653049,86.74,NORMAL
90,128,-0.0554592307460971,72.91,NORMAL
90,129,-0.024401501910185,58.98,WARNING
90,130,-0.0708705409247021,79.82,NORMAL
90,131,-0.084762779425799,86.05,NORMAL
90,132,-0.0364931217322809,64.4,WARNING
90,133,-0.0413322217345129,66.57,WARNING
90,134,-0.025975043876136,59.69,WARNING
90,135,-0.0573075541176288,73.74,NORMAL
90,136,-0.0502321985615246,70.56,NORMAL
90,137,-0.0366261736749967,64.46,WARNING
90,138,-0.0396603097294537,65.82,WARNING
90,139,-0.0016763382047209,48.79,WARNING
90,140,-0.0034003014679021,49.56,WARNING
90,141,0.0153888644265615,41.14,WARNING
90,142,0.0293175079117853,34.89,CRITICAL
90,143,0.0261212459289527,36.32,CRITICAL
90,144,-0.0122449148013227,53.53,WARNING
90,145,0.009251654094399,43.89,WARNING
90,146,0.0071102121812183,44.85,WARNING
90,147,0.037147785999433,31.38,CRITICAL
90,148,-0.0059394954089565,50.7,WARNING
90,149,0.0340416577871599,32.77,CRITICAL
90,150,0.0646775871039446,19.03,CRITICAL
90,151,0.060266390628792,21.01,CRITICAL
90,152,0.0725397902238917,15.51,CRITICAL
90,153,0.1250742850355143,0.0,CRITICAL
90,154,0.1173169286039959,0.0,CRITICAL
91,1,-0.0830487769398696,85.28,NORMAL
91,2,-0.0751883346528193,81.75,NORMAL
91,3,-0.0817879371886084,84.71,NORMAL
91,4,-0.0813891836703049,84.53,NORMAL
91,5,-0.0648320932554346,77.11,NORMAL
91,6,-0.0569683724710022,73.58,NORMAL
91,7,-0.0490708103068669,70.04,NORMAL
91,8,-0.0753204870118164,81.81,NORMAL
91,9,-0.1021578694379367,93.85,NORMAL
91,10,-0.0745095676883498,81.45,NORMAL
91,11,-0.0829009582082532,85.21,NORMAL
91,12,-0.0932025359890418,89.83,NORMAL
91,13,-0.1098536005631535,97.3,NORMAL
91,14,-0.106425817663612,95.76,NORMAL
91,15,-0.0690081474930949,78.98,NORMAL
91,16,-0.0972439524961642,91.64,NORMAL
91,17,-0.0855477071912479,86.4,NORMAL
91,18,-0.116744393099158,100.0,NORMAL
91,19,-0.0852663507305227,86.27,NORMAL
91,20,-0.1059436785666436,95.54,NORMAL
91,21,-0.1056497223336516,95.41,NORMAL
91,22,-0.0564336091659352,73.34,NORMAL
91,23,-0.0616072380677034,75.66,NORMAL
91,24,-0.0837232485844807,85.58,NORMAL
91,25,-0.0953092449517819,90.78,NORMAL
91,26,-0.0823630932236608,84.97,NORMAL
91,27,-0.090065523969643,88.42,NORMAL
91,28,-0.080222749525989,84.01,NORMAL
91,29,-0.0710698270502182,79.91,NORMAL
91,30,-0.0743618981741975,81.38,NORMAL
91,31,-0.0687998876232298,78.89,NORMAL
91,32,-0.0787648657904584,83.36,NORMAL
91,33,-0.0728541105513876,80.71,NORMAL
91,34,-0.0900138034781106,88.4,NORMAL
91,35,-0.085752394216844,86.49,NORMAL
91,36,-0.0741850836126535,81.3,NORMAL
91,37,-0.0794563651047818,83.67,NORMAL
91,38,-0.0616145347540546,75.67,NORMAL
91,39,-0.0926598251209983,89.59,NORMAL
91,40,-0.1061846208071182,95.65,NORMAL
91,41,-0.0778123579371463,82.93,NORMAL
91,42,-0.0312517596316173,62.05,WARNING
91,43,-0.0689660353717969,78.96,NORMAL
91,44,-0.0388379025524898,65.45,WARNING
91,45,-0.0859960072293013,86.6,NORMAL
91,46,-0.0976035465164961,91.8,NORMAL
91,47,-0.0813058072255238,84.5,NORMAL
91,48,-0.0840165872309177,85.71,NORMAL
91,49,-0.0773937194443821,82.74,NORMAL
91,50,-0.0814827378874094,84.58,NORMAL
91,51,-0.0974697688057568,91.74,NORMAL
91,52,-0.0636400922325108,76.57,NORMAL
91,53,-0.0863282750968664,86.75,NORMAL
91,54,-0.0751962022888904,81.76,NORMAL
91,55,-0.047518507575908,69.35,WARNING
91,56,-0.0667252341448038,77.96,NORMAL
91,57,-0.0987849107338582,92.33,NORMAL
91,58,-0.0798687421582486,83.85,NORMAL
91,59,-0.0810006887344973,84.36,NORMAL
91,60,-0.0998133870030404,92.8,NORMAL
91,61,-0.0622706131852381,75.96,NORMAL
91,62,-0.1032865938238948,94.35,NORMAL
91,63,-0.0679658696304474,78.51,NORMAL
91,64,-0.086838759013065,86.98,NORMAL
91,65,-0.0700293606355386,79.44,NORMAL
91,66,-0.0807235690713342,84.24,NORMAL
91,67,-0.0883807686447205,87.67,NORMAL
91,68,-0.0793651617842229,83.63,NORMAL
91,69,-0.0946847405249651,90.5,NORMAL
91,70,-0.0550363334462552,72.72,NORMAL
91,71,-0.0736108101945368,81.05,NORMAL
91,72,-0.0805786607763041,84.17,NORMAL
91,73,-0.038212499921772,65.17,WARNING
91,74,-0.0670703695104527,78.11,NORMAL
91,75,-0.070213802080909,79.52,NORMAL
91,76,-0.0618215146040589,75.76,NORMAL
91,77,-0.0637044850884197,76.6,NORMAL
91,78,-0.0551000920287769,72.75,NORMAL
91,79,-0.0399072508753821,65.93,WARNING
91,80,-0.0739124522300853,81.18,NORMAL
91,81,-0.0962781211983387,91.21,NORMAL
91,82,-0.0532467337784999,71.91,NORMAL
91,83,-0.0598230934929009,74.86,NORMAL
91,84,-0.0433649961220558,67.48,WARNING
91,85,-0.0311421229749566,62.0,WARNING
91,86,-0.0542084739186503,72.35,NORMAL
91,87,-0.0482462044460016,69.67,WARNING
91,88,-0.0445690372968,68.02,WARNING
91,89,-0.0584044636829739,74.23,NORMAL
91,90,-0.0845059859884908,85.93,NORMAL
91,91,-0.0432448718035679,67.43,WARNING
91,92,-0.0435616591099383,67.57,WARNING
91,93,-0.0305779226201937,61.75,WARNING
91,94,-0.0390157336358926,65.53,WARNING
91,95,-0.0493148766923491,70.15,NORMAL
91,96,-0.068195412257877,78.62,NORMAL
91,97,-0.0579666296611817,74.03,NORMAL
91,98,-0.0440749350667978,67.8,WARNING
91,99,-0.0464213226525557,68.85,WARNING
91,100,-0.0358861356973169,64.13,WARNING
91,101,-0.0353388032653311,63.88,WARNING
91,102,-0.0382797821765583,65.2,WARNING
91,103,-0.0393574197679583,65.69,WARNING
91,104,-0.0078744231555396,51.57,WARNING
91,105,-3.0237887467754465e-05,48.05,WARNING
91,106,-0.0487549777161119,69.9,WARNING
91,107,-0.0188873293236052,56.51,WARNING
91,108,-0.0486238954618383,69.84,WARNING
91,109,0.0078208035855876,44.53,WARNING
91,110,-0.035617661013462,64.01,WARNING
91,111,0.0106454051439524,43.26,WARNING
91,112,-0.0159211991957755,55.18,WARNING
91,113,0.0244317256293365,37.08,CRITICAL
91,114,-0.0072929448059947,51.31,WARNING
91,115,-0.0333827895679308,63.01,WARNING
91,116,-0.0138023856681117,54.23,WARNING
91,117,-0.0289724751521651,61.03,WARNING
91,118,0.0289934942024695,35.04,CRITICAL
91,119,0.0282898552608571,35.35,CRITICAL
91,120,-0.0004017650086893,48.22,WARNING
91,121,0.0219612288534286,38.19,CRITICAL
91,122,0.0167313608832424,40.53,WARNING
91,123,0.0282030594527209,35.39,CRITICAL
91,124,0.0450309516681128,27.84,CRITICAL
91,125,0.0353657328384359,32.18,CRITICAL
91,126,0.0587366432625854,21.7,CRITICAL
91,127,0.0712569413332779,16.08,CRITICAL
91,128,0.0478894847860343,26.56,CRITICAL
91,129,0.0784502101143584,12.86,CRITICAL
91,130,0.0558249979965722,23.0,CRITICAL
91,131,0.0288373324276189,35.11,CRITICAL
91,132,0.1071602316577288,0.0,CRITICAL
91,133,0.0944454667005222,5.69,CRITICAL
91,134,0.1252453871601023,0.0,CRITICAL
91,135,0.1110802437816571,0.0,CRITICAL
92,1,-0.0702724622992955,79.55,NORMAL
92,2,-0.05443499149524,72.45,NORMAL
92,3,-0.0566142079105253,73.42,NORMAL
92,4,-0.0948149686322415,90.55,NORMAL
92,5,-0.058780457622126,74.4,NORMAL
92,6,-0.0720581755695741,80.35,NORMAL
92,7,-0.0642176071597611,76.83,NORMAL
92,8,-0.0883026317998151,87.63,NORMAL
92,9,-0.0833270608260601,85.4,NORMAL
92,10,-0.0689220831493388,78.94,NORMAL
92,11,-0.0922383179916279,89.4,NORMAL
92,12,-0.0755763145034465,81.93,NORMAL
92,13,-0.0801751932316406,83.99,NORMAL
92,14,-0.0739440967454577,81.2,NORMAL
92,15,-0.0757860334950709,82.02,NORMAL
92,16,-0.0735571541911296,81.02,NORMAL
92,17,-0.0900130514473017,88.4,NORMAL
92,18,-0.092473114338296,89.5,NORMAL
92,19,-0.0454701113129834,68.43,WARNING
92,20,-0.0475287765861604,69.35,WARNING
92,21,-0.0779204289983344,82.98,NORMAL
92,22,-0.0789470888486153,83.44,NORMAL
92,23,-0.0968263226351381,91.46,NORMAL
92,24,-0.0943703669041383,90.35,NORMAL
92,25,-0.0964726829772256,91.3,NORMAL
92,26,-0.0580473859708834,74.07,NORMAL
92,27,-0.0459757404612526,68.65,WARNING
92,28,-0.0725875459237967,80.59,NORMAL
92,29,-0.0536429975676676,72.09,NORMAL
92,30,-0.075917313563622,82.08,NORMAL
92,31,-0.077731293638075,82.89,NORMAL
92,32,-0.048901025455579,69.97,WARNING
92,33,-0.0722719337387083,80.45,NORMAL
92,34,-0.0731300556892698,80.83,NORMAL
92,35,-0.0726263627100484,80.6,NORMAL
92,36,-0.0863637392375361,86.76,NORMAL
92,37,-0.0861939431074721,86.69,NORMAL
92,38,-0.1018988656197775,93.73,NORMAL
92,39,-0.0870571728465138,87.08,NORMAL
92,40,-0.1027634036433666,94.12,NORMAL
92,41,-0.0587102504186649,74.36,NORMAL
92,42,-0.0712270710073526,79.98,NORMAL
92,43,-0.0783689157718385,83.18,NORMAL
92,44,-0.0683617796732017,78.69,NORMAL
92,45,-0.0587434009771185,74.38,NORMAL
92,46,-0.0767419644906373,82.45,NORMAL
92,47,-0.0917687178147942,89.19,NORMAL
92,48,-0.0531983845962578,71.89,NORMAL
92,49,-0.0813283289643727,84.51,NORMAL
92,50,-0.0552265220397201,72.8,NORMAL
92,51,-0.0661504063641186,77.7,NORMAL
92,52,-0.038369180229522,65.24,WARNING
92,53,-0.0703869632017236,79.6,NORMAL
92,54,-0.0706661081840145,79.73,NORMAL
92,55,-0.0782641462986571,83.13,NORMAL
92,56,-0.0405097678539147,66.2,WARNING
92,57,-0.0707292350437966,79.75,NORMAL
92,58,-0.0857967389038981,86.51,NORMAL
92,59,-0.0521968439402997,71.44,NORMAL
92,60,-0.0527024773675149,71.67,NORMAL
92,61,-0.0970470558871358,91.55,NORMAL
92,62,-0.0806853498785153,84.22,NORMAL
92,63,-0.073952055785073,81.2,NORMAL
92,64,-0.0810908585843366,84.4,NORMAL
92,65,-0.0724658938626481,80.53,NORMAL
92,66,-0.0748881594839062,81.62,NORMAL
92,67,-0.0931008292099009,89.79,NORMAL
92,68,-0.0711719210221873,79.95,NORMAL
92,69,-0.0671766601283214,78.16,NORMAL
92,70,-0.059648405688381,74.78,NORMAL
92,71,-0.1023344979262533,93.93,NORMAL
92,72,-0.0799980119993525,83.91,NORMAL
92,73,-0.075002693166963,81.67,NORMAL
92,74,-0.0608283013188706,75.31,NORMAL
92,75,-0.055991290280951,73.14,NORMAL
92,76,-0.0543931002230014,72.43,NORMAL
92,77,-0.0849248452617574,86.12,NORMAL
92,78,-0.0857376777378911,86.48,NORMAL
92,79,-0.0633027677841673,76.42,NORMAL
92,80,-0.0716327832610818,80.16,NORMAL
92,81,-0.062957323866807,76.27,NORMAL
92,82,-0.0746859007679557,81.53,NORMAL
92,83,-0.0557926427588855,73.06,NORMAL
92,84,-0.0962194206476699,91.18,NORMAL
92,85,-0.0576259466002335,73.88,NORMAL
92,86,-0.08967406180179,88.25,NORMAL
92,87,-0.1017468147573446,93.66,NORMAL
92,88,-0.0868316836868899,86.97,NORMAL
92,89,-0.0868150254595535,86.97,NORMAL
92,90,-0.1132244156430726,98.81,NORMAL
92,91,-0.0759912485728794,82.11,NORMAL
92,92,-0.0876218704087884,87.33,NORMAL
92,93,-0.0268352781647424,60.07,WARNING
92,94,-0.0749327378757411,81.64,NORMAL
92,95,-0.0901087497888442,88.44,NORMAL
92,96,-0.0957832527666486,90.99,NORMAL
92,97,-0.0927889387986482,89.65,NORMAL
92,98,-0.075882836908672,82.06,NORMAL
92,99,-0.0732111230368317,80.87,NORMAL
92,100,-0.0626308197123107,76.12,NORMAL
92,101,-0.075170865801638,81.75,NORMAL
92,102,-0.090492273795564,88.62,NORMAL
92,103,-0.1062831943275311,95.7,NORMAL
92,104,-0.0638524331475258,76.67,NORMAL
92,105,-0.081799701390148,84.72,NORMAL
92,106,-0.0670236925136387,78.09,NORMAL
92,107,-0.0875542253082166,87.3,NORMAL
92,108,-0.0962578117023604,91.2,NORMAL
92,109,-0.0630914763412717,76.33,NORMAL
92,110,-0.050194154524901,70.55,NORMAL
92,111,-0.0936156246977186,90.02,NORMAL
92,112,-0.0929911082274712,89.74,NORMAL
92,113,-0.0762230378527504,82.22,NORMAL
92,114,-0.0703435580568,79.58,NORMAL
92,115,-0.0969490024752555,91.51,NORMAL
92,116,-0.080200668392626,84.0,NORMAL
92,117,-0.0713527056085238,80.03,NORMAL
92,118,-0.108791086504057,96.82,NORMAL
92,119,-0.0789615224235401,83.45,NORMAL
92,120,-0.0530046357266387,71.81,NORMAL
92,121,-0.0950993523697862,90.68,NORMAL
92,122,-0.0776109547376681,82.84,NORMAL
92,123,-0.1059960441646101,95.57,NORMAL
92,124,-0.0801821697217818,83.99,NORMAL
92,125,-0.076411864671934,82.3,NORMAL
92,126,-0.0842886490636277,85.83,NORMAL
92,127,-0.0956643266424362,90.93,NORMAL
92,128,-0.1110944685327684,97.85,NORMAL
92,129,-0.0843813145206556,85.88,NORMAL
92,130,-0.0844809671434725,85.92,NORMAL
92,131,-0.0561272081599116,73.21,NORMAL
92,132,-0.0758525530906508,82.05,NORMAL
92,133,-0.0792320145991726,83.57,NORMAL
92,134,-0.0894979505542892,88.17,NORMAL
92,135,-0.1067243416540453,95.89,NORMAL
92,136,-0.0934341181886534,89.93,NORMAL
92,137,-0.0867975145373103,86.96,NORMAL
92,138,-0.0884207960752476,87.69,NORMAL
92,139,-0.0935475477926769,89.99,NORMAL
92,140,-0.1080165766027521,96.47,NORMAL
92,141,-0.0924063766202952,89.47,NORMAL
92,142,-0.0631532809729193,76.36,NORMAL
92,143,-0.0849390690233751,86.13,NORMAL
92,144,-0.088055241325909,87.52,NORMAL
92,145,-0.0905019899383355,88.62,NORMAL
92,146,-0.0771297214386865,82.62,NORMAL
92,147,-0.1013988929900149,93.51,NORMAL
92,148,-0.0865800228734037,86.86,NORMAL
92,149,-0.0991618334462271,92.5,NORMAL
92,150,-0.1108838119972885,97.76,NORMAL
92,151,-0.0962154899850554,91.18,NORMAL
92,152,-0.072304260499007,80.46,NORMAL
92,153,-0.097299245293734,91.67,NORMAL
92,154,-0.1060357264973272,95.59,NORMAL
92,155,-0.086589414988243,86.87,NORMAL
92,156,-0.114941722317081,99.58,NORMAL
92,157,-0.0927604604141612,89.63,NORMAL
92,158,-0.0829336163720903,85.23,NORMAL
92,159,-0.083082591239086,85.29,NORMAL
92,160,-0.0999190166523604,92.84,NORMAL
92,161,-0.0956243942553063,90.92,NORMAL
92,162,-0.1134470300127292,98.91,NORMAL
92,163,-0.1033810244931086,94.4,NORMAL
92,164,-0.0865676329417358,86.86,NORMAL
92,165,-0.0798175238877271,83.83,NORMAL
92,166,-0.1098643356888183,97.3,NORMAL
92,167,-0.0945416067433565,90.43,NORMAL
92,168,-0.1014008897535522,93.51,NORMAL
92,169,-0.0737476474418635,81.11,NORMAL
92,170,-0.0934434194547355,89.94,NORMAL
92,171,-0.1022462165800003,93.89,NORMAL
92,172,-0.0755558256328222,81.92,NORMAL
92,173,-0.1124631245874225,98.47,NORMAL
92,174,-0.0824340712157105,85.0,NORMAL
92,175,-0.0984928305131853,92.2,NORMAL
92,176,-0.0836463569108511,85.55,NORMAL
92,177,-0.1059307534154043,95.54,NORMAL
92,178,-0.0859992001245443,86.6,NORMAL
92,179,-0.0844495901778863,85.91,NORMAL
92,180,-0.0534964575585579,72.03,NORMAL
92,181,-0.1014484755153201,93.53,NORMAL
92,182,-0.0807689363904812,84.26,NORMAL
92,183,-0.1135133482534936,98.94,NORMAL
92,184,-0.0860446682550067,86.62,NORMAL
92,185,-0.0975970664512028,91.8,NORMAL
92,186,-0.0784151862364674,83.2,NORMAL
92,187,-0.0790117549858958,83.47,NORMAL
92,188,-0.0773439916780781,82.72,NORMAL
92,189,-0.0886666355521912,87.8,NORMAL
92,190,-0.076759805536366,82.46,NORMAL
92,191,-0.0870664395654246,87.08,NORMAL
92,192,-0.0750104727579356,81.67,NORMAL
92,193,-0.098997100427955,92.43,NORMAL
92,194,-0.1131442327292011,98.77,NORMAL
92,195,-0.0613224407077147,75.54,NORMAL
92,196,-0.0735220195701626,81.01,NORMAL
92,197,-0.1092649325209746,97.03,NORMAL
92,198,-0.0887915600167257,87.85,NORMAL
92,199,-0.0608005287361742,75.3,NORMAL
92,200,-0.0769864911074948,82.56,NORMAL
92,201,-0.0826370856163718,85.09,NORMAL
92,202,-0.1147952566175633,99.51,NORMAL
92,203,-0.1022450661771844,93.89,NORMAL
92,204,-0.0866070261948673,86.87,NORMAL
92,205,-0.094710899127467,90.51,NORMAL
92,206,-0.0920249979834549,89.3,NORMAL
92,207,-0.0851140369575008,86.2,NORMAL
92,208,-0.1048363178902476,95.05,NORMAL
92,209,-0.084641245888014,85.99,NORMAL
92,210,-0.1050516973925202,95.14,NORMAL
92,211,-0.1070425502015053,96.04,NORMAL
92,212,-0.0876123447688196,87.32,NORMAL
92,213,-0.1054067638243666,95.3,NORMAL
92,214,-0.10509781506229,95.17,NORMAL
92,215,-0.0871732578391885,87.13,NORMAL
92,216,-0.1063048603415561,95.71,NORMAL
92,217,-0.0747896245796355,81.57,NORMAL
92,218,-0.0827096896405856,85.13,NORMAL
92,219,-0.1090510248292049,96.94,NORMAL
92,220,-0.1015212118980553,93.56,NORMAL
92,221,-0.0752637087795559,81.79,NORMAL
92,222,-0.1024042674921513,93.96,NORMAL
92,223,-0.0612060771245569,75.48,NORMAL
92,224,-0.1022700387173602,93.9,NORMAL
92,225,-0.0784050904898791,83.2,NORMAL
92,226,-0.1013713349925077,93.49,NORMAL
92,227,-0.0900757736118242,88.43,NORMAL
92,228,-0.1016717906439997,93.63,NORMAL
92,229,-0.104296282753602,94.81,NORMAL
92,230,-0.0964679580758418,91.3,NORMAL
92,231,-0.0821727716926447,84.89,NORMAL
92,232,-0.0864594395137979,86.81,NORMAL
92,233,-0.0946146718990795,90.46,NORMAL
92,234,-0.0802975545612355,84.04,NORMAL
92,235,-0.0985876875261156,92.25,NORMAL
92,236,-0.0832685367789849,85.38,NORMAL
92,237,-0.0733805854850926,80.94,NORMAL
92,238,-0.0882422857143616,87.61,NORMAL
92,239,-0.0701493367534506,79.49,NORMAL
92,240,-0.0833426852120298,85.41,NORMAL
92,241,-0.0789322043041813,83.43,NORMAL
92,242,-0.075432851960489,81.86,NORMAL
92,243,-0.0723595140309308,80.48,NORMAL
92,244,-0.0903293345323335,88.54,NORMAL
92,245,-0.064346736668962,76.89,NORMAL
92,246,-0.0883216463116692,87.64,NORMAL
92,247,-0.0647425819640064,77.07,NORMAL
92,248,-0.0916123068885714,89.12,NORMAL
92,249,-0.0533171078048704,71.95,NORMAL
92,250,-0.079905501894453,83.87,NORMAL
92,251,-0.0970574667282538,91.56,NORMAL
92,252,-0.0650127359652514,77.19,NORMAL
92,253,-0.0872021807458007,87.14,NORMAL
92,254,-0.0817341614402905,84.69,NORMAL
92,255,-0.0530457038762596,71.82,NORMAL
92,256,-0.093079213927509,89.78,NORMAL
92,257,-0.090154584962664,88.46,NORMAL
92,258,-0.089033838057314,87.96,NORMAL
92,259,-0.0658115130442598,77.55,NORMAL
92,260,-0.0631172314051298,76.34,NORMAL
92,261,-0.0635555395070125,76.54,NORMAL
92,262,-0.0844930887817329,85.93,NORMAL
92,263,-0.06400283660859,76.74,NORMAL
92,264,-0.0838281399417205,85.63,NORMAL
92,265,-0.0654967422993219,77.41,NORMAL
92,266,-0.0764809761185995,82.33,NORMAL
92,267,-0.0693895884109873,79.15,NORMAL
92,268,-0.068892852113587,78.93,NORMAL
92,269,-0.0419357257933113,66.84,WARNING
92,270,-0.0499345398142516,70.43,NORMAL
92,271,-0.0278605537271193,60.53,WARNING
92,272,-0.0604716488563358,75.15,NORMAL
92,273,-0.0735737448501243,81.03,NORMAL
92,274,-0.0493793835220111,70.18,NORMAL
92,275,-0.0690243014441158,78.99,NORMAL
92,276,-0.0467001921385285,68.98,WARNING
92,277,-0.0304017536128686,61.67,WARNING
92,278,-0.077977603796214,83.0,NORMAL
92,279,-0.0881327291555229,87.56,NORMAL
92,280,-0.0280290480115496,60.61,WARNING
92,281,-0.0450660072909853,68.25,WARNING
92,282,-0.0766234173166853,82.4,NORMAL
92,283,-0.029534726845687,61.28,WARNING
92,284,-0.0656221763362129,77.46,NORMAL
92,285,-0.0509202968074381,70.87,NORMAL
92,286,-0.0494094141854333,70.19,NORMAL
92,287,-0.050141665127332,70.52,NORMAL
92,288,0.0014968864428902,47.37,WARNING
92,289,-0.0461411129193785,68.73,WARNING
92,290,-0.0361095101375727,64.23,WARNING
92,291,-0.0323895334206077,62.56,WARNING
92,292,-0.0209335998192675,57.42,WARNING
92,293,-0.0018283968047255,48.86,WARNING
92,294,-0.0521632762465871,71.43,NORMAL
92,295,-0.0170468997445768,55.68,WARNING
92,296,-0.0245698696730986,59.05,WARNING
92,297,-0.0117253704763969,53.3,WARNING
92,298,-0.0324885829943578,62.61,WARNING
92,299,-0.0131272418529431,53.92,WARNING
92,300,-0.0263296888706637,59.84,WARNING
92,301,-0.0328785435804846,62.78,WARNING
92,302,-0.0436067777236491,67.59,WARNING
92,303,-0.0427646680971605,67.21,WARNING
92,304,-0.0261462179527301,59.76,WARNING
92,305,-0.0097120144720601,52.39,WARNING
92,306,-0.0144560767886554,54.52,WARNING
92,307,0.0334919637661296,33.02,CRITICAL
92,308,-0.0182370305546173,56.22,WARNING
92,309,0.0135102262744438,41.98,WARNING
92,310,0.0141512194010943,41.69,WARNING
92,311,-0.0038971148943313,49.78,WARNING
92,312,0.0221511274909838,38.1,CRITICAL
92,313,-0.006196765130193,50.82,WARNING
92,314,-0.009661063561547,52.37,WARNING
92,315,-0.0237934737620172,58.71,WARNING
92,316,0.0149046655417148,41.35,WARNING
92,317,0.0017905770080475,47.23,WARNING
92,318,-0.007496897420833,51.4,WARNING
92,319,0.0157440277597646,40.98,WARNING
92,320,0.0206560596073265,38.77,CRITICAL
92,321,0.0572558053637323,22.36,CRITICAL
92,322,0.006583078179651,45.09,WARNING
92,323,0.0268745503302234,35.99,CRITICAL
92,324,0.0166455846866252,40.57,WARNING
92,325,0.0383289594091321,30.85,CRITICAL
92,326,0.0186208754423325,39.69,CRITICAL
92,327,0.0092215843171259,43.9,WARNING
92,328,0.0569929556660159,22.48,CRITICAL
92,329,0.0220912612187702,38.13,CRITICAL
92,330,0.0218684458307252,38.23,CRITICAL
92,331,0.0304421550374198,34.39,CRITICAL
92,332,0.0573411448904919,22.32,CRITICAL
92,333,0.0605420906699013,20.89,CRITICAL
92,334,0.0467441989397104,27.08,CRITICAL
92,335,0.0581654598004438,21.96,CRITICAL
92,336,0.0788006907141324,12.7,CRITICAL
92,337,0.012639894713733,42.37,WARNING
92,338,0.0889390470323407,8.16,CRITICAL
92,339,0.0840813925857453,10.33,CRITICAL
92,340,0.09446782662953,5.68,CRITICAL
92,341,0.1111359441039506,0.0,CRITICAL
93,1,-0.0539727936003215,72.24,NORMAL
93,2,-0.0660615413215327,77.66,NORMAL
93,3,-0.0345811260209943,63.54,WARNING
93,4,-0.0090925509975952,52.11,WARNING
93,5,-0.0379507477105947,65.06,WARNING
93,6,-0.0492582918310843,70.13,NORMAL
93,7,-0.0779652493334163,83.0,NORMAL
93,8,-0.046734298958198,68.99,WARNING
93,9,-0.0286106820490578,60.87,WARNING
93,10,-0.0880798935878731,87.53,NORMAL
93,11,-0.0739320520636138,81.19,NORMAL
93,12,-0.0521757253426682,71.43,NORMAL
93,13,-0.0614051695946818,75.57,NORMAL
93,14,-0.0491716109744203,70.09,NORMAL
93,15,-0.0058420901247254,50.66,WARNING
93,16,-0.0933466349527354,89.9,NORMAL
93,17,-0.0727808672822568,80.67,NORMAL
93,18,-0.0502179616635116,70.56,NORMAL
93,19,-0.0693678890443086,79.14,NORMAL
93,20,-0.0940382024545875,90.21,NORMAL
93,21,-0.063753416853394,76.63,NORMAL
93,22,-0.0812572222916764,84.47,NORMAL
93,23,-0.0042969156300493,49.96,WARNING
93,24,-0.0471165460380287,69.17,WARNING
93,25,-0.0846942631271861,86.02,NORMAL
93,26,-0.0243002817933134,58.93,WARNING
93,27,-0.0834052453986774,85.44,NORMAL
93,28,-0.0793101604229877,83.6,NORMAL
93,29,-0.0093451572600494,52.23,WARNING
93,30,-0.0823039850262687,84.94,NORMAL
93,31,-0.064648059027343,77.03,NORMAL
93,32,-0.0492571834332495,70.13,NORMAL
93,33,-0.0583790330673951,74.22,NORMAL
93,34,-0.0398872828475772,65.92,WARNING
93,35,-0.0690189765000655,78.99,NORMAL
93,36,-0.0385605878748002,65.33,WARNING
93,37,-0.0686612526338818,78.83,NORMAL
93,38,-0.1046808331323214,94.98,NORMAL
93,39,-0.0550666876035964,72.73,NORMAL
93,40,-0.0760705916002333,82.15,NORMAL
93,41,-0.0479438646174014,69.54,WARNING
93,42,-0.0504810620140638,70.67,NORMAL
93,43,-0.0796849335989879,83.77,NORMAL
93,44,-0.058662810989262,74.34,NORMAL
93,45,-0.0525160204148449,71.59,NORMAL
93,46,-0.1003359924077775,93.03,NORMAL
93,47,-0.0446802792415058,68.07,WARNING
93,48,-0.0706692278343838,79.73,NORMAL
93,49,-0.0462436403612251,68.77,WARNING
93,50,-0.0441020372317362,67.81,WARNING
93,51,-0.0840620591985712,85.73,NORMAL
93,52,-0.0837354985385234,85.59,NORMAL
93,53,-0.0542660489457961,72.37,NORMAL
93,54,-0.0408098651905688,66.34,WARNING
93,55,0.0152158710989223,41.21,WARNING
93,56,-0.038869289013854,65.47,WARNING
93,57,-0.0951931678810762,90.72,NORMAL
93,58,-0.0770970417053648,82.61,NORMAL
93,59,-0.1113706925611617,97.98,NORMAL
93,60,-0.0603209611601768,75.09,NORMAL
93,61,-0.0623351416765494,75.99,NORMAL
93,62,-0.0674056667767308,78.26,NORMAL
93,63,-0.0035380133648126,49.62,WARNING
93,64,-0.0709620676220124,79.86,NORMAL
93,65,-0.0522180299665084,71.45,NORMAL
93,66,-0.0746891399210499,81.53,NORMAL
93,67,-0.0596618410707256,74.79,NORMAL
93,68,-0.0683118554176883,78.67,NORMAL
93,69,-0.0679221360475291,78.49,NORMAL
93,70,-0.0957785440688088,90.99,NORMAL
93,71,-0.0948128924858395,90.55,NORMAL
93,72,-0.0976316581834609,91.82,NORMAL
93,73,-0.0590326664197601,74.51,NORMAL
93,74,-0.082193698430392,84.89,NORMAL
93,75,-0.0824847489308674,85.02,NORMAL
93,76,-0.0709513779516619,79.85,NORMAL
93,77,-0.0776172589783911,82.84,NORMAL
93,78,-0.0957916189647243,90.99,NORMAL
93,79,-0.0906396859612417,88.68,NORMAL
93,80,-0.0580313577349227,74.06,NORMAL
93,81,-0.0801085689524101,83.96,NORMAL
93,82,-0.1141611336594078,99.23,NORMAL
93,83,-0.120471839452703,100.0,NORMAL
93,84,-0.1169222818862028,100.0,NORMAL
93,85,-0.1019310358372246,93.75,NORMAL
93,86,-0.0851825029122237,86.23,NORMAL
93,87,-0.0851694687699153,86.23,NORMAL
93,88,-0.1005938625068946,93.15,NORMAL
93,89,-0.095014929095787,90.64,NORMAL
93,90,-0.0841996177884552,85.79,NORMAL
93,91,-0.0854854031756697,86.37,NORMAL
93,92,-0.0692350403621201,79.08,NORMAL
93,93,-0.0866753055890213,86.9,NORMAL
93,94,-0.0833673446529302,85.42,NORMAL
93,95,-0.088160326261396,87.57,NORMAL
93,96,-0.0797170574914361,83.78,NORMAL
93,97,-0.0767328289977349,82.45,NORMAL
93,98,-0.0830745254154545,85.29,NORMAL
93,99,-0.0983749026815738,92.15,NORMAL
93,100,-0.082325225474533,84.95,NORMAL
93,101,-0.1021407424224971,93.84,NORMAL
93,102,-0.0924650546526432,89.5,NORMAL
93,103,-0.1000120162772464,92.88,NORMAL
93,104,-0.075465220753715,81.88,NORMAL
93,105,-0.0854541159242685,86.36,NORMAL
93,106,-0.0577225716656885,73.92,NORMAL
93,107,-0.1030826217740789,94.26,NORMAL
93,108,-0.099144899385147,92.5,NORMAL
93,109,-0.1096055211863334,97.19,NORMAL
93,110,-0.102917080190499,94.19,NORMAL
93,111,-0.0855675374862602,86.41,NORMAL
93,112,-0.0529167420934531,71.77,NORMAL
93,113,-0.0872814956243401,87.18,NORMAL
93,114,-0.0621939336320047,75.93,NORMAL
93,115,-0.103309550912499,94.36,NORMAL
93,116,-0.0736236730200585,81.05,NORMAL
93,117,-0.0781359088362833,83.07,NORMAL
93,118,-0.0987158418338948,92.3,NORMAL
93,119,-0.0624182574998115,76.03,NORMAL
93,120,-0.0828968676119129,85.21,NORMAL
93,121,-0.0897009352121702,88.26,NORMAL
93,122,-0.0797246672425501,83.79,NORMAL
93,123,-0.0759635971513168,82.1,NORMAL
93,124,-0.064085714590145,76.77,NORMAL
93,125,-0.0513807188905195,71.08,NORMAL
93,126,-0.0845070474184192,85.93,NORMAL
93,127,-0.0812981204306856,84.49,NORMAL
93,128,-0.0645161455236861,76.97,NORMAL
93,129,-0.0750631951591243,81.7,NORMAL
93,130,-0.05082120510978,70.83,NORMAL
93,131,-0.0378810694040711,65.02,WARNING
93,132,-0.0388560826040212,65.46,WARNING
93,133,-0.0374478688871728,64.83,WARNING
93,134,-0.057342320213799,73.75,NORMAL
93,135,-0.0279127558599454,60.55,WARNING
93,136,0.0103251300484226,43.41,WARNING
93,137,-0.0486811359436369,69.87,WARNING
93,138,-0.0457278112032989,68.54,WARNING
93,139,-0.0557477120437054,73.04,NORMAL
93,140,-0.0286889357708228,60.9,WARNING
93,141,-0.0494703951255482,70.22,NORMAL
93,142,-0.0045509857849639,50.08,WARNING
93,143,-0.0022063921104913,49.03,WARNING
93,144,0.0270047948103309,35.93,CRITICAL
93,145,0.0027570081022449,46.8,WARNING
93,146,-0.0089377845826776,52.05,WARNING
93,147,-0.0006805874596872,48.34,WARNING
93,148,0.0559260222375377,22.96,CRITICAL
93,149,0.0433408202377556,28.6,CRITICAL
93,150,0.0456010592661367,27.59,CRITICAL
93,151,0.0613894109046568,20.51,CRITICAL
93,152,0.0200636116618351,39.04,CRITICAL
93,153,0.0453787826391676,27.69,CRITICAL
93,154,0.0673433296463266,17.84,CRITICAL
93,155,0.0646736755922775,19.04,CRITICAL
94,1,-0.0900176639721384,88.4,NORMAL
94,2,-0.0960020627838015,91.09,NORMAL
94,3,-0.0789821054299546,83.45,NORMAL
94,4,-0.1029267929713634,94.19,NORMAL
94,5,-0.0655676229868431,77.44,NORMAL
94,6,-0.0915438290041547,89.09,NORMAL
94,7,-0.0881351019873351,87.56,NORMAL
94,8,-0.0943048424887578,90.33,NORMAL
94,9,-0.1080285230292768,96.48,NORMAL
94,10,-0.0727113047444018,80.64,NORMAL
94,11,-0.0812421935206114,84.47,NORMAL
94,12,-0.0637470495580621,76.62,NORMAL
94,13,-0.0502729379262231,70.58,NORMAL
94,14,-0.0982541844754973,92.1,NORMAL
94,15,-0.0950980416534995,90.68,NORMAL
94,16,-0.0848453043557185,86.08,NORMAL
94,17,-0.1058084173993136,95.48,NORMAL
94,18,-0.0738600222708626,81.16,NORMAL
94,19,-0.0679214163290387,78.49,NORMAL
94,20,-0.094769474729528,90.53,NORMAL
94,21,-0.0819718419833556,84.79,NORMAL
94,22,-0.0919947989027273,89.29,NORMAL
94,23,-0.0881730984724981,87.58,NORMAL
94,24,-0.0480895121944445,69.6,WARNING
94,25,-0.05745180961258,73.8,NORMAL
94,26,-0.0928266128861269,89.66,NORMAL
94,27,-0.0878070378172051,87.41,NORMAL
94,28,-0.0835712519128834,85.51,NORMAL
94,29,-0.0946598466321385,90.48,NORMAL
94,30,-0.0807571757500753,84.25,NORMAL
94,31,-0.047672123097655,69.41,WARNING
94,32,-0.0812790983738199,84.48,NORMAL
94,33,-0.0748823910899542,81.62,NORMAL
94,34,-0.0836537617660978,85.55,NORMAL
94,35,-0.0872585286982303,87.17,NORMAL
94,36,-0.0986801881361258,92.29,NORMAL
94,37,-0.1007131577664522,93.2,NORMAL
94,38,-0.0921764203724895,89.37,NORMAL
94,39,-0.0642855232824605,76.86,NORMAL
94,40,-0.0812612434418303,84.48,NORMAL
94,41,-0.093558240656355,89.99,NORMAL
94,42,-0.0784528083463,83.22,NORMAL
94,43,-0.0830813959031036,85.29,NORMAL
94,44,-0.0920679733254693,89.32,NORMAL
94,45,-0.0837304083540222,85.58,NORMAL
94,46,-0.0850334751068885,86.17,NORMAL
94,47,-0.0550398790837171,72.72,NORMAL
94,48,-0.0593669069596654,74.66,NORMAL
94,49,-0.0876607677965133,87.35,NORMAL
94,50,-0.1043454635277562,94.83,NORMAL
94,51,-0.0632832910394295,76.41,NORMAL
94,52,-0.0844679302942213,85.91,NORMAL
94,53,-0.0712019927537384,79.97,NORMAL
94,54,-0.0892906390438532,88.08,NORMAL
94,55,-0.0691744556739437,79.06,NORMAL
94,56,-0.07837679937688,83.18,NORMAL
94,57,-0.0843339345545194,85.85,NORMAL
94,58,-0.0722028163777392,80.41,NORMAL
94,59,-0.041892486719256,66.82,WARNING
94,60,-0.1001799432626654,92.96,NORMAL
94,61,-0.0642509694293383,76.85,NORMAL
94,62,-0.0703070902384566,79.56,NORMAL
94,63,-0.0963905978138278,91.26,NORMAL
94,64,-0.0837798799830596,85.61,NORMAL
94,65,-0.0787511988429204,83.35,NORMAL
94,66,-0.0839664542396364,85.69,NORMAL
94,67,-0.0949041320105165,90.59,NORMAL
94,68,-0.0758359568148778,82.04,NORMAL
94,69,-0.0980136535656388,91.99,NORMAL
94,70,-0.1036622408402322,94.52,NORMAL
94,71,-0.0455026475971834,68.44,WARNING
94,72,-0.0925391846128425,89.53,NORMAL
94,73,-0.0828552655901643,85.19,NORMAL
94,74,-0.0777931783190404,82.92,NORMAL
94,75,-0.0886804382745932,87.8,NORMAL
94,76,-0.0692248982604067,79.08,NORMAL
94,77,-0.1042061154961588,94.77,NORMAL
94,78,-0.0676369093757958,78.37,NORMAL
94,79,-0.0905202689655582,88.63,NORMAL
94,80,-0.1015723218970267,93.58,NORMAL
94,81,-0.0920002605634588,89.29,NORMAL
94,82,-0.0649859889673203,77.18,NORMAL
94,83,-0.0806184401825818,84.19,NORMAL
94,84,-0.0815889357525537,84.62,NORMAL
94,85,-0.0990663152944093,92.46,NORMAL
94,86,-0.076953348453148,82.54,NORMAL
94,87,-0.0961770177054947,91.16,NORMAL
94,88,-0.0680876425927647,78.57,NORMAL
94,89,-0.0530272071439784,71.82,NORMAL
94,90,-0.0848868789431105,86.1,NORMAL
94,91,-0.074147960916524,81.29,NORMAL
94,92,-0.0784315046834867,83.21,NORMAL
94,93,-0.0796505241035605,83.75,NORMAL
94,94,-0.0798221523074655,83.83,NORMAL
94,95,-0.0840329515399472,85.72,NORMAL
94,96,-0.0843401999600262,85.86,NORMAL
94,97,-0.0658664631891157,77.57,NORMAL
94,98,-0.0982915165470791,92.11,NORMAL
94,99,-0.0973477416396237,91.69,NORMAL
94,100,-0.1009313997346555,93.3,NORMAL
94,101,-0.0781221726055699,83.07,NORMAL
94,102,-0.0740365084219858,81.24,NORMAL
94,103,-0.1041725837588118,94.75,NORMAL
94,104,-0.0885396247933281,87.74,NORMAL
94,105,-0.0806616836661834,84.21,NORMAL
94,106,-0.0901568910449142,88.47,NORMAL
94,107,-0.0946754751309583,90.49,NORMAL
94,108,-0.1004419287187582,93.08,NORMAL
94,109,-0.0867452714301831,86.94,NORMAL
94,110,-0.0832099546850363,85.35,NORMAL
94,111,-0.1024875757492932,93.99,NORMAL
94,112,-0.0923829881632022,89.46,NORMAL
94,113,-0.0954922835539153,90.86,NORMAL
94,114,-0.0911876480077477,88.93,NORMAL
94,115,-0.068207576918328,78.62,NORMAL
94,116,-0.1075292134666439,96.26,NORMAL
94,117,-0.0881480808856886,87.56,NORMAL
94,118,-0.0923311742988388,89.44,NORMAL
94,119,-0.0799699877741264,83.9,NORMAL
94,120,-0.0849054369319109,86.11,NORMAL
94,121,-0.059487991798466,74.71,NORMAL
94,122,-0.0662772411190965,77.76,NORMAL
94,123,-0.0769848110836595,82.56,NORMAL
94,124,-0.0907313356771779,88.72,NORMAL
94,125,-0.0993782022664675,92.6,NORMAL
94,126,-0.0866737125830368,86.9,NORMAL
94,127,-0.0966812130305027,91.39,NORMAL
94,128,-0.0915254398550644,89.08,NORMAL
94,129,-0.0989394753804149,92.4,NORMAL
94,130,-0.0981474316739939,92.05,NORMAL
94,131,-0.073796716273164,81.13,NORMAL
94,132,-0.0960644437755227,91.11,NORMAL
94,133,-0.0700362114952212,79.44,NORMAL
94,134,-0.1059168313580028,95.53,NORMAL
94,135,-0.0978943654711655,91.93,NORMAL
94,136,-0.1067820745507662,95.92,NORMAL
94,137,-0.0921131325369764,89.34,NORMAL
94,138,-0.1064498055175523,95.77,NORMAL
94,139,-0.0174409318272251,55.86,WARNING
94,140,-0.03950949610775,65.75,WARNING
94,141,-0.0842261645877439,85.81,NORMAL
94,142,-0.0929439960527877,89.72,NORMAL
94,143,-0.0611189104703494,75.44,NORMAL
94,144,-0.088114353960105,87.55,NORMAL
94,145,-0.0895255956561942,88.18,NORMAL
94,146,-0.0817707343650692,84.7,NORMAL
94,147,-0.0823284282218176,84.95,NORMAL
94,148,-0.1065878326725184,95.83,NORMAL
94,149,-0.0801459238765389,83.98,NORMAL
94,150,-0.1226883715428306,100.0,NORMAL
94,151,-0.0900905582355265,88.44,NORMAL
94,152,-0.0878794541700642,87.44,NORMAL
94,153,-0.0714331586367391,80.07,NORMAL
94,154,-0.0691702744986506,79.05,NORMAL
94,155,-0.0681096661512568,78.58,NORMAL
94,156,-0.0654221876411098,77.37,NORMAL
94,157,-0.0772712297753038,82.69,NORMAL
94,158,-0.0694572737627159,79.18,NORMAL
94,159,-0.0391171629868918,65.58,WARNING
94,160,-0.0359277696250577,64.15,WARNING
94,161,-0.101044989638209,93.35,NORMAL
94,162,-0.0882457706318164,87.61,NORMAL
94,163,-0.0968768394505334,91.48,NORMAL
94,164,-0.1059225612755525,95.53,NORMAL
94,165,-0.0996828953475382,92.74,NORMAL
94,166,-0.0599430698380874,74.92,NORMAL
94,167,-0.0850914436744786,86.19,NORMAL
94,168,-0.0877831288859258,87.4,NORMAL
94,169,-0.0733489931396781,80.93,NORMAL
94,170,-0.0802802041633357,84.04,NORMAL
94,171,-0.0557909626145726,73.06,NORMAL
94,172,-0.0617642029547276,75.73,NORMAL
94,173,-0.0762454603490741,82.23,NORMAL
94,174,-0.0895351878994659,88.19,NORMAL
94,175,-0.0792630832789194,83.58,NORMAL
94,176,-0.064508497669793,76.96,NORMAL
94,177,-0.1067351441619837,95.9,NORMAL
94,178,-0.0890518492290114,87.97,NORMAL
94,179,-0.0843112101534449,85.84,NORMAL
94,180,-0.0919479629169354,89.27,NORMAL
94,181,-0.0609496049972844,75.37,NORMAL
94,182,-0.1021286826969851,93.83,NORMAL
94,183,-0.0906183970598695,88.67,NORMAL
94,184,-0.0812779869170691,84.48,NORMAL
94,185,-0.0830211299867578,85.27,NORMAL
94,186,-0.0740434656387685,81.24,NORMAL
94,187,-0.0853150692224271,86.29,NORMAL
94,188,-0.0642416517853029,76.84,NORMAL
94,189,-0.047235376014828,69.22,WARNING
94,190,-0.0730551738576504,80.8,NORMAL
94,191,-0.0392829482474373,65.65,WARNING
94,192,-0.0670206151134778,78.09,NORMAL
94,193,-0.0754340638391571,81.86,NORMAL
94,194,-0.0433888917470211,67.49,WARNING
94,195,-0.0502588630991331,70.57,NORMAL
94,196,-0.0660934773701836,77.67,NORMAL
94,197,-0.0574684592748402,73.81,NORMAL
94,198,-0.0345149585176878,63.51,WARNING
94,199,-0.0399427931127793,65.95,WARNING
94,200,-0.0588088159889303,74.41,NORMAL
94,201,-0.06053959514211,75.18,NORMAL
94,202,-0.0244282310039369,58.99,WARNING
94,203,-0.043268507277829,67.44,WARNING
94,204,-0.0504968124186462,70.68,NORMAL
94,205,-0.0481733188616098,69.64,WARNING
94,206,-0.0609510479268998,75.37,NORMAL
94,207,-0.0262775096630328,59.82,WARNING
94,208,-0.0282250508304697,60.69,WARNING
94,209,-0.05587319783657,73.09,NORMAL
94,210,-0.0594653811849196,74.7,NORMAL
94,211,-0.0312800583611245,62.06,WARNING
94,212,-0.0533591687036158,71.96,NORMAL
94,213,-0.0428681021637309,67.26,WARNING
94,214,-0.0150931267265958,54.81,WARNING
94,215,-0.0630261312114502,76.3,NORMAL
94,216,-0.0295936667747649,61.31,WARNING
94,217,-0.0127802476482979,53.77,WARNING
94,218,-0.017742912802575,55.99,WARNING
94,219,-0.0097148985482814,52.39,WARNING
94,220,-0.0078755785097301,51.57,WARNING
94,221,-0.0593931832848796,74.67,NORMAL
94,222,-0.0253685444376071,59.41,WARNING
94,223,0.0191437814076445,39.45,CRITICAL
94,224,-0.0289665969002211,61.03,WARNING
94,225,-0.0169981105104978,55.66,WARNING
94,226,-0.0273455528409749,60.3,WARNING
94,227,-0.0031723484675317,49.46,WARNING
94,228,-0.0185793626828025,56.37,WARNING
94,229,-0.001182455672677,48.57,WARNING
94,230,-0.0255629695023684,59.5,WARNING
94,231,0.0062632680655437,45.23,WARNING
94,232,-0.0040939826193534,49.87,WARNING
94,233,0.0305652831146682,34.33,CRITICAL
94,234,0.0013232979208713,47.44,WARNING
94,235,-0.0071198849718465,51.23,WARNING
94,236,0.0091168259886141,43.95,WARNING
94,237,0.0291501253604279,34.97,CRITICAL
94,238,0.0017703875560158,47.24,WARNING
94,239,0.0036188076023714,46.41,WARNING
94,240,0.0287555914541609,35.14,CRITICAL
94,241,-0.0156648167217162,55.06,WARNING
94,242,0.056228519836429,22.82,CRITICAL
94,243,0.0159294290183682,40.89,WARNING
94,244,0.0211154164078604,38.57,CRITICAL
94,245,0.0125571595665564,42.41,WARNING
94,246,0.0702544728670271,16.53,CRITICAL
94,247,0.0402866982223819,29.97,CRITICAL
94,248,0.0480471495890163,26.49,CRITICAL
94,249,0.0587618615254945,21.69,CRITICAL
94,250,0.0592509874196681,21.47,CRITICAL
94,251,0.0700919977302049,16.61,CRITICAL
94,252,0.0580468790474941,22.01,CRITICAL
94,253,0.0843560293455373,10.21,CRITICAL
94,254,0.0373811853491873,31.28,CRITICAL
94,255,0.0613947586573755,20.51,CRITICAL
94,256,0.0872442552945071,8.92,CRITICAL
94,257,0.0917330221461819,6.9,CRITICAL
94,258,0.1196877090305952,0.0,CRITICAL
95,1,0.0837825749374883,10.47,CRITICAL
95,2,-0.0009592791478035,48.47,WARNING
95,3,0.029629966739332,34.75,CRITICAL
95,4,-0.0007345313373198,48.37,WARNING
95,5,-0.0378471976391192,65.01,WARNING
95,6,-0.0084538061247423,51.83,WARNING
95,7,0.0445647699278929,28.05,CRITICAL
95,8,0.0352666566926102,32.22,CRITICAL
95,9,-0.0193946512868909,56.73,WARNING
95,10,0.0090156822526979,43.99,WARNING
95,11,0.0266972713505646,36.07,CRITICAL
95,12,-0.0448076890549043,68.13,WARNING
95,13,-0.0202545758084904,57.12,WARNING
95,14,0.0426591682995047,28.91,CRITICAL
95,15,-0.0071601168808723,51.25,WARNING
95,16,-0.0130444058339391,53.89,WARNING
95,17,-0.0256449049805246,59.54,WARNING
95,18,0.0416679991039298,29.35,CRITICAL
95,19,-0.0118912289743549,53.37,WARNING
95,20,-0.0322850181981264,62.51,WARNING
95,21,-0.0093996709278602,52.25,WARNING
95,22,0.0810530561112858,11.69,CRITICAL
95,23,-0.0048628856035511,50.22,WARNING
95,24,-0.0171643409273288,55.73,WARNING
95,25,-0.0113513825450501,53.13,WARNING
95,26,-0.035400462674819,63.91,WARNING
95,27,-0.038143606851165,65.14,WARNING
95,28,-0.0558261274342887,73.07,NORMAL
95,29,-0.0356901360933837,64.04,WARNING
95,30,-0.0319673854240793,62.37,WARNING
95,31,-0.0260490672850782,59.72,WARNING
95,32,-0.0091201894752421,52.13,WARNING
95,33,0.0425371091118454,28.96,CRITICAL
95,34,-0.0476976810949384,69.43,WARNING
95,35,-0.0479669162952846,69.55,WARNING
95,36,-0.0466204429503908,68.94,WARNING
95,37,-0.0604277216940059,75.13,NORMAL
95,38,0.0016297163052435,47.31,WARNING
95,39,0.0577256762687504,22.15,CRITICAL
95,40,-0.0516317583380238,71.19,NORMAL
95,41,-0.0262245935697611,59.8,WARNING
95,42,-0.0502594352136718,70.57,NORMAL
95,43,-0.0347497162404484,63.62,WARNING
95,44,-0.0294776601921174,61.26,WARNING
95,45,-0.0427264914643824,67.2,WARNING
95,46,-0.0385784973963431,65.34,WARNING
95,47,0.0389420814184446,30.58,CRITICAL
95,48,-0.0473195977066858,69.26,WARNING
95,49,0.0134050198189941,42.03,WARNING
95,50,-0.021670066673001,57.75,WARNING
95,51,0.0610186383290686,20.68,CRITICAL
95,52,-0.0482840047562475,69.69,WARNING
95,53,-0.0565376337089431,73.39,NORMAL
95,54,-0.030559399471655,61.74,WARNING
95,55,-0.0360769845125145,64.21,WARNING
95,56,-0.016223766763754,55.31,WARNING
95,57,-0.0016279689735845,48.77,WARNING
95,58,-0.0010862985896926,48.52,WARNING
95,59,0.0014865741509774,47.37,WARNING
95,60,-0.0151228324320627,54.82,WARNING
95,61,-0.0790937104039294,83.5,NORMAL
95,62,-0.0206007365735297,57.28,WARNING
95,63,-0.0241292560151262,58.86,WARNING
95,64,0.0592329315265169,21.48,CRITICAL
95,65,0.0583242981356832,21.88,CRITICAL
95,66,-0.0343802724553614,63.45,WARNING
95,67,-0.046977515948601,69.1,WARNING
95,68,-0.0512677133030828,71.03,NORMAL
95,69,-0.0612555349470017,75.51,NORMAL
95,70,0.0105986268493676,43.28,WARNING
95,71,-0.0359665954791217,64.17,WARNING
95,72,-0.0745401662374171,81.46,NORMAL
95,73,-0.0538225498934515,72.17,NORMAL
95,74,-0.0385827770985816,65.34,WARNING
95,75,-0.0347906883579847,63.64,WARNING
95,76,-0.0354272700691129,63.92,WARNING
95,77,0.0003690222749856,47.87,WARNING
95,78,-0.0145466889527286,54.56,WARNING
95,79,-0.0413299422511,66.57,WARNING
95,80,0.0504111003839579,25.43,CRITICAL
95,81,-0.0432662296791909,67.44,WARNING
95,82,-0.0140895693322622,54.36,WARNING
95,83,-0.0437843673599032,67.67,WARNING
95,84,-0.0272287230803698,60.25,WARNING
95,85,-0.0249448139959487,59.22,WARNING
95,86,-0.0546020611342072,72.52,NORMAL
95,87,-0.0463500900002141,68.82,WARNING
95,88,-0.0406809574058537,66.28,WARNING
95,89,-0.0551183348632948,72.75,NORMAL
95,90,-0.0636542394914755,76.58,NORMAL
95,91,-0.0197157747937268,56.88,WARNING
95,92,0.0279374565940778,35.51,CRITICAL
95,93,-0.0173016126042883,55.8,WARNING
95,94,-0.020690255341424,57.32,WARNING
95,95,-0.0379261182184151,65.04,WARNING
95,96,-0.0446065245305083,68.04,WARNING
95,97,-0.0364203835468461,64.37,WARNING
95,98,-0.0364387810646391,64.38,WARNING
95,99,-0.0381901807687578,65.16,WARNING
95,100,-0.0666427657438281,77.92,NORMAL
95,101,-0.0307214803094943,61.81,WARNING
95,102,-0.0339778476556053,63.27,WARNING
95,103,-0.041739552178017,66.75,WARNING
95,104,-0.04892873106495,69.98,WARNING
95,105,0.0155314189575096,41.07,WARNING
95,106,-0.0346874583371709,63.59,WARNING
95,107,-0.0678778217718899,78.47,NORMAL
95,108,-0.0509193434406141,70.87,NORMAL
95,109,-0.0277030615356782,60.46,WARNING
95,110,-0.0485200326614065,69.79,WARNING
95,111,-0.0397592688518807,65.87,WARNING
95,112,-0.0348871450355864,63.68,WARNING
95,113,-0.0644608132628178,76.94,NORMAL
95,114,-0.0253184111496883,59.39,WARNING
95,115,-0.0635647384800239,76.54,NORMAL
95,116,-0.0340051086108375,63.29,WARNING
95,117,-0.0384557702856352,65.28,WARNING
95,118,-0.0077093493974422,51.49,WARNING
95,119,-0.0704623878860958,79.63,NORMAL
95,120,-0.0340948843370617,63.33,WARNING
95,121,-0.0818296888862419,84.73,NORMAL
95,122,-0.0066983220809043,51.04,WARNING
95,123,-0.0414337616568771,66.62,WARNING
95,124,-0.0705293586278052,79.66,NORMAL
95,125,-0.0577870868014073,73.95,NORMAL
95,126,-0.0756695219195174,81.97,NORMAL
95,127,-0.0323084580201911,62.53,WARNING
95,128,-0.0791081444899589,83.51,NORMAL
95,129,-0.065331925831838,77.33,NORMAL
95,130,0.0187558305362,39.63,CRITICAL
95,131,-0.0291040349981835,61.09,WARNING
95,132,-0.067654112323084,78.37,NORMAL
95,133,-0.0266141202582851,59.97,WARNING
95,134,-0.0674877452264846,78.3,NORMAL
95,135,-0.057856277861901,73.98,NORMAL
95,136,-0.0592353392244161,74.6,NORMAL
95,137,-0.0784667047790818,83.22,NORMAL
95,138,-0.0648741629652155,77.13,NORMAL
95,139,-0.0503970827001262,70.64,NORMAL
95,140,-0.0572822694347787,73.72,NORMAL
95,141,-0.0440756679057383,67.8,WARNING
95,142,-0.0509711011826608,70.89,NORMAL
95,143,-0.0797997699448443,83.82,NORMAL
95,144,-0.059794667364319,74.85,NORMAL
95,145,-0.0604592148979263,75.15,NORMAL
95,146,-0.0455588917165505,68.47,WARNING
95,147,-0.0630572067142734,76.31,NORMAL
95,148,-0.0535498948388623,72.05,NORMAL
95,149,-0.0655109434116823,77.41,NORMAL
95,150,-0.0620618824504941,75.87,NORMAL
95,151,-0.0724155892141336,80.51,NORMAL
95,152,-0.0573460267614198,73.75,NORMAL
95,153,-0.030236422234425,61.6,WARNING
95,154,-0.0468445292105768,69.04,WARNING
95,155,-0.0336477237929747,63.13,WARNING
95,156,-0.0637411419490067,76.62,NORMAL
95,157,-0.0823428758368729,84.96,NORMAL
95,158,-0.0730824499376534,80.81,NORMAL
95,159,-0.0200833793679323,57.04,WARNING
95,160,-0.0649544004404693,77.16,NORMAL
95,161,-0.0711016554131046,79.92,NORMAL
95,162,-0.0750325463888874,81.68,NORMAL
95,163,-0.0683510546190825,78.69,NORMAL
95,164,-0.0541102185535304,72.3,NORMAL
95,165,-0.0836688141593807,85.56,NORMAL
95,166,-0.0254599197937702,59.45,WARNING
95,167,-0.0714987778794581,80.1,NORMAL
95,168,-0.0769619303643015,82.55,NORMAL
95,169,-0.0375631326560133,64.88,WARNING
95,170,-0.0800580639685649,83.94,NORMAL
95,171,-0.086723611983965,86.93,NORMAL
95,172,-0.0680891170984371,78.57,NORMAL
95,173,-0.0770932704105689,82.61,NORMAL
95,174,-0.0545105859323573,72.48,NORMAL
95,175,-0.0934897074427069,89.96,NORMAL
95,176,-0.0696374195946355,79.26,NORMAL
95,177,-0.0576351242305028,73.88,NORMAL
95,178,-0.08763602242244,87.33,NORMAL
95,179,-0.0872930301292393,87.18,NORMAL
95,180,-0.0903135383947332,88.54,NORMAL
95,181,-0.0700121574430701,79.43,NORMAL
95,182,-0.0963959527756301,91.26,NORMAL
95,183,-0.092308607407162,89.43,NORMAL
95,184,-0.0765762604874246,82.38,NORMAL
95,185,-0.0639197161951099,76.7,NORMAL
95,186,-0.0609636159498445,75.37,NORMAL
95,187,-0.0888937036546639,87.9,NORMAL
95,188,-0.074444734437248,81.42,NORMAL
95,189,-0.0560669314011172,73.18,NORMAL
95,190,-0.0927361672163017,89.62,NORMAL
95,191,-0.0774498003707034,82.77,NORMAL
95,192,-0.0664177504883422,77.82,NORMAL
95,193,-0.0782722153223303,83.14,NORMAL
95,194,-0.0503036879173535,70.59,NORMAL
95,195,-0.0908904449832188,88.79,NORMAL
95,196,-0.0667025452925654,77.95,NORMAL
95,197,-0.0938570687964145,90.12,NORMAL
95,198,-0.0954237445606253,90.83,NORMAL
95,199,-0.080362970802387,84.07,NORMAL
95,200,-0.082950128082799,85.23,NORMAL
95,201,-0.0613106753277555,75.53,NORMAL
95,202,-0.0781789910045741,83.09,NORMAL
95,203,-0.0879490681636195,87.48,NORMAL
95,204,-0.0694324007118677,79.17,NORMAL
95,205,-0.071190607555394,79.96,NORMAL
95,206,-0.0871197077907847,87.1,NORMAL
95,207,-0.0863865373842308,86.77,NORMAL
95,208,-0.0762010127056026,82.21,NORMAL
95,209,-0.0830628520197627,85.28,NORMAL
95,210,-0.0657702538478537,77.53,NORMAL
95,211,-0.0828003388964115,85.17,NORMAL
95,212,-0.0598906687120061,74.89,NORMAL
95,213,-0.0558491251917518,73.08,NORMAL
95,214,-0.0911387736632698,88.91,NORMAL
95,215,-0.0514325821306347,71.1,NORMAL
95,216,-0.084495560141859,85.93,NORMAL
95,217,-0.0739685963078564,81.21,NORMAL
95,218,-0.057672600701132,73.9,NORMAL
95,219,-0.0525609544242609,71.61,NORMAL
95,220,-0.0708071984247098,79.79,NORMAL
95,221,-0.0766651500186452,82.42,NORMAL
95,222,-0.065846218393535,77.56,NORMAL
95,223,-0.061237197417113,75.5,NORMAL
95,224,-0.0795009448462034,83.69,NORMAL
95,225,-0.082283860927233,84.93,NORMAL
95,226,-0.0793893883230738,83.64,NORMAL
95,227,-0.0824328933799394,85.0,NORMAL
95,228,-0.0781488085733574,83.08,NORMAL
95,229,-0.0795843271647915,83.72,NORMAL
95,230,-0.0460453818810592,68.68,WARNING
95,231,-0.0694838563254093,79.2,NORMAL
95,232,-0.0487002775254573,69.88,WARNING
95,233,-0.0412585873953253,66.54,WARNING
95,234,-0.0675554744459614,78.33,NORMAL
95,235,-0.0870451359685254,87.07,NORMAL
95,236,-0.0374788869668486,64.84,WARNING
95,237,-0.0665828888444129,77.89,NORMAL
95,238,0.0059051792528337,45.39,WARNING
95,239,-0.027686374345755,60.45,WARNING
95,240,-0.0632953391302947,76.42,NORMAL
95,241,-0.062578155075335,76.1,NORMAL
95,242,-0.0505422665311546,70.7,NORMAL
95,243,-0.0504946052063385,70.68,NORMAL
95,244,-0.0246216435059493,59.08,WARNING
95,245,-0.0209737239631825,57.44,WARNING
95,246,-0.056423059302079,73.34,NORMAL
95,247,-0.0457211430872273,68.54,WARNING
95,248,-0.0420638753647319,66.9,WARNING
95,249,-0.0272001550899658,60.23,WARNING
95,250,-0.006206236316594,50.82,WARNING
95,251,-0.0178635562630894,56.05,WARNING
95,252,-0.0668586163255087,78.02,NORMAL
95,253,-0.0508757183183312,70.85,NORMAL
95,254,-0.0202402612929382,57.11,WARNING
95,255,-0.0638342129103411,76.66,NORMAL
95,256,-0.0389107425919345,65.49,WARNING
95,257,-0.0328448914655419,62.77,WARNING
95,258,0.039689656504716,30.24,CRITICAL
95,259,-0.0459774057028615,68.65,WARNING
95,260,-0.0196038827184968,56.83,WARNING
95,261,-0.0222416241923481,58.01,WARNING
95,262,-0.0165943559957363,55.48,WARNING
95,263,-0.0199707412560913,56.99,WARNING
95,264,0.0122083433894129,42.56,WARNING
95,265,-0.0231964115609696,58.44,WARNING
95,266,0.0029382711021394,46.72,WARNING
95,267,-0.0011705399720742,48.56,WARNING
95,268,-0.0023389702925751,49.09,WARNING
95,269,0.019108907923906,39.47,CRITICAL
95,270,0.0234544286882329,37.52,CRITICAL
95,271,0.0076111025858974,44.62,WARNING
95,272,0.0027775724989821,46.79,WARNING
95,273,0.0591038771032661,21.53,CRITICAL
95,274,0.0255800920851422,36.57,CRITICAL
95,275,0.050684294523095,25.31,CRITICAL
95,276,0.0456227196155356,27.58,CRITICAL
95,277,-0.0081573041793357,51.7,WARNING
95,278,0.0660503330796964,18.42,CRITICAL
95,279,0.0428959308454843,28.8,CRITICAL
95,280,0.0660713383255267,18.41,CRITICAL
95,281,0.0390113699495027,30.54,CRITICAL
95,282,0.0809793239684421,11.72,CRITICAL
95,283,0.0903229849981207,7.54,CRITICAL
96,1,-0.0463549520706452,68.82,WARNING
96,2,-0.0632171957049209,76.39,NORMAL
96,3,-0.0685766092898002,78.79,NORMAL
96,4,-0.0672105532496006,78.18,NORMAL
96,5,-0.0766523919735975,82.41,NORMAL
96,6,-0.067851079541108,78.46,NORMAL
96,7,-0.0352522386368858,63.85,WARNING
96,8,-0.0681865914394132,78.61,NORMAL
96,9,-0.0779968295451682,83.01,NORMAL
96,10,-0.0658743538382577,77.58,NORMAL
96,11,-0.1071444748529693,96.08,NORMAL
96,12,0.0193514855630348,39.36,CRITICAL
96,13,-0.0773740552179468,82.73,NORMAL
96,14,-0.0510197529265843,70.92,NORMAL
96,15,-0.0529683830967521,71.79,NORMAL
96,16,-0.0376281067985963,64.91,WARNING
96,17,-0.0840555974111856,85.73,NORMAL
96,18,-0.0500511906392214,70.48,NORMAL
96,19,-0.0598112977344144,74.86,NORMAL
96,20,-0.077612063126047,82.84,NORMAL
96,21,-0.0608603067843081,75.33,NORMAL
96,22,-0.0569659782189881,73.58,NORMAL
96,23,-0.0648321696738936,77.11,NORMAL
96,24,-0.0638781264094435,76.68,NORMAL
96,25,-0.0685084221064336,78.76,NORMAL
96,26,-0.0826378650161941,85.09,NORMAL
96,27,-0.0708003192736327,79.79,NORMAL
96,28,-0.089763590641353,88.29,NORMAL
96,29,-0.0623497157591309,76.0,NORMAL
96,30,-0.0604421984273214,75.14,NORMAL
96,31,-0.0711810526320678,79.96,NORMAL
96,32,-0.0497787275937444,70.36,NORMAL
96,33,-0.0848393807420193,86.08,NORMAL
96,34,-0.0551742586187594,72.78,NORMAL
96,35,-0.0460352866779189,68.68,WARNING
96,36,-0.0950615313265846,90.66,NORMAL
96,37,-0.0894891753567219,88.17,NORMAL
96,38,-0.0888851292600286,87.9,NORMAL
96,39,-0.0795891621936008,83.73,NORMAL
96,40,-0.0836227236866073,85.54,NORMAL
96,41,-0.0371456264431766,64.69,WARNING
96,42,-0.0889197157370874,87.91,NORMAL
96,43,-0.0424525731430459,67.07,WARNING
96,44,-0.0842488216071025,85.82,NORMAL
96,45,-0.0735358349591804,81.01,NORMAL
96,46,-0.0779898600398111,83.01,NORMAL
96,47,-0.0674250065641036,78.27,NORMAL
96,48,-0.0691677839126199,79.05,NORMAL
96,49,-0.06987306212547,79.37,NORMAL
96,50,-0.0733496376842534,80.93,NORMAL
96,51,-0.0536947594931078,72.12,NORMAL
96,52,-0.0663852470767965,77.81,NORMAL
96,53,-0.0867126299663504,86.92,NORMAL
96,54,-0.085329685479196,86.3,NORMAL
96,55,-0.0585896175215544,74.31,NORMAL
96,56,-0.1001287630893095,92.94,NORMAL
96,57,-0.1007710638584702,93.22,NORMAL
96,58,-0.0616193753156467,75.67,NORMAL
96,59,-0.0847150470357425,86.03,NORMAL
96,60,-0.0858404814803788,86.53,NORMAL
96,61,-0.012647243450703,53.71,WARNING
96,62,-0.0646078953881739,77.01,NORMAL
96,63,-0.0996066541941976,92.7,NORMAL
96,64,-0.073363058000874,80.93,NORMAL
96,65,-0.0213829019002042,57.63,WARNING
96,66,-0.0510671222452098,70.94,NORMAL
96,67,-0.0674231222888089,78.27,NORMAL
96,68,-0.0872932031696694,87.18,NORMAL
96,69,-0.0975288161409478,91.77,NORMAL
96,70,-0.0361251360250488,64.24,WARNING
96,71,-0.0742162860989399,81.32,NORMAL
96,72,-0.0780348464240124,83.03,NORMAL
96,73,-0.0563314662126728,73.3,NORMAL
96,74,-0.0612512861010584,75.5,NORMAL
96,75,-0.0804258308102403,84.1,NORMAL
96,76,-0.0605416422974088,75.19,NORMAL
96,77,-0.0958223471572528,91.01,NORMAL
96,78,-0.0899239462513162,88.36,NORMAL
96,79,-0.0799785430748252,83.9,NORMAL
96,80,-0.0638075656382718,76.65,NORMAL
96,81,-0.0662651035176668,77.75,NORMAL
96,82,-0.057186196234524,73.68,NORMAL
96,83,-0.089644554694641,88.24,NORMAL
96,84,-0.0657027103761562,77.5,NORMAL
96,85,-0.0848676858760169,86.09,NORMAL
96,86,-0.0128151792343352,53.78,WARNING
96,87,-0.0789244040134147,83.43,NORMAL
96,88,-0.0790526377156394,83.49,NORMAL
96,89,-0.0830754952808737,85.29,NORMAL
96,90,-0.0444578575196525,67.97,WARNING
96,91,-0.0918978287151804,89.25,NORMAL
96,92,-0.0603263769825784,75.09,NORMAL
96,93,-0.0360421177343429,64.2,WARNING
96,94,-0.0518061665265557,71.27,NORMAL
96,95,-0.0302707530160026,61.61,WARNING
96,96,-0.0914789379002474,89.06,NORMAL
96,97,-0.076183592691568,82.2,NORMAL
96,98,-0.070822117846359,79.8,NORMAL
96,99,-0.0650142892436391,77.19,NORMAL
96,100,-0.1118152753673875,98.18,NORMAL
96,101,-0.0735257007193896,81.01,NORMAL
96,102,-0.1024375376961418,93.97,NORMAL
96,103,-0.0968980715693544,91.49,NORMAL
96,104,-0.0647080753104489,77.05,NORMAL
96,105,-0.0714240412998031,80.07,NORMAL
96,106,-0.106515953190633,95.8,NORMAL
96,107,-0.102595478489438,94.04,NORMAL
96,108,-0.0959416560909256,91.06,NORMAL
96,109,-0.0823285650556187,84.95,NORMAL
96,110,-0.0544215247222881,72.44,NORMAL
96,111,-0.0968280798603528,91.46,NORMAL
96,112,-0.0783248360658911,83.16,NORMAL
96,113,-0.0656114484972011,77.46,NORMAL
96,114,-0.0392076476324974,65.62,WARNING
96,115,-0.0854641482258394,86.36,NORMAL
96,116,-0.074309510318992,81.36,NORMAL
96,117,-0.0793044492178384,83.6,NORMAL
96,118,-0.0988616918402263,92.37,NORMAL
96,119,-0.1116199400636159,98.09,NORMAL
96,120,-0.0742512496154556,81.33,NORMAL
96,121,-0.076899397762643,82.52,NORMAL
96,122,-0.1018509312119709,93.71,NORMAL
96,123,-0.0477661043784695,69.46,WARNING
96,124,-0.0739944621630173,81.22,NORMAL
96,125,-0.0968391025466105,91.46,NORMAL
96,126,-0.0934999033730525,89.96,NORMAL
96,127,-0.0726601886545356,80.62,NORMAL
96,128,-0.0862037607353359,86.69,NORMAL
96,129,-0.0544700690951786,72.46,NORMAL
96,130,-0.0812014722102328,84.45,NORMAL
96,131,-0.0982482530556748,92.09,NORMAL
96,132,-0.0799663919224526,83.9,NORMAL
96,133,-0.0682850677277904,78.66,NORMAL
96,134,-0.0690643629308514,79.01,NORMAL
96,135,-0.0501347915560723,70.52,NORMAL
96,136,-0.0860261843976936,86.61,NORMAL
96,137,-0.0809225116262937,84.32,NORMAL
96,138,-0.0669109047790806,78.04,NORMAL
96,139,-0.043267794557335,67.44,WARNING
96,140,-0.0953792107077909,90.81,NORMAL
96,141,-0.0799482499177052,83.89,NORMAL
96,142,-0.0836107439709709,85.53,NORMAL
96,143,-0.1038951270587166,94.63,NORMAL
96,144,-0.0987686683223251,92.33,NORMAL
96,145,-0.0871390591741476,87.11,NORMAL
96,146,-0.0812599751064178,84.48,NORMAL
96,147,-0.0800325304833605,83.93,NORMAL
96,148,-0.0859756487817556,86.59,NORMAL
96,149,-0.0515443200087825,71.15,NORMAL
96,150,-0.0986810214525055,92.29,NORMAL
96,151,-0.1077815260182553,96.37,NORMAL
96,152,-0.1004789423055432,93.09,NORMAL
96,153,-0.0999255475672314,92.85,NORMAL
96,154,-0.1015447366778717,93.57,NORMAL
96,155,-0.0982204780410847,92.08,NORMAL
96,156,-0.0986988365435027,92.3,NORMAL
96,157,-0.0932492479866784,89.85,NORMAL
96,158,-0.0919730545850363,89.28,NORMAL
96,159,-0.0593516740369228,74.65,NORMAL
96,160,-0.085653070068981,86.45,NORMAL
96,161,-0.0818889293680242,84.76,NORMAL
96,162,-0.1006224342856366,93.16,NORMAL
96,163,-0.1008478079233852,93.26,NORMAL
96,164,-0.0590663486375223,74.52,NORMAL
96,165,-0.0894341881564577,88.14,NORMAL
96,166,-0.0868170331870232,86.97,NORMAL
96,167,-0.060590111132426,75.21,NORMAL
96,168,-0.073537645006274,81.01,NORMAL
96,169,-0.0827043994221643,85.12,NORMAL
96,170,-0.1039299696601765,94.64,NORMAL
96,171,-0.104726878428114,95.0,NORMAL
96,172,-0.0974810121933152,91.75,NORMAL
96,173,-0.1061246003457939,95.63,NORMAL
96,174,-0.0890901878885737,87.99,NORMAL
96,175,-0.1070779144269517,96.05,NORMAL
96,176,-0.1145677397206071,99.41,NORMAL
96,177,-0.0903778839354551,88.56,NORMAL
96,178,-0.0899783407077964,88.39,NORMAL
96,179,-0.0418544886935717,66.81,WARNING
96,180,-0.0984360871378756,92.18,NORMAL
96,181,-0.1008877026710783,93.28,NORMAL
96,182,-0.0276297556052647,60.43,WARNING
96,183,-0.0837959489356168,85.61,NORMAL
96,184,-0.0924865216205831,89.51,NORMAL
96,185,-0.0963022661704147,91.22,NORMAL
96,186,-0.0872639016688727,87.17,NORMAL
96,187,-0.1025644480700116,94.03,NORMAL
96,188,-0.083145717869683,85.32,NORMAL
96,189,-0.0665385258891367,77.87,NORMAL
96,190,-0.0929660958833667,89.72,NORMAL
96,191,-0.0886547178312266,87.79,NORMAL
96,192,-0.0937875029242486,90.09,NORMAL
96,193,-0.0890195738462577,87.96,NORMAL
96,194,-0.0829889540315236,85.25,NORMAL
96,195,-0.0682275579192193,78.63,NORMAL
96,196,-0.1044128701858074,94.86,NORMAL
96,197,-0.1123927561843002,98.44,NORMAL
96,198,-0.0832672360404263,85.38,NORMAL
96,199,-0.1004775719103164,93.09,NORMAL
96,200,-0.1137747129430968,99.06,NORMAL
96,201,-0.0819739223589721,84.8,NORMAL
96,202,-0.092992825608452,89.74,NORMAL
96,203,-0.1054761629408046,95.33,NORMAL
96,204,-0.0931136002952829,89.79,NORMAL
96,205,-0.1080410673513306,96.48,NORMAL
96,206,-0.0790378433627064,83.48,NORMAL
96,207,-0.102995382759525,94.22,NORMAL
96,208,-0.1079995669133868,96.47,NORMAL
96,209,-0.077838402019606,82.94,NORMAL
96,210,-0.0821084657573124,84.86,NORMAL
96,211,-0.1118714716727073,98.2,NORMAL
96,212,-0.1107364377271741,97.69,NORMAL
96,213,-0.0796268022510096,83.74,NORMAL
96,214,-0.0815156249138259,84.59,NORMAL
96,215,-0.1068247765977686,95.94,NORMAL
96,216,-0.0622795638958916,75.96,NORMAL
96,217,-0.0947131367419695,90.51,NORMAL
96,218,-0.0921776252025906,89.37,NORMAL
96,219,-0.0837705455500388,85.6,NORMAL
96,220,-0.1012733072319325,93.45,NORMAL
96,221,-0.1161852976845636,100.0,NORMAL
96,222,-0.0881802985105736,87.58,NORMAL
96,223,-0.0591018850549915,74.54,NORMAL
96,224,-0.1044946589247638,94.89,NORMAL
96,225,-0.0943037410854839,90.32,NORMAL
96,226,-0.0822507909604976,84.92,NORMAL
96,227,-0.0877258659074682,87.38,NORMAL
96,228,-0.0992134092182642,92.53,NORMAL
96,229,-0.0604147652911735,75.13,NORMAL
96,230,-0.1077223625543475,96.34,NORMAL
96,231,-0.0754915033685701,81.89,NORMAL
96,232,-0.1012396414382235,93.43,NORMAL
96,233,-0.1005656620903842,93.13,NORMAL
96,234,-0.1044234831078758,94.86,NORMAL
96,235,-0.0745954902820831,81.49,NORMAL
96,236,-0.0721916055065235,80.41,NORMAL
96,237,-0.1103097188648439,97.5,NORMAL
96,238,-0.0597465832535031,74.83,NORMAL
96,239,-0.0873389740830775,87.2,NORMAL
96,240,-0.0726897576724942,80.63,NORMAL
96,241,-0.0924657826722313,89.5,NORMAL
96,242,-0.0851199695489077,86.21,NORMAL
96,243,-0.0912251167839887,88.94,NORMAL
96,244,-0.0792480179887045,83.57,NORMAL
96,245,-0.0565042212934716,73.37,NORMAL
96,246,-0.0946539114304909,90.48,NORMAL
96,247,-0.0954463182969375,90.84,NORMAL
96,248,-0.085395318164376,86.33,NORMAL
96,249,-0.0542834627102937,72.38,NORMAL
96,250,-0.07719698661261,82.65,NORMAL
96,251,-0.0827539376278724,85.15,NORMAL
96,252,-0.085031826880688,86.17,NORMAL
96,253,-0.0861324010248093,86.66,NORMAL
96,254,-0.0924820899699796,89.51,NORMAL
96,255,-0.0786057246587818,83.29,NORMAL
96,256,-0.0883143995942429,87.64,NORMAL
96,257,-0.0783477630626288,83.17,NORMAL
96,258,-0.1062134939767983,95.67,NORMAL
96,259,-0.044569138031106,68.02,WARNING
96,260,-0.0603513992561305,75.1,NORMAL
96,261,-0.0798372710581213,83.84,NORMAL
96,262,-0.0906839932233842,88.7,NORMAL
96,263,-0.0775822089620145,82.83,NORMAL
96,264,-0.0887285568769238,87.82,NORMAL
96,265,-0.0887594703477146,87.84,NORMAL
96,266,-0.0747344706915505,81.55,NORMAL
96,267,-0.0851872272509016,86.24,NORMAL
96,268,-0.0753861892862886,81.84,NORMAL
96,269,-0.0926437940444401,89.58,NORMAL
96,270,-0.0718252826206739,80.25,NORMAL
96,271,-0.0588675026004852,74.43,NORMAL
96,272,-0.0813883855906528,84.53,NORMAL
96,273,-0.0545901982020896,72.52,NORMAL
96,274,-0.078016618807167,83.02,NORMAL
96,275,-0.0852299231487735,86.26,NORMAL
96,276,-0.0356735835730536,64.03,WARNING
96,277,-0.0383617045067946,65.24,WARNING
96,278,-0.0846601370737519,86.0,NORMAL
96,279,-0.0659925625578415,77.63,NORMAL
96,280,-0.0519591201765726,71.34,NORMAL
96,281,-0.0882474384338827,87.61,NORMAL
96,282,-0.0591697238564413,74.57,NORMAL
96,283,-0.0409130782607267,66.38,WARNING
96,284,-0.0354254264960929,63.92,WARNING
96,285,-0.0547014103608072,72.57,NORMAL
96,286,-0.0452003350832628,68.31,WARNING
96,287,-0.0436850854523467,67.63,WARNING
96,288,-0.0442608345799165,67.88,WARNING
96,289,-0.0052532561754739,50.39,WARNING
96,290,-0.048175568080861,69.64,WARNING
96,291,-0.0129255075962422,53.83,WARNING
96,292,-0.052726656311023,71.68,NORMAL
96,293,-0.0251585979773814,59.32,WARNING
96,294,-0.01593420150146,55.18,WARNING
96,295,-0.0090203804013297,52.08,WARNING
96,296,-0.0105495336467255,52.77,WARNING
96,297,-0.0108210283974894,52.89,WARNING
96,298,-0.041195836496739,66.51,WARNING
96,299,-0.0268283064353639,60.07,WARNING
96,300,-0.0151784059941648,54.84,WARNING
96,301,-0.0007736747462708,48.38,WARNING
96,302,-0.030273832786668,61.61,WARNING
96,303,-0.0013621763472723,48.65,WARNING
96,304,-0.0190662934549344,56.59,WARNING
96,305,-0.0352254979744091,63.83,WARNING
96,306,-0.0608091768554952,75.31,NORMAL
96,307,-0.0218229121846198,57.82,WARNING
96,308,-0.0235086425524876,58.58,WARNING
96,309,-0.0037812028453945,49.73,WARNING
96,310,0.0230348621929028,37.71,CRITICAL
96,311,-0.0319610987144257,62.37,WARNING
96,312,0.0192111046392746,39.42,CRITICAL
96,313,-0.0204430874841565,57.2,WARNING
96,314,0.0216795925263901,38.32,CRITICAL
96,315,0.0010941774353111,47.55,WARNING
96,316,-0.0333579073430748,63.0,WARNING
96,317,0.0018601637739543,47.2,WARNING
96,318,-0.0009024625280652,48.44,WARNING
96,319,-0.010593079073569,52.79,WARNING
96,320,0.0155238633255011,41.08,WARNING
96,321,-0.0114393677244201,53.17,WARNING
96,322,0.0137187736315805,41.89,WARNING
96,323,0.0279800788265669,35.49,CRITICAL
96,324,0.0266048543070835,36.11,CRITICAL
96,325,0.0708163387346707,16.28,CRITICAL
96,326,0.022948846321237,37.75,CRITICAL
96,327,0.0290513586366497,35.01,CRITICAL
96,328,0.0796442072718477,12.32,CRITICAL
96,329,0.0424445063690337,29.0,CRITICAL
96,330,0.0537381416188941,23.94,CRITICAL
96,331,0.0445746860410958,28.05,CRITICAL
96,332,0.0721258952348653,15.69,CRITICAL
96,333,0.0738288805852673,14.93,CRITICAL
96,334,0.0541479896144866,23.76,CRITICAL
96,335,0.0762260423679718,13.86,CRITICAL
96,336,0.1176750797728143,0.0,CRITICAL
97,1,-0.040292927458685,66.11,WARNING
97,2,-0.0629948219747866,76.29,NORMAL
97,3,-0.0477604766632612,69.45,WARNING
97,4,-0.0575349006075691,73.84,NORMAL
97,5,-0.0780486875653436,83.04,NORMAL
97,6,-0.0672227345522366,78.18,NORMAL
97,7,-0.0859981690968917,86.6,NORMAL
97,8,-0.0808562457926134,84.29,NORMAL
97,9,-0.0548963675077878,72.65,NORMAL
97,10,-0.0620285230932773,75.85,NORMAL
97,11,-0.054431610147125,72.45,NORMAL
97,12,-0.0340016984164133,63.28,WARNING
97,13,-0.0794711053950915,83.67,NORMAL
97,14,-0.0607860082940701,75.29,NORMAL
97,15,-0.0717852333808934,80.23,NORMAL
97,16,-0.0654365214098572,77.38,NORMAL
97,17,-0.0708844141965583,79.82,NORMAL
97,18,-0.0613331407933632,75.54,NORMAL
97,19,-0.0546099885942942,72.53,NORMAL
97,20,-0.03390582859384,63.24,WARNING
97,21,-0.078376612872565,83.18,NORMAL
97,22,-0.0861665681633262,86.68,NORMAL
97,23,-0.0538924195716027,72.2,NORMAL
97,24,-0.0715636008954628,80.13,NORMAL
97,25,-0.0553489304394926,72.86,NORMAL
97,26,-0.0899183940358757,88.36,NORMAL
97,27,-0.0462883823813296,68.79,WARNING
97,28,-0.0577375499654618,73.93,NORMAL
97,29,-0.0412347994796381,66.53,WARNING
97,30,-0.0610532536310086,75.41,NORMAL
97,31,-0.0504651293195602,70.67,NORMAL
97,32,-0.0724494103247481,80.52,NORMAL
97,33,-0.0590345019646793,74.51,NORMAL
97,34,-0.0471216655707423,69.17,WARNING
97,35,-0.0581075856473975,74.09,NORMAL
97,36,-0.0801157554143063,83.96,NORMAL
97,37,-0.0917670897026253,89.19,NORMAL
97,38,-0.0525590632308825,71.61,NORMAL
97,39,-0.0411153184234276,66.47,WARNING
97,40,-0.0729917792502234,80.77,NORMAL
97,41,-0.0795607259679466,83.71,NORMAL
97,42,-0.0583319467493673,74.19,NORMAL
97,43,-0.0059631356942826,50.71,WARNING
97,44,-0.0616915503310747,75.7,NORMAL
97,45,-0.0663931054979895,77.81,NORMAL
97,46,-0.0346869354491538,63.59,WARNING
97,47,-0.0597145434832973,74.81,NORMAL
97,48,-0.0716314928341015,80.16,NORMAL
97,49,-0.0699326999241861,79.4,NORMAL
97,50,-0.0579252436870557,74.01,NORMAL
97,51,-0.0780303455815882,83.03,NORMAL
97,52,-0.0810510822086739,84.38,NORMAL
97,53,-0.0674293340612576,78.27,NORMAL
97,54,-0.0963461681223163,91.24,NORMAL
97,55,-0.0714909199632566,80.1,NORMAL
97,56,-0.0972729185525673,91.66,NORMAL
97,57,-0.0774158891946062,82.75,NORMAL
97,58,-0.0254730577132488,59.46,WARNING
97,59,-0.06849488364241,78.75,NORMAL
97,60,-0.0489824961795882,70.0,NORMAL
97,61,-0.0804710348606191,84.12,NORMAL
97,62,-0.0910259764631236,88.86,NORMAL
97,63,-0.0724063319042657,80.51,NORMAL
97,64,-0.065263858277111,77.3,NORMAL
97,65,-0.0726226874661942,80.6,NORMAL
97,66,-0.0587704602991101,74.39,NORMAL
97,67,-0.0804186282639403,84.1,NORMAL
97,68,-0.0881420648374699,87.56,NORMAL
97,69,-0.1167824967506184,100.0,NORMAL
97,70,-0.0494001811192695,70.19,NORMAL
97,71,-0.0669201055548746,78.05,NORMAL
97,72,-0.0829150390421429,85.22,NORMAL
97,73,-0.0797849512265463,83.81,NORMAL
97,74,-0.095839411023432,91.01,NORMAL
97,75,-0.0619238759004941,75.81,NORMAL
97,76,-0.0688090704127359,78.89,NORMAL
97,77,-0.0586623469173245,74.34,NORMAL
97,78,-0.0688100185802966,78.89,NORMAL
97,79,-0.0794105083651016,83.65,NORMAL
97,80,-0.0657393888543069,77.52,NORMAL
97,81,-0.0769073788708979,82.52,NORMAL
97,82,-0.1056764335263442,95.42,NORMAL
97,83,-0.0741704419628287,81.3,NORMAL
97,84,-0.0818362894962376,84.73,NORMAL
97,85,-0.0824016290926284,84.99,NORMAL
97,86,-0.0814180785375192,84.55,NORMAL
97,87,-0.0672895693197933,78.21,NORMAL
97,88,-0.0382330223159758,65.18,WARNING
97,89,0.0085750312503928,44.19,WARNING
97,90,-0.1047094967356579,94.99,NORMAL
97,91,-0.0773590953175386,82.73,NORMAL
97,92,-0.0841882313766513,85.79,NORMAL
97,93,-0.0745793974387754,81.48,NORMAL
97,94,-0.070804439844649,79.79,NORMAL
97,95,-0.0324361985660419,62.58,WARNING
97,96,-0.116007263076102,100.0,NORMAL
97,97,-0.0848804975151892,86.1,NORMAL
97,98,-0.0970975617224745,91.58,NORMAL
97,99,-0.0411053524982378,66.47,WARNING
97,100,-0.0923917254354564,89.47,NORMAL
97,101,-0.0976993770478792,91.85,NORMAL
97,102,-0.0845605086906516,85.96,NORMAL
97,103,-0.1030255152865086,94.24,NORMAL
97,104,-0.0948602962164893,90.57,NORMAL
97,105,-0.0991331830771277,92.49,NORMAL
97,106,-0.0769053117399072,82.52,NORMAL
97,107,-0.0917424942375625,89.18,NORMAL
97,108,-0.0973064998579698,91.67,NORMAL
97,109,-0.0797323051162407,83.79,NORMAL
97,110,-0.1002566711071262,92.99,NORMAL
97,111,-0.0165955294638222,55.48,WARNING
97,112,-0.0815281031381889,84.6,NORMAL
97,113,-0.1059513092617967,95.55,NORMAL
97,114,-0.0849591442427282,86.13,NORMAL
97,115,-0.0606115000714981,75.22,NORMAL
97,116,-0.0891437699170246,88.01,NORMAL
97,117,-0.089968980140984,88.38,NORMAL
97,118,-0.0823319278514715,84.96,NORMAL
97,119,-0.0916022445572681,89.11,NORMAL
97,120,-0.0981668423288636,92.06,NORMAL
97,121,-0.0925695200598906,89.55,NORMAL
97,122,-0.0879223164347391,87.46,NORMAL
97,123,-0.1023222727569752,93.92,NORMAL
97,124,-0.0633819771668075,76.46,NORMAL
97,125,-0.0798147986034173,83.83,NORMAL
97,126,-0.0677916922356855,78.44,NORMAL
97,127,-0.0940774444119668,90.22,NORMAL
97,128,-0.0819115900005786,84.77,NORMAL
97,129,-0.0843726632515893,85.87,NORMAL
97,130,-0.0943204083097308,90.33,NORMAL
97,131,-0.0945861856362705,90.45,NORMAL
97,132,-0.0762273226053911,82.22,NORMAL
97,133,-0.0597185522205239,74.82,NORMAL
97,134,-0.0669510565625036,78.06,NORMAL
97,135,-0.0787055484778143,83.33,NORMAL
97,136,-0.047294325263798,69.25,WARNING
97,137,-0.0863085319405406,86.74,NORMAL
97,138,-0.0462086095228609,68.76,WARNING
97,139,-0.0648977705311211,77.14,NORMAL
97,140,-0.0563048921235211,73.29,NORMAL
97,141,-0.0616714655119118,75.69,NORMAL
97,142,-0.0694005936189228,79.16,NORMAL
97,143,-0.0884627861144332,87.71,NORMAL
97,144,-0.0743467334281829,81.38,NORMAL
97,145,-0.0772049686670742,82.66,NORMAL
97,146,-0.0456362446556666,68.5,WARNING
97,147,-0.0331177912194003,62.89,WARNING
97,148,-0.0830004481914629,85.26,NORMAL
97,149,-0.0695366859177182,79.22,NORMAL
97,150,-0.0950375463005323,90.65,NORMAL
97,151,-0.0647994321809323,77.09,NORMAL
97,152,-0.0847131137092818,86.02,NORMAL
97,153,-0.0396346117060433,65.81,WARNING
97,154,-0.0469317453868776,69.08,WARNING
97,155,-0.0735761061009967,81.03,NORMAL
97,156,-0.0575410854617165,73.84,NORMAL
97,157,-0.0543070437952166,72.39,NORMAL
97,158,-0.0730236620927051,80.78,NORMAL
97,159,-0.05408252002288,72.29,NORMAL
97,160,-0.0211767994320149,57.53,WARNING
97,161,-0.0269970748958031,60.14,WARNING
97,162,-0.0674651491921985,78.29,NORMAL
97,163,-0.032668962430686,62.69,WARNING
97,164,-0.0608433340121253,75.32,NORMAL
97,165,-0.0487293815710219,69.89,WARNING
97,166,-0.0659931026927186,77.63,NORMAL
97,167,-0.0723765535438731,80.49,NORMAL
97,168,-0.0667467499517391,77.97,NORMAL
97,169,-0.0219661935904662,57.89,WARNING
97,170,-0.0276814702781783,60.45,WARNING
97,171,-0.0103007125780405,52.66,WARNING
97,172,-0.0349796626860433,63.72,WARNING
97,173,-0.0098330539979492,52.45,WARNING
97,174,-0.0211026594580772,57.5,WARNING
97,175,-0.0231873090092769,58.44,WARNING
97,176,0.018884290490605,39.57,CRITICAL
97,177,-0.0241636166332207,58.87,WARNING
97,178,-0.0164998391297547,55.44,WARNING
97,179,-0.0002420090168833,48.15,WARNING
97,180,0.0040678708393294,46.21,WARNING
97,181,-0.0361478030148368,64.25,WARNING
97,182,-0.0297554070727376,61.38,WARNING
97,183,0.0475281245769588,26.73,CRITICAL
97,184,0.0498029993954968,25.7,CRITICAL
97,185,0.001306724594039,47.45,WARNING
97,186,0.0487478580283488,26.18,CRITICAL
97,187,0.0176751692273016,40.11,WARNING
97,188,0.0157586643225783,40.97,WARNING
97,189,0.0375011175195955,31.22,CRITICAL
97,190,0.0437036243858021,28.44,CRITICAL
97,191,0.0496687843845545,25.77,CRITICAL
97,192,0.0652467425709303,18.78,CRITICAL
97,193,0.0324222638082308,33.5,CRITICAL
97,194,0.0559499309166516,22.95,CRITICAL
97,195,0.076880686216793,13.56,CRITICAL
97,196,0.0465048343846646,27.18,CRITICAL
97,197,0.0897853474902317,7.78,CRITICAL
97,198,0.1215308450597406,0.0,CRITICAL
97,199,0.114489938865164,0.0,CRITICAL
97,200,0.1208544246185117,0.0,CRITICAL
97,201,0.1242337671334004,0.0,CRITICAL
97,202,0.1359832482202794,0.0,CRITICAL
98,1,-0.0595860281763506,74.76,NORMAL
98,2,-0.0558028390399231,73.06,NORMAL
98,3,0.0113275655972147,42.96,WARNING
98,4,-0.0142714310788408,54.44,WARNING
98,5,-0.0439196357935087,67.73,WARNING
98,6,-0.0020849668200861,48.97,WARNING
98,7,-0.02703376571348,60.16,WARNING
98,8,-0.024909034106104,59.21,WARNING
98,9,-0.0354428519784184,63.93,WARNING
98,10,-0.0405696453355977,66.23,WARNING
98,11,-0.0524677224518099,71.56,NORMAL
98,12,-0.0036922358507289,49.69,WARNING
98,13,-0.0064412554432525,50.93,WARNING
98,14,-0.0561310302577038,73.21,NORMAL
98,15,-0.0603976582755298,75.12,NORMAL
98,16,-0.0256192397347326,59.53,WARNING
98,17,-0.0763985613792677,82.3,NORMAL
98,18,-0.0052058197689023,50.37,WARNING
98,19,-0.0648397105518878,77.11,NORMAL
98,20,-0.0692891720250907,79.11,NORMAL
98,21,0.0005474619813816,47.79,WARNING
98,22,-0.0624187035820547,76.03,NORMAL
98,23,-0.0386451535589121,65.37,WARNING
98,24,-0.0875500737871087,87.3,NORMAL
98,25,-0.1032706116082591,94.35,NORMAL
98,26,-0.0641187551843912,76.79,NORMAL
98,27,-0.0406995242400871,66.29,WARNING
98,28,0.0081507179986819,44.38,WARNING
98,29,-0.0465070643015314,68.89,WARNING
98,30,-0.0454100856398958,68.4,WARNING
98,31,-0.0716338705287662,80.16,NORMAL
98,32,-0.0250135809177468,59.25,WARNING
98,33,-0.0605306736968078,75.18,NORMAL
98,34,-0.0561154217462118,73.2,NORMAL
98,35,-0.0321381493348575,62.45,WARNING
98,36,0.0047754837407129,45.9,WARNING
98,37,-0.0827139594911124,85.13,NORMAL
98,38,-0.0511941783455586,70.99,NORMAL
98,39,-0.0418874206667729,66.82,WARNING
98,40,-0.0687878202966782,78.88,NORMAL
98,41,-0.0344958062348161,63.51,WARNING
98,42,-0.0577218385363532,73.92,NORMAL
98,43,-0.079096662576432,83.51,NORMAL
98,44,-0.0002496607212423,48.15,WARNING
98,45,-0.0552523431161552,72.81,NORMAL
98,46,-0.0847824702519889,86.06,NORMAL
98,47,-0.0044545927172369,50.03,WARNING
98,48,-0.0591568177249215,74.56,NORMAL
98,49,-0.0560274380594336,73.16,NORMAL
98,50,-0.0405824993041166,66.24,WARNING
98,51,-0.0705577618292776,79.68,NORMAL
98,52,-0.0374150018779686,64.81,WARNING
98,53,-0.067007626337662,78.08,NORMAL
98,54,-0.0771264844435705,82.62,NORMAL
98,55,-0.0553811047701711,72.87,NORMAL
98,56,-0.0874723077605075,87.26,NORMAL
98,57,-0.0663587370709546,77.79,NORMAL
98,58,-0.0607195627875661,75.27,NORMAL
98,59,-0.0577673398958758,73.94,NORMAL
98,60,-0.0685404380433764,78.77,NORMAL
98,61,-0.0906914686142821,88.71,NORMAL
98,62,-0.071883054055669,80.27,NORMAL
98,63,-0.0851356996109795,86.21,NORMAL
98,64,-0.078297311582512,83.15,NORMAL
98,65,-0.0762036360811391,82.21,NORMAL
98,66,-0.0529373083447067,71.78,NORMAL
98,67,-0.0724868697646474,80.54,NORMAL
98,68,-0.054369383282311,72.42,NORMAL
98,69,-0.0784728314591318,83.23,NORMAL
98,70,-0.0879433961504647,87.47,NORMAL
98,71,-0.1020213065797629,93.79,NORMAL
98,72,-0.0715741402843995,80.13,NORMAL
98,73,-0.0699338145869921,79.4,NORMAL
98,74,-0.0723529084942941,80.48,NORMAL
98,75,-0.0795785182773247,83.72,NORMAL
98,76,0.0074370157375753,44.7,WARNING
98,77,-0.0775101021876616,82.79,NORMAL
98,78,-0.1167154363325863,100.0,NORMAL
98,79,-0.0591718399180229,74.57,NORMAL
98,80,-0.0791019617010378,83.51,NORMAL
98,81,-0.0838791119594418,85.65,NORMAL
98,82,-0.0851025765026539,86.2,NORMAL
98,83,-0.0865651899478054,86.85,NORMAL
98,84,-0.0495236989412491,70.24,NORMAL
98,85,-0.0894873033966471,88.17,NORMAL
98,86,-0.1043364067917836,94.82,NORMAL
98,87,-0.0853707351484119,86.32,NORMAL
98,88,-0.095559717584596,90.89,NORMAL
98,89,-0.1005670324890608,93.13,NORMAL
98,90,-0.0911777973656962,88.92,NORMAL
98,91,-0.0910989537220603,88.89,NORMAL
98,92,-0.0584089512806937,74.23,NORMAL
98,93,-0.1037991251860838,94.58,NORMAL
98,94,-0.0475401659149776,69.36,WARNING
98,95,-0.0812502330489904,84.47,NORMAL
98,96,-0.0750945726962713,81.71,NORMAL
98,97,-0.0466750748463659,68.97,WARNING
98,98,-0.0488744294139586,69.95,WARNING
98,99,-0.0938574790826752,90.12,NORMAL
98,100,-0.0712681685008737,80.0,NORMAL
98,101,-0.1104025836495622,97.54,NORMAL
98,102,-0.0999934023815643,92.88,NORMAL
98,103,-0.0997945811094334,92.79,NORMAL
98,104,-0.0748963142890437,81.62,NORMAL
98,105,-0.1148999497670049,99.56,NORMAL
98,106,-0.0995973559867874,92.7,NORMAL
98,107,-0.0773773821597897,82.73,NORMAL
98,108,-0.0811850244174061,84.44,NORMAL
98,109,-0.0983648621728938,92.15,NORMAL
98,110,-0.0827732178998482,85.15,NORMAL
98,111,-0.0859650928086083,86.59,NORMAL
98,112,-0.0793063602823373,83.6,NORMAL
98,113,-0.0852978974563907,86.29,NORMAL
98,114,-0.0754544481698685,81.87,NORMAL
98,115,-0.0862579591913169,86.72,NORMAL
98,116,-0.100070789925551,92.91,NORMAL
98,117,-0.0882383056983086,87.6,NORMAL
98,118,-0.0887692419810719,87.84,NORMAL
98,119,-0.0739179013224988,81.18,NORMAL
98,120,-0.0914285929198164,89.04,NORMAL
98,121,-0.0974074776893117,91.72,NORMAL
98,122,-0.0637056415428181,76.6,NORMAL
98,123,-0.1098147793006873,97.28,NORMAL
98,124,-0.0549920791696053,72.7,NORMAL
98,125,-0.1060002598010962,95.57,NORMAL
98,126,-0.0863853362493321,86.77,NORMAL
98,127,-0.0785883890817683,83.28,NORMAL
98,128,-0.079469080957245,83.67,NORMAL
98,129,-0.0749734573457778,81.66,NORMAL
98,130,-0.0480974170122841,69.61,WARNING
98,131,-0.0708638931690329,79.81,NORMAL
98,132,-0.0925789769866318,89.55,NORMAL
98,133,-0.0813453078001106,84.51,NORMAL
98,134,-0.057995890024809,74.04,NORMAL
98,135,-0.0846705803829225,86.01,NORMAL
98,136,-0.0677418677726832,78.41,NORMAL
98,137,-0.0535153941877294,72.03,NORMAL
98,138,-0.066312729680672,77.77,NORMAL
98,139,-0.0444060762706852,67.95,WARNING
98,140,-0.0310870404781617,61.98,WARNING
98,141,-0.0231040793713406,58.4,WARNING
98,142,-0.0229739894517881,58.34,WARNING
98,143,-0.0134743794344763,54.08,WARNING
98,144,-0.0387208454045064,65.4,WARNING
98,145,-0.0188734748133063,56.5,WARNING
98,146,-0.0287475134712855,60.93,WARNING
98,147,0.0300654477233458,34.56,CRITICAL
98,148,0.0379544607566353,31.02,CRITICAL
98,149,-0.0046431575722922,50.12,WARNING
98,150,0.0144856523748406,41.54,WARNING
98,151,0.032816259037773,33.32,CRITICAL
98,152,0.0251245447067363,36.77,CRITICAL
98,153,0.0237032419724841,37.41,CRITICAL
98,154,0.0004314059023995,47.84,WARNING
98,155,0.0625142114359177,20.01,CRITICAL
98,156,0.0913835159998509,7.06,CRITICAL
99,1,-0.006478055685713,50.94,WARNING
99,2,-0.0883027999527771,87.63,NORMAL
99,3,-0.0815309510633466,84.6,NORMAL
99,4,-0.049581811548657,70.27,NORMAL
99,5,-0.0954867619440339,90.86,NORMAL
99,6,-0.0147982985399284,54.67,WARNING
99,7,-0.0005101496252649,48.27,WARNING
99,8,-0.040384947147818,66.15,WARNING
99,9,-0.0703396216373419,79.58,NORMAL
99,10,-0.0539247342352982,72.22,NORMAL
99,11,-0.0757988894938775,82.03,NORMAL
99,12,-0.0828378036797309,85.18,NORMAL
99,13,-0.0688315532022561,78.9,NORMAL
99,14,-0.0550371885758336,72.72,NORMAL
99,15,-0.0445607791343513,68.02,WARNING
99,16,-0.0784571986954415,83.22,NORMAL
99,17,-0.047124732620666,69.17,WARNING
99,18,-0.0745424079184371,81.46,NORMAL
99,19,-0.081731648963073,84.69,NORMAL
99,20,-0.0510445855406222,70.93,NORMAL
99,21,-0.0494372430002706,70.21,NORMAL
99,22,-0.0880139202520814,87.5,NORMAL
99,23,-0.0524303479530495,71.55,NORMAL
99,24,-0.0410183976090338,66.43,WARNING
99,25,-0.0572709680684191,73.72,NORMAL
99,26,-0.0715644951440433,80.13,NORMAL
99,27,-0.0869993558169835,87.05,NORMAL
99,28,-0.0437573394896249,67.66,WARNING
99,29,-0.0793965049780031,83.64,NORMAL
99,30,-0.0835265756595828,85.49,NORMAL
99,31,-0.0866905203000591,86.91,NORMAL
99,32,-0.0919994378980865,89.29,NORMAL
99,33,-0.0621797038762966,75.92,NORMAL
99,34,-0.0954261185899443,90.83,NORMAL
99,35,-0.0946490392932579,90.48,NORMAL
99,36,-0.0379353571495194,65.05,WARNING
99,37,-0.0815945837992333,84.63,NORMAL
99,38,-0.0395106969235845,65.75,WARNING
99,39,-0.0676273611511515,78.36,NORMAL
99,40,-0.0863921170976876,86.78,NORMAL
99,41,0.0151288853020057,41.25,WARNING
99,42,-0.0812115619977817,84.45,NORMAL
99,43,-0.0840951747091465,85.75,NORMAL
99,44,-0.0798645332593209,83.85,NORMAL
99,45,-0.1082932657285414,96.6,NORMAL
99,46,-0.1005100202645878,93.11,NORMAL
99,47,-0.0769990875515481,82.57,NORMAL
99,48,-0.1036464079221513,94.51,NORMAL
99,49,-0.0735676239019489,81.03,NORMAL
99,50,-0.0657029936852552,77.5,NORMAL
99,51,-0.0668708584293151,78.02,NORMAL
99,52,-0.0830414547381171,85.27,NORMAL
99,53,-0.0978014616953189,91.89,NORMAL
99,54,-0.0526898480820663,71.66,NORMAL
99,55,-0.0782619565738672,83.13,NORMAL
99,56,-0.0825919337376887,85.07,NORMAL
99,57,-0.0760568824476682,82.14,NORMAL
99,58,-0.095123136572302,90.69,NORMAL
99,59,-0.0895382414970741,88.19,NORMAL
99,60,-0.0814463382578303,84.56,NORMAL
99,61,-0.0938398616206837,90.12,NORMAL
99,62,-0.0756502676026887,81.96,NORMAL
99,63,-0.0691118725971711,79.03,NORMAL
99,64,-0.0542205925893508,72.35,NORMAL
99,65,-0.0698119937051104,79.34,NORMAL
99,66,-0.0358712252720542,64.12,WARNING
99,67,-0.0766144482245966,82.39,NORMAL
99,68,-0.0808383323914255,84.29,NORMAL
99,69,-0.093840662313712,90.12,NORMAL
99,70,-0.0794990542233047,83.69,NORMAL
99,71,-0.089350959265603,88.1,NORMAL
99,72,-0.0787921361692044,83.37,NORMAL
99,73,-0.1010363081773059,93.34,NORMAL
99,74,-0.0902579238418607,88.51,NORMAL
99,75,-0.0657865561779265,77.54,NORMAL
99,76,-0.0739667735135858,81.21,NORMAL
99,77,-0.0814573663998393,84.56,NORMAL
99,78,-0.1020645844357911,93.8,NORMAL
99,79,-0.1041967018612848,94.76,NORMAL
99,80,-0.0909396349980879,88.82,NORMAL
99,81,-0.1052122591751907,95.22,NORMAL
99,82,-0.0806226352536828,84.19,NORMAL
99,83,-0.0977676470502646,91.88,NORMAL
99,84,-0.1089963192511906,96.91,NORMAL
99,85,-0.0873164213824601,87.19,NORMAL
99,86,-0.0843241746880104,85.85,NORMAL
99,87,-0.0907139741198383,88.72,NORMAL
99,88,-0.0808724515644461,84.3,NORMAL
99,89,-0.072616808818024,80.6,NORMAL
99,90,-0.0676969346746471,78.39,NORMAL
99,91,-0.068498360339938,78.75,NORMAL
99,92,-0.1022720704349777,93.9,NORMAL
99,93,-0.109601619894312,97.18,NORMAL
99,94,-0.07808732652684,83.05,NORMAL
99,95,-0.087255971628533,87.16,NORMAL
99,96,-0.0923716283939208,89.46,NORMAL
99,97,-0.0734827612901034,80.99,NORMAL
99,98,-0.0927831402695826,89.64,NORMAL
99,99,-0.0799927929893934,83.91,NORMAL
99,100,-0.1079912294088006,96.46,NORMAL
99,101,-0.1106221999188994,97.64,NORMAL
99,102,-0.0923083479541855,89.43,NORMAL
99,103,-0.1054077101577963,95.3,NORMAL
99,104,-0.0794222930752241,83.65,NORMAL
99,105,-0.0504828098516611,70.67,NORMAL
99,106,-0.1140229384934404,99.17,NORMAL
99,107,-0.0868758289473409,86.99,NORMAL
99,108,-0.1114467994861719,98.01,NORMAL
99,109,-0.0819981784175215,84.81,NORMAL
99,110,-0.0842081624882693,85.8,NORMAL
99,111,-0.0806923486973858,84.22,NORMAL
99,112,-0.0903837867426521,88.57,NORMAL
99,113,-0.0962342063240583,91.19,NORMAL
99,114,-0.0801165242832989,83.96,NORMAL
99,115,-0.0910248330086753,88.85,NORMAL
99,116,-0.1027919118482953,94.13,NORMAL
99,117,-0.0918313675679046,89.22,NORMAL
99,118,-0.1021612897765014,93.85,NORMAL
99,119,-0.1121668887902005,98.33,NORMAL
99,120,-0.0896753821168684,88.25,NORMAL
99,121,-0.1230205473694284,100.0,NORMAL
99,122,-0.1006212852772367,93.16,NORMAL
99,123,-0.0889944941006762,87.94,NORMAL
99,124,-0.0676497617432265,78.37,NORMAL
99,125,-0.0898848196134051,88.34,NORMAL
99,126,-0.1186546025565237,100.0,NORMAL
99,127,-0.1168785772504531,100.0,NORMAL
99,128,-0.1053241447258215,95.27,NORMAL
99,129,-0.1020128109724873,93.78,NORMAL
99,130,-0.1146586313752451,99.45,NORMAL
99,131,-0.0930300578374835,89.75,NORMAL
99,132,-0.0761495597203902,82.18,NORMAL
99,133,-0.0712870665504286,80.0,NORMAL
99,134,-0.1002132645635926,92.97,NORMAL
99,135,-0.0889251416156503,87.91,NORMAL
99,136,-0.1106129530132436,97.64,NORMAL
99,137,-0.068451511342412,78.73,NORMAL
99,138,-0.053597983319755,72.07,NORMAL
99,139,-0.0945056708613751,90.42,NORMAL
99,140,-0.0847090974521605,86.02,NORMAL
99,141,-0.1172259220323096,100.0,NORMAL
99,142,-0.0900518033516163,88.42,NORMAL
99,143,-0.0856676437728146,86.45,NORMAL
99,144,-0.0668880453152263,78.03,NORMAL
99,145,-0.0493668592181568,70.17,NORMAL
99,146,-0.0953343332339268,90.79,NORMAL
99,147,-0.0753188083603104,81.81,NORMAL
99,148,-0.0720317275676687,80.34,NORMAL
99,149,-0.0702540136250792,79.54,NORMAL
99,150,-0.1024135125676631,93.96,NORMAL
99,151,-0.0527018944693079,71.67,NORMAL
99,152,-0.0535221920685912,72.04,NORMAL
99,153,-0.0604903472890305,75.16,NORMAL
99,154,-0.0781867861691522,83.1,NORMAL
99,155,-0.0607311214996718,75.27,NORMAL
99,156,-0.0747489252597372,81.56,NORMAL
99,157,-0.0896881960336855,88.26,NORMAL
99,158,-0.0386047985998683,65.35,WARNING
99,159,-0.0347864224322851,63.64,WARNING
99,160,-0.0604468947533443,75.14,NORMAL
99,161,-0.0382650664864725,65.2,WARNING
99,162,-0.0602901183543281,75.07,NORMAL
99,163,-0.0056761249530102,50.58,WARNING
99,164,-0.0280477215518828,60.61,WARNING
99,165,-0.0693163149531103,79.12,NORMAL
99,166,-0.007590336955996,51.44,WARNING
99,167,0.003106865273034,46.64,WARNING
99,168,0.024559216679059,37.02,CRITICAL
99,169,-0.0141166419543831,54.37,WARNING
99,170,-0.0206267605433058,57.29,WARNING
99,171,-0.0117674763896795,53.31,WARNING
99,172,-0.0081204827627113,51.68,WARNING
99,173,0.0195260646852022,39.28,CRITICAL
99,174,0.0039775907759203,46.25,WARNING
99,175,0.0314677148287885,33.93,CRITICAL
99,176,-0.0003102989910032,48.18,WARNING
99,177,0.0253126802035501,36.69,CRITICAL
99,178,0.0264563955437052,36.17,CRITICAL
99,179,0.0725627075874929,15.5,CRITICAL
99,180,0.0737060005138147,14.99,CRITICAL
99,181,0.06948400630143,16.88,CRITICAL
99,182,0.0846739709150768,10.07,CRITICAL
99,183,0.1208856646381777,0.0,CRITICAL
99,184,0.0828588672938269,10.88,CRITICAL
99,185,0.0845697513448962,10.11,CRITICAL
100,1,-0.0658863206362108,77.58,NORMAL
100,2,0.0029238063671813,46.73,WARNING
100,3,-0.0655488273973378,77.43,NORMAL
100,4,-0.0839238449883034,85.67,NORMAL
100,5,-0.0675659171687945,78.34,NORMAL
100,6,-0.0914144789162606,89.03,NORMAL
100,7,-0.0835214105611724,85.49,NORMAL
100,8,-0.0817758997516603,84.71,NORMAL
100,9,-0.1203716307662359,100.0,NORMAL
100,10,-0.0671636079999953,78.15,NORMAL
100,11,-0.0758019318181882,82.03,NORMAL
100,12,-0.0841248787219831,85.76,NORMAL
100,13,-0.0700927444308698,79.47,NORMAL
100,14,-0.0767447346936149,82.45,NORMAL
100,15,-0.1080606279893053,96.49,NORMAL
100,16,-0.0723935711371023,80.5,NORMAL
100,17,-0.0822091155773538,84.9,NORMAL
100,18,-0.0590946081696796,74.54,NORMAL
100,19,-0.0798707754921215,83.85,NORMAL
100,20,-0.1212057009333029,100.0,NORMAL
100,21,-0.0665748997377899,77.89,NORMAL
100,22,-0.0976110195929444,91.81,NORMAL
100,23,-0.1173769885541272,100.0,NORMAL
100,24,-0.061403775367675,75.57,NORMAL
100,25,-0.0697106824093555,79.3,NORMAL
100,26,-0.0653252015773611,77.33,NORMAL
100,27,-0.1132628385360642,98.83,NORMAL
100,28,-0.0946988484871643,90.5,NORMAL
100,29,-0.1043472735106632,94.83,NORMAL
100,30,-0.0987281049595522,92.31,NORMAL
100,31,-0.0910602301607427,88.87,NORMAL
100,32,-0.1021996628437371,93.87,NORMAL
100,33,-0.0959956056553042,91.08,NORMAL
100,34,-0.0753219611551739,81.81,NORMAL
100,35,-0.1082978810489428,96.6,NORMAL
100,36,-0.0794242666683199,83.65,NORMAL
100,37,-0.0874820583734985,87.27,NORMAL
100,38,-0.0915168463328313,89.08,NORMAL
100,39,-0.0871416640579473,87.11,NORMAL
100,40,-0.0932296249861323,89.84,NORMAL
100,41,-0.0879306037998376,87.47,NORMAL
100,42,-0.0623470397563915,75.99,NORMAL
100,43,-0.0405175514263306,66.21,WARNING
100,44,-0.098586764499006,92.25,NORMAL
100,45,-0.0832084620696537,85.35,NORMAL
100,46,-0.0919189496905315,89.26,NORMAL
100,47,-0.064970347030321,77.17,NORMAL
100,48,-0.0796233584196405,83.74,NORMAL
100,49,-0.0842380942051091,85.81,NORMAL
100,50,-0.1028702813448717,94.17,NORMAL
100,51,-0.1116166107313042,98.09,NORMAL
100,52,-0.0899445473512015,88.37,NORMAL
100,53,-0.0764898192761048,82.34,NORMAL
100,54,-0.1133700311184993,98.87,NORMAL
100,55,-0.0712877433527282,80.0,NORMAL
100,56,-0.0833018845966534,85.39,NORMAL
100,57,-0.0677263983591282,78.41,NORMAL
100,58,-0.0660560933580554,77.66,NORMAL
100,59,-0.0949551915908626,90.62,NORMAL
100,60,-0.0048925938962934,50.23,WARNING
100,61,-0.0692122841478984,79.07,NORMAL
100,62,-0.106150574034645,95.64,NORMAL
100,63,-0.0899617684566043,88.38,NORMAL
100,64,-0.0898337658566188,88.32,NORMAL
100,65,-0.0961069487432211,91.13,NORMAL
100,66,-0.0885298831178568,87.74,NORMAL
100,67,-0.0980659575118597,92.01,NORMAL
100,68,-0.0801087337551195,83.96,NORMAL
100,69,-0.0665052729331263,77.86,NORMAL
100,70,-0.0968213830479111,91.45,NORMAL
100,71,-0.0979686073246233,91.97,NORMAL
100,72,-0.1012762031804827,93.45,NORMAL
100,73,-0.0830339948306188,85.27,NORMAL
100,74,-0.0767220443178821,82.44,NORMAL
100,75,-0.0926736271588112,89.59,NORMAL
100,76,-0.0729280685979591,80.74,NORMAL
100,77,-0.087799324582691,87.41,NORMAL
100,78,-0.1081476943687665,96.53,NORMAL
100,79,-0.086350552557532,86.76,NORMAL
100,80,-0.0566224635632558,73.43,NORMAL
100,81,-0.0970326578630658,91.55,NORMAL
100,82,-0.0900503137708036,88.42,NORMAL
100,83,-0.0850923965007943,86.19,NORMAL
100,84,-0.0936099729612709,90.01,NORMAL
100,85,-0.0883919715765576,87.67,NORMAL
100,86,-0.0621118562939445,75.89,NORMAL
100,87,-0.0966351811403276,91.37,NORMAL
100,88,-0.0921562801132996,89.36,NORMAL
100,89,-0.0662483079435774,77.74,NORMAL
100,90,-0.0639410313544306,76.71,NORMAL
100,91,-0.0856793993003551,86.46,NORMAL
100,92,-0.1181966826422936,100.0,NORMAL
100,93,-0.0826804636006363,85.11,NORMAL
100,94,-0.0802934020803284,84.04,NORMAL
100,95,-0.1113105744760591,97.95,NORMAL
100,96,-0.053894018009955,72.2,NORMAL
100,97,-0.0695522906339213,79.23,NORMAL
100,98,-0.1047332390461884,95.0,NORMAL
100,99,-0.1012649833519077,93.45,NORMAL
100,100,-0.0923140351839826,89.43,NORMAL
100,101,-0.0799299822866893,83.88,NORMAL
100,102,-0.0797541709437427,83.8,NORMAL
100,103,-0.0843986886443115,85.88,NORMAL
100,104,-0.1061667023507615,95.64,NORMAL
100,105,-0.117159677838879,100.0,NORMAL
100,106,-0.0905508317154277,88.64,NORMAL
100,107,-0.0970185596342494,91.54,NORMAL
100,108,-0.0668183917403018,78.0,NORMAL
100,109,-0.0902541878308389,88.51,NORMAL
100,110,-0.0739014238197995,81.18,NORMAL
100,111,-0.0754463663158135,81.87,NORMAL
100,112,-0.0911767026059378,88.92,NORMAL
100,113,-0.0967753355123143,91.43,NORMAL
100,114,-0.0756442550693106,81.96,NORMAL
100,115,-0.1018712441589185,93.72,NORMAL
100,116,-0.0992404839031531,92.54,NORMAL
100,117,-0.1149002215297784,99.56,NORMAL
100,118,-0.1090356034676066,96.93,NORMAL
100,119,-0.0894533995740143,88.15,NORMAL
100,120,-0.0966631710163297,91.38,NORMAL
100,121,-0.103799701012537,94.58,NORMAL
100,122,-0.0918040369190738,89.2,NORMAL
100,123,-0.069385828604756,79.15,NORMAL
100,124,-0.0908137372878603,88.76,NORMAL
100,125,-0.0988090507416365,92.35,NORMAL
100,126,-0.0733503136810627,80.93,NORMAL
100,127,-0.0725675453656546,80.58,NORMAL
100,128,-0.0832466583453695,85.37,NORMAL
100,129,-0.0646648290568164,77.03,NORMAL
100,130,-0.1177281868873734,100.0,NORMAL
100,131,-0.0791979895362424,83.55,NORMAL
100,132,-0.1018251027508854,93.7,NORMAL
100,133,-0.095404214092566,90.82,NORMAL
100,134,-0.0686020246542712,78.8,NORMAL
100,135,-0.061783311670062,75.74,NORMAL
100,136,-0.0783070360945214,83.15,NORMAL
100,137,-0.0752425842060701,81.78,NORMAL
100,138,-0.0693829780095148,79.15,NORMAL
100,139,-0.1055978227880158,95.39,NORMAL
100,140,-0.0954235322964999,90.83,NORMAL
100,141,-0.1050038182635473,95.12,NORMAL
100,142,-0.0846024135329177,85.97,NORMAL
100,143,-0.0729502888422234,80.75,NORMAL
100,144,-0.0777873974906715,82.92,NORMAL
100,145,-0.0639162050034881,76.7,NORMAL
100,146,-0.0644334437978271,76.93,NORMAL
100,147,-0.0643637158085946,76.9,NORMAL
100,148,-0.1030350387899929,94.24,NORMAL
100,149,-0.0459724305063152,68.65,WARNING
100,150,-0.0706628713179665,79.72,NORMAL
100,151,-0.0687604466627059,78.87,NORMAL
100,152,-0.0774470049080676,82.77,NORMAL
100,153,-0.0975818407621952,91.79,NORMAL
100,154,-0.0834548224045253,85.46,NORMAL
100,155,-0.0611971921847964,75.48,NORMAL
100,156,-0.0609619072115693,75.37,NORMAL
100,157,-0.079983513223384,83.9,NORMAL
100,158,-0.0509985154516572,70.91,NORMAL
100,159,-0.0535879004701317,72.07,NORMAL
100,160,-0.0585288440510437,74.28,NORMAL
100,161,-0.040756366548392,66.31,WARNING
100,162,-0.0764256038785444,82.31,NORMAL
100,163,-0.0297958629096229,61.4,WARNING
100,164,-0.0364245045818956,64.37,WARNING
100,165,-0.0134009830663673,54.05,WARNING
100,166,-0.0487855259400157,69.91,WARNING
100,167,-0.057637731701732,73.88,NORMAL
100,168,-0.0291783509551597,61.12,WARNING
100,169,-0.058018585096444,74.05,NORMAL
100,170,-0.0174233082398523,55.85,WARNING
100,171,-0.0317934339623176,62.29,WARNING
100,172,-0.0120942879950209,53.46,WARNING
100,173,-0.015192900056146,54.85,WARNING
100,174,-0.036806288011406,64.54,WARNING
100,175,0.0023259521617853,46.99,WARNING
100,176,-0.0155422587720363,55.01,WARNING
100,177,-0.0065115134162828,50.96,WARNING
100,178,-0.0400433283960139,65.99,WARNING
100,179,-0.0053811791288549,50.45,WARNING
100,180,-0.0302733430812517,61.61,WARNING
100,181,0.0020217959678932,47.13,WARNING
100,182,0.0033759262325259,46.52,WARNING
100,183,-0.0147663770377405,54.66,WARNING
100,184,0.0035712146113242,46.44,WARNING
100,185,-0.0170187318676593,55.67,WARNING
100,186,0.0012558328575343,47.47,WARNING
100,187,-0.0127304490931656,53.75,WARNING
100,188,0.0411149096232716,29.6,CRITICAL
100,189,0.0162953633024363,40.73,WARNING
100,190,0.0352450628639501,32.23,CRITICAL
100,191,0.0583713842959859,21.86,CRITICAL
100,192,0.0135824768206979,41.95,WARNING
100,193,0.0455024967805611,27.63,CRITICAL
100,194,0.0303585581977399,34.42,CRITICAL
100,195,0.0667420045032004,18.11,CRITICAL
100,196,0.0443175617805563,28.16,CRITICAL
100,197,0.0748564237585265,14.47,CRITICAL
100,198,0.0608163585812976,20.77,CRITICAL
100,199,0.0856041657750257,9.65,CRITICAL
100,200,0.1125622585489356,0.0,CRITICAL
